-- Example metric trees (SaaS / E-commerce / Retail). Owner: user_30uQARGezqSApAChPSGSwFyUy85
-- Re-runnable: deletes prior projects with the same names (cascade) first.
BEGIN;

DELETE FROM public.projects WHERE created_by='user_30uQARGezqSApAChPSGSwFyUy85' AND name='SaaS — Example Metric Tree';
INSERT INTO public.projects (id,name,description,created_by,last_modified_by,is_public,tags,settings) VALUES ('ec3ce8f1-e6ec-475f-a44e-49c2fe4ad326','SaaS — Example Metric Tree','Decomposition of profit for a B2B SaaS: ARR/MRR movements, acquisition funnel, channels (incl. social), unit economics, and cost structure.','user_30uQARGezqSApAChPSGSwFyUy85','user_30uQARGezqSApAChPSGSwFyUy85',true,ARRAY['example','template'],'{}');
INSERT INTO public.metric_cards (id,project_id,title,description,category,position_x,position_y,created_by,data) VALUES ('aaa3882a-a206-43cd-8a51-720b3359a54e','ec3ce8f1-e6ec-475f-a44e-49c2fe4ad326','Profit','Revenue − Total Costs','Core/Value',0,0,'user_30uQARGezqSApAChPSGSwFyUy85','[{"period":"2025-12","value":227276,"change_percent":0,"trend":"neutral"},{"period":"2026-01","value":234965,"change_percent":3.4,"trend":"up"},{"period":"2026-02","value":246095,"change_percent":4.7,"trend":"up"},{"period":"2026-03","value":252169,"change_percent":2.5,"trend":"up"},{"period":"2026-04","value":263099,"change_percent":4.3,"trend":"up"},{"period":"2026-05","value":275417,"change_percent":4.7,"trend":"up"},{"period":"2026-06","value":290234,"change_percent":5.4,"trend":"up"}]'::jsonb);
INSERT INTO public.metric_cards (id,project_id,title,description,category,position_x,position_y,created_by,data) VALUES ('1aee673a-aa7a-4b07-808a-c2d58fafa160','ec3ce8f1-e6ec-475f-a44e-49c2fe4ad326','Revenue (ARR)','MRR × 12','Data/Metric',-1190,200,'user_30uQARGezqSApAChPSGSwFyUy85','[{"period":"2025-12","value":715842,"change_percent":0,"trend":"neutral"},{"period":"2026-01","value":750912,"change_percent":4.9,"trend":"up"},{"period":"2026-02","value":788138,"change_percent":5,"trend":"up"},{"period":"2026-03","value":809040,"change_percent":2.7,"trend":"up"},{"period":"2026-04","value":830508,"change_percent":2.7,"trend":"up"},{"period":"2026-05","value":869274,"change_percent":4.7,"trend":"up"},{"period":"2026-06","value":918154,"change_percent":5.6,"trend":"up"}]'::jsonb);
INSERT INTO public.metric_cards (id,project_id,title,description,category,position_x,position_y,created_by,data) VALUES ('7c4923c6-1781-4b6c-b16e-add3046b3c6b','ec3ce8f1-e6ec-475f-a44e-49c2fe4ad326','MRR','Monthly Recurring Revenue','Data/Metric',-680,400,'user_30uQARGezqSApAChPSGSwFyUy85','[{"period":"2025-12","value":751797,"change_percent":0,"trend":"neutral"},{"period":"2026-01","value":828953,"change_percent":10.3,"trend":"up"},{"period":"2026-02","value":893006,"change_percent":7.7,"trend":"up"},{"period":"2026-03","value":968992,"change_percent":8.5,"trend":"up"},{"period":"2026-04","value":1060778,"change_percent":9.5,"trend":"up"},{"period":"2026-05","value":1134888,"change_percent":7,"trend":"up"},{"period":"2026-06","value":1234519,"change_percent":8.8,"trend":"up"}]'::jsonb);
INSERT INTO public.metric_cards (id,project_id,title,description,category,position_x,position_y,created_by,data) VALUES ('0df095e5-4cfa-4501-9d0b-2f601d79f794','ec3ce8f1-e6ec-475f-a44e-49c2fe4ad326','New MRR','New Customers × ARPA','Data/Metric',-1020,600,'user_30uQARGezqSApAChPSGSwFyUy85','[{"period":"2025-12","value":254324,"change_percent":0,"trend":"neutral"},{"period":"2026-01","value":271214,"change_percent":6.6,"trend":"up"},{"period":"2026-02","value":284915,"change_percent":5.1,"trend":"up"},{"period":"2026-03","value":301531,"change_percent":5.8,"trend":"up"},{"period":"2026-04","value":314058,"change_percent":4.2,"trend":"up"},{"period":"2026-05","value":330511,"change_percent":5.2,"trend":"up"},{"period":"2026-06","value":347971,"change_percent":5.3,"trend":"up"}]'::jsonb);
INSERT INTO public.metric_cards (id,project_id,title,description,category,position_x,position_y,created_by,data) VALUES ('1331d023-dfee-4604-8886-cf50c3b2d074','ec3ce8f1-e6ec-475f-a44e-49c2fe4ad326','Expansion MRR','Upsell + cross-sell','Data/Metric',-680,600,'user_30uQARGezqSApAChPSGSwFyUy85','[{"period":"2025-12","value":503326,"change_percent":0,"trend":"neutral"},{"period":"2026-01","value":510998,"change_percent":1.5,"trend":"up"},{"period":"2026-02","value":531163,"change_percent":3.9,"trend":"up"},{"period":"2026-03","value":564457,"change_percent":6.3,"trend":"up"},{"period":"2026-04","value":588937,"change_percent":4.3,"trend":"up"},{"period":"2026-05","value":606389,"change_percent":3,"trend":"up"},{"period":"2026-06","value":621215,"change_percent":2.4,"trend":"up"}]'::jsonb);
INSERT INTO public.metric_cards (id,project_id,title,description,category,position_x,position_y,created_by,data) VALUES ('cc2025c6-c6cc-4be7-ac45-ff8c8786c911','ec3ce8f1-e6ec-475f-a44e-49c2fe4ad326','Reactivation MRR','','Data/Metric',-340,600,'user_30uQARGezqSApAChPSGSwFyUy85','[{"period":"2025-12","value":473125,"change_percent":0,"trend":"neutral"},{"period":"2026-01","value":496704,"change_percent":5,"trend":"up"},{"period":"2026-02","value":509916,"change_percent":2.7,"trend":"up"},{"period":"2026-03","value":528052,"change_percent":3.6,"trend":"up"},{"period":"2026-04","value":545211,"change_percent":3.2,"trend":"up"},{"period":"2026-05","value":581126,"change_percent":6.6,"trend":"up"},{"period":"2026-06","value":592820,"change_percent":2,"trend":"up"}]'::jsonb);
INSERT INTO public.metric_cards (id,project_id,title,description,category,position_x,position_y,created_by,data) VALUES ('19883f96-6b98-42e9-ab5c-76dcd4bc2900','ec3ce8f1-e6ec-475f-a44e-49c2fe4ad326','Churned MRR','Lost recurring revenue','Data/Metric',0,600,'user_30uQARGezqSApAChPSGSwFyUy85','[{"period":"2025-12","value":29.2,"change_percent":0,"trend":"neutral"},{"period":"2026-01","value":28.1,"change_percent":-3.8,"trend":"down"},{"period":"2026-02","value":26.8,"change_percent":-4.6,"trend":"down"},{"period":"2026-03","value":26.1,"change_percent":-2.6,"trend":"down"},{"period":"2026-04","value":24.3,"change_percent":-6.9,"trend":"down"},{"period":"2026-05","value":23.1,"change_percent":-4.9,"trend":"down"},{"period":"2026-06","value":22.3,"change_percent":-3.5,"trend":"down"}]'::jsonb);
INSERT INTO public.metric_cards (id,project_id,title,description,category,position_x,position_y,created_by,data) VALUES ('c650e9ea-baa4-4ba3-ae1d-aabd053dd66b','ec3ce8f1-e6ec-475f-a44e-49c2fe4ad326','Contraction MRR','Downgrades','Data/Metric',340,600,'user_30uQARGezqSApAChPSGSwFyUy85','[{"period":"2025-12","value":621543,"change_percent":0,"trend":"neutral"},{"period":"2026-01","value":591384,"change_percent":-4.9,"trend":"down"},{"period":"2026-02","value":560772,"change_percent":-5.2,"trend":"down"},{"period":"2026-03","value":512474,"change_percent":-8.6,"trend":"down"},{"period":"2026-04","value":470983,"change_percent":-8.1,"trend":"down"},{"period":"2026-05","value":451563,"change_percent":-4.1,"trend":"down"},{"period":"2026-06","value":419321,"change_percent":-7.1,"trend":"down"}]'::jsonb);
INSERT INTO public.metric_cards (id,project_id,title,description,category,position_x,position_y,created_by,data) VALUES ('2c5377e6-cece-4288-807f-8578c25c6990','ec3ce8f1-e6ec-475f-a44e-49c2fe4ad326','New Customers','Trials × Trial→Paid','Data/Metric',-340,800,'user_30uQARGezqSApAChPSGSwFyUy85','[{"period":"2025-12","value":33706,"change_percent":0,"trend":"neutral"},{"period":"2026-01","value":35583,"change_percent":5.6,"trend":"up"},{"period":"2026-02","value":37696,"change_percent":5.9,"trend":"up"},{"period":"2026-03","value":40268,"change_percent":6.8,"trend":"up"},{"period":"2026-04","value":42547,"change_percent":5.7,"trend":"up"},{"period":"2026-05","value":45857,"change_percent":7.8,"trend":"up"},{"period":"2026-06","value":48344,"change_percent":5.4,"trend":"up"}]'::jsonb);
INSERT INTO public.metric_cards (id,project_id,title,description,category,position_x,position_y,created_by,data) VALUES ('ccd86e9b-28ea-4bf9-bb1a-37ae22e4f8ef','ec3ce8f1-e6ec-475f-a44e-49c2fe4ad326','ARPA','Avg revenue per account','Data/Metric',0,800,'user_30uQARGezqSApAChPSGSwFyUy85','[{"period":"2025-12","value":210898,"change_percent":0,"trend":"neutral"},{"period":"2026-01","value":215764,"change_percent":2.3,"trend":"up"},{"period":"2026-02","value":226836,"change_percent":5.1,"trend":"up"},{"period":"2026-03","value":231019,"change_percent":1.8,"trend":"up"},{"period":"2026-04","value":241147,"change_percent":4.4,"trend":"up"},{"period":"2026-05","value":247707,"change_percent":2.7,"trend":"up"},{"period":"2026-06","value":251845,"change_percent":1.7,"trend":"up"}]'::jsonb);
INSERT INTO public.metric_cards (id,project_id,title,description,category,position_x,position_y,created_by,data) VALUES ('ebd34841-b33e-40ee-b0f5-36731dc6766a','ec3ce8f1-e6ec-475f-a44e-49c2fe4ad326','Avg Price','','Data/Metric',-850,1000,'user_30uQARGezqSApAChPSGSwFyUy85','[{"period":"2025-12","value":69641,"change_percent":0,"trend":"neutral"},{"period":"2026-01","value":74190,"change_percent":6.5,"trend":"up"},{"period":"2026-02","value":80443,"change_percent":8.4,"trend":"up"},{"period":"2026-03","value":87614,"change_percent":8.9,"trend":"up"},{"period":"2026-04","value":94852,"change_percent":8.3,"trend":"up"},{"period":"2026-05","value":103586,"change_percent":9.2,"trend":"up"},{"period":"2026-06","value":113246,"change_percent":9.3,"trend":"up"}]'::jsonb);
INSERT INTO public.metric_cards (id,project_id,title,description,category,position_x,position_y,created_by,data) VALUES ('b5fccf99-a9cb-4270-adad-4c2cdb4793bc','ec3ce8f1-e6ec-475f-a44e-49c2fe4ad326','Avg Seats / Account','','Data/Metric',-510,1000,'user_30uQARGezqSApAChPSGSwFyUy85','[{"period":"2025-12","value":23734,"change_percent":0,"trend":"neutral"},{"period":"2026-01","value":25749,"change_percent":8.5,"trend":"up"},{"period":"2026-02","value":27743,"change_percent":7.7,"trend":"up"},{"period":"2026-03","value":30442,"change_percent":9.7,"trend":"up"},{"period":"2026-04","value":33299,"change_percent":9.4,"trend":"up"},{"period":"2026-05","value":35126,"change_percent":5.5,"trend":"up"},{"period":"2026-06","value":37864,"change_percent":7.8,"trend":"up"}]'::jsonb);
INSERT INTO public.metric_cards (id,project_id,title,description,category,position_x,position_y,created_by,data) VALUES ('84af43d1-9aba-4cf2-933f-7dd9c3e38468','ec3ce8f1-e6ec-475f-a44e-49c2fe4ad326','Trials Started','MQLs × Lead→Trial','Data/Metric',-170,1000,'user_30uQARGezqSApAChPSGSwFyUy85','[{"period":"2025-12","value":66879,"change_percent":0,"trend":"neutral"},{"period":"2026-01","value":69848,"change_percent":4.4,"trend":"up"},{"period":"2026-02","value":71729,"change_percent":2.7,"trend":"up"},{"period":"2026-03","value":74842,"change_percent":4.3,"trend":"up"},{"period":"2026-04","value":75785,"change_percent":1.3,"trend":"up"},{"period":"2026-05","value":75823,"change_percent":0.1,"trend":"neutral"},{"period":"2026-06","value":79238,"change_percent":4.5,"trend":"up"}]'::jsonb);
INSERT INTO public.metric_cards (id,project_id,title,description,category,position_x,position_y,created_by,data) VALUES ('98679a57-955c-488c-9294-821d940a474a','ec3ce8f1-e6ec-475f-a44e-49c2fe4ad326','Trial→Paid Conversion %','','Data/Metric',170,1000,'user_30uQARGezqSApAChPSGSwFyUy85','[{"period":"2025-12","value":51.9,"change_percent":0,"trend":"neutral"},{"period":"2026-01","value":56.4,"change_percent":8.7,"trend":"up"},{"period":"2026-02","value":60.4,"change_percent":7.1,"trend":"up"},{"period":"2026-03","value":64.6,"change_percent":7,"trend":"up"},{"period":"2026-04","value":71,"change_percent":9.9,"trend":"up"},{"period":"2026-05","value":76.3,"change_percent":7.5,"trend":"up"},{"period":"2026-06","value":80.4,"change_percent":5.4,"trend":"up"}]'::jsonb);
INSERT INTO public.metric_cards (id,project_id,title,description,category,position_x,position_y,created_by,data) VALUES ('8ba72c48-3148-4223-9e1d-84a18bce93ec','ec3ce8f1-e6ec-475f-a44e-49c2fe4ad326','Marketing Qualified Leads','Visitors × Visitor→Lead','Data/Metric',-510,1200,'user_30uQARGezqSApAChPSGSwFyUy85','[{"period":"2025-12","value":7706,"change_percent":0,"trend":"neutral"},{"period":"2026-01","value":7981,"change_percent":3.6,"trend":"up"},{"period":"2026-02","value":8385,"change_percent":5.1,"trend":"up"},{"period":"2026-03","value":8913,"change_percent":6.3,"trend":"up"},{"period":"2026-04","value":9566,"change_percent":7.3,"trend":"up"},{"period":"2026-05","value":10103,"change_percent":5.6,"trend":"up"},{"period":"2026-06","value":10539,"change_percent":4.3,"trend":"up"}]'::jsonb);
INSERT INTO public.metric_cards (id,project_id,title,description,category,position_x,position_y,created_by,data) VALUES ('588c5936-d18b-4278-b831-43e06eaef598','ec3ce8f1-e6ec-475f-a44e-49c2fe4ad326','Visitor→Lead %','','Data/Metric',-170,1200,'user_30uQARGezqSApAChPSGSwFyUy85','[{"period":"2025-12","value":16.8,"change_percent":0,"trend":"neutral"},{"period":"2026-01","value":18.1,"change_percent":7.7,"trend":"up"},{"period":"2026-02","value":19.8,"change_percent":9.4,"trend":"up"},{"period":"2026-03","value":21.3,"change_percent":7.6,"trend":"up"},{"period":"2026-04","value":22.9,"change_percent":7.5,"trend":"up"},{"period":"2026-05","value":24.9,"change_percent":8.7,"trend":"up"},{"period":"2026-06","value":26.7,"change_percent":7.2,"trend":"up"}]'::jsonb);
INSERT INTO public.metric_cards (id,project_id,title,description,category,position_x,position_y,created_by,data) VALUES ('33d0cc4a-4326-47dc-915b-d510b503b20d','ec3ce8f1-e6ec-475f-a44e-49c2fe4ad326','Website Visitors','Sum of channels','Data/Metric',0,1400,'user_30uQARGezqSApAChPSGSwFyUy85','[{"period":"2025-12","value":83860,"change_percent":0,"trend":"neutral"},{"period":"2026-01","value":87794,"change_percent":4.7,"trend":"up"},{"period":"2026-02","value":89750,"change_percent":2.2,"trend":"up"},{"period":"2026-03","value":91028,"change_percent":1.4,"trend":"up"},{"period":"2026-04","value":93448,"change_percent":2.7,"trend":"up"},{"period":"2026-05","value":96075,"change_percent":2.8,"trend":"up"},{"period":"2026-06","value":99058,"change_percent":3.1,"trend":"up"}]'::jsonb);
INSERT INTO public.metric_cards (id,project_id,title,description,category,position_x,position_y,created_by,data) VALUES ('834e1812-fd40-4ed8-96df-c48d0afef1a4','ec3ce8f1-e6ec-475f-a44e-49c2fe4ad326','Organic / SEO Traffic','','Data/Metric',-850,1600,'user_30uQARGezqSApAChPSGSwFyUy85','[{"period":"2025-12","value":77521,"change_percent":0,"trend":"neutral"},{"period":"2026-01","value":79931,"change_percent":3.1,"trend":"up"},{"period":"2026-02","value":85989,"change_percent":7.6,"trend":"up"},{"period":"2026-03","value":92782,"change_percent":7.9,"trend":"up"},{"period":"2026-04","value":95996,"change_percent":3.5,"trend":"up"},{"period":"2026-05","value":102385,"change_percent":6.7,"trend":"up"},{"period":"2026-06","value":110332,"change_percent":7.8,"trend":"up"}]'::jsonb);
INSERT INTO public.metric_cards (id,project_id,title,description,category,position_x,position_y,created_by,data) VALUES ('5649e281-f937-4d55-a4fb-6ecece6a00bb','ec3ce8f1-e6ec-475f-a44e-49c2fe4ad326','Paid Search Traffic','Ad Spend / CPC','Data/Metric',-510,1600,'user_30uQARGezqSApAChPSGSwFyUy85','[{"period":"2025-12","value":39413,"change_percent":0,"trend":"neutral"},{"period":"2026-01","value":41300,"change_percent":4.8,"trend":"up"},{"period":"2026-02","value":44226,"change_percent":7.1,"trend":"up"},{"period":"2026-03","value":47433,"change_percent":7.3,"trend":"up"},{"period":"2026-04","value":50423,"change_percent":6.3,"trend":"up"},{"period":"2026-05","value":52887,"change_percent":4.9,"trend":"up"},{"period":"2026-06","value":57009,"change_percent":7.8,"trend":"up"}]'::jsonb);
INSERT INTO public.metric_cards (id,project_id,title,description,category,position_x,position_y,created_by,data) VALUES ('a3a6b35b-4ded-426d-9508-75f0ddedcad1','ec3ce8f1-e6ec-475f-a44e-49c2fe4ad326','Social Media Traffic','Reach × CTR','Data/Metric',-170,1600,'user_30uQARGezqSApAChPSGSwFyUy85','[{"period":"2025-12","value":31309,"change_percent":0,"trend":"neutral"},{"period":"2026-01","value":33229,"change_percent":6.1,"trend":"up"},{"period":"2026-02","value":34092,"change_percent":2.6,"trend":"up"},{"period":"2026-03","value":35407,"change_percent":3.9,"trend":"up"},{"period":"2026-04","value":36310,"change_percent":2.6,"trend":"up"},{"period":"2026-05","value":37893,"change_percent":4.4,"trend":"up"},{"period":"2026-06","value":38817,"change_percent":2.4,"trend":"up"}]'::jsonb);
INSERT INTO public.metric_cards (id,project_id,title,description,category,position_x,position_y,created_by,data) VALUES ('0fb38594-caba-45a7-9fab-40f705e88685','ec3ce8f1-e6ec-475f-a44e-49c2fe4ad326','Referral Traffic','','Data/Metric',170,1600,'user_30uQARGezqSApAChPSGSwFyUy85','[{"period":"2025-12","value":29377,"change_percent":0,"trend":"neutral"},{"period":"2026-01","value":31848,"change_percent":8.4,"trend":"up"},{"period":"2026-02","value":33632,"change_percent":5.6,"trend":"up"},{"period":"2026-03","value":36558,"change_percent":8.7,"trend":"up"},{"period":"2026-04","value":39597,"change_percent":8.3,"trend":"up"},{"period":"2026-05","value":42448,"change_percent":7.2,"trend":"up"},{"period":"2026-06","value":45968,"change_percent":8.3,"trend":"up"}]'::jsonb);
INSERT INTO public.metric_cards (id,project_id,title,description,category,position_x,position_y,created_by,data) VALUES ('b490e55f-db1b-46c6-96ae-66b0b3fd3c51','ec3ce8f1-e6ec-475f-a44e-49c2fe4ad326','Direct Traffic','','Data/Metric',510,1600,'user_30uQARGezqSApAChPSGSwFyUy85','[{"period":"2025-12","value":50156,"change_percent":0,"trend":"neutral"},{"period":"2026-01","value":52239,"change_percent":4.2,"trend":"up"},{"period":"2026-02","value":54233,"change_percent":3.8,"trend":"up"},{"period":"2026-03","value":56405,"change_percent":4,"trend":"up"},{"period":"2026-04","value":59240,"change_percent":5,"trend":"up"},{"period":"2026-05","value":61259,"change_percent":3.4,"trend":"up"},{"period":"2026-06","value":63302,"change_percent":3.3,"trend":"up"}]'::jsonb);
INSERT INTO public.metric_cards (id,project_id,title,description,category,position_x,position_y,created_by,data) VALUES ('4472fb7a-ddeb-4d9e-aec5-4c2eb6f04134','ec3ce8f1-e6ec-475f-a44e-49c2fe4ad326','Email Traffic','','Data/Metric',850,1600,'user_30uQARGezqSApAChPSGSwFyUy85','[{"period":"2025-12","value":74438,"change_percent":0,"trend":"neutral"},{"period":"2026-01","value":76293,"change_percent":2.5,"trend":"up"},{"period":"2026-02","value":77070,"change_percent":1,"trend":"neutral"},{"period":"2026-03","value":77248,"change_percent":0.2,"trend":"neutral"},{"period":"2026-04","value":77405,"change_percent":0.2,"trend":"neutral"},{"period":"2026-05","value":78498,"change_percent":1.4,"trend":"up"},{"period":"2026-06","value":79357,"change_percent":1.1,"trend":"up"}]'::jsonb);
INSERT INTO public.metric_cards (id,project_id,title,description,category,position_x,position_y,created_by,data) VALUES ('d96d4242-8af9-4d55-b8f1-f9e4b29b7961','ec3ce8f1-e6ec-475f-a44e-49c2fe4ad326','Social Reach / Followers','','Data/Metric',-850,1800,'user_30uQARGezqSApAChPSGSwFyUy85','[{"period":"2025-12","value":64008,"change_percent":0,"trend":"neutral"},{"period":"2026-01","value":69941,"change_percent":9.3,"trend":"up"},{"period":"2026-02","value":73853,"change_percent":5.6,"trend":"up"},{"period":"2026-03","value":81148,"change_percent":9.9,"trend":"up"},{"period":"2026-04","value":85760,"change_percent":5.7,"trend":"up"},{"period":"2026-05","value":93939,"change_percent":9.5,"trend":"up"},{"period":"2026-06","value":99431,"change_percent":5.8,"trend":"up"}]'::jsonb);
INSERT INTO public.metric_cards (id,project_id,title,description,category,position_x,position_y,created_by,data) VALUES ('e6451d6d-b152-4460-9c16-0030ac8af219','ec3ce8f1-e6ec-475f-a44e-49c2fe4ad326','Social Engagement Rate','','Data/Metric',-510,1800,'user_30uQARGezqSApAChPSGSwFyUy85','[{"period":"2025-12","value":18.5,"change_percent":0,"trend":"neutral"},{"period":"2026-01","value":19.6,"change_percent":5.9,"trend":"up"},{"period":"2026-02","value":20.7,"change_percent":5.6,"trend":"up"},{"period":"2026-03","value":21.3,"change_percent":2.9,"trend":"up"},{"period":"2026-04","value":21.7,"change_percent":1.9,"trend":"up"},{"period":"2026-05","value":22.4,"change_percent":3.2,"trend":"up"},{"period":"2026-06","value":22.9,"change_percent":2.2,"trend":"up"}]'::jsonb);
INSERT INTO public.metric_cards (id,project_id,title,description,category,position_x,position_y,created_by,data) VALUES ('a87cd35f-a1b4-40cb-85eb-a91d8391b59d','ec3ce8f1-e6ec-475f-a44e-49c2fe4ad326','Content Cadence (posts/wk)','','Data/Metric',0,2000,'user_30uQARGezqSApAChPSGSwFyUy85','[{"period":"2025-12","value":2783,"change_percent":0,"trend":"neutral"},{"period":"2026-01","value":2982,"change_percent":7.2,"trend":"up"},{"period":"2026-02","value":3173,"change_percent":6.4,"trend":"up"},{"period":"2026-03","value":3365,"change_percent":6.1,"trend":"up"},{"period":"2026-04","value":3531,"change_percent":4.9,"trend":"up"},{"period":"2026-05","value":3813,"change_percent":8,"trend":"up"},{"period":"2026-06","value":4084,"change_percent":7.1,"trend":"up"}]'::jsonb);
INSERT INTO public.metric_cards (id,project_id,title,description,category,position_x,position_y,created_by,data) VALUES ('d21e09bd-aee2-4cd5-bdf3-32abe3162d16','ec3ce8f1-e6ec-475f-a44e-49c2fe4ad326','Ad Spend','','Data/Metric',-170,1800,'user_30uQARGezqSApAChPSGSwFyUy85','[{"period":"2025-12","value":319502,"change_percent":0,"trend":"neutral"},{"period":"2026-01","value":334119,"change_percent":4.6,"trend":"up"},{"period":"2026-02","value":351451,"change_percent":5.2,"trend":"up"},{"period":"2026-03","value":372887,"change_percent":6.1,"trend":"up"},{"period":"2026-04","value":394877,"change_percent":5.9,"trend":"up"},{"period":"2026-05","value":410003,"change_percent":3.8,"trend":"up"},{"period":"2026-06","value":438835,"change_percent":7,"trend":"up"}]'::jsonb);
INSERT INTO public.metric_cards (id,project_id,title,description,category,position_x,position_y,created_by,data) VALUES ('5eb8f8b2-9f40-41f6-b43c-55f517242fc5','ec3ce8f1-e6ec-475f-a44e-49c2fe4ad326','CPC','','Data/Metric',170,1800,'user_30uQARGezqSApAChPSGSwFyUy85','[{"period":"2025-12","value":931,"change_percent":0,"trend":"neutral"},{"period":"2026-01","value":1005,"change_percent":7.9,"trend":"up"},{"period":"2026-02","value":1061,"change_percent":5.6,"trend":"up"},{"period":"2026-03","value":1118,"change_percent":5.4,"trend":"up"},{"period":"2026-04","value":1212,"change_percent":8.4,"trend":"up"},{"period":"2026-05","value":1308,"change_percent":7.9,"trend":"up"},{"period":"2026-06","value":1376,"change_percent":5.2,"trend":"up"}]'::jsonb);
INSERT INTO public.metric_cards (id,project_id,title,description,category,position_x,position_y,created_by,data) VALUES ('d5b06de4-035a-4f12-8712-c96ca0ade42c','ec3ce8f1-e6ec-475f-a44e-49c2fe4ad326','Customer Churn Rate','','Data/Metric',340,800,'user_30uQARGezqSApAChPSGSwFyUy85','[{"period":"2025-12","value":13.2,"change_percent":0,"trend":"neutral"},{"period":"2026-01","value":12.8,"change_percent":-3,"trend":"down"},{"period":"2026-02","value":11.9,"change_percent":-7,"trend":"down"},{"period":"2026-03","value":11.4,"change_percent":-4.2,"trend":"down"},{"period":"2026-04","value":10.7,"change_percent":-6.1,"trend":"down"},{"period":"2026-05","value":9.9,"change_percent":-7.5,"trend":"down"},{"period":"2026-06","value":9.6,"change_percent":-3,"trend":"down"}]'::jsonb);
INSERT INTO public.metric_cards (id,project_id,title,description,category,position_x,position_y,created_by,data) VALUES ('bcb3af25-2580-4ab0-89b1-d8d70890abbb','ec3ce8f1-e6ec-475f-a44e-49c2fe4ad326','Net Revenue Retention','','Data/Metric',-850,200,'user_30uQARGezqSApAChPSGSwFyUy85','[{"period":"2025-12","value":50.5,"change_percent":0,"trend":"neutral"},{"period":"2026-01","value":52.6,"change_percent":4.2,"trend":"up"},{"period":"2026-02","value":55.8,"change_percent":6.1,"trend":"up"},{"period":"2026-03","value":59,"change_percent":5.7,"trend":"up"},{"period":"2026-04","value":62.8,"change_percent":6.4,"trend":"up"},{"period":"2026-05","value":65.5,"change_percent":4.3,"trend":"up"},{"period":"2026-06","value":69.4,"change_percent":6,"trend":"up"}]'::jsonb);
INSERT INTO public.metric_cards (id,project_id,title,description,category,position_x,position_y,created_by,data) VALUES ('41ea310b-c682-4e4e-9290-5b934d8c4146','ec3ce8f1-e6ec-475f-a44e-49c2fe4ad326','CAC','S&M / New Customers','Data/Metric',-510,200,'user_30uQARGezqSApAChPSGSwFyUy85','[{"period":"2025-12","value":368432,"change_percent":0,"trend":"neutral"},{"period":"2026-01","value":357480,"change_percent":-3,"trend":"down"},{"period":"2026-02","value":339132,"change_percent":-5.1,"trend":"down"},{"period":"2026-03","value":326367,"change_percent":-3.8,"trend":"down"},{"period":"2026-04","value":323803,"change_percent":-0.8,"trend":"neutral"},{"period":"2026-05","value":310875,"change_percent":-4,"trend":"down"},{"period":"2026-06","value":299153,"change_percent":-3.8,"trend":"down"}]'::jsonb);
INSERT INTO public.metric_cards (id,project_id,title,description,category,position_x,position_y,created_by,data) VALUES ('51f0626b-2014-4cef-8641-aa0ae8dc4d89','ec3ce8f1-e6ec-475f-a44e-49c2fe4ad326','LTV','ARPA × GM% / churn','Data/Metric',-170,200,'user_30uQARGezqSApAChPSGSwFyUy85','[{"period":"2025-12","value":403264,"change_percent":0,"trend":"neutral"},{"period":"2026-01","value":434675,"change_percent":7.8,"trend":"up"},{"period":"2026-02","value":451039,"change_percent":3.8,"trend":"up"},{"period":"2026-03","value":472792,"change_percent":4.8,"trend":"up"},{"period":"2026-04","value":500592,"change_percent":5.9,"trend":"up"},{"period":"2026-05","value":523632,"change_percent":4.6,"trend":"up"},{"period":"2026-06","value":563035,"change_percent":7.5,"trend":"up"}]'::jsonb);
INSERT INTO public.metric_cards (id,project_id,title,description,category,position_x,position_y,created_by,data) VALUES ('2ea8a29b-cca5-44a9-9e9c-a39d32d40608','ec3ce8f1-e6ec-475f-a44e-49c2fe4ad326','LTV : CAC','','Data/Metric',170,200,'user_30uQARGezqSApAChPSGSwFyUy85','[{"period":"2025-12","value":200374,"change_percent":0,"trend":"neutral"},{"period":"2026-01","value":189681,"change_percent":-5.3,"trend":"down"},{"period":"2026-02","value":173221,"change_percent":-8.7,"trend":"down"},{"period":"2026-03","value":157522,"change_percent":-9.1,"trend":"down"},{"period":"2026-04","value":147221,"change_percent":-6.5,"trend":"down"},{"period":"2026-05","value":132456,"change_percent":-10,"trend":"down"},{"period":"2026-06","value":122224,"change_percent":-7.7,"trend":"down"}]'::jsonb);
INSERT INTO public.metric_cards (id,project_id,title,description,category,position_x,position_y,created_by,data) VALUES ('e1515c37-09b7-4253-a2c4-044d35d633ce','ec3ce8f1-e6ec-475f-a44e-49c2fe4ad326','CAC Payback (months)','','Data/Metric',510,200,'user_30uQARGezqSApAChPSGSwFyUy85','[{"period":"2025-12","value":753874,"change_percent":0,"trend":"neutral"},{"period":"2026-01","value":682774,"change_percent":-9.4,"trend":"down"},{"period":"2026-02","value":643513,"change_percent":-5.8,"trend":"down"},{"period":"2026-03","value":594733,"change_percent":-7.6,"trend":"down"},{"period":"2026-04","value":556395,"change_percent":-6.4,"trend":"down"},{"period":"2026-05","value":523846,"change_percent":-5.8,"trend":"down"},{"period":"2026-06","value":478132,"change_percent":-8.7,"trend":"down"}]'::jsonb);
INSERT INTO public.metric_cards (id,project_id,title,description,category,position_x,position_y,created_by,data) VALUES ('3a940036-94ae-45c0-9ef5-04749de66ec6','ec3ce8f1-e6ec-475f-a44e-49c2fe4ad326','Gross Margin %','','Data/Metric',850,200,'user_30uQARGezqSApAChPSGSwFyUy85','[{"period":"2025-12","value":23.3,"change_percent":0,"trend":"neutral"},{"period":"2026-01","value":24.2,"change_percent":3.9,"trend":"up"},{"period":"2026-02","value":25.5,"change_percent":5.4,"trend":"up"},{"period":"2026-03","value":26.8,"change_percent":5.1,"trend":"up"},{"period":"2026-04","value":27.6,"change_percent":3,"trend":"up"},{"period":"2026-05","value":29,"change_percent":5.1,"trend":"up"},{"period":"2026-06","value":29.5,"change_percent":1.7,"trend":"up"}]'::jsonb);
INSERT INTO public.metric_cards (id,project_id,title,description,category,position_x,position_y,created_by,data) VALUES ('927d2978-b9d5-49c2-8f35-4bd870fbd5a3','ec3ce8f1-e6ec-475f-a44e-49c2fe4ad326','Total Costs','COGS + S&M + R&D + G&A','Data/Metric',1190,200,'user_30uQARGezqSApAChPSGSwFyUy85','[{"period":"2025-12","value":218964,"change_percent":0,"trend":"neutral"},{"period":"2026-01","value":215686,"change_percent":-1.5,"trend":"down"},{"period":"2026-02","value":208226,"change_percent":-3.5,"trend":"down"},{"period":"2026-03","value":201162,"change_percent":-3.4,"trend":"down"},{"period":"2026-04","value":194154,"change_percent":-3.5,"trend":"down"},{"period":"2026-05","value":193400,"change_percent":-0.4,"trend":"neutral"},{"period":"2026-06","value":190056,"change_percent":-1.7,"trend":"down"}]'::jsonb);
INSERT INTO public.metric_cards (id,project_id,title,description,category,position_x,position_y,created_by,data) VALUES ('5fac9ff0-4f91-49c5-aee3-ee6a890352df','ec3ce8f1-e6ec-475f-a44e-49c2fe4ad326','COGS','Hosting + Support','Data/Metric',-340,400,'user_30uQARGezqSApAChPSGSwFyUy85','[{"period":"2025-12","value":698380,"change_percent":0,"trend":"neutral"},{"period":"2026-01","value":664542,"change_percent":-4.8,"trend":"down"},{"period":"2026-02","value":614598,"change_percent":-7.5,"trend":"down"},{"period":"2026-03","value":583672,"change_percent":-5,"trend":"down"},{"period":"2026-04","value":535101,"change_percent":-8.3,"trend":"down"},{"period":"2026-05","value":494908,"change_percent":-7.5,"trend":"down"},{"period":"2026-06","value":472338,"change_percent":-4.6,"trend":"down"}]'::jsonb);
INSERT INTO public.metric_cards (id,project_id,title,description,category,position_x,position_y,created_by,data) VALUES ('0fd8798a-ea6d-4a5a-8f05-0e47ca60a69c','ec3ce8f1-e6ec-475f-a44e-49c2fe4ad326','Hosting / Infra','','Data/Metric',680,600,'user_30uQARGezqSApAChPSGSwFyUy85','[{"period":"2025-12","value":2306,"change_percent":0,"trend":"neutral"},{"period":"2026-01","value":2359,"change_percent":2.3,"trend":"up"},{"period":"2026-02","value":2412,"change_percent":2.2,"trend":"up"},{"period":"2026-03","value":2526,"change_percent":4.7,"trend":"up"},{"period":"2026-04","value":2649,"change_percent":4.9,"trend":"up"},{"period":"2026-05","value":2701,"change_percent":2,"trend":"up"},{"period":"2026-06","value":2786,"change_percent":3.1,"trend":"up"}]'::jsonb);
INSERT INTO public.metric_cards (id,project_id,title,description,category,position_x,position_y,created_by,data) VALUES ('17516cb2-1a56-49a8-877e-0eba78f680e0','ec3ce8f1-e6ec-475f-a44e-49c2fe4ad326','Support Cost','','Data/Metric',1020,600,'user_30uQARGezqSApAChPSGSwFyUy85','[{"period":"2025-12","value":797080,"change_percent":0,"trend":"neutral"},{"period":"2026-01","value":773063,"change_percent":-3,"trend":"down"},{"period":"2026-02","value":723947,"change_percent":-6.4,"trend":"down"},{"period":"2026-03","value":700097,"change_percent":-3.3,"trend":"down"},{"period":"2026-04","value":664025,"change_percent":-5.2,"trend":"down"},{"period":"2026-05","value":631832,"change_percent":-4.8,"trend":"down"},{"period":"2026-06","value":611015,"change_percent":-3.3,"trend":"down"}]'::jsonb);
INSERT INTO public.metric_cards (id,project_id,title,description,category,position_x,position_y,created_by,data) VALUES ('0dc70004-f876-42cc-a8b4-6c1adb49b676','ec3ce8f1-e6ec-475f-a44e-49c2fe4ad326','Sales & Marketing','','Data/Metric',0,400,'user_30uQARGezqSApAChPSGSwFyUy85','[{"period":"2025-12","value":2838,"change_percent":0,"trend":"neutral"},{"period":"2026-01","value":2873,"change_percent":1.2,"trend":"up"},{"period":"2026-02","value":2948,"change_percent":2.6,"trend":"up"},{"period":"2026-03","value":3081,"change_percent":4.5,"trend":"up"},{"period":"2026-04","value":3085,"change_percent":0.1,"trend":"neutral"},{"period":"2026-05","value":3141,"change_percent":1.8,"trend":"up"},{"period":"2026-06","value":3171,"change_percent":1,"trend":"neutral"}]'::jsonb);
INSERT INTO public.metric_cards (id,project_id,title,description,category,position_x,position_y,created_by,data) VALUES ('85eeb34f-9ffd-4b5a-8aed-654b193bcc23','ec3ce8f1-e6ec-475f-a44e-49c2fe4ad326','R&D','','Data/Metric',340,400,'user_30uQARGezqSApAChPSGSwFyUy85','[{"period":"2025-12","value":910,"change_percent":0,"trend":"neutral"},{"period":"2026-01","value":975,"change_percent":7.1,"trend":"up"},{"period":"2026-02","value":1047,"change_percent":7.4,"trend":"up"},{"period":"2026-03","value":1090,"change_percent":4.1,"trend":"up"},{"period":"2026-04","value":1171,"change_percent":7.4,"trend":"up"},{"period":"2026-05","value":1240,"change_percent":5.9,"trend":"up"},{"period":"2026-06","value":1319,"change_percent":6.4,"trend":"up"}]'::jsonb);
INSERT INTO public.metric_cards (id,project_id,title,description,category,position_x,position_y,created_by,data) VALUES ('9ef78001-3aba-4a19-83fd-06c915879551','ec3ce8f1-e6ec-475f-a44e-49c2fe4ad326','G&A','','Data/Metric',680,400,'user_30uQARGezqSApAChPSGSwFyUy85','[{"period":"2025-12","value":4324,"change_percent":0,"trend":"neutral"},{"period":"2026-01","value":4716,"change_percent":9.1,"trend":"up"},{"period":"2026-02","value":4991,"change_percent":5.8,"trend":"up"},{"period":"2026-03","value":5366,"change_percent":7.5,"trend":"up"},{"period":"2026-04","value":5708,"change_percent":6.4,"trend":"up"},{"period":"2026-05","value":6099,"change_percent":6.9,"trend":"up"},{"period":"2026-06","value":6495,"change_percent":6.5,"trend":"up"}]'::jsonb);
INSERT INTO public.metric_cards (id,project_id,title,description,category,position_x,position_y,created_by,data) VALUES ('944c0720-0861-43ad-b69f-fe4b5b38b472','ec3ce8f1-e6ec-475f-a44e-49c2fe4ad326','Launch content/SEO program','','Work/Action',510,1800,'user_30uQARGezqSApAChPSGSwFyUy85','[]'::jsonb);
INSERT INTO public.metric_cards (id,project_id,title,description,category,position_x,position_y,created_by,data) VALUES ('27ae8b20-d16d-45fb-9955-73c8ead0c574','ec3ce8f1-e6ec-475f-a44e-49c2fe4ad326','Improve onboarding flow','','Work/Action',170,1200,'user_30uQARGezqSApAChPSGSwFyUy85','[]'::jsonb);
INSERT INTO public.metric_cards (id,project_id,title,description,category,position_x,position_y,created_by,data) VALUES ('2dfea2a7-0811-4e65-9602-777e94996b8d','ec3ce8f1-e6ec-475f-a44e-49c2fe4ad326','Customer success program','','Work/Action',510,1000,'user_30uQARGezqSApAChPSGSwFyUy85','[]'::jsonb);
INSERT INTO public.metric_cards (id,project_id,title,description,category,position_x,position_y,created_by,data) VALUES ('3e27e12a-ab3d-4282-ab38-538ef75f44f1','ec3ce8f1-e6ec-475f-a44e-49c2fe4ad326','Referral program','','Work/Action',850,1800,'user_30uQARGezqSApAChPSGSwFyUy85','[]'::jsonb);
INSERT INTO public.metric_cards (id,project_id,title,description,category,position_x,position_y,created_by,data) VALUES ('223bcce0-71a3-47de-bd58-52c30421e89f','ec3ce8f1-e6ec-475f-a44e-49c2fe4ad326','Annual billing reduces churn','','Ideas/Hypothesis',850,1000,'user_30uQARGezqSApAChPSGSwFyUy85','[]'::jsonb);
INSERT INTO public.metric_cards (id,project_id,title,description,category,position_x,position_y,created_by,data) VALUES ('23d37c12-a6af-4969-94f5-4961bdaf9ceb','ec3ce8f1-e6ec-475f-a44e-49c2fe4ad326','Self-serve trial lifts conversion','','Ideas/Hypothesis',510,1200,'user_30uQARGezqSApAChPSGSwFyUy85','[]'::jsonb);
INSERT INTO public.relationships (id,project_id,source_id,target_id,type,confidence,weight,created_by) VALUES ('c76c2828-a528-4242-9124-4e9bf87936f2','ec3ce8f1-e6ec-475f-a44e-49c2fe4ad326','1aee673a-aa7a-4b07-808a-c2d58fafa160','aaa3882a-a206-43cd-8a51-720b3359a54e','Compositional','High',95,'user_30uQARGezqSApAChPSGSwFyUy85');
INSERT INTO public.relationships (id,project_id,source_id,target_id,type,confidence,weight,created_by) VALUES ('45ebe246-e3f4-480a-bf0c-d29a3134c0ae','ec3ce8f1-e6ec-475f-a44e-49c2fe4ad326','927d2978-b9d5-49c2-8f35-4bd870fbd5a3','aaa3882a-a206-43cd-8a51-720b3359a54e','Compositional','High',90,'user_30uQARGezqSApAChPSGSwFyUy85');
INSERT INTO public.relationships (id,project_id,source_id,target_id,type,confidence,weight,created_by) VALUES ('65d99395-1ce4-45ee-8df3-76f4fb970537','ec3ce8f1-e6ec-475f-a44e-49c2fe4ad326','3a940036-94ae-45c0-9ef5-04749de66ec6','aaa3882a-a206-43cd-8a51-720b3359a54e','Causal','High',70,'user_30uQARGezqSApAChPSGSwFyUy85');
INSERT INTO public.relationships (id,project_id,source_id,target_id,type,confidence,weight,created_by) VALUES ('b9ab7dfc-c2fa-4cfa-9661-5036edce2844','ec3ce8f1-e6ec-475f-a44e-49c2fe4ad326','7c4923c6-1781-4b6c-b16e-add3046b3c6b','1aee673a-aa7a-4b07-808a-c2d58fafa160','Deterministic','High',95,'user_30uQARGezqSApAChPSGSwFyUy85');
INSERT INTO public.relationships (id,project_id,source_id,target_id,type,confidence,weight,created_by) VALUES ('a55adff7-8dc8-4274-bcc1-707e4fdcdf62','ec3ce8f1-e6ec-475f-a44e-49c2fe4ad326','0df095e5-4cfa-4501-9d0b-2f601d79f794','7c4923c6-1781-4b6c-b16e-add3046b3c6b','Compositional','High',80,'user_30uQARGezqSApAChPSGSwFyUy85');
INSERT INTO public.relationships (id,project_id,source_id,target_id,type,confidence,weight,created_by) VALUES ('ef59aa95-2b5a-4596-bb4a-714f0c3dc751','ec3ce8f1-e6ec-475f-a44e-49c2fe4ad326','1331d023-dfee-4604-8886-cf50c3b2d074','7c4923c6-1781-4b6c-b16e-add3046b3c6b','Compositional','High',70,'user_30uQARGezqSApAChPSGSwFyUy85');
INSERT INTO public.relationships (id,project_id,source_id,target_id,type,confidence,weight,created_by) VALUES ('3d830182-4a1a-4819-8d06-cb66e184f9ea','ec3ce8f1-e6ec-475f-a44e-49c2fe4ad326','cc2025c6-c6cc-4be7-ac45-ff8c8786c911','7c4923c6-1781-4b6c-b16e-add3046b3c6b','Compositional','High',40,'user_30uQARGezqSApAChPSGSwFyUy85');
INSERT INTO public.relationships (id,project_id,source_id,target_id,type,confidence,weight,created_by) VALUES ('45e51bba-31be-40e8-8f1f-9c4171ac91ad','ec3ce8f1-e6ec-475f-a44e-49c2fe4ad326','19883f96-6b98-42e9-ab5c-76dcd4bc2900','7c4923c6-1781-4b6c-b16e-add3046b3c6b','Compositional','High',75,'user_30uQARGezqSApAChPSGSwFyUy85');
INSERT INTO public.relationships (id,project_id,source_id,target_id,type,confidence,weight,created_by) VALUES ('57314398-0ee2-4a49-b0f8-111b5b49f43b','ec3ce8f1-e6ec-475f-a44e-49c2fe4ad326','c650e9ea-baa4-4ba3-ae1d-aabd053dd66b','7c4923c6-1781-4b6c-b16e-add3046b3c6b','Compositional','High',50,'user_30uQARGezqSApAChPSGSwFyUy85');
INSERT INTO public.relationships (id,project_id,source_id,target_id,type,confidence,weight,created_by) VALUES ('d4311447-e73a-4769-a2d3-dbccb28aabb0','ec3ce8f1-e6ec-475f-a44e-49c2fe4ad326','2c5377e6-cece-4288-807f-8578c25c6990','0df095e5-4cfa-4501-9d0b-2f601d79f794','Deterministic','High',90,'user_30uQARGezqSApAChPSGSwFyUy85');
INSERT INTO public.relationships (id,project_id,source_id,target_id,type,confidence,weight,created_by) VALUES ('9bcd807c-f7d7-4eb8-8c3f-4a31843a57ce','ec3ce8f1-e6ec-475f-a44e-49c2fe4ad326','ccd86e9b-28ea-4bf9-bb1a-37ae22e4f8ef','0df095e5-4cfa-4501-9d0b-2f601d79f794','Deterministic','High',80,'user_30uQARGezqSApAChPSGSwFyUy85');
INSERT INTO public.relationships (id,project_id,source_id,target_id,type,confidence,weight,created_by) VALUES ('025285c7-3a0f-4a30-9368-3d0897a237c6','ec3ce8f1-e6ec-475f-a44e-49c2fe4ad326','ebd34841-b33e-40ee-b0f5-36731dc6766a','ccd86e9b-28ea-4bf9-bb1a-37ae22e4f8ef','Deterministic','High',80,'user_30uQARGezqSApAChPSGSwFyUy85');
INSERT INTO public.relationships (id,project_id,source_id,target_id,type,confidence,weight,created_by) VALUES ('2e1411e7-4b81-4e64-9473-db0dc5800552','ec3ce8f1-e6ec-475f-a44e-49c2fe4ad326','b5fccf99-a9cb-4270-adad-4c2cdb4793bc','ccd86e9b-28ea-4bf9-bb1a-37ae22e4f8ef','Deterministic','High',70,'user_30uQARGezqSApAChPSGSwFyUy85');
INSERT INTO public.relationships (id,project_id,source_id,target_id,type,confidence,weight,created_by) VALUES ('6d2e034c-0ea5-4578-9bd6-1ed99086a8b2','ec3ce8f1-e6ec-475f-a44e-49c2fe4ad326','84af43d1-9aba-4cf2-933f-7dd9c3e38468','2c5377e6-cece-4288-807f-8578c25c6990','Deterministic','High',85,'user_30uQARGezqSApAChPSGSwFyUy85');
INSERT INTO public.relationships (id,project_id,source_id,target_id,type,confidence,weight,created_by) VALUES ('f79394b4-8e64-4bf3-9033-da43aae14fc5','ec3ce8f1-e6ec-475f-a44e-49c2fe4ad326','98679a57-955c-488c-9294-821d940a474a','2c5377e6-cece-4288-807f-8578c25c6990','Probabilistic','High',80,'user_30uQARGezqSApAChPSGSwFyUy85');
INSERT INTO public.relationships (id,project_id,source_id,target_id,type,confidence,weight,created_by) VALUES ('7c975798-f8ab-44ec-b82a-efa35dedbb4f','ec3ce8f1-e6ec-475f-a44e-49c2fe4ad326','8ba72c48-3148-4223-9e1d-84a18bce93ec','84af43d1-9aba-4cf2-933f-7dd9c3e38468','Deterministic','High',80,'user_30uQARGezqSApAChPSGSwFyUy85');
INSERT INTO public.relationships (id,project_id,source_id,target_id,type,confidence,weight,created_by) VALUES ('ecfa2880-8191-4021-96ad-7346f9191896','ec3ce8f1-e6ec-475f-a44e-49c2fe4ad326','588c5936-d18b-4278-b831-43e06eaef598','84af43d1-9aba-4cf2-933f-7dd9c3e38468','Probabilistic','High',70,'user_30uQARGezqSApAChPSGSwFyUy85');
INSERT INTO public.relationships (id,project_id,source_id,target_id,type,confidence,weight,created_by) VALUES ('ac0708ca-5c50-4673-aee4-d3a00cf16875','ec3ce8f1-e6ec-475f-a44e-49c2fe4ad326','33d0cc4a-4326-47dc-915b-d510b503b20d','8ba72c48-3148-4223-9e1d-84a18bce93ec','Deterministic','High',85,'user_30uQARGezqSApAChPSGSwFyUy85');
INSERT INTO public.relationships (id,project_id,source_id,target_id,type,confidence,weight,created_by) VALUES ('873673cf-2cb5-437b-ac64-b7e901923486','ec3ce8f1-e6ec-475f-a44e-49c2fe4ad326','834e1812-fd40-4ed8-96df-c48d0afef1a4','33d0cc4a-4326-47dc-915b-d510b503b20d','Compositional','High',70,'user_30uQARGezqSApAChPSGSwFyUy85');
INSERT INTO public.relationships (id,project_id,source_id,target_id,type,confidence,weight,created_by) VALUES ('df44dffd-fa5d-4d40-a612-4af21131c4b9','ec3ce8f1-e6ec-475f-a44e-49c2fe4ad326','5649e281-f937-4d55-a4fb-6ecece6a00bb','33d0cc4a-4326-47dc-915b-d510b503b20d','Compositional','High',65,'user_30uQARGezqSApAChPSGSwFyUy85');
INSERT INTO public.relationships (id,project_id,source_id,target_id,type,confidence,weight,created_by) VALUES ('002558fc-18a8-4923-b966-24384421d577','ec3ce8f1-e6ec-475f-a44e-49c2fe4ad326','a3a6b35b-4ded-426d-9508-75f0ddedcad1','33d0cc4a-4326-47dc-915b-d510b503b20d','Compositional','High',55,'user_30uQARGezqSApAChPSGSwFyUy85');
INSERT INTO public.relationships (id,project_id,source_id,target_id,type,confidence,weight,created_by) VALUES ('31b885f3-e525-43c9-bc39-d32db4e458b4','ec3ce8f1-e6ec-475f-a44e-49c2fe4ad326','0fb38594-caba-45a7-9fab-40f705e88685','33d0cc4a-4326-47dc-915b-d510b503b20d','Compositional','High',45,'user_30uQARGezqSApAChPSGSwFyUy85');
INSERT INTO public.relationships (id,project_id,source_id,target_id,type,confidence,weight,created_by) VALUES ('04540e67-24dc-4a93-a8f5-6c51d8d72960','ec3ce8f1-e6ec-475f-a44e-49c2fe4ad326','b490e55f-db1b-46c6-96ae-66b0b3fd3c51','33d0cc4a-4326-47dc-915b-d510b503b20d','Compositional','High',50,'user_30uQARGezqSApAChPSGSwFyUy85');
INSERT INTO public.relationships (id,project_id,source_id,target_id,type,confidence,weight,created_by) VALUES ('10cdd70c-331c-412d-9c15-697e97fc8c94','ec3ce8f1-e6ec-475f-a44e-49c2fe4ad326','4472fb7a-ddeb-4d9e-aec5-4c2eb6f04134','33d0cc4a-4326-47dc-915b-d510b503b20d','Compositional','High',50,'user_30uQARGezqSApAChPSGSwFyUy85');
INSERT INTO public.relationships (id,project_id,source_id,target_id,type,confidence,weight,created_by) VALUES ('72fea9b1-996d-4abb-a8aa-1975fc8429b8','ec3ce8f1-e6ec-475f-a44e-49c2fe4ad326','d96d4242-8af9-4d55-b8f1-f9e4b29b7961','a3a6b35b-4ded-426d-9508-75f0ddedcad1','Causal','High',70,'user_30uQARGezqSApAChPSGSwFyUy85');
INSERT INTO public.relationships (id,project_id,source_id,target_id,type,confidence,weight,created_by) VALUES ('afe72304-ad66-4105-ba60-1141dda3e7f9','ec3ce8f1-e6ec-475f-a44e-49c2fe4ad326','e6451d6d-b152-4460-9c16-0030ac8af219','a3a6b35b-4ded-426d-9508-75f0ddedcad1','Causal','High',60,'user_30uQARGezqSApAChPSGSwFyUy85');
INSERT INTO public.relationships (id,project_id,source_id,target_id,type,confidence,weight,created_by) VALUES ('e1ec40d6-5fc8-4d5c-a81e-288ed40d96f5','ec3ce8f1-e6ec-475f-a44e-49c2fe4ad326','a87cd35f-a1b4-40cb-85eb-a91d8391b59d','d96d4242-8af9-4d55-b8f1-f9e4b29b7961','Causal','High',55,'user_30uQARGezqSApAChPSGSwFyUy85');
INSERT INTO public.relationships (id,project_id,source_id,target_id,type,confidence,weight,created_by) VALUES ('3dbf0918-d804-4ce9-bfd0-e9b1dc5b143f','ec3ce8f1-e6ec-475f-a44e-49c2fe4ad326','d21e09bd-aee2-4cd5-bdf3-32abe3162d16','5649e281-f937-4d55-a4fb-6ecece6a00bb','Deterministic','High',80,'user_30uQARGezqSApAChPSGSwFyUy85');
INSERT INTO public.relationships (id,project_id,source_id,target_id,type,confidence,weight,created_by) VALUES ('10a2d527-7002-4d50-a94d-d7ca27a1c8a1','ec3ce8f1-e6ec-475f-a44e-49c2fe4ad326','5eb8f8b2-9f40-41f6-b43c-55f517242fc5','5649e281-f937-4d55-a4fb-6ecece6a00bb','Deterministic','High',70,'user_30uQARGezqSApAChPSGSwFyUy85');
INSERT INTO public.relationships (id,project_id,source_id,target_id,type,confidence,weight,created_by) VALUES ('640f1d5b-3793-4505-b5e8-ac34f66e37ae','ec3ce8f1-e6ec-475f-a44e-49c2fe4ad326','d5b06de4-035a-4f12-8712-c96ca0ade42c','19883f96-6b98-42e9-ab5c-76dcd4bc2900','Causal','High',85,'user_30uQARGezqSApAChPSGSwFyUy85');
INSERT INTO public.relationships (id,project_id,source_id,target_id,type,confidence,weight,created_by) VALUES ('082fff80-eb45-4455-9a19-0ff0a2939645','ec3ce8f1-e6ec-475f-a44e-49c2fe4ad326','d5b06de4-035a-4f12-8712-c96ca0ade42c','bcb3af25-2580-4ab0-89b1-d8d70890abbb','Causal','High',70,'user_30uQARGezqSApAChPSGSwFyUy85');
INSERT INTO public.relationships (id,project_id,source_id,target_id,type,confidence,weight,created_by) VALUES ('6338949b-10cf-4020-b8b8-880ffdf6ec4b','ec3ce8f1-e6ec-475f-a44e-49c2fe4ad326','0dc70004-f876-42cc-a8b4-6c1adb49b676','41ea310b-c682-4e4e-9290-5b934d8c4146','Deterministic','High',85,'user_30uQARGezqSApAChPSGSwFyUy85');
INSERT INTO public.relationships (id,project_id,source_id,target_id,type,confidence,weight,created_by) VALUES ('4f9a5d86-bc35-42d6-b000-e439daeff61b','ec3ce8f1-e6ec-475f-a44e-49c2fe4ad326','2c5377e6-cece-4288-807f-8578c25c6990','41ea310b-c682-4e4e-9290-5b934d8c4146','Deterministic','High',80,'user_30uQARGezqSApAChPSGSwFyUy85');
INSERT INTO public.relationships (id,project_id,source_id,target_id,type,confidence,weight,created_by) VALUES ('2b93a758-c8c4-48f2-9e4c-a5715bf99a05','ec3ce8f1-e6ec-475f-a44e-49c2fe4ad326','ccd86e9b-28ea-4bf9-bb1a-37ae22e4f8ef','51f0626b-2014-4cef-8641-aa0ae8dc4d89','Deterministic','High',75,'user_30uQARGezqSApAChPSGSwFyUy85');
INSERT INTO public.relationships (id,project_id,source_id,target_id,type,confidence,weight,created_by) VALUES ('ceea3b09-796f-402a-a4df-130ade024586','ec3ce8f1-e6ec-475f-a44e-49c2fe4ad326','d5b06de4-035a-4f12-8712-c96ca0ade42c','51f0626b-2014-4cef-8641-aa0ae8dc4d89','Causal','High',80,'user_30uQARGezqSApAChPSGSwFyUy85');
INSERT INTO public.relationships (id,project_id,source_id,target_id,type,confidence,weight,created_by) VALUES ('1fc529c7-aaa9-4d24-b5d1-aaa8ebf63190','ec3ce8f1-e6ec-475f-a44e-49c2fe4ad326','51f0626b-2014-4cef-8641-aa0ae8dc4d89','2ea8a29b-cca5-44a9-9e9c-a39d32d40608','Deterministic','High',80,'user_30uQARGezqSApAChPSGSwFyUy85');
INSERT INTO public.relationships (id,project_id,source_id,target_id,type,confidence,weight,created_by) VALUES ('754451bf-cc51-4b64-80f8-cde46462684a','ec3ce8f1-e6ec-475f-a44e-49c2fe4ad326','41ea310b-c682-4e4e-9290-5b934d8c4146','2ea8a29b-cca5-44a9-9e9c-a39d32d40608','Deterministic','High',80,'user_30uQARGezqSApAChPSGSwFyUy85');
INSERT INTO public.relationships (id,project_id,source_id,target_id,type,confidence,weight,created_by) VALUES ('9924f0d4-def3-4c24-be5c-b62afbf47abb','ec3ce8f1-e6ec-475f-a44e-49c2fe4ad326','41ea310b-c682-4e4e-9290-5b934d8c4146','e1515c37-09b7-4253-a2c4-044d35d633ce','Deterministic','High',70,'user_30uQARGezqSApAChPSGSwFyUy85');
INSERT INTO public.relationships (id,project_id,source_id,target_id,type,confidence,weight,created_by) VALUES ('2545f602-3df2-4c0c-a464-4e3f3de19d81','ec3ce8f1-e6ec-475f-a44e-49c2fe4ad326','5fac9ff0-4f91-49c5-aee3-ee6a890352df','927d2978-b9d5-49c2-8f35-4bd870fbd5a3','Compositional','High',80,'user_30uQARGezqSApAChPSGSwFyUy85');
INSERT INTO public.relationships (id,project_id,source_id,target_id,type,confidence,weight,created_by) VALUES ('ea1c0bf7-00bd-4805-9e22-626453f160b5','ec3ce8f1-e6ec-475f-a44e-49c2fe4ad326','0dc70004-f876-42cc-a8b4-6c1adb49b676','927d2978-b9d5-49c2-8f35-4bd870fbd5a3','Compositional','High',80,'user_30uQARGezqSApAChPSGSwFyUy85');
INSERT INTO public.relationships (id,project_id,source_id,target_id,type,confidence,weight,created_by) VALUES ('626b6f1c-2973-47c1-9a0a-e9d7e536a2dd','ec3ce8f1-e6ec-475f-a44e-49c2fe4ad326','85eeb34f-9ffd-4b5a-8aed-654b193bcc23','927d2978-b9d5-49c2-8f35-4bd870fbd5a3','Compositional','High',70,'user_30uQARGezqSApAChPSGSwFyUy85');
INSERT INTO public.relationships (id,project_id,source_id,target_id,type,confidence,weight,created_by) VALUES ('134f7c04-abfd-4fb9-a58f-1c9ea532cb24','ec3ce8f1-e6ec-475f-a44e-49c2fe4ad326','9ef78001-3aba-4a19-83fd-06c915879551','927d2978-b9d5-49c2-8f35-4bd870fbd5a3','Compositional','High',60,'user_30uQARGezqSApAChPSGSwFyUy85');
INSERT INTO public.relationships (id,project_id,source_id,target_id,type,confidence,weight,created_by) VALUES ('d3276ff5-e422-4ea9-acfd-9d17dcca7c6c','ec3ce8f1-e6ec-475f-a44e-49c2fe4ad326','0fd8798a-ea6d-4a5a-8f05-0e47ca60a69c','5fac9ff0-4f91-49c5-aee3-ee6a890352df','Compositional','High',70,'user_30uQARGezqSApAChPSGSwFyUy85');
INSERT INTO public.relationships (id,project_id,source_id,target_id,type,confidence,weight,created_by) VALUES ('33b3dace-895d-4ebd-aab5-2251064d72ed','ec3ce8f1-e6ec-475f-a44e-49c2fe4ad326','17516cb2-1a56-49a8-877e-0eba78f680e0','5fac9ff0-4f91-49c5-aee3-ee6a890352df','Compositional','High',60,'user_30uQARGezqSApAChPSGSwFyUy85');
INSERT INTO public.relationships (id,project_id,source_id,target_id,type,confidence,weight,created_by) VALUES ('bf5ac01c-f06a-4b3a-8a1c-aea222488138','ec3ce8f1-e6ec-475f-a44e-49c2fe4ad326','5fac9ff0-4f91-49c5-aee3-ee6a890352df','3a940036-94ae-45c0-9ef5-04749de66ec6','Causal','High',70,'user_30uQARGezqSApAChPSGSwFyUy85');
INSERT INTO public.relationships (id,project_id,source_id,target_id,type,confidence,weight,created_by) VALUES ('c73a0c49-77a9-4391-9b4d-c62a33e14050','ec3ce8f1-e6ec-475f-a44e-49c2fe4ad326','d21e09bd-aee2-4cd5-bdf3-32abe3162d16','0dc70004-f876-42cc-a8b4-6c1adb49b676','Compositional','High',70,'user_30uQARGezqSApAChPSGSwFyUy85');
INSERT INTO public.relationships (id,project_id,source_id,target_id,type,confidence,weight,created_by) VALUES ('0f1d7490-6812-426f-8eb8-b987b071077b','ec3ce8f1-e6ec-475f-a44e-49c2fe4ad326','944c0720-0861-43ad-b69f-fe4b5b38b472','834e1812-fd40-4ed8-96df-c48d0afef1a4','Causal','High',70,'user_30uQARGezqSApAChPSGSwFyUy85');
INSERT INTO public.relationships (id,project_id,source_id,target_id,type,confidence,weight,created_by) VALUES ('4c8359f2-053c-4425-abb7-b9d50c55de6a','ec3ce8f1-e6ec-475f-a44e-49c2fe4ad326','27ae8b20-d16d-45fb-9955-73c8ead0c574','98679a57-955c-488c-9294-821d940a474a','Causal','High',75,'user_30uQARGezqSApAChPSGSwFyUy85');
INSERT INTO public.relationships (id,project_id,source_id,target_id,type,confidence,weight,created_by) VALUES ('c995e1cd-3035-494d-afe0-fad15bdbe89b','ec3ce8f1-e6ec-475f-a44e-49c2fe4ad326','2dfea2a7-0811-4e65-9602-777e94996b8d','d5b06de4-035a-4f12-8712-c96ca0ade42c','Causal','High',70,'user_30uQARGezqSApAChPSGSwFyUy85');
INSERT INTO public.relationships (id,project_id,source_id,target_id,type,confidence,weight,created_by) VALUES ('eaf288d4-e80b-4dfd-b9a0-8f133ac4f16a','ec3ce8f1-e6ec-475f-a44e-49c2fe4ad326','3e27e12a-ab3d-4282-ab38-538ef75f44f1','0fb38594-caba-45a7-9fab-40f705e88685','Causal','High',70,'user_30uQARGezqSApAChPSGSwFyUy85');
INSERT INTO public.relationships (id,project_id,source_id,target_id,type,confidence,weight,created_by) VALUES ('afef6c2b-6466-4d9c-b00b-0a27d5c29410','ec3ce8f1-e6ec-475f-a44e-49c2fe4ad326','223bcce0-71a3-47de-bd58-52c30421e89f','d5b06de4-035a-4f12-8712-c96ca0ade42c','Probabilistic','High',50,'user_30uQARGezqSApAChPSGSwFyUy85');
INSERT INTO public.relationships (id,project_id,source_id,target_id,type,confidence,weight,created_by) VALUES ('7066c151-84bb-4961-b775-3bfa5eabba9b','ec3ce8f1-e6ec-475f-a44e-49c2fe4ad326','23d37c12-a6af-4969-94f5-4961bdaf9ceb','98679a57-955c-488c-9294-821d940a474a','Probabilistic','High',50,'user_30uQARGezqSApAChPSGSwFyUy85');

DELETE FROM public.projects WHERE created_by='user_30uQARGezqSApAChPSGSwFyUy85' AND name='E-commerce — Example Metric Tree';
INSERT INTO public.projects (id,name,description,created_by,last_modified_by,is_public,tags,settings) VALUES ('289a3618-2ab3-487f-a4dc-0a83d3652c45','E-commerce — Example Metric Tree','Decomposition of profit for an online store: orders = sessions × conversion, AOV, channel mix (incl. social/email), retention, and cost structure.','user_30uQARGezqSApAChPSGSwFyUy85','user_30uQARGezqSApAChPSGSwFyUy85',true,ARRAY['example','template'],'{}');
INSERT INTO public.metric_cards (id,project_id,title,description,category,position_x,position_y,created_by,data) VALUES ('c78ae90d-3787-4a2a-90da-20c92b3da7fb','289a3618-2ab3-487f-a4dc-0a83d3652c45','Profit','Revenue − Total Costs','Core/Value',0,0,'user_30uQARGezqSApAChPSGSwFyUy85','[{"period":"2025-12","value":463937,"change_percent":0,"trend":"neutral"},{"period":"2026-01","value":483975,"change_percent":4.3,"trend":"up"},{"period":"2026-02","value":492494,"change_percent":1.8,"trend":"up"},{"period":"2026-03","value":494695,"change_percent":0.4,"trend":"neutral"},{"period":"2026-04","value":513595,"change_percent":3.8,"trend":"up"},{"period":"2026-05","value":516660,"change_percent":0.6,"trend":"neutral"},{"period":"2026-06","value":517783,"change_percent":0.2,"trend":"neutral"}]'::jsonb);
INSERT INTO public.metric_cards (id,project_id,title,description,category,position_x,position_y,created_by,data) VALUES ('b5564010-83ea-4882-9f01-4e22b1bdb9a0','289a3618-2ab3-487f-a4dc-0a83d3652c45','Revenue','Orders × AOV','Data/Metric',-1020,200,'user_30uQARGezqSApAChPSGSwFyUy85','[{"period":"2025-12","value":195112,"change_percent":0,"trend":"neutral"},{"period":"2026-01","value":205011,"change_percent":5.1,"trend":"up"},{"period":"2026-02","value":208718,"change_percent":1.8,"trend":"up"},{"period":"2026-03","value":209975,"change_percent":0.6,"trend":"neutral"},{"period":"2026-04","value":216477,"change_percent":3.1,"trend":"up"},{"period":"2026-05","value":225925,"change_percent":4.4,"trend":"up"},{"period":"2026-06","value":236280,"change_percent":4.6,"trend":"up"}]'::jsonb);
INSERT INTO public.metric_cards (id,project_id,title,description,category,position_x,position_y,created_by,data) VALUES ('dddb786c-4704-4d16-9af3-1c2085c6978d','289a3618-2ab3-487f-a4dc-0a83d3652c45','Orders','Sessions × Conversion','Data/Metric',-1190,400,'user_30uQARGezqSApAChPSGSwFyUy85','[{"period":"2025-12","value":81830,"change_percent":0,"trend":"neutral"},{"period":"2026-01","value":85531,"change_percent":4.5,"trend":"up"},{"period":"2026-02","value":86544,"change_percent":1.2,"trend":"up"},{"period":"2026-03","value":87961,"change_percent":1.6,"trend":"up"},{"period":"2026-04","value":90637,"change_percent":3,"trend":"up"},{"period":"2026-05","value":92799,"change_percent":2.4,"trend":"up"},{"period":"2026-06","value":93728,"change_percent":1,"trend":"neutral"}]'::jsonb);
INSERT INTO public.metric_cards (id,project_id,title,description,category,position_x,position_y,created_by,data) VALUES ('9e4e6e70-d7b4-4fed-8b08-aed068f00738','289a3618-2ab3-487f-a4dc-0a83d3652c45','Average Order Value','Items × Avg item price','Data/Metric',-850,400,'user_30uQARGezqSApAChPSGSwFyUy85','[{"period":"2025-12","value":710736,"change_percent":0,"trend":"neutral"},{"period":"2026-01","value":746828,"change_percent":5.1,"trend":"up"},{"period":"2026-02","value":773289,"change_percent":3.5,"trend":"up"},{"period":"2026-03","value":791739,"change_percent":2.4,"trend":"up"},{"period":"2026-04","value":835145,"change_percent":5.5,"trend":"up"},{"period":"2026-05","value":880359,"change_percent":5.4,"trend":"up"},{"period":"2026-06","value":918963,"change_percent":4.4,"trend":"up"}]'::jsonb);
INSERT INTO public.metric_cards (id,project_id,title,description,category,position_x,position_y,created_by,data) VALUES ('7ff91e8e-9305-42ff-ae9d-63706a078f59','289a3618-2ab3-487f-a4dc-0a83d3652c45','Sessions','Sum of channels','Data/Metric',-1360,600,'user_30uQARGezqSApAChPSGSwFyUy85','[{"period":"2025-12","value":44549,"change_percent":0,"trend":"neutral"},{"period":"2026-01","value":46707,"change_percent":4.8,"trend":"up"},{"period":"2026-02","value":47860,"change_percent":2.5,"trend":"up"},{"period":"2026-03","value":50264,"change_percent":5,"trend":"up"},{"period":"2026-04","value":51511,"change_percent":2.5,"trend":"up"},{"period":"2026-05","value":52617,"change_percent":2.1,"trend":"up"},{"period":"2026-06","value":55671,"change_percent":5.8,"trend":"up"}]'::jsonb);
INSERT INTO public.metric_cards (id,project_id,title,description,category,position_x,position_y,created_by,data) VALUES ('8bbc9c07-3326-42f1-88a8-354882ef4d21','289a3618-2ab3-487f-a4dc-0a83d3652c45','Conversion Rate','','Data/Metric',-1020,600,'user_30uQARGezqSApAChPSGSwFyUy85','[{"period":"2025-12","value":27.7,"change_percent":0,"trend":"neutral"},{"period":"2026-01","value":28.1,"change_percent":1.4,"trend":"up"},{"period":"2026-02","value":29.5,"change_percent":5,"trend":"up"},{"period":"2026-03","value":29.9,"change_percent":1.4,"trend":"up"},{"period":"2026-04","value":31.4,"change_percent":5,"trend":"up"},{"period":"2026-05","value":32.6,"change_percent":3.8,"trend":"up"},{"period":"2026-06","value":33.4,"change_percent":2.5,"trend":"up"}]'::jsonb);
INSERT INTO public.metric_cards (id,project_id,title,description,category,position_x,position_y,created_by,data) VALUES ('c768d1c9-5e67-406e-b88a-a75c3399a782','289a3618-2ab3-487f-a4dc-0a83d3652c45','Items per Order','','Data/Metric',-680,600,'user_30uQARGezqSApAChPSGSwFyUy85','[{"period":"2025-12","value":62032,"change_percent":0,"trend":"neutral"},{"period":"2026-01","value":62297,"change_percent":0.4,"trend":"neutral"},{"period":"2026-02","value":62823,"change_percent":0.8,"trend":"neutral"},{"period":"2026-03","value":65478,"change_percent":4.2,"trend":"up"},{"period":"2026-04","value":65790,"change_percent":0.5,"trend":"neutral"},{"period":"2026-05","value":66960,"change_percent":1.8,"trend":"up"},{"period":"2026-06","value":68518,"change_percent":2.3,"trend":"up"}]'::jsonb);
INSERT INTO public.metric_cards (id,project_id,title,description,category,position_x,position_y,created_by,data) VALUES ('5ecee90e-ef9c-4e3b-9486-5b4e2ba47fa8','289a3618-2ab3-487f-a4dc-0a83d3652c45','Avg Item Price','','Data/Metric',-340,600,'user_30uQARGezqSApAChPSGSwFyUy85','[{"period":"2025-12","value":294573,"change_percent":0,"trend":"neutral"},{"period":"2026-01","value":311930,"change_percent":5.9,"trend":"up"},{"period":"2026-02","value":337778,"change_percent":8.3,"trend":"up"},{"period":"2026-03","value":364995,"change_percent":8.1,"trend":"up"},{"period":"2026-04","value":393523,"change_percent":7.8,"trend":"up"},{"period":"2026-05","value":423409,"change_percent":7.6,"trend":"up"},{"period":"2026-06","value":447022,"change_percent":5.6,"trend":"up"}]'::jsonb);
INSERT INTO public.metric_cards (id,project_id,title,description,category,position_x,position_y,created_by,data) VALUES ('0332327c-8075-4c07-b1b5-c07c68613890','289a3618-2ab3-487f-a4dc-0a83d3652c45','Cross-sell Rate','','Data/Metric',0,600,'user_30uQARGezqSApAChPSGSwFyUy85','[{"period":"2025-12","value":16,"change_percent":0,"trend":"neutral"},{"period":"2026-01","value":17.3,"change_percent":8.1,"trend":"up"},{"period":"2026-02","value":18.4,"change_percent":6.4,"trend":"up"},{"period":"2026-03","value":20.1,"change_percent":9.2,"trend":"up"},{"period":"2026-04","value":21.4,"change_percent":6.5,"trend":"up"},{"period":"2026-05","value":23.1,"change_percent":7.9,"trend":"up"},{"period":"2026-06","value":24.8,"change_percent":7.4,"trend":"up"}]'::jsonb);
INSERT INTO public.metric_cards (id,project_id,title,description,category,position_x,position_y,created_by,data) VALUES ('a270e0d3-e87e-4fba-a11b-aecf7adbc622','289a3618-2ab3-487f-a4dc-0a83d3652c45','Upsell Rate','','Data/Metric',340,600,'user_30uQARGezqSApAChPSGSwFyUy85','[{"period":"2025-12","value":24.4,"change_percent":0,"trend":"neutral"},{"period":"2026-01","value":24.5,"change_percent":0.4,"trend":"neutral"},{"period":"2026-02","value":25.5,"change_percent":4.1,"trend":"up"},{"period":"2026-03","value":25.6,"change_percent":0.4,"trend":"neutral"},{"period":"2026-04","value":26.5,"change_percent":3.5,"trend":"up"},{"period":"2026-05","value":26.7,"change_percent":0.8,"trend":"neutral"},{"period":"2026-06","value":27.2,"change_percent":1.9,"trend":"up"}]'::jsonb);
INSERT INTO public.metric_cards (id,project_id,title,description,category,position_x,position_y,created_by,data) VALUES ('80d57785-b0b5-44ea-af94-c3f0573451b0','289a3618-2ab3-487f-a4dc-0a83d3652c45','Organic Sessions','','Data/Metric',-1360,800,'user_30uQARGezqSApAChPSGSwFyUy85','[{"period":"2025-12","value":65995,"change_percent":0,"trend":"neutral"},{"period":"2026-01","value":67504,"change_percent":2.3,"trend":"up"},{"period":"2026-02","value":68960,"change_percent":2.2,"trend":"up"},{"period":"2026-03","value":69468,"change_percent":0.7,"trend":"neutral"},{"period":"2026-04","value":72709,"change_percent":4.7,"trend":"up"},{"period":"2026-05","value":73526,"change_percent":1.1,"trend":"up"},{"period":"2026-06","value":74011,"change_percent":0.7,"trend":"neutral"}]'::jsonb);
INSERT INTO public.metric_cards (id,project_id,title,description,category,position_x,position_y,created_by,data) VALUES ('6466a2ee-d5fa-4a43-bdbd-ed314546281a','289a3618-2ab3-487f-a4dc-0a83d3652c45','Paid Sessions','Ad Spend / CPC','Data/Metric',-1020,800,'user_30uQARGezqSApAChPSGSwFyUy85','[{"period":"2025-12","value":59932,"change_percent":0,"trend":"neutral"},{"period":"2026-01","value":62281,"change_percent":3.9,"trend":"up"},{"period":"2026-02","value":64400,"change_percent":3.4,"trend":"up"},{"period":"2026-03","value":65878,"change_percent":2.3,"trend":"up"},{"period":"2026-04","value":68290,"change_percent":3.7,"trend":"up"},{"period":"2026-05","value":70091,"change_percent":2.6,"trend":"up"},{"period":"2026-06","value":70392,"change_percent":0.4,"trend":"neutral"}]'::jsonb);
INSERT INTO public.metric_cards (id,project_id,title,description,category,position_x,position_y,created_by,data) VALUES ('7b93dec0-464a-42c2-8dbb-661c466db718','289a3618-2ab3-487f-a4dc-0a83d3652c45','Social Sessions','Reach × CTR','Data/Metric',-680,800,'user_30uQARGezqSApAChPSGSwFyUy85','[{"period":"2025-12","value":67726,"change_percent":0,"trend":"neutral"},{"period":"2026-01","value":70082,"change_percent":3.5,"trend":"up"},{"period":"2026-02","value":75152,"change_percent":7.2,"trend":"up"},{"period":"2026-03","value":78452,"change_percent":4.4,"trend":"up"},{"period":"2026-04","value":83462,"change_percent":6.4,"trend":"up"},{"period":"2026-05","value":86778,"change_percent":4,"trend":"up"},{"period":"2026-06","value":92652,"change_percent":6.8,"trend":"up"}]'::jsonb);
INSERT INTO public.metric_cards (id,project_id,title,description,category,position_x,position_y,created_by,data) VALUES ('0fca94b4-c22f-4596-bb5a-792be7ebe82e','289a3618-2ab3-487f-a4dc-0a83d3652c45','Email Sessions','List × Open × CTR','Data/Metric',-340,800,'user_30uQARGezqSApAChPSGSwFyUy85','[{"period":"2025-12","value":64004,"change_percent":0,"trend":"neutral"},{"period":"2026-01","value":64456,"change_percent":0.7,"trend":"neutral"},{"period":"2026-02","value":67875,"change_percent":5.3,"trend":"up"},{"period":"2026-03","value":70282,"change_percent":3.5,"trend":"up"},{"period":"2026-04","value":72892,"change_percent":3.7,"trend":"up"},{"period":"2026-05","value":76153,"change_percent":4.5,"trend":"up"},{"period":"2026-06","value":79835,"change_percent":4.8,"trend":"up"}]'::jsonb);
INSERT INTO public.metric_cards (id,project_id,title,description,category,position_x,position_y,created_by,data) VALUES ('3599c410-7d6f-422e-8f9e-5c6640798359','289a3618-2ab3-487f-a4dc-0a83d3652c45','Direct Sessions','','Data/Metric',0,800,'user_30uQARGezqSApAChPSGSwFyUy85','[{"period":"2025-12","value":7796,"change_percent":0,"trend":"neutral"},{"period":"2026-01","value":8186,"change_percent":5,"trend":"up"},{"period":"2026-02","value":8651,"change_percent":5.7,"trend":"up"},{"period":"2026-03","value":8994,"change_percent":4,"trend":"up"},{"period":"2026-04","value":9474,"change_percent":5.3,"trend":"up"},{"period":"2026-05","value":9919,"change_percent":4.7,"trend":"up"},{"period":"2026-06","value":10146,"change_percent":2.3,"trend":"up"}]'::jsonb);
INSERT INTO public.metric_cards (id,project_id,title,description,category,position_x,position_y,created_by,data) VALUES ('d26c5997-8e49-49c7-95f3-ca8fddcb696a','289a3618-2ab3-487f-a4dc-0a83d3652c45','Affiliate Sessions','','Data/Metric',340,800,'user_30uQARGezqSApAChPSGSwFyUy85','[{"period":"2025-12","value":24726,"change_percent":0,"trend":"neutral"},{"period":"2026-01","value":25888,"change_percent":4.7,"trend":"up"},{"period":"2026-02","value":27817,"change_percent":7.5,"trend":"up"},{"period":"2026-03","value":30128,"change_percent":8.3,"trend":"up"},{"period":"2026-04","value":31914,"change_percent":5.9,"trend":"up"},{"period":"2026-05","value":34400,"change_percent":7.8,"trend":"up"},{"period":"2026-06","value":36338,"change_percent":5.6,"trend":"up"}]'::jsonb);
INSERT INTO public.metric_cards (id,project_id,title,description,category,position_x,position_y,created_by,data) VALUES ('e7a7db35-6fb7-42ab-a616-8a4fecdb5e45','289a3618-2ab3-487f-a4dc-0a83d3652c45','Social Reach / Followers','','Data/Metric',-1360,1000,'user_30uQARGezqSApAChPSGSwFyUy85','[{"period":"2025-12","value":43299,"change_percent":0,"trend":"neutral"},{"period":"2026-01","value":44578,"change_percent":3,"trend":"up"},{"period":"2026-02","value":45592,"change_percent":2.3,"trend":"up"},{"period":"2026-03","value":46547,"change_percent":2.1,"trend":"up"},{"period":"2026-04","value":48798,"change_percent":4.8,"trend":"up"},{"period":"2026-05","value":49922,"change_percent":2.3,"trend":"up"},{"period":"2026-06","value":51742,"change_percent":3.6,"trend":"up"}]'::jsonb);
INSERT INTO public.metric_cards (id,project_id,title,description,category,position_x,position_y,created_by,data) VALUES ('d976d60c-21a3-48cb-9b44-d15aabf4d0ea','289a3618-2ab3-487f-a4dc-0a83d3652c45','Social CTR','','Data/Metric',-1020,1000,'user_30uQARGezqSApAChPSGSwFyUy85','[{"period":"2025-12","value":3814,"change_percent":0,"trend":"neutral"},{"period":"2026-01","value":4027,"change_percent":5.6,"trend":"up"},{"period":"2026-02","value":4335,"change_percent":7.6,"trend":"up"},{"period":"2026-03","value":4484,"change_percent":3.4,"trend":"up"},{"period":"2026-04","value":4807,"change_percent":7.2,"trend":"up"},{"period":"2026-05","value":4974,"change_percent":3.5,"trend":"up"},{"period":"2026-06","value":5129,"change_percent":3.1,"trend":"up"}]'::jsonb);
INSERT INTO public.metric_cards (id,project_id,title,description,category,position_x,position_y,created_by,data) VALUES ('0ab360e0-58ac-4f13-a84b-f91b932a9e6f','289a3618-2ab3-487f-a4dc-0a83d3652c45','Content Cadence','','Data/Metric',-340,1200,'user_30uQARGezqSApAChPSGSwFyUy85','[{"period":"2025-12","value":942,"change_percent":0,"trend":"neutral"},{"period":"2026-01","value":971,"change_percent":3.1,"trend":"up"},{"period":"2026-02","value":1005,"change_percent":3.5,"trend":"up"},{"period":"2026-03","value":1057,"change_percent":5.2,"trend":"up"},{"period":"2026-04","value":1132,"change_percent":7.1,"trend":"up"},{"period":"2026-05","value":1189,"change_percent":5,"trend":"up"},{"period":"2026-06","value":1229,"change_percent":3.4,"trend":"up"}]'::jsonb);
INSERT INTO public.metric_cards (id,project_id,title,description,category,position_x,position_y,created_by,data) VALUES ('94315761-6a6b-4112-8697-a8ced0115b47','289a3618-2ab3-487f-a4dc-0a83d3652c45','Email List Size','','Data/Metric',-680,1000,'user_30uQARGezqSApAChPSGSwFyUy85','[{"period":"2025-12","value":10433,"change_percent":0,"trend":"neutral"},{"period":"2026-01","value":10606,"change_percent":1.7,"trend":"up"},{"period":"2026-02","value":10801,"change_percent":1.8,"trend":"up"},{"period":"2026-03","value":11219,"change_percent":3.9,"trend":"up"},{"period":"2026-04","value":11878,"change_percent":5.9,"trend":"up"},{"period":"2026-05","value":12579,"change_percent":5.9,"trend":"up"},{"period":"2026-06","value":12956,"change_percent":3,"trend":"up"}]'::jsonb);
INSERT INTO public.metric_cards (id,project_id,title,description,category,position_x,position_y,created_by,data) VALUES ('d4b55d73-7a8e-486b-b20c-bd72a37b2869','289a3618-2ab3-487f-a4dc-0a83d3652c45','Email Open Rate','','Data/Metric',-340,1000,'user_30uQARGezqSApAChPSGSwFyUy85','[{"period":"2025-12","value":27.8,"change_percent":0,"trend":"neutral"},{"period":"2026-01","value":29.1,"change_percent":4.7,"trend":"up"},{"period":"2026-02","value":30.7,"change_percent":5.5,"trend":"up"},{"period":"2026-03","value":31.9,"change_percent":3.9,"trend":"up"},{"period":"2026-04","value":33.5,"change_percent":5,"trend":"up"},{"period":"2026-05","value":35.4,"change_percent":5.7,"trend":"up"},{"period":"2026-06","value":36.5,"change_percent":3.1,"trend":"up"}]'::jsonb);
INSERT INTO public.metric_cards (id,project_id,title,description,category,position_x,position_y,created_by,data) VALUES ('f96516c8-7bb9-43a0-8798-1c9c5cb13b5a','289a3618-2ab3-487f-a4dc-0a83d3652c45','Ad Spend','','Data/Metric',0,1000,'user_30uQARGezqSApAChPSGSwFyUy85','[{"period":"2025-12","value":416153,"change_percent":0,"trend":"neutral"},{"period":"2026-01","value":444493,"change_percent":6.8,"trend":"up"},{"period":"2026-02","value":467728,"change_percent":5.2,"trend":"up"},{"period":"2026-03","value":506403,"change_percent":8.3,"trend":"up"},{"period":"2026-04","value":550204,"change_percent":8.6,"trend":"up"},{"period":"2026-05","value":600833,"change_percent":9.2,"trend":"up"},{"period":"2026-06","value":635421,"change_percent":5.8,"trend":"up"}]'::jsonb);
INSERT INTO public.metric_cards (id,project_id,title,description,category,position_x,position_y,created_by,data) VALUES ('2f819d4a-ac55-474c-8220-f3b5090decf9','289a3618-2ab3-487f-a4dc-0a83d3652c45','CPC','','Data/Metric',340,1000,'user_30uQARGezqSApAChPSGSwFyUy85','[{"period":"2025-12","value":2962,"change_percent":0,"trend":"neutral"},{"period":"2026-01","value":3056,"change_percent":3.2,"trend":"up"},{"period":"2026-02","value":3146,"change_percent":2.9,"trend":"up"},{"period":"2026-03","value":3362,"change_percent":6.9,"trend":"up"},{"period":"2026-04","value":3511,"change_percent":4.4,"trend":"up"},{"period":"2026-05","value":3715,"change_percent":5.8,"trend":"up"},{"period":"2026-06","value":3950,"change_percent":6.3,"trend":"up"}]'::jsonb);
INSERT INTO public.metric_cards (id,project_id,title,description,category,position_x,position_y,created_by,data) VALUES ('d878726c-7f4e-4d8a-b7f4-2d3026b1717c','289a3618-2ab3-487f-a4dc-0a83d3652c45','Product Page CVR','','Data/Metric',680,800,'user_30uQARGezqSApAChPSGSwFyUy85','[{"period":"2025-12","value":3850,"change_percent":0,"trend":"neutral"},{"period":"2026-01","value":3885,"change_percent":0.9,"trend":"neutral"},{"period":"2026-02","value":4065,"change_percent":4.6,"trend":"up"},{"period":"2026-03","value":4180,"change_percent":2.8,"trend":"up"},{"period":"2026-04","value":4286,"change_percent":2.5,"trend":"up"},{"period":"2026-05","value":4443,"change_percent":3.7,"trend":"up"},{"period":"2026-06","value":4661,"change_percent":4.9,"trend":"up"}]'::jsonb);
INSERT INTO public.metric_cards (id,project_id,title,description,category,position_x,position_y,created_by,data) VALUES ('e2ffc5dd-5830-4304-9a5e-d54fcd6509ab','289a3618-2ab3-487f-a4dc-0a83d3652c45','Add-to-Cart Rate','','Data/Metric',1020,800,'user_30uQARGezqSApAChPSGSwFyUy85','[{"period":"2025-12","value":25.5,"change_percent":0,"trend":"neutral"},{"period":"2026-01","value":26.2,"change_percent":2.7,"trend":"up"},{"period":"2026-02","value":26.8,"change_percent":2.3,"trend":"up"},{"period":"2026-03","value":28.2,"change_percent":5.2,"trend":"up"},{"period":"2026-04","value":28.8,"change_percent":2.1,"trend":"up"},{"period":"2026-05","value":30.1,"change_percent":4.5,"trend":"up"},{"period":"2026-06","value":31.3,"change_percent":4,"trend":"up"}]'::jsonb);
INSERT INTO public.metric_cards (id,project_id,title,description,category,position_x,position_y,created_by,data) VALUES ('4fc5d821-308d-411d-b207-1cc4f9ad750b','289a3618-2ab3-487f-a4dc-0a83d3652c45','Cart Abandonment Rate','','Data/Metric',680,1000,'user_30uQARGezqSApAChPSGSwFyUy85','[{"period":"2025-12","value":57,"change_percent":0,"trend":"neutral"},{"period":"2026-01","value":52.1,"change_percent":-8.6,"trend":"down"},{"period":"2026-02","value":49,"change_percent":-6,"trend":"down"},{"period":"2026-03","value":46.5,"change_percent":-5.1,"trend":"down"},{"period":"2026-04","value":44,"change_percent":-5.4,"trend":"down"},{"period":"2026-05","value":41.3,"change_percent":-6.1,"trend":"down"},{"period":"2026-06","value":37.3,"change_percent":-9.7,"trend":"down"}]'::jsonb);
INSERT INTO public.metric_cards (id,project_id,title,description,category,position_x,position_y,created_by,data) VALUES ('59e881f2-5d19-4afd-8650-5ee9b11ca74d','289a3618-2ab3-487f-a4dc-0a83d3652c45','Checkout Completion %','','Data/Metric',1360,800,'user_30uQARGezqSApAChPSGSwFyUy85','[{"period":"2025-12","value":60.2,"change_percent":0,"trend":"neutral"},{"period":"2026-01","value":62.9,"change_percent":4.5,"trend":"up"},{"period":"2026-02","value":65.4,"change_percent":4,"trend":"up"},{"period":"2026-03","value":67.6,"change_percent":3.4,"trend":"up"},{"period":"2026-04","value":70.4,"change_percent":4.1,"trend":"up"},{"period":"2026-05","value":74.5,"change_percent":5.8,"trend":"up"},{"period":"2026-06","value":80.4,"change_percent":7.9,"trend":"up"}]'::jsonb);
INSERT INTO public.metric_cards (id,project_id,title,description,category,position_x,position_y,created_by,data) VALUES ('f6776723-463f-4066-8933-3e063f6aee4e','289a3618-2ab3-487f-a4dc-0a83d3652c45','New Customers','','Data/Metric',680,600,'user_30uQARGezqSApAChPSGSwFyUy85','[{"period":"2025-12","value":35239,"change_percent":0,"trend":"neutral"},{"period":"2026-01","value":36654,"change_percent":4,"trend":"up"},{"period":"2026-02","value":38373,"change_percent":4.7,"trend":"up"},{"period":"2026-03","value":39686,"change_percent":3.4,"trend":"up"},{"period":"2026-04","value":40613,"change_percent":2.3,"trend":"up"},{"period":"2026-05","value":42201,"change_percent":3.9,"trend":"up"},{"period":"2026-06","value":43444,"change_percent":2.9,"trend":"up"}]'::jsonb);
INSERT INTO public.metric_cards (id,project_id,title,description,category,position_x,position_y,created_by,data) VALUES ('e7982cc2-0832-4566-8918-d37cc8489a06','289a3618-2ab3-487f-a4dc-0a83d3652c45','Repeat Purchase Rate','','Data/Metric',-680,200,'user_30uQARGezqSApAChPSGSwFyUy85','[{"period":"2025-12","value":57.3,"change_percent":0,"trend":"neutral"},{"period":"2026-01","value":59.9,"change_percent":4.5,"trend":"up"},{"period":"2026-02","value":62.4,"change_percent":4.2,"trend":"up"},{"period":"2026-03","value":65.2,"change_percent":4.5,"trend":"up"},{"period":"2026-04","value":66.1,"change_percent":1.4,"trend":"up"},{"period":"2026-05","value":67.1,"change_percent":1.5,"trend":"up"},{"period":"2026-06","value":69.7,"change_percent":3.9,"trend":"up"}]'::jsonb);
INSERT INTO public.metric_cards (id,project_id,title,description,category,position_x,position_y,created_by,data) VALUES ('377f2c02-47ad-4954-966b-8f2c22154283','289a3618-2ab3-487f-a4dc-0a83d3652c45','Purchase Frequency','','Data/Metric',-340,200,'user_30uQARGezqSApAChPSGSwFyUy85','[{"period":"2025-12","value":448,"change_percent":0,"trend":"neutral"},{"period":"2026-01","value":485,"change_percent":8.3,"trend":"up"},{"period":"2026-02","value":510,"change_percent":5.2,"trend":"up"},{"period":"2026-03","value":548,"change_percent":7.5,"trend":"up"},{"period":"2026-04","value":576,"change_percent":5.1,"trend":"up"},{"period":"2026-05","value":606,"change_percent":5.2,"trend":"up"},{"period":"2026-06","value":648,"change_percent":6.9,"trend":"up"}]'::jsonb);
INSERT INTO public.metric_cards (id,project_id,title,description,category,position_x,position_y,created_by,data) VALUES ('46ab1855-9baf-42d4-b24d-1a117024d8d1','289a3618-2ab3-487f-a4dc-0a83d3652c45','Customer LTV','','Data/Metric',0,200,'user_30uQARGezqSApAChPSGSwFyUy85','[{"period":"2025-12","value":215237,"change_percent":0,"trend":"neutral"},{"period":"2026-01","value":231995,"change_percent":7.8,"trend":"up"},{"period":"2026-02","value":246906,"change_percent":6.4,"trend":"up"},{"period":"2026-03","value":261021,"change_percent":5.7,"trend":"up"},{"period":"2026-04","value":278157,"change_percent":6.6,"trend":"up"},{"period":"2026-05","value":299455,"change_percent":7.7,"trend":"up"},{"period":"2026-06","value":309072,"change_percent":3.2,"trend":"up"}]'::jsonb);
INSERT INTO public.metric_cards (id,project_id,title,description,category,position_x,position_y,created_by,data) VALUES ('7c4f8b7c-20ec-4403-9126-57e033587a58','289a3618-2ab3-487f-a4dc-0a83d3652c45','CAC','','Data/Metric',340,200,'user_30uQARGezqSApAChPSGSwFyUy85','[{"period":"2025-12","value":667800,"change_percent":0,"trend":"neutral"},{"period":"2026-01","value":646541,"change_percent":-3.2,"trend":"down"},{"period":"2026-02","value":640335,"change_percent":-1,"trend":"neutral"},{"period":"2026-03","value":607807,"change_percent":-5.1,"trend":"down"},{"period":"2026-04","value":596428,"change_percent":-1.9,"trend":"down"},{"period":"2026-05","value":566502,"change_percent":-5,"trend":"down"},{"period":"2026-06","value":546425,"change_percent":-3.5,"trend":"down"}]'::jsonb);
INSERT INTO public.metric_cards (id,project_id,title,description,category,position_x,position_y,created_by,data) VALUES ('810528f3-6e2f-49db-8400-036c043ff099','289a3618-2ab3-487f-a4dc-0a83d3652c45','Total Costs','','Data/Metric',680,200,'user_30uQARGezqSApAChPSGSwFyUy85','[{"period":"2025-12","value":94709,"change_percent":0,"trend":"neutral"},{"period":"2026-01","value":91221,"change_percent":-3.7,"trend":"down"},{"period":"2026-02","value":86291,"change_percent":-5.4,"trend":"down"},{"period":"2026-03","value":84318,"change_percent":-2.3,"trend":"down"},{"period":"2026-04","value":79906,"change_percent":-5.2,"trend":"down"},{"period":"2026-05","value":78057,"change_percent":-2.3,"trend":"down"},{"period":"2026-06","value":72922,"change_percent":-6.6,"trend":"down"}]'::jsonb);
INSERT INTO public.metric_cards (id,project_id,title,description,category,position_x,position_y,created_by,data) VALUES ('ddb169c2-e008-41ce-bcf8-823ed693369c','289a3618-2ab3-487f-a4dc-0a83d3652c45','COGS','','Data/Metric',-510,400,'user_30uQARGezqSApAChPSGSwFyUy85','[{"period":"2025-12","value":397522,"change_percent":0,"trend":"neutral"},{"period":"2026-01","value":366286,"change_percent":-7.9,"trend":"down"},{"period":"2026-02","value":349942,"change_percent":-4.5,"trend":"down"},{"period":"2026-03","value":326403,"change_percent":-6.7,"trend":"down"},{"period":"2026-04","value":309186,"change_percent":-5.3,"trend":"down"},{"period":"2026-05","value":292467,"change_percent":-5.4,"trend":"down"},{"period":"2026-06","value":282587,"change_percent":-3.4,"trend":"down"}]'::jsonb);
INSERT INTO public.metric_cards (id,project_id,title,description,category,position_x,position_y,created_by,data) VALUES ('7ffaab61-b129-4ef9-991e-6029e2fbfd5d','289a3618-2ab3-487f-a4dc-0a83d3652c45','Gross Margin %','','Data/Metric',1020,200,'user_30uQARGezqSApAChPSGSwFyUy85','[{"period":"2025-12","value":33.3,"change_percent":0,"trend":"neutral"},{"period":"2026-01","value":35,"change_percent":5.1,"trend":"up"},{"period":"2026-02","value":37.1,"change_percent":6,"trend":"up"},{"period":"2026-03","value":38.7,"change_percent":4.3,"trend":"up"},{"period":"2026-04","value":40.6,"change_percent":4.9,"trend":"up"},{"period":"2026-05","value":42.4,"change_percent":4.4,"trend":"up"},{"period":"2026-06","value":43.2,"change_percent":1.9,"trend":"up"}]'::jsonb);
INSERT INTO public.metric_cards (id,project_id,title,description,category,position_x,position_y,created_by,data) VALUES ('12245807-eeea-4d4a-bcb2-9a535f687c85','289a3618-2ab3-487f-a4dc-0a83d3652c45','Shipping Cost','','Data/Metric',-170,400,'user_30uQARGezqSApAChPSGSwFyUy85','[{"period":"2025-12","value":11004,"change_percent":0,"trend":"neutral"},{"period":"2026-01","value":10912,"change_percent":-0.8,"trend":"neutral"},{"period":"2026-02","value":10427,"change_percent":-4.4,"trend":"down"},{"period":"2026-03","value":10179,"change_percent":-2.4,"trend":"down"},{"period":"2026-04","value":10039,"change_percent":-1.4,"trend":"down"},{"period":"2026-05","value":9829,"change_percent":-2.1,"trend":"down"},{"period":"2026-06","value":9333,"change_percent":-5,"trend":"down"}]'::jsonb);
INSERT INTO public.metric_cards (id,project_id,title,description,category,position_x,position_y,created_by,data) VALUES ('b3297c67-a941-4271-ade4-fb4f9e19e2b3','289a3618-2ab3-487f-a4dc-0a83d3652c45','Returns Rate','','Data/Metric',170,400,'user_30uQARGezqSApAChPSGSwFyUy85','[{"period":"2025-12","value":16.7,"change_percent":0,"trend":"neutral"},{"period":"2026-01","value":16,"change_percent":-4.2,"trend":"down"},{"period":"2026-02","value":15.9,"change_percent":-0.6,"trend":"neutral"},{"period":"2026-03","value":15.4,"change_percent":-3.1,"trend":"down"},{"period":"2026-04","value":14.6,"change_percent":-5.2,"trend":"down"},{"period":"2026-05","value":14.3,"change_percent":-2.1,"trend":"down"},{"period":"2026-06","value":14.3,"change_percent":0,"trend":"neutral"}]'::jsonb);
INSERT INTO public.metric_cards (id,project_id,title,description,category,position_x,position_y,created_by,data) VALUES ('e0c65f4d-b60b-4628-99fc-4f0c54e215b1','289a3618-2ab3-487f-a4dc-0a83d3652c45','Marketing Spend','','Data/Metric',510,400,'user_30uQARGezqSApAChPSGSwFyUy85','[{"period":"2025-12","value":232614,"change_percent":0,"trend":"neutral"},{"period":"2026-01","value":240995,"change_percent":3.6,"trend":"up"},{"period":"2026-02","value":249796,"change_percent":3.7,"trend":"up"},{"period":"2026-03","value":255805,"change_percent":2.4,"trend":"up"},{"period":"2026-04","value":265954,"change_percent":4,"trend":"up"},{"period":"2026-05","value":278080,"change_percent":4.6,"trend":"up"},{"period":"2026-06","value":291573,"change_percent":4.9,"trend":"up"}]'::jsonb);
INSERT INTO public.metric_cards (id,project_id,title,description,category,position_x,position_y,created_by,data) VALUES ('79777946-aa6b-4694-9613-3b6b68b2809b','289a3618-2ab3-487f-a4dc-0a83d3652c45','Payment Fees','','Data/Metric',850,400,'user_30uQARGezqSApAChPSGSwFyUy85','[{"period":"2025-12","value":710921,"change_percent":0,"trend":"neutral"},{"period":"2026-01","value":751358,"change_percent":5.7,"trend":"up"},{"period":"2026-02","value":802302,"change_percent":6.8,"trend":"up"},{"period":"2026-03","value":842678,"change_percent":5,"trend":"up"},{"period":"2026-04","value":923928,"change_percent":9.6,"trend":"up"},{"period":"2026-05","value":973137,"change_percent":5.3,"trend":"up"},{"period":"2026-06","value":1039035,"change_percent":6.8,"trend":"up"}]'::jsonb);
INSERT INTO public.metric_cards (id,project_id,title,description,category,position_x,position_y,created_by,data) VALUES ('bacde28b-7319-4f0f-92bf-4a7de2d646a7','289a3618-2ab3-487f-a4dc-0a83d3652c45','Fulfilment / Ops','','Data/Metric',1190,400,'user_30uQARGezqSApAChPSGSwFyUy85','[{"period":"2025-12","value":3528,"change_percent":0,"trend":"neutral"},{"period":"2026-01","value":3597,"change_percent":2,"trend":"up"},{"period":"2026-02","value":3745,"change_percent":4.1,"trend":"up"},{"period":"2026-03","value":3963,"change_percent":5.8,"trend":"up"},{"period":"2026-04","value":4046,"change_percent":2.1,"trend":"up"},{"period":"2026-05","value":4170,"change_percent":3.1,"trend":"up"},{"period":"2026-06","value":4262,"change_percent":2.2,"trend":"up"}]'::jsonb);
INSERT INTO public.metric_cards (id,project_id,title,description,category,position_x,position_y,created_by,data) VALUES ('59c3d758-b85f-46bc-9d20-80aaeb0dfe2e','289a3618-2ab3-487f-a4dc-0a83d3652c45','Retargeting campaign','','Work/Action',1020,1000,'user_30uQARGezqSApAChPSGSwFyUy85','[]'::jsonb);
INSERT INTO public.metric_cards (id,project_id,title,description,category,position_x,position_y,created_by,data) VALUES ('d007cc81-1a99-4fa7-9884-9c078ef45885','289a3618-2ab3-487f-a4dc-0a83d3652c45','Abandoned-cart email flow','','Work/Action',0,1200,'user_30uQARGezqSApAChPSGSwFyUy85','[]'::jsonb);
INSERT INTO public.metric_cards (id,project_id,title,description,category,position_x,position_y,created_by,data) VALUES ('efbfe085-08f3-431b-836e-1a3711affdde','289a3618-2ab3-487f-a4dc-0a83d3652c45','Product bundles','','Work/Action',1020,600,'user_30uQARGezqSApAChPSGSwFyUy85','[]'::jsonb);
INSERT INTO public.metric_cards (id,project_id,title,description,category,position_x,position_y,created_by,data) VALUES ('308a7b2e-f86e-4d53-bb09-f29b4cc60a1e','289a3618-2ab3-487f-a4dc-0a83d3652c45','UGC / influencer social','','Work/Action',340,1200,'user_30uQARGezqSApAChPSGSwFyUy85','[]'::jsonb);
INSERT INTO public.metric_cards (id,project_id,title,description,category,position_x,position_y,created_by,data) VALUES ('a48c168e-6d98-4db6-8b1e-ef3cf3beb501','289a3618-2ab3-487f-a4dc-0a83d3652c45','Free-ship threshold lifts AOV','','Ideas/Hypothesis',1360,600,'user_30uQARGezqSApAChPSGSwFyUy85','[]'::jsonb);
INSERT INTO public.metric_cards (id,project_id,title,description,category,position_x,position_y,created_by,data) VALUES ('c84fbe4e-a3eb-4096-a248-9e8027d0e70b','289a3618-2ab3-487f-a4dc-0a83d3652c45','Reviews lift product-page CVR','','Ideas/Hypothesis',1360,1000,'user_30uQARGezqSApAChPSGSwFyUy85','[]'::jsonb);
INSERT INTO public.relationships (id,project_id,source_id,target_id,type,confidence,weight,created_by) VALUES ('9e58bd5c-dc37-488a-ba15-246cc1593574','289a3618-2ab3-487f-a4dc-0a83d3652c45','b5564010-83ea-4882-9f01-4e22b1bdb9a0','c78ae90d-3787-4a2a-90da-20c92b3da7fb','Compositional','High',95,'user_30uQARGezqSApAChPSGSwFyUy85');
INSERT INTO public.relationships (id,project_id,source_id,target_id,type,confidence,weight,created_by) VALUES ('e381de75-e5ed-40cc-b4a6-5406892f9041','289a3618-2ab3-487f-a4dc-0a83d3652c45','810528f3-6e2f-49db-8400-036c043ff099','c78ae90d-3787-4a2a-90da-20c92b3da7fb','Compositional','High',90,'user_30uQARGezqSApAChPSGSwFyUy85');
INSERT INTO public.relationships (id,project_id,source_id,target_id,type,confidence,weight,created_by) VALUES ('196533c1-788a-41ba-b46e-b2f887f08c64','289a3618-2ab3-487f-a4dc-0a83d3652c45','7ffaab61-b129-4ef9-991e-6029e2fbfd5d','c78ae90d-3787-4a2a-90da-20c92b3da7fb','Causal','High',70,'user_30uQARGezqSApAChPSGSwFyUy85');
INSERT INTO public.relationships (id,project_id,source_id,target_id,type,confidence,weight,created_by) VALUES ('40365a67-c8a8-4635-9c80-ecd787113e97','289a3618-2ab3-487f-a4dc-0a83d3652c45','dddb786c-4704-4d16-9af3-1c2085c6978d','b5564010-83ea-4882-9f01-4e22b1bdb9a0','Deterministic','High',95,'user_30uQARGezqSApAChPSGSwFyUy85');
INSERT INTO public.relationships (id,project_id,source_id,target_id,type,confidence,weight,created_by) VALUES ('71012a8a-f358-46a1-8c85-f59611ff9d66','289a3618-2ab3-487f-a4dc-0a83d3652c45','9e4e6e70-d7b4-4fed-8b08-aed068f00738','b5564010-83ea-4882-9f01-4e22b1bdb9a0','Deterministic','High',90,'user_30uQARGezqSApAChPSGSwFyUy85');
INSERT INTO public.relationships (id,project_id,source_id,target_id,type,confidence,weight,created_by) VALUES ('81017f4a-aea1-4382-becf-d088b6d4a9f1','289a3618-2ab3-487f-a4dc-0a83d3652c45','7ff91e8e-9305-42ff-ae9d-63706a078f59','dddb786c-4704-4d16-9af3-1c2085c6978d','Deterministic','High',90,'user_30uQARGezqSApAChPSGSwFyUy85');
INSERT INTO public.relationships (id,project_id,source_id,target_id,type,confidence,weight,created_by) VALUES ('fa1caf57-e86a-4a8f-92c6-6acde8c50dd1','289a3618-2ab3-487f-a4dc-0a83d3652c45','8bbc9c07-3326-42f1-88a8-354882ef4d21','dddb786c-4704-4d16-9af3-1c2085c6978d','Probabilistic','High',85,'user_30uQARGezqSApAChPSGSwFyUy85');
INSERT INTO public.relationships (id,project_id,source_id,target_id,type,confidence,weight,created_by) VALUES ('8c23fca1-98eb-4dca-895f-49d58d5266a8','289a3618-2ab3-487f-a4dc-0a83d3652c45','c768d1c9-5e67-406e-b88a-a75c3399a782','9e4e6e70-d7b4-4fed-8b08-aed068f00738','Deterministic','High',80,'user_30uQARGezqSApAChPSGSwFyUy85');
INSERT INTO public.relationships (id,project_id,source_id,target_id,type,confidence,weight,created_by) VALUES ('e4916892-f0e3-4eb6-9356-19680b3d623e','289a3618-2ab3-487f-a4dc-0a83d3652c45','5ecee90e-ef9c-4e3b-9486-5b4e2ba47fa8','9e4e6e70-d7b4-4fed-8b08-aed068f00738','Deterministic','High',75,'user_30uQARGezqSApAChPSGSwFyUy85');
INSERT INTO public.relationships (id,project_id,source_id,target_id,type,confidence,weight,created_by) VALUES ('4e84bc60-cabf-4f9e-a97c-11916d19f86c','289a3618-2ab3-487f-a4dc-0a83d3652c45','0332327c-8075-4c07-b1b5-c07c68613890','9e4e6e70-d7b4-4fed-8b08-aed068f00738','Causal','High',60,'user_30uQARGezqSApAChPSGSwFyUy85');
INSERT INTO public.relationships (id,project_id,source_id,target_id,type,confidence,weight,created_by) VALUES ('70197837-9ad1-4c0e-b95a-5742908a2c75','289a3618-2ab3-487f-a4dc-0a83d3652c45','a270e0d3-e87e-4fba-a11b-aecf7adbc622','9e4e6e70-d7b4-4fed-8b08-aed068f00738','Causal','High',60,'user_30uQARGezqSApAChPSGSwFyUy85');
INSERT INTO public.relationships (id,project_id,source_id,target_id,type,confidence,weight,created_by) VALUES ('281c0184-32e1-45bd-ba67-7b1ef07f7235','289a3618-2ab3-487f-a4dc-0a83d3652c45','80d57785-b0b5-44ea-af94-c3f0573451b0','7ff91e8e-9305-42ff-ae9d-63706a078f59','Compositional','High',70,'user_30uQARGezqSApAChPSGSwFyUy85');
INSERT INTO public.relationships (id,project_id,source_id,target_id,type,confidence,weight,created_by) VALUES ('c64e92a2-6909-4f84-b7fb-e564d43a880f','289a3618-2ab3-487f-a4dc-0a83d3652c45','6466a2ee-d5fa-4a43-bdbd-ed314546281a','7ff91e8e-9305-42ff-ae9d-63706a078f59','Compositional','High',70,'user_30uQARGezqSApAChPSGSwFyUy85');
INSERT INTO public.relationships (id,project_id,source_id,target_id,type,confidence,weight,created_by) VALUES ('11c7f0b3-9850-485e-b8bc-7bb328a47cc4','289a3618-2ab3-487f-a4dc-0a83d3652c45','7b93dec0-464a-42c2-8dbb-661c466db718','7ff91e8e-9305-42ff-ae9d-63706a078f59','Compositional','High',60,'user_30uQARGezqSApAChPSGSwFyUy85');
INSERT INTO public.relationships (id,project_id,source_id,target_id,type,confidence,weight,created_by) VALUES ('599838ea-81de-43a2-9407-6786189daaf4','289a3618-2ab3-487f-a4dc-0a83d3652c45','0fca94b4-c22f-4596-bb5a-792be7ebe82e','7ff91e8e-9305-42ff-ae9d-63706a078f59','Compositional','High',60,'user_30uQARGezqSApAChPSGSwFyUy85');
INSERT INTO public.relationships (id,project_id,source_id,target_id,type,confidence,weight,created_by) VALUES ('8656c7af-0b71-46e0-bc3c-f2dd0c028600','289a3618-2ab3-487f-a4dc-0a83d3652c45','3599c410-7d6f-422e-8f9e-5c6640798359','7ff91e8e-9305-42ff-ae9d-63706a078f59','Compositional','High',50,'user_30uQARGezqSApAChPSGSwFyUy85');
INSERT INTO public.relationships (id,project_id,source_id,target_id,type,confidence,weight,created_by) VALUES ('bfdc1963-66e7-437b-a736-4341218a8b76','289a3618-2ab3-487f-a4dc-0a83d3652c45','d26c5997-8e49-49c7-95f3-ca8fddcb696a','7ff91e8e-9305-42ff-ae9d-63706a078f59','Compositional','High',45,'user_30uQARGezqSApAChPSGSwFyUy85');
INSERT INTO public.relationships (id,project_id,source_id,target_id,type,confidence,weight,created_by) VALUES ('47ab1856-521a-4920-9d96-d837c64f2260','289a3618-2ab3-487f-a4dc-0a83d3652c45','e7a7db35-6fb7-42ab-a616-8a4fecdb5e45','7b93dec0-464a-42c2-8dbb-661c466db718','Causal','High',70,'user_30uQARGezqSApAChPSGSwFyUy85');
INSERT INTO public.relationships (id,project_id,source_id,target_id,type,confidence,weight,created_by) VALUES ('71c018cb-e914-41a6-a55a-5d2f150022bf','289a3618-2ab3-487f-a4dc-0a83d3652c45','d976d60c-21a3-48cb-9b44-d15aabf4d0ea','7b93dec0-464a-42c2-8dbb-661c466db718','Causal','High',65,'user_30uQARGezqSApAChPSGSwFyUy85');
INSERT INTO public.relationships (id,project_id,source_id,target_id,type,confidence,weight,created_by) VALUES ('cd623bf9-0f2c-4a61-a1e6-b51469a24906','289a3618-2ab3-487f-a4dc-0a83d3652c45','0ab360e0-58ac-4f13-a84b-f91b932a9e6f','e7a7db35-6fb7-42ab-a616-8a4fecdb5e45','Causal','High',55,'user_30uQARGezqSApAChPSGSwFyUy85');
INSERT INTO public.relationships (id,project_id,source_id,target_id,type,confidence,weight,created_by) VALUES ('9826abbe-32f6-43c4-bc80-f9315ffc5327','289a3618-2ab3-487f-a4dc-0a83d3652c45','94315761-6a6b-4112-8697-a8ced0115b47','0fca94b4-c22f-4596-bb5a-792be7ebe82e','Deterministic','High',70,'user_30uQARGezqSApAChPSGSwFyUy85');
INSERT INTO public.relationships (id,project_id,source_id,target_id,type,confidence,weight,created_by) VALUES ('b65a5c0c-6b0c-4910-a52b-93da4bfe0cff','289a3618-2ab3-487f-a4dc-0a83d3652c45','d4b55d73-7a8e-486b-b20c-bd72a37b2869','0fca94b4-c22f-4596-bb5a-792be7ebe82e','Probabilistic','High',65,'user_30uQARGezqSApAChPSGSwFyUy85');
INSERT INTO public.relationships (id,project_id,source_id,target_id,type,confidence,weight,created_by) VALUES ('21943bd5-458c-4b1a-b8a1-2b5505e3337d','289a3618-2ab3-487f-a4dc-0a83d3652c45','f96516c8-7bb9-43a0-8798-1c9c5cb13b5a','6466a2ee-d5fa-4a43-bdbd-ed314546281a','Deterministic','High',80,'user_30uQARGezqSApAChPSGSwFyUy85');
INSERT INTO public.relationships (id,project_id,source_id,target_id,type,confidence,weight,created_by) VALUES ('1398adad-bd6b-4d8c-933e-bbd2a71c24e4','289a3618-2ab3-487f-a4dc-0a83d3652c45','2f819d4a-ac55-474c-8220-f3b5090decf9','6466a2ee-d5fa-4a43-bdbd-ed314546281a','Deterministic','High',70,'user_30uQARGezqSApAChPSGSwFyUy85');
INSERT INTO public.relationships (id,project_id,source_id,target_id,type,confidence,weight,created_by) VALUES ('54aae994-5f3e-467d-a83a-da79342d81c5','289a3618-2ab3-487f-a4dc-0a83d3652c45','d878726c-7f4e-4d8a-b7f4-2d3026b1717c','8bbc9c07-3326-42f1-88a8-354882ef4d21','Causal','High',75,'user_30uQARGezqSApAChPSGSwFyUy85');
INSERT INTO public.relationships (id,project_id,source_id,target_id,type,confidence,weight,created_by) VALUES ('63ce1c3b-fc60-4069-9e03-1f0d9684d0ea','289a3618-2ab3-487f-a4dc-0a83d3652c45','e2ffc5dd-5830-4304-9a5e-d54fcd6509ab','8bbc9c07-3326-42f1-88a8-354882ef4d21','Causal','High',75,'user_30uQARGezqSApAChPSGSwFyUy85');
INSERT INTO public.relationships (id,project_id,source_id,target_id,type,confidence,weight,created_by) VALUES ('c72c4aca-f2d5-48cd-b07d-09f618c0bfd3','289a3618-2ab3-487f-a4dc-0a83d3652c45','4fc5d821-308d-411d-b207-1cc4f9ad750b','59e881f2-5d19-4afd-8650-5ee9b11ca74d','Causal','High',80,'user_30uQARGezqSApAChPSGSwFyUy85');
INSERT INTO public.relationships (id,project_id,source_id,target_id,type,confidence,weight,created_by) VALUES ('b2c3a81f-aded-4cdb-b2c6-ed4bca7e319f','289a3618-2ab3-487f-a4dc-0a83d3652c45','59e881f2-5d19-4afd-8650-5ee9b11ca74d','8bbc9c07-3326-42f1-88a8-354882ef4d21','Deterministic','High',80,'user_30uQARGezqSApAChPSGSwFyUy85');
INSERT INTO public.relationships (id,project_id,source_id,target_id,type,confidence,weight,created_by) VALUES ('f49b06b4-3c7e-44f2-a44b-eaf20fc2598b','289a3618-2ab3-487f-a4dc-0a83d3652c45','f6776723-463f-4066-8933-3e063f6aee4e','dddb786c-4704-4d16-9af3-1c2085c6978d','Causal','High',55,'user_30uQARGezqSApAChPSGSwFyUy85');
INSERT INTO public.relationships (id,project_id,source_id,target_id,type,confidence,weight,created_by) VALUES ('5b021fd0-4a76-43ff-94d1-1ff14f88b879','289a3618-2ab3-487f-a4dc-0a83d3652c45','e7982cc2-0832-4566-8918-d37cc8489a06','377f2c02-47ad-4954-966b-8f2c22154283','Causal','High',70,'user_30uQARGezqSApAChPSGSwFyUy85');
INSERT INTO public.relationships (id,project_id,source_id,target_id,type,confidence,weight,created_by) VALUES ('015efe12-1f58-4757-8ed1-9de1e33b767b','289a3618-2ab3-487f-a4dc-0a83d3652c45','377f2c02-47ad-4954-966b-8f2c22154283','46ab1855-9baf-42d4-b24d-1a117024d8d1','Deterministic','High',75,'user_30uQARGezqSApAChPSGSwFyUy85');
INSERT INTO public.relationships (id,project_id,source_id,target_id,type,confidence,weight,created_by) VALUES ('7b8b012f-d3c6-48e0-81a3-3ee699b4050d','289a3618-2ab3-487f-a4dc-0a83d3652c45','9e4e6e70-d7b4-4fed-8b08-aed068f00738','46ab1855-9baf-42d4-b24d-1a117024d8d1','Causal','High',60,'user_30uQARGezqSApAChPSGSwFyUy85');
INSERT INTO public.relationships (id,project_id,source_id,target_id,type,confidence,weight,created_by) VALUES ('6a2d94b1-3af2-40ab-9457-2ff6fcbeb31f','289a3618-2ab3-487f-a4dc-0a83d3652c45','e0c65f4d-b60b-4628-99fc-4f0c54e215b1','7c4f8b7c-20ec-4403-9126-57e033587a58','Deterministic','High',80,'user_30uQARGezqSApAChPSGSwFyUy85');
INSERT INTO public.relationships (id,project_id,source_id,target_id,type,confidence,weight,created_by) VALUES ('1df74c2e-1a6b-4183-b04b-ebc1781861da','289a3618-2ab3-487f-a4dc-0a83d3652c45','f6776723-463f-4066-8933-3e063f6aee4e','7c4f8b7c-20ec-4403-9126-57e033587a58','Deterministic','High',75,'user_30uQARGezqSApAChPSGSwFyUy85');
INSERT INTO public.relationships (id,project_id,source_id,target_id,type,confidence,weight,created_by) VALUES ('783cf79c-01c9-41b9-bce4-ad6e6a0e3774','289a3618-2ab3-487f-a4dc-0a83d3652c45','ddb169c2-e008-41ce-bcf8-823ed693369c','810528f3-6e2f-49db-8400-036c043ff099','Compositional','High',80,'user_30uQARGezqSApAChPSGSwFyUy85');
INSERT INTO public.relationships (id,project_id,source_id,target_id,type,confidence,weight,created_by) VALUES ('bab11a11-ea63-4d11-8dcf-6840e15ad316','289a3618-2ab3-487f-a4dc-0a83d3652c45','12245807-eeea-4d4a-bcb2-9a535f687c85','810528f3-6e2f-49db-8400-036c043ff099','Compositional','High',65,'user_30uQARGezqSApAChPSGSwFyUy85');
INSERT INTO public.relationships (id,project_id,source_id,target_id,type,confidence,weight,created_by) VALUES ('63ad7430-9749-4edc-a5cf-1d4b39fee4f4','289a3618-2ab3-487f-a4dc-0a83d3652c45','e0c65f4d-b60b-4628-99fc-4f0c54e215b1','810528f3-6e2f-49db-8400-036c043ff099','Compositional','High',70,'user_30uQARGezqSApAChPSGSwFyUy85');
INSERT INTO public.relationships (id,project_id,source_id,target_id,type,confidence,weight,created_by) VALUES ('f393561a-4fb3-487e-acfa-58f185028d0c','289a3618-2ab3-487f-a4dc-0a83d3652c45','b3297c67-a941-4271-ade4-fb4f9e19e2b3','810528f3-6e2f-49db-8400-036c043ff099','Causal','High',60,'user_30uQARGezqSApAChPSGSwFyUy85');
INSERT INTO public.relationships (id,project_id,source_id,target_id,type,confidence,weight,created_by) VALUES ('7bbf18fe-52f4-4dab-8323-62832871ce23','289a3618-2ab3-487f-a4dc-0a83d3652c45','79777946-aa6b-4694-9613-3b6b68b2809b','810528f3-6e2f-49db-8400-036c043ff099','Compositional','High',50,'user_30uQARGezqSApAChPSGSwFyUy85');
INSERT INTO public.relationships (id,project_id,source_id,target_id,type,confidence,weight,created_by) VALUES ('77a1fab4-0d9c-4d4b-b800-c5f7274998d2','289a3618-2ab3-487f-a4dc-0a83d3652c45','bacde28b-7319-4f0f-92bf-4a7de2d646a7','810528f3-6e2f-49db-8400-036c043ff099','Compositional','High',60,'user_30uQARGezqSApAChPSGSwFyUy85');
INSERT INTO public.relationships (id,project_id,source_id,target_id,type,confidence,weight,created_by) VALUES ('11fc9de1-bea1-4444-b46e-2ce240fd0b9f','289a3618-2ab3-487f-a4dc-0a83d3652c45','ddb169c2-e008-41ce-bcf8-823ed693369c','7ffaab61-b129-4ef9-991e-6029e2fbfd5d','Causal','High',75,'user_30uQARGezqSApAChPSGSwFyUy85');
INSERT INTO public.relationships (id,project_id,source_id,target_id,type,confidence,weight,created_by) VALUES ('7eba1ba0-d749-4643-af82-d8dad3f12e26','289a3618-2ab3-487f-a4dc-0a83d3652c45','f96516c8-7bb9-43a0-8798-1c9c5cb13b5a','e0c65f4d-b60b-4628-99fc-4f0c54e215b1','Compositional','High',70,'user_30uQARGezqSApAChPSGSwFyUy85');
INSERT INTO public.relationships (id,project_id,source_id,target_id,type,confidence,weight,created_by) VALUES ('dc503e5a-4920-405d-b4e2-91f2dd5a3673','289a3618-2ab3-487f-a4dc-0a83d3652c45','59c3d758-b85f-46bc-9d20-80aaeb0dfe2e','6466a2ee-d5fa-4a43-bdbd-ed314546281a','Causal','High',60,'user_30uQARGezqSApAChPSGSwFyUy85');
INSERT INTO public.relationships (id,project_id,source_id,target_id,type,confidence,weight,created_by) VALUES ('4beceaec-7c8e-47eb-9bd3-e78f5b2e324a','289a3618-2ab3-487f-a4dc-0a83d3652c45','d007cc81-1a99-4fa7-9884-9c078ef45885','4fc5d821-308d-411d-b207-1cc4f9ad750b','Causal','High',70,'user_30uQARGezqSApAChPSGSwFyUy85');
INSERT INTO public.relationships (id,project_id,source_id,target_id,type,confidence,weight,created_by) VALUES ('d0b0d06a-3c9e-413c-8a1f-8d0d5a0512cc','289a3618-2ab3-487f-a4dc-0a83d3652c45','efbfe085-08f3-431b-836e-1a3711affdde','9e4e6e70-d7b4-4fed-8b08-aed068f00738','Causal','High',65,'user_30uQARGezqSApAChPSGSwFyUy85');
INSERT INTO public.relationships (id,project_id,source_id,target_id,type,confidence,weight,created_by) VALUES ('fc479bb4-0c8b-4a51-a665-c782ff4cc94b','289a3618-2ab3-487f-a4dc-0a83d3652c45','308a7b2e-f86e-4d53-bb09-f29b4cc60a1e','e7a7db35-6fb7-42ab-a616-8a4fecdb5e45','Causal','High',60,'user_30uQARGezqSApAChPSGSwFyUy85');
INSERT INTO public.relationships (id,project_id,source_id,target_id,type,confidence,weight,created_by) VALUES ('813ec410-5216-4494-9600-dc9c0e1206fc','289a3618-2ab3-487f-a4dc-0a83d3652c45','a48c168e-6d98-4db6-8b1e-ef3cf3beb501','9e4e6e70-d7b4-4fed-8b08-aed068f00738','Probabilistic','High',50,'user_30uQARGezqSApAChPSGSwFyUy85');
INSERT INTO public.relationships (id,project_id,source_id,target_id,type,confidence,weight,created_by) VALUES ('fbafa5a8-240e-4141-9d32-dba8180ea986','289a3618-2ab3-487f-a4dc-0a83d3652c45','c84fbe4e-a3eb-4096-a248-9e8027d0e70b','d878726c-7f4e-4d8a-b7f4-2d3026b1717c','Probabilistic','High',50,'user_30uQARGezqSApAChPSGSwFyUy85');

DELETE FROM public.projects WHERE created_by='user_30uQARGezqSApAChPSGSwFyUy85' AND name='Retail (Walk-in) — Example Metric Tree';
INSERT INTO public.projects (id,name,description,created_by,last_modified_by,is_public,tags,settings) VALUES ('95604609-2c81-495e-b5e7-1930d1f392d2','Retail (Walk-in) — Example Metric Tree','Decomposition of profit for a physical store: transactions = foot traffic × conversion, basket size, footfall drivers (incl. local social), and store cost structure.','user_30uQARGezqSApAChPSGSwFyUy85','user_30uQARGezqSApAChPSGSwFyUy85',true,ARRAY['example','template'],'{}');
INSERT INTO public.metric_cards (id,project_id,title,description,category,position_x,position_y,created_by,data) VALUES ('141e7f5f-117b-46ef-b7e4-79a6ac5160cb','95604609-2c81-495e-b5e7-1930d1f392d2','Profit','Revenue − Total Costs','Core/Value',0,0,'user_30uQARGezqSApAChPSGSwFyUy85','[{"period":"2025-12","value":310466,"change_percent":0,"trend":"neutral"},{"period":"2026-01","value":325735,"change_percent":4.9,"trend":"up"},{"period":"2026-02","value":348721,"change_percent":7.1,"trend":"up"},{"period":"2026-03","value":374664,"change_percent":7.4,"trend":"up"},{"period":"2026-04","value":396304,"change_percent":5.8,"trend":"up"},{"period":"2026-05","value":432249,"change_percent":9.1,"trend":"up"},{"period":"2026-06","value":460993,"change_percent":6.6,"trend":"up"}]'::jsonb);
INSERT INTO public.metric_cards (id,project_id,title,description,category,position_x,position_y,created_by,data) VALUES ('12295565-29f1-4234-99a2-2c2e6ba7f67b','95604609-2c81-495e-b5e7-1930d1f392d2','Revenue','Transactions × Avg Basket','Data/Metric',-340,200,'user_30uQARGezqSApAChPSGSwFyUy85','[{"period":"2025-12","value":62395,"change_percent":0,"trend":"neutral"},{"period":"2026-01","value":64121,"change_percent":2.8,"trend":"up"},{"period":"2026-02","value":64783,"change_percent":1,"trend":"neutral"},{"period":"2026-03","value":66758,"change_percent":3,"trend":"up"},{"period":"2026-04","value":68699,"change_percent":2.9,"trend":"up"},{"period":"2026-05","value":69377,"change_percent":1,"trend":"neutral"},{"period":"2026-06","value":71094,"change_percent":2.5,"trend":"up"}]'::jsonb);
INSERT INTO public.metric_cards (id,project_id,title,description,category,position_x,position_y,created_by,data) VALUES ('d6dc7ed1-8918-423d-8e34-4ac60cc9724b','95604609-2c81-495e-b5e7-1930d1f392d2','Transactions','Foot traffic × Conversion','Data/Metric',-1190,400,'user_30uQARGezqSApAChPSGSwFyUy85','[{"period":"2025-12","value":85742,"change_percent":0,"trend":"neutral"},{"period":"2026-01","value":87013,"change_percent":1.5,"trend":"up"},{"period":"2026-02","value":89128,"change_percent":2.4,"trend":"up"},{"period":"2026-03","value":93852,"change_percent":5.3,"trend":"up"},{"period":"2026-04","value":95819,"change_percent":2.1,"trend":"up"},{"period":"2026-05","value":98222,"change_percent":2.5,"trend":"up"},{"period":"2026-06","value":101133,"change_percent":3,"trend":"up"}]'::jsonb);
INSERT INTO public.metric_cards (id,project_id,title,description,category,position_x,position_y,created_by,data) VALUES ('e55bc049-5b40-4d1f-a920-7f57cecef6e6','95604609-2c81-495e-b5e7-1930d1f392d2','Average Basket Value','Items × Avg item price','Data/Metric',-850,400,'user_30uQARGezqSApAChPSGSwFyUy85','[{"period":"2025-12","value":31516,"change_percent":0,"trend":"neutral"},{"period":"2026-01","value":32178,"change_percent":2.1,"trend":"up"},{"period":"2026-02","value":32649,"change_percent":1.5,"trend":"up"},{"period":"2026-03","value":34201,"change_percent":4.8,"trend":"up"},{"period":"2026-04","value":35901,"change_percent":5,"trend":"up"},{"period":"2026-05","value":36637,"change_percent":2.1,"trend":"up"},{"period":"2026-06","value":37994,"change_percent":3.7,"trend":"up"}]'::jsonb);
INSERT INTO public.metric_cards (id,project_id,title,description,category,position_x,position_y,created_by,data) VALUES ('6922ca8f-0586-4afb-9858-b204f76027af','95604609-2c81-495e-b5e7-1930d1f392d2','Foot Traffic','Passersby × Capture rate','Data/Metric',-850,600,'user_30uQARGezqSApAChPSGSwFyUy85','[{"period":"2025-12","value":14952,"change_percent":0,"trend":"neutral"},{"period":"2026-01","value":16456,"change_percent":10.1,"trend":"up"},{"period":"2026-02","value":17404,"change_percent":5.8,"trend":"up"},{"period":"2026-03","value":18350,"change_percent":5.4,"trend":"up"},{"period":"2026-04","value":19747,"change_percent":7.6,"trend":"up"},{"period":"2026-05","value":21213,"change_percent":7.4,"trend":"up"},{"period":"2026-06","value":23337,"change_percent":10,"trend":"up"}]'::jsonb);
INSERT INTO public.metric_cards (id,project_id,title,description,category,position_x,position_y,created_by,data) VALUES ('54b22024-aa10-4cb8-816f-2191f0ac5bc0','95604609-2c81-495e-b5e7-1930d1f392d2','Walk-in Conversion %','','Data/Metric',-510,600,'user_30uQARGezqSApAChPSGSwFyUy85','[{"period":"2025-12","value":2.6,"change_percent":0,"trend":"neutral"},{"period":"2026-01","value":2.6,"change_percent":0,"trend":"neutral"},{"period":"2026-02","value":2.8,"change_percent":7.7,"trend":"up"},{"period":"2026-03","value":2.8,"change_percent":0,"trend":"neutral"},{"period":"2026-04","value":2.9,"change_percent":3.6,"trend":"up"},{"period":"2026-05","value":3,"change_percent":3.4,"trend":"up"},{"period":"2026-06","value":3.1,"change_percent":3.3,"trend":"up"}]'::jsonb);
INSERT INTO public.metric_cards (id,project_id,title,description,category,position_x,position_y,created_by,data) VALUES ('88f472aa-a247-4358-a9cd-f4b81a075dd3','95604609-2c81-495e-b5e7-1930d1f392d2','Items per Basket','','Data/Metric',-170,600,'user_30uQARGezqSApAChPSGSwFyUy85','[{"period":"2025-12","value":179264,"change_percent":0,"trend":"neutral"},{"period":"2026-01","value":188181,"change_percent":5,"trend":"up"},{"period":"2026-02","value":198056,"change_percent":5.2,"trend":"up"},{"period":"2026-03","value":209942,"change_percent":6,"trend":"up"},{"period":"2026-04","value":226613,"change_percent":7.9,"trend":"up"},{"period":"2026-05","value":237714,"change_percent":4.9,"trend":"up"},{"period":"2026-06","value":252683,"change_percent":6.3,"trend":"up"}]'::jsonb);
INSERT INTO public.metric_cards (id,project_id,title,description,category,position_x,position_y,created_by,data) VALUES ('60fe0e18-688f-4c99-b3e8-6d7fe66bf389','95604609-2c81-495e-b5e7-1930d1f392d2','Avg Item Price','','Data/Metric',170,600,'user_30uQARGezqSApAChPSGSwFyUy85','[{"period":"2025-12","value":797008,"change_percent":0,"trend":"neutral"},{"period":"2026-01","value":812598,"change_percent":2,"trend":"up"},{"period":"2026-02","value":843624,"change_percent":3.8,"trend":"up"},{"period":"2026-03","value":869845,"change_percent":3.1,"trend":"up"},{"period":"2026-04","value":874797,"change_percent":0.6,"trend":"neutral"},{"period":"2026-05","value":913402,"change_percent":4.4,"trend":"up"},{"period":"2026-06","value":947631,"change_percent":3.7,"trend":"up"}]'::jsonb);
INSERT INTO public.metric_cards (id,project_id,title,description,category,position_x,position_y,created_by,data) VALUES ('5910bfe7-45a8-4f48-bac3-86cef970f269','95604609-2c81-495e-b5e7-1930d1f392d2','Impulse / POS add-ons','','Data/Metric',510,600,'user_30uQARGezqSApAChPSGSwFyUy85','[{"period":"2025-12","value":2333,"change_percent":0,"trend":"neutral"},{"period":"2026-01","value":2434,"change_percent":4.3,"trend":"up"},{"period":"2026-02","value":2501,"change_percent":2.8,"trend":"up"},{"period":"2026-03","value":2558,"change_percent":2.3,"trend":"up"},{"period":"2026-04","value":2651,"change_percent":3.6,"trend":"up"},{"period":"2026-05","value":2794,"change_percent":5.4,"trend":"up"},{"period":"2026-06","value":2961,"change_percent":6,"trend":"up"}]'::jsonb);
INSERT INTO public.metric_cards (id,project_id,title,description,category,position_x,position_y,created_by,data) VALUES ('83161c12-eaa0-4219-b026-7cb250fc02f8','95604609-2c81-495e-b5e7-1930d1f392d2','Passersby (location footfall)','','Data/Metric',-1360,800,'user_30uQARGezqSApAChPSGSwFyUy85','[{"period":"2025-12","value":24743,"change_percent":0,"trend":"neutral"},{"period":"2026-01","value":25213,"change_percent":1.9,"trend":"up"},{"period":"2026-02","value":25391,"change_percent":0.7,"trend":"neutral"},{"period":"2026-03","value":25515,"change_percent":0.5,"trend":"neutral"},{"period":"2026-04","value":26354,"change_percent":3.3,"trend":"up"},{"period":"2026-05","value":27554,"change_percent":4.6,"trend":"up"},{"period":"2026-06","value":28521,"change_percent":3.5,"trend":"up"}]'::jsonb);
INSERT INTO public.metric_cards (id,project_id,title,description,category,position_x,position_y,created_by,data) VALUES ('9717e008-b774-4556-af8b-68a1af938dc1','95604609-2c81-495e-b5e7-1930d1f392d2','Capture Rate','Share who enter','Data/Metric',-1020,800,'user_30uQARGezqSApAChPSGSwFyUy85','[{"period":"2025-12","value":37,"change_percent":0,"trend":"neutral"},{"period":"2026-01","value":40,"change_percent":8.1,"trend":"up"},{"period":"2026-02","value":43.3,"change_percent":8.2,"trend":"up"},{"period":"2026-03","value":46.6,"change_percent":7.6,"trend":"up"},{"period":"2026-04","value":50.4,"change_percent":8.2,"trend":"up"},{"period":"2026-05","value":53.1,"change_percent":5.4,"trend":"up"},{"period":"2026-06","value":58.2,"change_percent":9.6,"trend":"up"}]'::jsonb);
INSERT INTO public.metric_cards (id,project_id,title,description,category,position_x,position_y,created_by,data) VALUES ('5bc7ee9c-dcf1-4ed2-85ac-bd706c9298d4','95604609-2c81-495e-b5e7-1930d1f392d2','Window Display Score','','Data/Metric',-1530,1000,'user_30uQARGezqSApAChPSGSwFyUy85','[{"period":"2025-12","value":3146,"change_percent":0,"trend":"neutral"},{"period":"2026-01","value":3145,"change_percent":0,"trend":"neutral"},{"period":"2026-02","value":3170,"change_percent":0.8,"trend":"neutral"},{"period":"2026-03","value":3247,"change_percent":2.4,"trend":"up"},{"period":"2026-04","value":3392,"change_percent":4.5,"trend":"up"},{"period":"2026-05","value":3537,"change_percent":4.3,"trend":"up"},{"period":"2026-06","value":3624,"change_percent":2.5,"trend":"up"}]'::jsonb);
INSERT INTO public.metric_cards (id,project_id,title,description,category,position_x,position_y,created_by,data) VALUES ('cdf21d80-a55f-4a55-8a8c-eac4288fd064','95604609-2c81-495e-b5e7-1930d1f392d2','Signage / Promo Visibility','','Data/Metric',-1190,1000,'user_30uQARGezqSApAChPSGSwFyUy85','[{"period":"2025-12","value":3635,"change_percent":0,"trend":"neutral"},{"period":"2026-01","value":3725,"change_percent":2.5,"trend":"up"},{"period":"2026-02","value":3877,"change_percent":4.1,"trend":"up"},{"period":"2026-03","value":4122,"change_percent":6.3,"trend":"up"},{"period":"2026-04","value":4228,"change_percent":2.6,"trend":"up"},{"period":"2026-05","value":4450,"change_percent":5.3,"trend":"up"},{"period":"2026-06","value":4558,"change_percent":2.4,"trend":"up"}]'::jsonb);
INSERT INTO public.metric_cards (id,project_id,title,description,category,position_x,position_y,created_by,data) VALUES ('e8dfd5af-72ce-43a7-a819-c0c4198e5505','95604609-2c81-495e-b5e7-1930d1f392d2','Local Marketing Reach','','Data/Metric',-850,1000,'user_30uQARGezqSApAChPSGSwFyUy85','[{"period":"2025-12","value":84005,"change_percent":0,"trend":"neutral"},{"period":"2026-01","value":87944,"change_percent":4.7,"trend":"up"},{"period":"2026-02","value":91049,"change_percent":3.5,"trend":"up"},{"period":"2026-03","value":96089,"change_percent":5.5,"trend":"up"},{"period":"2026-04","value":98646,"change_percent":2.7,"trend":"up"},{"period":"2026-05","value":100177,"change_percent":1.6,"trend":"up"},{"period":"2026-06","value":102035,"change_percent":1.9,"trend":"up"}]'::jsonb);
INSERT INTO public.metric_cards (id,project_id,title,description,category,position_x,position_y,created_by,data) VALUES ('84c5ef61-f248-4571-b552-50c2c04f2812','95604609-2c81-495e-b5e7-1930d1f392d2','Local Social Awareness','Reach × engagement','Data/Metric',-510,1000,'user_30uQARGezqSApAChPSGSwFyUy85','[{"period":"2025-12","value":2125,"change_percent":0,"trend":"neutral"},{"period":"2026-01","value":2221,"change_percent":4.5,"trend":"up"},{"period":"2026-02","value":2364,"change_percent":6.4,"trend":"up"},{"period":"2026-03","value":2481,"change_percent":4.9,"trend":"up"},{"period":"2026-04","value":2596,"change_percent":4.6,"trend":"up"},{"period":"2026-05","value":2731,"change_percent":5.2,"trend":"up"},{"period":"2026-06","value":2870,"change_percent":5.1,"trend":"up"}]'::jsonb);
INSERT INTO public.metric_cards (id,project_id,title,description,category,position_x,position_y,created_by,data) VALUES ('8db38493-fe3f-43ba-9e08-dc8287c45ece','95604609-2c81-495e-b5e7-1930d1f392d2','Social Reach / Followers','','Data/Metric',-510,1200,'user_30uQARGezqSApAChPSGSwFyUy85','[{"period":"2025-12","value":2076,"change_percent":0,"trend":"neutral"},{"period":"2026-01","value":2170,"change_percent":4.5,"trend":"up"},{"period":"2026-02","value":2236,"change_percent":3,"trend":"up"},{"period":"2026-03","value":2338,"change_percent":4.6,"trend":"up"},{"period":"2026-04","value":2480,"change_percent":6.1,"trend":"up"},{"period":"2026-05","value":2606,"change_percent":5.1,"trend":"up"},{"period":"2026-06","value":2670,"change_percent":2.5,"trend":"up"}]'::jsonb);
INSERT INTO public.metric_cards (id,project_id,title,description,category,position_x,position_y,created_by,data) VALUES ('7ef21d9f-c1d5-4980-a67a-d871c67848f4','95604609-2c81-495e-b5e7-1930d1f392d2','Social Engagement','','Data/Metric',-170,1200,'user_30uQARGezqSApAChPSGSwFyUy85','[{"period":"2025-12","value":3046,"change_percent":0,"trend":"neutral"},{"period":"2026-01","value":3182,"change_percent":4.5,"trend":"up"},{"period":"2026-02","value":3430,"change_percent":7.8,"trend":"up"},{"period":"2026-03","value":3608,"change_percent":5.2,"trend":"up"},{"period":"2026-04","value":3783,"change_percent":4.9,"trend":"up"},{"period":"2026-05","value":4098,"change_percent":8.3,"trend":"up"},{"period":"2026-06","value":4370,"change_percent":6.6,"trend":"up"}]'::jsonb);
INSERT INTO public.metric_cards (id,project_id,title,description,category,position_x,position_y,created_by,data) VALUES ('5dac9bd4-8c1c-483b-bea6-f55f8b099f64','95604609-2c81-495e-b5e7-1930d1f392d2','In-store Events / Promos','','Data/Metric',-680,800,'user_30uQARGezqSApAChPSGSwFyUy85','[{"period":"2025-12","value":1683,"change_percent":0,"trend":"neutral"},{"period":"2026-01","value":1807,"change_percent":7.4,"trend":"up"},{"period":"2026-02","value":1928,"change_percent":6.7,"trend":"up"},{"period":"2026-03","value":2056,"change_percent":6.6,"trend":"up"},{"period":"2026-04","value":2248,"change_percent":9.3,"trend":"up"},{"period":"2026-05","value":2450,"change_percent":9,"trend":"up"},{"period":"2026-06","value":2654,"change_percent":8.3,"trend":"up"}]'::jsonb);
INSERT INTO public.metric_cards (id,project_id,title,description,category,position_x,position_y,created_by,data) VALUES ('25ecaa2e-98e1-4e9d-a6cf-8dc1a64f51e9','95604609-2c81-495e-b5e7-1930d1f392d2','Seasonality / Weather','','Data/Metric',-170,1000,'user_30uQARGezqSApAChPSGSwFyUy85','[{"period":"2025-12","value":3562,"change_percent":0,"trend":"neutral"},{"period":"2026-01","value":3726,"change_percent":4.6,"trend":"up"},{"period":"2026-02","value":3763,"change_percent":1,"trend":"neutral"},{"period":"2026-03","value":3756,"change_percent":-0.2,"trend":"neutral"},{"period":"2026-04","value":3871,"change_percent":3.1,"trend":"up"},{"period":"2026-05","value":4008,"change_percent":3.5,"trend":"up"},{"period":"2026-06","value":4081,"change_percent":1.8,"trend":"up"}]'::jsonb);
INSERT INTO public.metric_cards (id,project_id,title,description,category,position_x,position_y,created_by,data) VALUES ('46ff880e-9508-4c79-b5e8-3d54fab190d2','95604609-2c81-495e-b5e7-1930d1f392d2','Staff : Customer Ratio','','Data/Metric',-340,800,'user_30uQARGezqSApAChPSGSwFyUy85','[{"period":"2025-12","value":29.2,"change_percent":0,"trend":"neutral"},{"period":"2026-01","value":30.1,"change_percent":3.1,"trend":"up"},{"period":"2026-02","value":31.5,"change_percent":4.7,"trend":"up"},{"period":"2026-03","value":32.9,"change_percent":4.4,"trend":"up"},{"period":"2026-04","value":33.4,"change_percent":1.5,"trend":"up"},{"period":"2026-05","value":34.7,"change_percent":3.9,"trend":"up"},{"period":"2026-06","value":35.9,"change_percent":3.5,"trend":"up"}]'::jsonb);
INSERT INTO public.metric_cards (id,project_id,title,description,category,position_x,position_y,created_by,data) VALUES ('d0a492ca-8455-4518-9967-03ae10eb8845','95604609-2c81-495e-b5e7-1930d1f392d2','Product Availability %','','Data/Metric',0,800,'user_30uQARGezqSApAChPSGSwFyUy85','[{"period":"2025-12","value":29.8,"change_percent":0,"trend":"neutral"},{"period":"2026-01","value":30.1,"change_percent":1,"trend":"neutral"},{"period":"2026-02","value":30.1,"change_percent":0,"trend":"neutral"},{"period":"2026-03","value":31.4,"change_percent":4.3,"trend":"up"},{"period":"2026-04","value":32.3,"change_percent":2.9,"trend":"up"},{"period":"2026-05","value":33.7,"change_percent":4.3,"trend":"up"},{"period":"2026-06","value":34.1,"change_percent":1.2,"trend":"up"}]'::jsonb);
INSERT INTO public.metric_cards (id,project_id,title,description,category,position_x,position_y,created_by,data) VALUES ('169a0406-f927-4867-8927-92d82cf66fe1','95604609-2c81-495e-b5e7-1930d1f392d2','Avg Queue Time','','Data/Metric',340,800,'user_30uQARGezqSApAChPSGSwFyUy85','[{"period":"2025-12","value":4590,"change_percent":0,"trend":"neutral"},{"period":"2026-01","value":4365,"change_percent":-4.9,"trend":"down"},{"period":"2026-02","value":4290,"change_percent":-1.7,"trend":"down"},{"period":"2026-03","value":4139,"change_percent":-3.5,"trend":"down"},{"period":"2026-04","value":4034,"change_percent":-2.5,"trend":"down"},{"period":"2026-05","value":3833,"change_percent":-5,"trend":"down"},{"period":"2026-06","value":3689,"change_percent":-3.8,"trend":"down"}]'::jsonb);
INSERT INTO public.metric_cards (id,project_id,title,description,category,position_x,position_y,created_by,data) VALUES ('d2261f4b-13dd-4108-8d0d-f3064238c672','95604609-2c81-495e-b5e7-1930d1f392d2','Loyalty Members','','Data/Metric',170,1000,'user_30uQARGezqSApAChPSGSwFyUy85','[{"period":"2025-12","value":20690,"change_percent":0,"trend":"neutral"},{"period":"2026-01","value":21488,"change_percent":3.9,"trend":"up"},{"period":"2026-02","value":22133,"change_percent":3,"trend":"up"},{"period":"2026-03","value":22920,"change_percent":3.6,"trend":"up"},{"period":"2026-04","value":23848,"change_percent":4,"trend":"up"},{"period":"2026-05","value":24418,"change_percent":2.4,"trend":"up"},{"period":"2026-06","value":24990,"change_percent":2.3,"trend":"up"}]'::jsonb);
INSERT INTO public.metric_cards (id,project_id,title,description,category,position_x,position_y,created_by,data) VALUES ('966b8cf9-71f2-4666-9111-b0ba28033eaf','95604609-2c81-495e-b5e7-1930d1f392d2','Repeat Visit Rate','','Data/Metric',680,800,'user_30uQARGezqSApAChPSGSwFyUy85','[{"period":"2025-12","value":36.5,"change_percent":0,"trend":"neutral"},{"period":"2026-01","value":37.7,"change_percent":3.3,"trend":"up"},{"period":"2026-02","value":39.7,"change_percent":5.3,"trend":"up"},{"period":"2026-03","value":41.1,"change_percent":3.5,"trend":"up"},{"period":"2026-04","value":43.6,"change_percent":6.1,"trend":"up"},{"period":"2026-05","value":45.9,"change_percent":5.3,"trend":"up"},{"period":"2026-06","value":48.5,"change_percent":5.7,"trend":"up"}]'::jsonb);
INSERT INTO public.metric_cards (id,project_id,title,description,category,position_x,position_y,created_by,data) VALUES ('ea3c753c-6393-4139-9603-08dcd15080fe','95604609-2c81-495e-b5e7-1930d1f392d2','Customer Satisfaction (NPS)','','Data/Metric',510,1000,'user_30uQARGezqSApAChPSGSwFyUy85','[{"period":"2025-12","value":47.4,"change_percent":0,"trend":"neutral"},{"period":"2026-01","value":51.1,"change_percent":7.8,"trend":"up"},{"period":"2026-02","value":53.5,"change_percent":4.7,"trend":"up"},{"period":"2026-03","value":58.1,"change_percent":8.6,"trend":"up"},{"period":"2026-04","value":63,"change_percent":8.4,"trend":"up"},{"period":"2026-05","value":66.7,"change_percent":5.9,"trend":"up"},{"period":"2026-06","value":71.6,"change_percent":7.3,"trend":"up"}]'::jsonb);
INSERT INTO public.metric_cards (id,project_id,title,description,category,position_x,position_y,created_by,data) VALUES ('38d78de2-9917-4dd3-b001-c0477d6abb96','95604609-2c81-495e-b5e7-1930d1f392d2','Total Costs','','Data/Metric',0,200,'user_30uQARGezqSApAChPSGSwFyUy85','[{"period":"2025-12","value":276891,"change_percent":0,"trend":"neutral"},{"period":"2026-01","value":261757,"change_percent":-5.5,"trend":"down"},{"period":"2026-02","value":252920,"change_percent":-3.4,"trend":"down"},{"period":"2026-03","value":242276,"change_percent":-4.2,"trend":"down"},{"period":"2026-04","value":233043,"change_percent":-3.8,"trend":"down"},{"period":"2026-05","value":223189,"change_percent":-4.2,"trend":"down"},{"period":"2026-06","value":211913,"change_percent":-5.1,"trend":"down"}]'::jsonb);
INSERT INTO public.metric_cards (id,project_id,title,description,category,position_x,position_y,created_by,data) VALUES ('22b944fe-885d-40a7-8b84-9aa6a3bb4aae','95604609-2c81-495e-b5e7-1930d1f392d2','COGS','','Data/Metric',-510,400,'user_30uQARGezqSApAChPSGSwFyUy85','[{"period":"2025-12","value":212481,"change_percent":0,"trend":"neutral"},{"period":"2026-01","value":200402,"change_percent":-5.7,"trend":"down"},{"period":"2026-02","value":194303,"change_percent":-3,"trend":"down"},{"period":"2026-03","value":188300,"change_percent":-3.1,"trend":"down"},{"period":"2026-04","value":179253,"change_percent":-4.8,"trend":"down"},{"period":"2026-05","value":168210,"change_percent":-6.2,"trend":"down"},{"period":"2026-06","value":157322,"change_percent":-6.5,"trend":"down"}]'::jsonb);
INSERT INTO public.metric_cards (id,project_id,title,description,category,position_x,position_y,created_by,data) VALUES ('5d4eaaf2-489a-4024-b2cc-226685516a25','95604609-2c81-495e-b5e7-1930d1f392d2','Gross Margin %','','Data/Metric',340,200,'user_30uQARGezqSApAChPSGSwFyUy85','[{"period":"2025-12","value":34.1,"change_percent":0,"trend":"neutral"},{"period":"2026-01","value":36.4,"change_percent":6.7,"trend":"up"},{"period":"2026-02","value":39.2,"change_percent":7.7,"trend":"up"},{"period":"2026-03","value":42.7,"change_percent":8.9,"trend":"up"},{"period":"2026-04","value":45.7,"change_percent":7,"trend":"up"},{"period":"2026-05","value":48.4,"change_percent":5.9,"trend":"up"},{"period":"2026-06","value":51.1,"change_percent":5.6,"trend":"up"}]'::jsonb);
INSERT INTO public.metric_cards (id,project_id,title,description,category,position_x,position_y,created_by,data) VALUES ('4e396286-c58c-4422-9f9f-0698ae06a8ac','95604609-2c81-495e-b5e7-1930d1f392d2','Rent','','Data/Metric',-170,400,'user_30uQARGezqSApAChPSGSwFyUy85','[{"period":"2025-12","value":399100,"change_percent":0,"trend":"neutral"},{"period":"2026-01","value":409138,"change_percent":2.5,"trend":"up"},{"period":"2026-02","value":427206,"change_percent":4.4,"trend":"up"},{"period":"2026-03","value":438596,"change_percent":2.7,"trend":"up"},{"period":"2026-04","value":450287,"change_percent":2.7,"trend":"up"},{"period":"2026-05","value":462845,"change_percent":2.8,"trend":"up"},{"period":"2026-06","value":487688,"change_percent":5.4,"trend":"up"}]'::jsonb);
INSERT INTO public.metric_cards (id,project_id,title,description,category,position_x,position_y,created_by,data) VALUES ('92913675-258e-4874-b9f8-0eb32ef2459f','95604609-2c81-495e-b5e7-1930d1f392d2','Labor Cost','','Data/Metric',170,400,'user_30uQARGezqSApAChPSGSwFyUy85','[{"period":"2025-12","value":756392,"change_percent":0,"trend":"neutral"},{"period":"2026-01","value":731457,"change_percent":-3.3,"trend":"down"},{"period":"2026-02","value":712115,"change_percent":-2.6,"trend":"down"},{"period":"2026-03","value":698630,"change_percent":-1.9,"trend":"down"},{"period":"2026-04","value":676865,"change_percent":-3.1,"trend":"down"},{"period":"2026-05","value":658037,"change_percent":-2.8,"trend":"down"},{"period":"2026-06","value":651322,"change_percent":-1,"trend":"neutral"}]'::jsonb);
INSERT INTO public.metric_cards (id,project_id,title,description,category,position_x,position_y,created_by,data) VALUES ('3d367485-3b68-45a4-bcfa-38e8b2142511','95604609-2c81-495e-b5e7-1930d1f392d2','Staff Hours','','Data/Metric',850,1000,'user_30uQARGezqSApAChPSGSwFyUy85','[{"period":"2025-12","value":3726,"change_percent":0,"trend":"neutral"},{"period":"2026-01","value":3846,"change_percent":3.2,"trend":"up"},{"period":"2026-02","value":3997,"change_percent":3.9,"trend":"up"},{"period":"2026-03","value":4240,"change_percent":6.1,"trend":"up"},{"period":"2026-04","value":4480,"change_percent":5.7,"trend":"up"},{"period":"2026-05","value":4633,"change_percent":3.4,"trend":"up"},{"period":"2026-06","value":4830,"change_percent":4.3,"trend":"up"}]'::jsonb);
INSERT INTO public.metric_cards (id,project_id,title,description,category,position_x,position_y,created_by,data) VALUES ('06b19484-a087-462f-981d-7d464e59f67e','95604609-2c81-495e-b5e7-1930d1f392d2','Avg Wage','','Data/Metric',850,600,'user_30uQARGezqSApAChPSGSwFyUy85','[{"period":"2025-12","value":378113,"change_percent":0,"trend":"neutral"},{"period":"2026-01","value":403463,"change_percent":6.7,"trend":"up"},{"period":"2026-02","value":434007,"change_percent":7.6,"trend":"up"},{"period":"2026-03","value":455815,"change_percent":5,"trend":"up"},{"period":"2026-04","value":499649,"change_percent":9.6,"trend":"up"},{"period":"2026-05","value":526777,"change_percent":5.4,"trend":"up"},{"period":"2026-06","value":575031,"change_percent":9.2,"trend":"up"}]'::jsonb);
INSERT INTO public.metric_cards (id,project_id,title,description,category,position_x,position_y,created_by,data) VALUES ('4223f162-23ac-476b-8f1d-5a9d710dda32','95604609-2c81-495e-b5e7-1930d1f392d2','Utilities','','Data/Metric',510,400,'user_30uQARGezqSApAChPSGSwFyUy85','[{"period":"2025-12","value":4783,"change_percent":0,"trend":"neutral"},{"period":"2026-01","value":4869,"change_percent":1.8,"trend":"up"},{"period":"2026-02","value":5045,"change_percent":3.6,"trend":"up"},{"period":"2026-03","value":5186,"change_percent":2.8,"trend":"up"},{"period":"2026-04","value":5509,"change_percent":6.2,"trend":"up"},{"period":"2026-05","value":5670,"change_percent":2.9,"trend":"up"},{"period":"2026-06","value":5965,"change_percent":5.2,"trend":"up"}]'::jsonb);
INSERT INTO public.metric_cards (id,project_id,title,description,category,position_x,position_y,created_by,data) VALUES ('0562d5dc-2092-4bcc-9a86-af7e723d81ad','95604609-2c81-495e-b5e7-1930d1f392d2','Shrinkage (loss/theft)','','Data/Metric',850,400,'user_30uQARGezqSApAChPSGSwFyUy85','[{"period":"2025-12","value":1287,"change_percent":0,"trend":"neutral"},{"period":"2026-01","value":1193,"change_percent":-7.3,"trend":"down"},{"period":"2026-02","value":1119,"change_percent":-6.2,"trend":"down"},{"period":"2026-03","value":1010,"change_percent":-9.7,"trend":"down"},{"period":"2026-04","value":922,"change_percent":-8.7,"trend":"down"},{"period":"2026-05","value":829,"change_percent":-10.1,"trend":"down"},{"period":"2026-06","value":776,"change_percent":-6.4,"trend":"down"}]'::jsonb);
INSERT INTO public.metric_cards (id,project_id,title,description,category,position_x,position_y,created_by,data) VALUES ('e6704776-017e-413e-a4b2-8ec0479c6a54','95604609-2c81-495e-b5e7-1930d1f392d2','Marketing Spend','','Data/Metric',1190,400,'user_30uQARGezqSApAChPSGSwFyUy85','[{"period":"2025-12","value":550054,"change_percent":0,"trend":"neutral"},{"period":"2026-01","value":568474,"change_percent":3.3,"trend":"up"},{"period":"2026-02","value":598906,"change_percent":5.4,"trend":"up"},{"period":"2026-03","value":612808,"change_percent":2.3,"trend":"up"},{"period":"2026-04","value":622369,"change_percent":1.6,"trend":"up"},{"period":"2026-05","value":655332,"change_percent":5.3,"trend":"up"},{"period":"2026-06","value":685966,"change_percent":4.7,"trend":"up"}]'::jsonb);
INSERT INTO public.metric_cards (id,project_id,title,description,category,position_x,position_y,created_by,data) VALUES ('e7897356-5c9d-43dd-bc68-f34af8b11c27','95604609-2c81-495e-b5e7-1930d1f392d2','Staff sales training','','Work/Action',1020,800,'user_30uQARGezqSApAChPSGSwFyUy85','[]'::jsonb);
INSERT INTO public.metric_cards (id,project_id,title,description,category,position_x,position_y,created_by,data) VALUES ('9ff8a188-8803-4645-81b4-576ff82f2fb9','95604609-2c81-495e-b5e7-1930d1f392d2','Loyalty program','','Work/Action',170,1200,'user_30uQARGezqSApAChPSGSwFyUy85','[]'::jsonb);
INSERT INTO public.metric_cards (id,project_id,title,description,category,position_x,position_y,created_by,data) VALUES ('da304b33-4a59-4e8b-a3a4-67ad215e1353','95604609-2c81-495e-b5e7-1930d1f392d2','Refresh window display','','Work/Action',510,1200,'user_30uQARGezqSApAChPSGSwFyUy85','[]'::jsonb);
INSERT INTO public.metric_cards (id,project_id,title,description,category,position_x,position_y,created_by,data) VALUES ('35cacfed-2970-4b89-b444-9fd3d98672f9','95604609-2c81-495e-b5e7-1930d1f392d2','Local social campaign','','Work/Action',0,1400,'user_30uQARGezqSApAChPSGSwFyUy85','[]'::jsonb);
INSERT INTO public.metric_cards (id,project_id,title,description,category,position_x,position_y,created_by,data) VALUES ('33266190-2842-4994-97f2-150ffab3e78b','95604609-2c81-495e-b5e7-1930d1f392d2','Optimize store layout','','Work/Action',1360,800,'user_30uQARGezqSApAChPSGSwFyUy85','[]'::jsonb);
INSERT INTO public.metric_cards (id,project_id,title,description,category,position_x,position_y,created_by,data) VALUES ('3b7638e2-5719-441f-96b7-c3dd946ffa65','95604609-2c81-495e-b5e7-1930d1f392d2','Weekend events lift foot traffic','','Ideas/Hypothesis',1190,1000,'user_30uQARGezqSApAChPSGSwFyUy85','[]'::jsonb);
INSERT INTO public.metric_cards (id,project_id,title,description,category,position_x,position_y,created_by,data) VALUES ('fea00d1d-07fe-4453-9261-a5d5f8c144ec','95604609-2c81-495e-b5e7-1930d1f392d2','More staff lifts conversion','','Ideas/Hypothesis',1530,1000,'user_30uQARGezqSApAChPSGSwFyUy85','[]'::jsonb);
INSERT INTO public.relationships (id,project_id,source_id,target_id,type,confidence,weight,created_by) VALUES ('931aca0d-8e2c-42b2-9672-214e96c53834','95604609-2c81-495e-b5e7-1930d1f392d2','12295565-29f1-4234-99a2-2c2e6ba7f67b','141e7f5f-117b-46ef-b7e4-79a6ac5160cb','Compositional','High',95,'user_30uQARGezqSApAChPSGSwFyUy85');
INSERT INTO public.relationships (id,project_id,source_id,target_id,type,confidence,weight,created_by) VALUES ('1f80d5fb-576f-49a1-907a-91f9982f5a7f','95604609-2c81-495e-b5e7-1930d1f392d2','38d78de2-9917-4dd3-b001-c0477d6abb96','141e7f5f-117b-46ef-b7e4-79a6ac5160cb','Compositional','High',90,'user_30uQARGezqSApAChPSGSwFyUy85');
INSERT INTO public.relationships (id,project_id,source_id,target_id,type,confidence,weight,created_by) VALUES ('e1ba0b38-77fc-4bf9-971d-ea68707ba39d','95604609-2c81-495e-b5e7-1930d1f392d2','5d4eaaf2-489a-4024-b2cc-226685516a25','141e7f5f-117b-46ef-b7e4-79a6ac5160cb','Causal','High',70,'user_30uQARGezqSApAChPSGSwFyUy85');
INSERT INTO public.relationships (id,project_id,source_id,target_id,type,confidence,weight,created_by) VALUES ('b6338234-08b9-4fc3-b973-8bd461cd606e','95604609-2c81-495e-b5e7-1930d1f392d2','d6dc7ed1-8918-423d-8e34-4ac60cc9724b','12295565-29f1-4234-99a2-2c2e6ba7f67b','Deterministic','High',95,'user_30uQARGezqSApAChPSGSwFyUy85');
INSERT INTO public.relationships (id,project_id,source_id,target_id,type,confidence,weight,created_by) VALUES ('51920643-a87b-48da-b46c-4da5328cc4cc','95604609-2c81-495e-b5e7-1930d1f392d2','e55bc049-5b40-4d1f-a920-7f57cecef6e6','12295565-29f1-4234-99a2-2c2e6ba7f67b','Deterministic','High',90,'user_30uQARGezqSApAChPSGSwFyUy85');
INSERT INTO public.relationships (id,project_id,source_id,target_id,type,confidence,weight,created_by) VALUES ('50f7cd4b-fde0-4483-a721-ba2d0be5bd93','95604609-2c81-495e-b5e7-1930d1f392d2','6922ca8f-0586-4afb-9858-b204f76027af','d6dc7ed1-8918-423d-8e34-4ac60cc9724b','Deterministic','High',90,'user_30uQARGezqSApAChPSGSwFyUy85');
INSERT INTO public.relationships (id,project_id,source_id,target_id,type,confidence,weight,created_by) VALUES ('bb41e3cc-f446-4b55-8b70-f5042ca1ba67','95604609-2c81-495e-b5e7-1930d1f392d2','54b22024-aa10-4cb8-816f-2191f0ac5bc0','d6dc7ed1-8918-423d-8e34-4ac60cc9724b','Probabilistic','High',85,'user_30uQARGezqSApAChPSGSwFyUy85');
INSERT INTO public.relationships (id,project_id,source_id,target_id,type,confidence,weight,created_by) VALUES ('eaccf765-2daf-4b4f-87ab-c0ef49c4f7f6','95604609-2c81-495e-b5e7-1930d1f392d2','88f472aa-a247-4358-a9cd-f4b81a075dd3','e55bc049-5b40-4d1f-a920-7f57cecef6e6','Deterministic','High',80,'user_30uQARGezqSApAChPSGSwFyUy85');
INSERT INTO public.relationships (id,project_id,source_id,target_id,type,confidence,weight,created_by) VALUES ('fdfe6b9e-ee0f-4dd8-8898-50da152aa7f1','95604609-2c81-495e-b5e7-1930d1f392d2','60fe0e18-688f-4c99-b3e8-6d7fe66bf389','e55bc049-5b40-4d1f-a920-7f57cecef6e6','Deterministic','High',75,'user_30uQARGezqSApAChPSGSwFyUy85');
INSERT INTO public.relationships (id,project_id,source_id,target_id,type,confidence,weight,created_by) VALUES ('9d9762ee-8c33-4784-a62d-1877d37a213e','95604609-2c81-495e-b5e7-1930d1f392d2','5910bfe7-45a8-4f48-bac3-86cef970f269','e55bc049-5b40-4d1f-a920-7f57cecef6e6','Causal','High',55,'user_30uQARGezqSApAChPSGSwFyUy85');
INSERT INTO public.relationships (id,project_id,source_id,target_id,type,confidence,weight,created_by) VALUES ('51d4111c-d60d-4c93-9823-2d7c9c1ed72d','95604609-2c81-495e-b5e7-1930d1f392d2','83161c12-eaa0-4219-b026-7cb250fc02f8','6922ca8f-0586-4afb-9858-b204f76027af','Deterministic','High',80,'user_30uQARGezqSApAChPSGSwFyUy85');
INSERT INTO public.relationships (id,project_id,source_id,target_id,type,confidence,weight,created_by) VALUES ('b2f7e54f-aed5-4921-b783-ea03d4f202e2','95604609-2c81-495e-b5e7-1930d1f392d2','9717e008-b774-4556-af8b-68a1af938dc1','6922ca8f-0586-4afb-9858-b204f76027af','Probabilistic','High',75,'user_30uQARGezqSApAChPSGSwFyUy85');
INSERT INTO public.relationships (id,project_id,source_id,target_id,type,confidence,weight,created_by) VALUES ('40dc5401-7654-436c-8b03-e8dee763a041','95604609-2c81-495e-b5e7-1930d1f392d2','5bc7ee9c-dcf1-4ed2-85ac-bd706c9298d4','9717e008-b774-4556-af8b-68a1af938dc1','Causal','High',70,'user_30uQARGezqSApAChPSGSwFyUy85');
INSERT INTO public.relationships (id,project_id,source_id,target_id,type,confidence,weight,created_by) VALUES ('61297af5-1e8a-429d-a957-4da12350e479','95604609-2c81-495e-b5e7-1930d1f392d2','cdf21d80-a55f-4a55-8a8c-eac4288fd064','9717e008-b774-4556-af8b-68a1af938dc1','Causal','High',60,'user_30uQARGezqSApAChPSGSwFyUy85');
INSERT INTO public.relationships (id,project_id,source_id,target_id,type,confidence,weight,created_by) VALUES ('3be58bee-fe59-40cf-b38d-55ff82febdd8','95604609-2c81-495e-b5e7-1930d1f392d2','e8dfd5af-72ce-43a7-a819-c0c4198e5505','83161c12-eaa0-4219-b026-7cb250fc02f8','Causal','High',55,'user_30uQARGezqSApAChPSGSwFyUy85');
INSERT INTO public.relationships (id,project_id,source_id,target_id,type,confidence,weight,created_by) VALUES ('a24c31b0-3db4-480b-af4a-6877d4a0e195','95604609-2c81-495e-b5e7-1930d1f392d2','84c5ef61-f248-4571-b552-50c2c04f2812','83161c12-eaa0-4219-b026-7cb250fc02f8','Causal','High',50,'user_30uQARGezqSApAChPSGSwFyUy85');
INSERT INTO public.relationships (id,project_id,source_id,target_id,type,confidence,weight,created_by) VALUES ('a9e894c8-e15d-4dc2-a594-4fd289808064','95604609-2c81-495e-b5e7-1930d1f392d2','8db38493-fe3f-43ba-9e08-dc8287c45ece','84c5ef61-f248-4571-b552-50c2c04f2812','Causal','High',65,'user_30uQARGezqSApAChPSGSwFyUy85');
INSERT INTO public.relationships (id,project_id,source_id,target_id,type,confidence,weight,created_by) VALUES ('5e614bd5-657d-46e3-9911-9540153ca308','95604609-2c81-495e-b5e7-1930d1f392d2','7ef21d9f-c1d5-4980-a67a-d871c67848f4','84c5ef61-f248-4571-b552-50c2c04f2812','Causal','High',55,'user_30uQARGezqSApAChPSGSwFyUy85');
INSERT INTO public.relationships (id,project_id,source_id,target_id,type,confidence,weight,created_by) VALUES ('6f0742f1-929e-42f0-ac80-2c67682c9b9f','95604609-2c81-495e-b5e7-1930d1f392d2','5dac9bd4-8c1c-483b-bea6-f55f8b099f64','6922ca8f-0586-4afb-9858-b204f76027af','Causal','High',60,'user_30uQARGezqSApAChPSGSwFyUy85');
INSERT INTO public.relationships (id,project_id,source_id,target_id,type,confidence,weight,created_by) VALUES ('33129fbd-53b4-4ed1-bb81-7542964fce8a','95604609-2c81-495e-b5e7-1930d1f392d2','25ecaa2e-98e1-4e9d-a6cf-8dc1a64f51e9','83161c12-eaa0-4219-b026-7cb250fc02f8','Causal','High',50,'user_30uQARGezqSApAChPSGSwFyUy85');
INSERT INTO public.relationships (id,project_id,source_id,target_id,type,confidence,weight,created_by) VALUES ('c777d057-fb66-4bd2-aa2b-65de0f619b42','95604609-2c81-495e-b5e7-1930d1f392d2','46ff880e-9508-4c79-b5e8-3d54fab190d2','54b22024-aa10-4cb8-816f-2191f0ac5bc0','Causal','High',70,'user_30uQARGezqSApAChPSGSwFyUy85');
INSERT INTO public.relationships (id,project_id,source_id,target_id,type,confidence,weight,created_by) VALUES ('6273b8a9-b2eb-42f3-9b1a-69d717d8734e','95604609-2c81-495e-b5e7-1930d1f392d2','d0a492ca-8455-4518-9967-03ae10eb8845','54b22024-aa10-4cb8-816f-2191f0ac5bc0','Causal','High',70,'user_30uQARGezqSApAChPSGSwFyUy85');
INSERT INTO public.relationships (id,project_id,source_id,target_id,type,confidence,weight,created_by) VALUES ('50b5d070-4aec-4055-b152-e3f28724eced','95604609-2c81-495e-b5e7-1930d1f392d2','169a0406-f927-4867-8927-92d82cf66fe1','54b22024-aa10-4cb8-816f-2191f0ac5bc0','Causal','High',60,'user_30uQARGezqSApAChPSGSwFyUy85');
INSERT INTO public.relationships (id,project_id,source_id,target_id,type,confidence,weight,created_by) VALUES ('08b3d358-75aa-4578-b8a5-7149741a8ecb','95604609-2c81-495e-b5e7-1930d1f392d2','d2261f4b-13dd-4108-8d0d-f3064238c672','966b8cf9-71f2-4666-9111-b0ba28033eaf','Causal','High',70,'user_30uQARGezqSApAChPSGSwFyUy85');
INSERT INTO public.relationships (id,project_id,source_id,target_id,type,confidence,weight,created_by) VALUES ('ed3ab7c7-1d7e-4956-9acf-996ee425a4c3','95604609-2c81-495e-b5e7-1930d1f392d2','966b8cf9-71f2-4666-9111-b0ba28033eaf','6922ca8f-0586-4afb-9858-b204f76027af','Causal','High',55,'user_30uQARGezqSApAChPSGSwFyUy85');
INSERT INTO public.relationships (id,project_id,source_id,target_id,type,confidence,weight,created_by) VALUES ('2e7caa8f-d7b1-4a2b-a533-fd988b7c0538','95604609-2c81-495e-b5e7-1930d1f392d2','ea3c753c-6393-4139-9603-08dcd15080fe','966b8cf9-71f2-4666-9111-b0ba28033eaf','Causal','High',60,'user_30uQARGezqSApAChPSGSwFyUy85');
INSERT INTO public.relationships (id,project_id,source_id,target_id,type,confidence,weight,created_by) VALUES ('d482032c-ff5f-4df7-b844-6f95dca48314','95604609-2c81-495e-b5e7-1930d1f392d2','22b944fe-885d-40a7-8b84-9aa6a3bb4aae','38d78de2-9917-4dd3-b001-c0477d6abb96','Compositional','High',80,'user_30uQARGezqSApAChPSGSwFyUy85');
INSERT INTO public.relationships (id,project_id,source_id,target_id,type,confidence,weight,created_by) VALUES ('a8b18d19-61ce-4e07-93d5-305de2438319','95604609-2c81-495e-b5e7-1930d1f392d2','4e396286-c58c-4422-9f9f-0698ae06a8ac','38d78de2-9917-4dd3-b001-c0477d6abb96','Compositional','High',70,'user_30uQARGezqSApAChPSGSwFyUy85');
INSERT INTO public.relationships (id,project_id,source_id,target_id,type,confidence,weight,created_by) VALUES ('06b1e0d5-c659-4fbd-99ae-d2afa0785820','95604609-2c81-495e-b5e7-1930d1f392d2','92913675-258e-4874-b9f8-0eb32ef2459f','38d78de2-9917-4dd3-b001-c0477d6abb96','Compositional','High',75,'user_30uQARGezqSApAChPSGSwFyUy85');
INSERT INTO public.relationships (id,project_id,source_id,target_id,type,confidence,weight,created_by) VALUES ('73233222-1de8-4b3b-81cf-67f7bb50136c','95604609-2c81-495e-b5e7-1930d1f392d2','3d367485-3b68-45a4-bcfa-38e8b2142511','92913675-258e-4874-b9f8-0eb32ef2459f','Deterministic','High',80,'user_30uQARGezqSApAChPSGSwFyUy85');
INSERT INTO public.relationships (id,project_id,source_id,target_id,type,confidence,weight,created_by) VALUES ('0547f83e-f3a4-4aef-9128-53ec3d052874','95604609-2c81-495e-b5e7-1930d1f392d2','06b19484-a087-462f-981d-7d464e59f67e','92913675-258e-4874-b9f8-0eb32ef2459f','Deterministic','High',70,'user_30uQARGezqSApAChPSGSwFyUy85');
INSERT INTO public.relationships (id,project_id,source_id,target_id,type,confidence,weight,created_by) VALUES ('3b1bfca4-f349-4f74-a6c9-93537de8eb65','95604609-2c81-495e-b5e7-1930d1f392d2','4223f162-23ac-476b-8f1d-5a9d710dda32','38d78de2-9917-4dd3-b001-c0477d6abb96','Compositional','High',50,'user_30uQARGezqSApAChPSGSwFyUy85');
INSERT INTO public.relationships (id,project_id,source_id,target_id,type,confidence,weight,created_by) VALUES ('e72404bf-90e6-4b51-95f5-2a6732ef4a94','95604609-2c81-495e-b5e7-1930d1f392d2','0562d5dc-2092-4bcc-9a86-af7e723d81ad','38d78de2-9917-4dd3-b001-c0477d6abb96','Causal','High',55,'user_30uQARGezqSApAChPSGSwFyUy85');
INSERT INTO public.relationships (id,project_id,source_id,target_id,type,confidence,weight,created_by) VALUES ('32ba64c4-fea3-46a5-9c42-34c93eb5123b','95604609-2c81-495e-b5e7-1930d1f392d2','e6704776-017e-413e-a4b2-8ec0479c6a54','38d78de2-9917-4dd3-b001-c0477d6abb96','Compositional','High',60,'user_30uQARGezqSApAChPSGSwFyUy85');
INSERT INTO public.relationships (id,project_id,source_id,target_id,type,confidence,weight,created_by) VALUES ('471f0c39-bc4c-4274-8418-a70e1fcfb7e2','95604609-2c81-495e-b5e7-1930d1f392d2','22b944fe-885d-40a7-8b84-9aa6a3bb4aae','5d4eaaf2-489a-4024-b2cc-226685516a25','Causal','High',75,'user_30uQARGezqSApAChPSGSwFyUy85');
INSERT INTO public.relationships (id,project_id,source_id,target_id,type,confidence,weight,created_by) VALUES ('df46cef8-96b1-41eb-a820-c90d78ad5fac','95604609-2c81-495e-b5e7-1930d1f392d2','3d367485-3b68-45a4-bcfa-38e8b2142511','46ff880e-9508-4c79-b5e8-3d54fab190d2','Causal','High',60,'user_30uQARGezqSApAChPSGSwFyUy85');
INSERT INTO public.relationships (id,project_id,source_id,target_id,type,confidence,weight,created_by) VALUES ('332c23c1-65b1-44a0-87e6-d563a301b5df','95604609-2c81-495e-b5e7-1930d1f392d2','e8dfd5af-72ce-43a7-a819-c0c4198e5505','e6704776-017e-413e-a4b2-8ec0479c6a54','Compositional','High',60,'user_30uQARGezqSApAChPSGSwFyUy85');
INSERT INTO public.relationships (id,project_id,source_id,target_id,type,confidence,weight,created_by) VALUES ('643b17ba-208b-4c1b-9de1-573300270eff','95604609-2c81-495e-b5e7-1930d1f392d2','e7897356-5c9d-43dd-bc68-f34af8b11c27','54b22024-aa10-4cb8-816f-2191f0ac5bc0','Causal','High',70,'user_30uQARGezqSApAChPSGSwFyUy85');
INSERT INTO public.relationships (id,project_id,source_id,target_id,type,confidence,weight,created_by) VALUES ('3c1a5b33-cab2-4f73-8868-a7006617c500','95604609-2c81-495e-b5e7-1930d1f392d2','9ff8a188-8803-4645-81b4-576ff82f2fb9','d2261f4b-13dd-4108-8d0d-f3064238c672','Causal','High',75,'user_30uQARGezqSApAChPSGSwFyUy85');
INSERT INTO public.relationships (id,project_id,source_id,target_id,type,confidence,weight,created_by) VALUES ('3d807597-2127-4d52-bf3c-e0c88b86a0c7','95604609-2c81-495e-b5e7-1930d1f392d2','da304b33-4a59-4e8b-a3a4-67ad215e1353','5bc7ee9c-dcf1-4ed2-85ac-bd706c9298d4','Causal','High',75,'user_30uQARGezqSApAChPSGSwFyUy85');
INSERT INTO public.relationships (id,project_id,source_id,target_id,type,confidence,weight,created_by) VALUES ('a02504bb-4c1c-4069-9703-132a4df47bbd','95604609-2c81-495e-b5e7-1930d1f392d2','35cacfed-2970-4b89-b444-9fd3d98672f9','8db38493-fe3f-43ba-9e08-dc8287c45ece','Causal','High',65,'user_30uQARGezqSApAChPSGSwFyUy85');
INSERT INTO public.relationships (id,project_id,source_id,target_id,type,confidence,weight,created_by) VALUES ('e0a153fc-d3be-43cb-988a-0292060e6721','95604609-2c81-495e-b5e7-1930d1f392d2','33266190-2842-4994-97f2-150ffab3e78b','5910bfe7-45a8-4f48-bac3-86cef970f269','Causal','High',55,'user_30uQARGezqSApAChPSGSwFyUy85');
INSERT INTO public.relationships (id,project_id,source_id,target_id,type,confidence,weight,created_by) VALUES ('f830fba7-71d4-4ff0-9453-c0c46cc4029a','95604609-2c81-495e-b5e7-1930d1f392d2','3b7638e2-5719-441f-96b7-c3dd946ffa65','5dac9bd4-8c1c-483b-bea6-f55f8b099f64','Probabilistic','High',50,'user_30uQARGezqSApAChPSGSwFyUy85');
INSERT INTO public.relationships (id,project_id,source_id,target_id,type,confidence,weight,created_by) VALUES ('4c74f9c7-7916-43e9-9a60-631774160623','95604609-2c81-495e-b5e7-1930d1f392d2','fea00d1d-07fe-4453-9261-a5d5f8c144ec','46ff880e-9508-4c79-b5e8-3d54fab190d2','Probabilistic','High',50,'user_30uQARGezqSApAChPSGSwFyUy85');

COMMIT;
