-- Example metric trees (SaaS / E-commerce / Retail). Owner: user_30uQARGezqSApAChPSGSwFyUy85
-- Re-runnable: deletes prior projects with the same names (cascade) first.
BEGIN;

DELETE FROM public.projects WHERE created_by='user_30uQARGezqSApAChPSGSwFyUy85' AND name='SaaS — Example Metric Tree';
INSERT INTO public.projects (id,name,description,created_by,last_modified_by,is_public,tags,settings) VALUES ('c4fc7d38-8033-4e5e-8e8f-563e8a1a1374','SaaS — Example Metric Tree','Decomposition of profit for a B2B SaaS: ARR/MRR movements, acquisition funnel, channels (incl. social), unit economics, and cost structure.','user_30uQARGezqSApAChPSGSwFyUy85','user_30uQARGezqSApAChPSGSwFyUy85',true,ARRAY['example','template'],'{"dataFlowEdges":[{"id":"3ad5a68d-d9cf-4af9-afaf-656e87934b23","source":"71f855ea-d322-468e-b076-abd9588f98e6","target":"a3b14df3-a08c-4ef6-bab3-2e0830a50afb","type":"dataFlow"},{"id":"fc6536ed-f35b-46d9-9b86-b7920aeb8215","source":"a41ff7c0-d066-44a2-b811-ab8972b39e03","target":"a3b14df3-a08c-4ef6-bab3-2e0830a50afb","type":"dataFlow"},{"id":"6a97556f-9ddb-4efe-a861-f67dad8bcce0","source":"a3b14df3-a08c-4ef6-bab3-2e0830a50afb","target":"125b6267-f66d-4235-9b4c-927b093ac0bf","type":"dataFlow"},{"id":"1c12f69c-f291-4ba0-82b6-360dc4be10ae","source":"a41ff7c0-d066-44a2-b811-ab8972b39e03","target":"a5ded147-3987-4bcb-8c22-0922734add76","type":"dataFlow"},{"id":"06a791ed-be5e-4f8b-b546-285e3ea610a9","source":"125b6267-f66d-4235-9b4c-927b093ac0bf","target":"a5ded147-3987-4bcb-8c22-0922734add76","type":"dataFlow"}]}'::jsonb);
INSERT INTO public.metric_cards (id,project_id,title,description,category,position_x,position_y,created_by,data) VALUES ('cb416c51-bb73-4644-9023-a4c349ccae66','c4fc7d38-8033-4e5e-8e8f-563e8a1a1374','Profit','Revenue − Total Costs','Core/Value',0,0,'user_30uQARGezqSApAChPSGSwFyUy85','[{"period":"2026-01","value":312885,"change_percent":0,"trend":"neutral"},{"period":"2026-02","value":323994,"change_percent":3.6,"trend":"up"},{"period":"2026-03","value":342044,"change_percent":5.6,"trend":"up"},{"period":"2026-04","value":352480,"change_percent":3.1,"trend":"up"},{"period":"2026-05","value":364661,"change_percent":3.5,"trend":"up"},{"period":"2026-06","value":379608,"change_percent":4.1,"trend":"up"},{"period":"2026-07","value":402465,"change_percent":6,"trend":"up"}]'::jsonb);
INSERT INTO public.metric_cards (id,project_id,title,description,category,position_x,position_y,created_by,data) VALUES ('a41ff7c0-d066-44a2-b811-ab8972b39e03','c4fc7d38-8033-4e5e-8e8f-563e8a1a1374','Revenue (ARR)','MRR × 12','Data/Metric',-1190,200,'user_30uQARGezqSApAChPSGSwFyUy85','[{"period":"2026-01","value":46382,"change_percent":0,"trend":"neutral"},{"period":"2026-02","value":49277,"change_percent":6.2,"trend":"up"},{"period":"2026-03","value":52546,"change_percent":6.6,"trend":"up"},{"period":"2026-04","value":55571,"change_percent":5.8,"trend":"up"},{"period":"2026-05","value":60139,"change_percent":8.2,"trend":"up"},{"period":"2026-06","value":64987,"change_percent":8.1,"trend":"up"},{"period":"2026-07","value":69380,"change_percent":6.8,"trend":"up"}]'::jsonb);
INSERT INTO public.metric_cards (id,project_id,title,description,category,position_x,position_y,created_by,data) VALUES ('2cd857c3-54e6-4f9d-b666-601d9c419a7f','c4fc7d38-8033-4e5e-8e8f-563e8a1a1374','MRR','Monthly Recurring Revenue','Data/Metric',-680,400,'user_30uQARGezqSApAChPSGSwFyUy85','[{"period":"2026-01","value":336690,"change_percent":0,"trend":"neutral"},{"period":"2026-02","value":352734,"change_percent":4.8,"trend":"up"},{"period":"2026-03","value":379284,"change_percent":7.5,"trend":"up"},{"period":"2026-04","value":396150,"change_percent":4.4,"trend":"up"},{"period":"2026-05","value":410047,"change_percent":3.5,"trend":"up"},{"period":"2026-06","value":441754,"change_percent":7.7,"trend":"up"},{"period":"2026-07","value":476425,"change_percent":7.8,"trend":"up"}]'::jsonb);
INSERT INTO public.metric_cards (id,project_id,title,description,category,position_x,position_y,created_by,data) VALUES ('ad20aa1a-fa32-48cd-9812-9594b320e2b1','c4fc7d38-8033-4e5e-8e8f-563e8a1a1374','New MRR','New Customers × ARPA','Data/Metric',-1020,600,'user_30uQARGezqSApAChPSGSwFyUy85','[{"period":"2026-01","value":18038,"change_percent":0,"trend":"neutral"},{"period":"2026-02","value":18164,"change_percent":0.7,"trend":"neutral"},{"period":"2026-03","value":18356,"change_percent":1.1,"trend":"up"},{"period":"2026-04","value":18305,"change_percent":-0.3,"trend":"neutral"},{"period":"2026-05","value":18671,"change_percent":2,"trend":"up"},{"period":"2026-06","value":18949,"change_percent":1.5,"trend":"up"},{"period":"2026-07","value":19034,"change_percent":0.4,"trend":"neutral"}]'::jsonb);
INSERT INTO public.metric_cards (id,project_id,title,description,category,position_x,position_y,created_by,data) VALUES ('2dae9b0f-e3e1-44d3-8f00-9fc35e961d95','c4fc7d38-8033-4e5e-8e8f-563e8a1a1374','Expansion MRR','Upsell + cross-sell','Data/Metric',-680,600,'user_30uQARGezqSApAChPSGSwFyUy85','[{"period":"2026-01","value":782623,"change_percent":0,"trend":"neutral"},{"period":"2026-02","value":842368,"change_percent":7.6,"trend":"up"},{"period":"2026-03","value":908604,"change_percent":7.9,"trend":"up"},{"period":"2026-04","value":947374,"change_percent":4.3,"trend":"up"},{"period":"2026-05","value":996340,"change_percent":5.2,"trend":"up"},{"period":"2026-06","value":1068435,"change_percent":7.2,"trend":"up"},{"period":"2026-07","value":1147747,"change_percent":7.4,"trend":"up"}]'::jsonb);
INSERT INTO public.metric_cards (id,project_id,title,description,category,position_x,position_y,created_by,data) VALUES ('0334645f-69ec-4a5c-a59f-22e5892efc39','c4fc7d38-8033-4e5e-8e8f-563e8a1a1374','Reactivation MRR','','Data/Metric',-340,600,'user_30uQARGezqSApAChPSGSwFyUy85','[{"period":"2026-01","value":748931,"change_percent":0,"trend":"neutral"},{"period":"2026-02","value":751375,"change_percent":0.3,"trend":"neutral"},{"period":"2026-03","value":784053,"change_percent":4.3,"trend":"up"},{"period":"2026-04","value":804515,"change_percent":2.6,"trend":"up"},{"period":"2026-05","value":823229,"change_percent":2.3,"trend":"up"},{"period":"2026-06","value":845746,"change_percent":2.7,"trend":"up"},{"period":"2026-07","value":889200,"change_percent":5.1,"trend":"up"}]'::jsonb);
INSERT INTO public.metric_cards (id,project_id,title,description,category,position_x,position_y,created_by,data) VALUES ('341504aa-57a5-4f2f-87fa-6c112d0124c2','c4fc7d38-8033-4e5e-8e8f-563e8a1a1374','Churned MRR','Lost recurring revenue','Data/Metric',0,600,'user_30uQARGezqSApAChPSGSwFyUy85','[{"period":"2026-01","value":46.5,"change_percent":0,"trend":"neutral"},{"period":"2026-02","value":43.5,"change_percent":-6.5,"trend":"down"},{"period":"2026-03","value":41.4,"change_percent":-4.8,"trend":"down"},{"period":"2026-04","value":39.7,"change_percent":-4.1,"trend":"down"},{"period":"2026-05","value":38.7,"change_percent":-2.5,"trend":"down"},{"period":"2026-06","value":37.9,"change_percent":-2.1,"trend":"down"},{"period":"2026-07","value":36.8,"change_percent":-2.9,"trend":"down"}]'::jsonb);
INSERT INTO public.metric_cards (id,project_id,title,description,category,position_x,position_y,created_by,data) VALUES ('7dd8d516-a9d2-48d0-88b3-3aaf723a20f7','c4fc7d38-8033-4e5e-8e8f-563e8a1a1374','Contraction MRR','Downgrades','Data/Metric',340,600,'user_30uQARGezqSApAChPSGSwFyUy85','[{"period":"2026-01","value":611560,"change_percent":0,"trend":"neutral"},{"period":"2026-02","value":567680,"change_percent":-7.2,"trend":"down"},{"period":"2026-03","value":533296,"change_percent":-6.1,"trend":"down"},{"period":"2026-04","value":482234,"change_percent":-9.6,"trend":"down"},{"period":"2026-05","value":457413,"change_percent":-5.1,"trend":"down"},{"period":"2026-06","value":428630,"change_percent":-6.3,"trend":"down"},{"period":"2026-07","value":387469,"change_percent":-9.6,"trend":"down"}]'::jsonb);
INSERT INTO public.metric_cards (id,project_id,title,description,category,position_x,position_y,created_by,data) VALUES ('e3d0105d-fc7c-46aa-89c5-735a32e02178','c4fc7d38-8033-4e5e-8e8f-563e8a1a1374','New Customers','Trials × Trial→Paid','Data/Metric',-340,800,'user_30uQARGezqSApAChPSGSwFyUy85','[{"period":"2026-01","value":17313,"change_percent":0,"trend":"neutral"},{"period":"2026-02","value":18553,"change_percent":7.2,"trend":"up"},{"period":"2026-03","value":19870,"change_percent":7.1,"trend":"up"},{"period":"2026-04","value":21275,"change_percent":7.1,"trend":"up"},{"period":"2026-05","value":22868,"change_percent":7.5,"trend":"up"},{"period":"2026-06","value":24680,"change_percent":7.9,"trend":"up"},{"period":"2026-07","value":26476,"change_percent":7.3,"trend":"up"}]'::jsonb);
INSERT INTO public.metric_cards (id,project_id,title,description,category,position_x,position_y,created_by,data) VALUES ('3b943836-01af-45e5-9a76-5298fdd65d0c','c4fc7d38-8033-4e5e-8e8f-563e8a1a1374','ARPA','Avg revenue per account','Data/Metric',0,800,'user_30uQARGezqSApAChPSGSwFyUy85','[{"period":"2026-01","value":183826,"change_percent":0,"trend":"neutral"},{"period":"2026-02","value":189822,"change_percent":3.3,"trend":"up"},{"period":"2026-03","value":193452,"change_percent":1.9,"trend":"up"},{"period":"2026-04","value":197867,"change_percent":2.3,"trend":"up"},{"period":"2026-05","value":206314,"change_percent":4.3,"trend":"up"},{"period":"2026-06","value":214940,"change_percent":4.2,"trend":"up"},{"period":"2026-07","value":221218,"change_percent":2.9,"trend":"up"}]'::jsonb);
INSERT INTO public.metric_cards (id,project_id,title,description,category,position_x,position_y,created_by,data) VALUES ('cdb6dbec-9a45-41c7-ae04-01cbd1eb395c','c4fc7d38-8033-4e5e-8e8f-563e8a1a1374','Avg Price','','Data/Metric',-850,1000,'user_30uQARGezqSApAChPSGSwFyUy85','[{"period":"2026-01","value":549941,"change_percent":0,"trend":"neutral"},{"period":"2026-02","value":588356,"change_percent":7,"trend":"up"},{"period":"2026-03","value":615923,"change_percent":4.7,"trend":"up"},{"period":"2026-04","value":640901,"change_percent":4.1,"trend":"up"},{"period":"2026-05","value":667532,"change_percent":4.2,"trend":"up"},{"period":"2026-06","value":701177,"change_percent":5,"trend":"up"},{"period":"2026-07","value":756806,"change_percent":7.9,"trend":"up"}]'::jsonb);
INSERT INTO public.metric_cards (id,project_id,title,description,category,position_x,position_y,created_by,data) VALUES ('5ca973e0-0392-46e4-b79f-f94c4c9a247d','c4fc7d38-8033-4e5e-8e8f-563e8a1a1374','Avg Seats / Account','','Data/Metric',-510,1000,'user_30uQARGezqSApAChPSGSwFyUy85','[{"period":"2026-01","value":24337,"change_percent":0,"trend":"neutral"},{"period":"2026-02","value":26537,"change_percent":9,"trend":"up"},{"period":"2026-03","value":27992,"change_percent":5.5,"trend":"up"},{"period":"2026-04","value":29724,"change_percent":6.2,"trend":"up"},{"period":"2026-05","value":32278,"change_percent":8.6,"trend":"up"},{"period":"2026-06","value":33912,"change_percent":5.1,"trend":"up"},{"period":"2026-07","value":36081,"change_percent":6.4,"trend":"up"}]'::jsonb);
INSERT INTO public.metric_cards (id,project_id,title,description,category,position_x,position_y,created_by,data) VALUES ('de54fb0d-1ee6-4c91-8ae3-7ce101260a62','c4fc7d38-8033-4e5e-8e8f-563e8a1a1374','Trials Started','MQLs × Lead→Trial','Data/Metric',-170,1000,'user_30uQARGezqSApAChPSGSwFyUy85','[{"period":"2026-01","value":85197,"change_percent":0,"trend":"neutral"},{"period":"2026-02","value":90285,"change_percent":6,"trend":"up"},{"period":"2026-03","value":97366,"change_percent":7.8,"trend":"up"},{"period":"2026-04","value":105933,"change_percent":8.8,"trend":"up"},{"period":"2026-05","value":113026,"change_percent":6.7,"trend":"up"},{"period":"2026-06","value":123773,"change_percent":9.5,"trend":"up"},{"period":"2026-07","value":131999,"change_percent":6.6,"trend":"up"}]'::jsonb);
INSERT INTO public.metric_cards (id,project_id,title,description,category,position_x,position_y,created_by,data) VALUES ('a8c25b04-0da0-4093-bc02-7fd584b4b150','c4fc7d38-8033-4e5e-8e8f-563e8a1a1374','Trial→Paid Conversion %','','Data/Metric',170,1000,'user_30uQARGezqSApAChPSGSwFyUy85','[{"period":"2026-01","value":11.6,"change_percent":0,"trend":"neutral"},{"period":"2026-02","value":12.4,"change_percent":6.9,"trend":"up"},{"period":"2026-03","value":13.3,"change_percent":7.3,"trend":"up"},{"period":"2026-04","value":13.9,"change_percent":4.5,"trend":"up"},{"period":"2026-05","value":15.2,"change_percent":9.4,"trend":"up"},{"period":"2026-06","value":16.2,"change_percent":6.6,"trend":"up"},{"period":"2026-07","value":17.5,"change_percent":8,"trend":"up"}]'::jsonb);
INSERT INTO public.metric_cards (id,project_id,title,description,category,position_x,position_y,created_by,data) VALUES ('dd0b64a4-a348-4577-8a0f-9efecfa5d84d','c4fc7d38-8033-4e5e-8e8f-563e8a1a1374','Marketing Qualified Leads','Visitors × Visitor→Lead','Data/Metric',-510,1200,'user_30uQARGezqSApAChPSGSwFyUy85','[{"period":"2026-01","value":12362,"change_percent":0,"trend":"neutral"},{"period":"2026-02","value":12622,"change_percent":2.1,"trend":"up"},{"period":"2026-03","value":12787,"change_percent":1.3,"trend":"up"},{"period":"2026-04","value":13534,"change_percent":5.8,"trend":"up"},{"period":"2026-05","value":13959,"change_percent":3.1,"trend":"up"},{"period":"2026-06","value":14566,"change_percent":4.3,"trend":"up"},{"period":"2026-07","value":15381,"change_percent":5.6,"trend":"up"}]'::jsonb);
INSERT INTO public.metric_cards (id,project_id,title,description,category,position_x,position_y,created_by,data) VALUES ('43eaae3d-6092-481e-8fd5-9c09b7833e9f','c4fc7d38-8033-4e5e-8e8f-563e8a1a1374','Visitor→Lead %','','Data/Metric',-170,1200,'user_30uQARGezqSApAChPSGSwFyUy85','[{"period":"2026-01","value":35,"change_percent":0,"trend":"neutral"},{"period":"2026-02","value":36.9,"change_percent":5.4,"trend":"up"},{"period":"2026-03","value":38.6,"change_percent":4.6,"trend":"up"},{"period":"2026-04","value":41.7,"change_percent":8,"trend":"up"},{"period":"2026-05","value":44,"change_percent":5.5,"trend":"up"},{"period":"2026-06","value":46.5,"change_percent":5.7,"trend":"up"},{"period":"2026-07","value":49.8,"change_percent":7.1,"trend":"up"}]'::jsonb);
INSERT INTO public.metric_cards (id,project_id,title,description,category,position_x,position_y,created_by,data) VALUES ('b6d9356e-67c1-44fb-9330-49b1d7a40e96','c4fc7d38-8033-4e5e-8e8f-563e8a1a1374','Website Visitors','Sum of channels','Data/Metric',0,1400,'user_30uQARGezqSApAChPSGSwFyUy85','[{"period":"2026-01","value":85641,"change_percent":0,"trend":"neutral"},{"period":"2026-02","value":88817,"change_percent":3.7,"trend":"up"},{"period":"2026-03","value":93451,"change_percent":5.2,"trend":"up"},{"period":"2026-04","value":99170,"change_percent":6.1,"trend":"up"},{"period":"2026-05","value":101909,"change_percent":2.8,"trend":"up"},{"period":"2026-06","value":104507,"change_percent":2.5,"trend":"up"},{"period":"2026-07","value":109441,"change_percent":4.7,"trend":"up"}]'::jsonb);
INSERT INTO public.metric_cards (id,project_id,title,description,category,position_x,position_y,created_by,data) VALUES ('07d6f003-6546-4479-9926-8d8b7c2bf53e','c4fc7d38-8033-4e5e-8e8f-563e8a1a1374','Organic / SEO Traffic','','Data/Metric',-850,1600,'user_30uQARGezqSApAChPSGSwFyUy85','[{"period":"2026-01","value":14761,"change_percent":0,"trend":"neutral"},{"period":"2026-02","value":15836,"change_percent":7.3,"trend":"up"},{"period":"2026-03","value":17031,"change_percent":7.5,"trend":"up"},{"period":"2026-04","value":17997,"change_percent":5.7,"trend":"up"},{"period":"2026-05","value":18902,"change_percent":5,"trend":"up"},{"period":"2026-06","value":20043,"change_percent":6,"trend":"up"},{"period":"2026-07","value":21394,"change_percent":6.7,"trend":"up"}]'::jsonb);
INSERT INTO public.metric_cards (id,project_id,title,description,category,position_x,position_y,created_by,data) VALUES ('d935fcc4-b500-4c0d-b58f-0b82d6f0a80d','c4fc7d38-8033-4e5e-8e8f-563e8a1a1374','Paid Search Traffic','Ad Spend / CPC','Data/Metric',-510,1600,'user_30uQARGezqSApAChPSGSwFyUy85','[{"period":"2026-01","value":67169,"change_percent":0,"trend":"neutral"},{"period":"2026-02","value":70725,"change_percent":5.3,"trend":"up"},{"period":"2026-03","value":75394,"change_percent":6.6,"trend":"up"},{"period":"2026-04","value":79395,"change_percent":5.3,"trend":"up"},{"period":"2026-05","value":86023,"change_percent":8.3,"trend":"up"},{"period":"2026-06","value":92415,"change_percent":7.4,"trend":"up"},{"period":"2026-07","value":97959,"change_percent":6,"trend":"up"}]'::jsonb);
INSERT INTO public.metric_cards (id,project_id,title,description,category,position_x,position_y,created_by,data) VALUES ('7ab59d56-ccac-4557-846c-1443f377e707','c4fc7d38-8033-4e5e-8e8f-563e8a1a1374','Social Media Traffic','Reach × CTR','Data/Metric',-170,1600,'user_30uQARGezqSApAChPSGSwFyUy85','[{"period":"2026-01","value":11491,"change_percent":0,"trend":"neutral"},{"period":"2026-02","value":12015,"change_percent":4.6,"trend":"up"},{"period":"2026-03","value":12755,"change_percent":6.2,"trend":"up"},{"period":"2026-04","value":13691,"change_percent":7.3,"trend":"up"},{"period":"2026-05","value":14410,"change_percent":5.3,"trend":"up"},{"period":"2026-06","value":14918,"change_percent":3.5,"trend":"up"},{"period":"2026-07","value":15426,"change_percent":3.4,"trend":"up"}]'::jsonb);
INSERT INTO public.metric_cards (id,project_id,title,description,category,position_x,position_y,created_by,data) VALUES ('f2519fa6-56c3-401b-9bc0-1a28e2517465','c4fc7d38-8033-4e5e-8e8f-563e8a1a1374','Referral Traffic','','Data/Metric',170,1600,'user_30uQARGezqSApAChPSGSwFyUy85','[{"period":"2026-01","value":18496,"change_percent":0,"trend":"neutral"},{"period":"2026-02","value":20118,"change_percent":8.8,"trend":"up"},{"period":"2026-03","value":22019,"change_percent":9.4,"trend":"up"},{"period":"2026-04","value":23788,"change_percent":8,"trend":"up"},{"period":"2026-05","value":25161,"change_percent":5.8,"trend":"up"},{"period":"2026-06","value":27508,"change_percent":9.3,"trend":"up"},{"period":"2026-07","value":30140,"change_percent":9.6,"trend":"up"}]'::jsonb);
INSERT INTO public.metric_cards (id,project_id,title,description,category,position_x,position_y,created_by,data) VALUES ('80c40627-4505-4c62-a033-107cf0872fc3','c4fc7d38-8033-4e5e-8e8f-563e8a1a1374','Direct Traffic','','Data/Metric',510,1600,'user_30uQARGezqSApAChPSGSwFyUy85','[{"period":"2026-01","value":5271,"change_percent":0,"trend":"neutral"},{"period":"2026-02","value":5651,"change_percent":7.2,"trend":"up"},{"period":"2026-03","value":6125,"change_percent":8.4,"trend":"up"},{"period":"2026-04","value":6734,"change_percent":9.9,"trend":"up"},{"period":"2026-05","value":7236,"change_percent":7.5,"trend":"up"},{"period":"2026-06","value":7700,"change_percent":6.4,"trend":"up"},{"period":"2026-07","value":8232,"change_percent":6.9,"trend":"up"}]'::jsonb);
INSERT INTO public.metric_cards (id,project_id,title,description,category,position_x,position_y,created_by,data) VALUES ('8ccc6347-d5c4-42e0-a44c-cc906e04d90a','c4fc7d38-8033-4e5e-8e8f-563e8a1a1374','Email Traffic','','Data/Metric',850,1600,'user_30uQARGezqSApAChPSGSwFyUy85','[{"period":"2026-01","value":71531,"change_percent":0,"trend":"neutral"},{"period":"2026-02","value":74759,"change_percent":4.5,"trend":"up"},{"period":"2026-03","value":76606,"change_percent":2.5,"trend":"up"},{"period":"2026-04","value":78963,"change_percent":3.1,"trend":"up"},{"period":"2026-05","value":83357,"change_percent":5.6,"trend":"up"},{"period":"2026-06","value":87995,"change_percent":5.6,"trend":"up"},{"period":"2026-07","value":93470,"change_percent":6.2,"trend":"up"}]'::jsonb);
INSERT INTO public.metric_cards (id,project_id,title,description,category,position_x,position_y,created_by,data) VALUES ('5f7ccff3-30b0-4888-9ef7-d6de6854ad0f','c4fc7d38-8033-4e5e-8e8f-563e8a1a1374','Social Reach / Followers','','Data/Metric',-850,1800,'user_30uQARGezqSApAChPSGSwFyUy85','[{"period":"2026-01","value":20833,"change_percent":0,"trend":"neutral"},{"period":"2026-02","value":21483,"change_percent":3.1,"trend":"up"},{"period":"2026-03","value":22370,"change_percent":4.1,"trend":"up"},{"period":"2026-04","value":23204,"change_percent":3.7,"trend":"up"},{"period":"2026-05","value":24008,"change_percent":3.5,"trend":"up"},{"period":"2026-06","value":24697,"change_percent":2.9,"trend":"up"},{"period":"2026-07","value":25246,"change_percent":2.2,"trend":"up"}]'::jsonb);
INSERT INTO public.metric_cards (id,project_id,title,description,category,position_x,position_y,created_by,data) VALUES ('dfd04f78-423d-4b23-9c0f-e2ad572fdc9f','c4fc7d38-8033-4e5e-8e8f-563e8a1a1374','Social Engagement Rate','','Data/Metric',-510,1800,'user_30uQARGezqSApAChPSGSwFyUy85','[{"period":"2026-01","value":20.4,"change_percent":0,"trend":"neutral"},{"period":"2026-02","value":21,"change_percent":2.9,"trend":"up"},{"period":"2026-03","value":21.7,"change_percent":3.3,"trend":"up"},{"period":"2026-04","value":22.2,"change_percent":2.3,"trend":"up"},{"period":"2026-05","value":23,"change_percent":3.6,"trend":"up"},{"period":"2026-06","value":24.1,"change_percent":4.8,"trend":"up"},{"period":"2026-07","value":25.5,"change_percent":5.8,"trend":"up"}]'::jsonb);
INSERT INTO public.metric_cards (id,project_id,title,description,category,position_x,position_y,created_by,data) VALUES ('df8878fc-e95b-4b47-b1f4-586f1ee8cff7','c4fc7d38-8033-4e5e-8e8f-563e8a1a1374','Content Cadence (posts/wk)','','Data/Metric',0,2000,'user_30uQARGezqSApAChPSGSwFyUy85','[{"period":"2026-01","value":453,"change_percent":0,"trend":"neutral"},{"period":"2026-02","value":485,"change_percent":7.1,"trend":"up"},{"period":"2026-03","value":509,"change_percent":4.9,"trend":"up"},{"period":"2026-04","value":527,"change_percent":3.5,"trend":"up"},{"period":"2026-05","value":548,"change_percent":4,"trend":"up"},{"period":"2026-06","value":572,"change_percent":4.4,"trend":"up"},{"period":"2026-07","value":597,"change_percent":4.4,"trend":"up"}]'::jsonb);
INSERT INTO public.metric_cards (id,project_id,title,description,category,position_x,position_y,created_by,data) VALUES ('45900d13-7871-480a-9a99-eccd47234313','c4fc7d38-8033-4e5e-8e8f-563e8a1a1374','Ad Spend','','Data/Metric',-170,1800,'user_30uQARGezqSApAChPSGSwFyUy85','[{"period":"2026-01","value":180052,"change_percent":0,"trend":"neutral"},{"period":"2026-02","value":184140,"change_percent":2.3,"trend":"up"},{"period":"2026-03","value":186227,"change_percent":1.1,"trend":"up"},{"period":"2026-04","value":194045,"change_percent":4.2,"trend":"up"},{"period":"2026-05","value":198428,"change_percent":2.3,"trend":"up"},{"period":"2026-06","value":205498,"change_percent":3.6,"trend":"up"},{"period":"2026-07","value":208859,"change_percent":1.6,"trend":"up"}]'::jsonb);
INSERT INTO public.metric_cards (id,project_id,title,description,category,position_x,position_y,created_by,data) VALUES ('00a664ed-8d13-4331-bb95-3002ef0a16a3','c4fc7d38-8033-4e5e-8e8f-563e8a1a1374','CPC','','Data/Metric',170,1800,'user_30uQARGezqSApAChPSGSwFyUy85','[{"period":"2026-01","value":3570,"change_percent":0,"trend":"neutral"},{"period":"2026-02","value":3774,"change_percent":5.7,"trend":"up"},{"period":"2026-03","value":4046,"change_percent":7.2,"trend":"up"},{"period":"2026-04","value":4340,"change_percent":7.3,"trend":"up"},{"period":"2026-05","value":4546,"change_percent":4.7,"trend":"up"},{"period":"2026-06","value":4922,"change_percent":8.3,"trend":"up"},{"period":"2026-07","value":5159,"change_percent":4.8,"trend":"up"}]'::jsonb);
INSERT INTO public.metric_cards (id,project_id,title,description,category,position_x,position_y,created_by,data) VALUES ('b4475271-b961-4e0f-9400-fbd09a2a8470','c4fc7d38-8033-4e5e-8e8f-563e8a1a1374','Customer Churn Rate','','Data/Metric',340,800,'user_30uQARGezqSApAChPSGSwFyUy85','[{"period":"2026-01","value":62.3,"change_percent":0,"trend":"neutral"},{"period":"2026-02","value":57.9,"change_percent":-7.1,"trend":"down"},{"period":"2026-03","value":55.7,"change_percent":-3.8,"trend":"down"},{"period":"2026-04","value":51.6,"change_percent":-7.4,"trend":"down"},{"period":"2026-05","value":49,"change_percent":-5,"trend":"down"},{"period":"2026-06","value":47.5,"change_percent":-3.1,"trend":"down"},{"period":"2026-07","value":45.5,"change_percent":-4.2,"trend":"down"}]'::jsonb);
INSERT INTO public.metric_cards (id,project_id,title,description,category,position_x,position_y,created_by,data) VALUES ('8a4ea9a4-940b-43b0-b247-a2cf287c97c4','c4fc7d38-8033-4e5e-8e8f-563e8a1a1374','Net Revenue Retention','','Data/Metric',-850,200,'user_30uQARGezqSApAChPSGSwFyUy85','[{"period":"2026-01","value":23.2,"change_percent":0,"trend":"neutral"},{"period":"2026-02","value":25.1,"change_percent":8.2,"trend":"up"},{"period":"2026-03","value":26.5,"change_percent":5.6,"trend":"up"},{"period":"2026-04","value":28.7,"change_percent":8.3,"trend":"up"},{"period":"2026-05","value":30.9,"change_percent":7.7,"trend":"up"},{"period":"2026-06","value":33,"change_percent":6.8,"trend":"up"},{"period":"2026-07","value":35.2,"change_percent":6.7,"trend":"up"}]'::jsonb);
INSERT INTO public.metric_cards (id,project_id,title,description,category,position_x,position_y,created_by,data) VALUES ('a27dbfde-6ae1-4d23-bfa6-282cb2b87fea','c4fc7d38-8033-4e5e-8e8f-563e8a1a1374','CAC','S&M / New Customers','Data/Metric',-510,200,'user_30uQARGezqSApAChPSGSwFyUy85','[{"period":"2026-01","value":612211,"change_percent":0,"trend":"neutral"},{"period":"2026-02","value":571303,"change_percent":-6.7,"trend":"down"},{"period":"2026-03","value":548312,"change_percent":-4,"trend":"down"},{"period":"2026-04","value":512619,"change_percent":-6.5,"trend":"down"},{"period":"2026-05","value":480730,"change_percent":-6.2,"trend":"down"},{"period":"2026-06","value":461502,"change_percent":-4,"trend":"down"},{"period":"2026-07","value":432677,"change_percent":-6.2,"trend":"down"}]'::jsonb);
INSERT INTO public.metric_cards (id,project_id,title,description,category,position_x,position_y,created_by,data) VALUES ('1e851a8f-49eb-4302-8bac-9a2258ed1d64','c4fc7d38-8033-4e5e-8e8f-563e8a1a1374','LTV','ARPA × GM% / churn','Data/Metric',-170,200,'user_30uQARGezqSApAChPSGSwFyUy85','[{"period":"2026-01","value":736561,"change_percent":0,"trend":"neutral"},{"period":"2026-02","value":779151,"change_percent":5.8,"trend":"up"},{"period":"2026-03","value":813652,"change_percent":4.4,"trend":"up"},{"period":"2026-04","value":861326,"change_percent":5.9,"trend":"up"},{"period":"2026-05","value":902634,"change_percent":4.8,"trend":"up"},{"period":"2026-06","value":940708,"change_percent":4.2,"trend":"up"},{"period":"2026-07","value":999474,"change_percent":6.2,"trend":"up"}]'::jsonb);
INSERT INTO public.metric_cards (id,project_id,title,description,category,position_x,position_y,created_by,data) VALUES ('ff03baad-c6af-4de8-8317-7c78f2738a01','c4fc7d38-8033-4e5e-8e8f-563e8a1a1374','LTV : CAC','','Data/Metric',170,200,'user_30uQARGezqSApAChPSGSwFyUy85','[{"period":"2026-01","value":91727,"change_percent":0,"trend":"neutral"},{"period":"2026-02","value":88420,"change_percent":-3.6,"trend":"down"},{"period":"2026-03","value":83583,"change_percent":-5.5,"trend":"down"},{"period":"2026-04","value":79070,"change_percent":-5.4,"trend":"down"},{"period":"2026-05","value":76779,"change_percent":-2.9,"trend":"down"},{"period":"2026-06","value":72491,"change_percent":-5.6,"trend":"down"},{"period":"2026-07","value":68384,"change_percent":-5.7,"trend":"down"}]'::jsonb);
INSERT INTO public.metric_cards (id,project_id,title,description,category,position_x,position_y,created_by,data) VALUES ('d6291d05-b079-454e-86d5-92f075cf49b6','c4fc7d38-8033-4e5e-8e8f-563e8a1a1374','CAC Payback (months)','','Data/Metric',510,200,'user_30uQARGezqSApAChPSGSwFyUy85','[{"period":"2026-01","value":250453,"change_percent":0,"trend":"neutral"},{"period":"2026-02","value":240244,"change_percent":-4.1,"trend":"down"},{"period":"2026-03","value":234616,"change_percent":-2.3,"trend":"down"},{"period":"2026-04","value":228817,"change_percent":-2.5,"trend":"down"},{"period":"2026-05","value":227053,"change_percent":-0.8,"trend":"neutral"},{"period":"2026-06","value":224412,"change_percent":-1.2,"trend":"down"},{"period":"2026-07","value":213989,"change_percent":-4.6,"trend":"down"}]'::jsonb);
INSERT INTO public.metric_cards (id,project_id,title,description,category,position_x,position_y,created_by,data) VALUES ('28afd6cb-551f-4778-be63-40ad15b7d520','c4fc7d38-8033-4e5e-8e8f-563e8a1a1374','Gross Margin %','','Data/Metric',850,200,'user_30uQARGezqSApAChPSGSwFyUy85','[{"period":"2026-01","value":48.4,"change_percent":0,"trend":"neutral"},{"period":"2026-02","value":51,"change_percent":5.4,"trend":"up"},{"period":"2026-03","value":54.9,"change_percent":7.6,"trend":"up"},{"period":"2026-04","value":59.2,"change_percent":7.8,"trend":"up"},{"period":"2026-05","value":62.5,"change_percent":5.6,"trend":"up"},{"period":"2026-06","value":65.7,"change_percent":5.1,"trend":"up"},{"period":"2026-07","value":70.1,"change_percent":6.7,"trend":"up"}]'::jsonb);
INSERT INTO public.metric_cards (id,project_id,title,description,category,position_x,position_y,created_by,data) VALUES ('3996b17e-7c73-4842-b997-283f3a4966a4','c4fc7d38-8033-4e5e-8e8f-563e8a1a1374','Total Costs','COGS + S&M + R&D + G&A','Data/Metric',1190,200,'user_30uQARGezqSApAChPSGSwFyUy85','[{"period":"2026-01","value":620422,"change_percent":0,"trend":"neutral"},{"period":"2026-02","value":592104,"change_percent":-4.6,"trend":"down"},{"period":"2026-03","value":547167,"change_percent":-7.6,"trend":"down"},{"period":"2026-04","value":512796,"change_percent":-6.3,"trend":"down"},{"period":"2026-05","value":476236,"change_percent":-7.1,"trend":"down"},{"period":"2026-06","value":450918,"change_percent":-5.3,"trend":"down"},{"period":"2026-07","value":422122,"change_percent":-6.4,"trend":"down"}]'::jsonb);
INSERT INTO public.metric_cards (id,project_id,title,description,category,position_x,position_y,created_by,data) VALUES ('0a2a25ad-a3eb-4dab-85eb-82a7c5662dff','c4fc7d38-8033-4e5e-8e8f-563e8a1a1374','COGS','Hosting + Support','Data/Metric',-340,400,'user_30uQARGezqSApAChPSGSwFyUy85','[{"period":"2026-01","value":598624,"change_percent":0,"trend":"neutral"},{"period":"2026-02","value":572911,"change_percent":-4.3,"trend":"down"},{"period":"2026-03","value":561494,"change_percent":-2,"trend":"down"},{"period":"2026-04","value":550852,"change_percent":-1.9,"trend":"down"},{"period":"2026-05","value":529745,"change_percent":-3.8,"trend":"down"},{"period":"2026-06","value":517162,"change_percent":-2.4,"trend":"down"},{"period":"2026-07","value":488339,"change_percent":-5.6,"trend":"down"}]'::jsonb);
INSERT INTO public.metric_cards (id,project_id,title,description,category,position_x,position_y,created_by,data) VALUES ('b2f1c248-2a82-47b5-8dfd-dd88d465bf90','c4fc7d38-8033-4e5e-8e8f-563e8a1a1374','Hosting / Infra','','Data/Metric',680,600,'user_30uQARGezqSApAChPSGSwFyUy85','[{"period":"2026-01","value":3206,"change_percent":0,"trend":"neutral"},{"period":"2026-02","value":3220,"change_percent":0.4,"trend":"neutral"},{"period":"2026-03","value":3334,"change_percent":3.5,"trend":"up"},{"period":"2026-04","value":3442,"change_percent":3.2,"trend":"up"},{"period":"2026-05","value":3499,"change_percent":1.7,"trend":"up"},{"period":"2026-06","value":3565,"change_percent":1.9,"trend":"up"},{"period":"2026-07","value":3713,"change_percent":4.2,"trend":"up"}]'::jsonb);
INSERT INTO public.metric_cards (id,project_id,title,description,category,position_x,position_y,created_by,data) VALUES ('1abd5639-e3d1-448c-b44f-cd85002c4efb','c4fc7d38-8033-4e5e-8e8f-563e8a1a1374','Support Cost','','Data/Metric',1020,600,'user_30uQARGezqSApAChPSGSwFyUy85','[{"period":"2026-01","value":39219,"change_percent":0,"trend":"neutral"},{"period":"2026-02","value":35812,"change_percent":-8.7,"trend":"down"},{"period":"2026-03","value":33892,"change_percent":-5.4,"trend":"down"},{"period":"2026-04","value":31561,"change_percent":-6.9,"trend":"down"},{"period":"2026-05","value":29033,"change_percent":-8,"trend":"down"},{"period":"2026-06","value":26178,"change_percent":-9.8,"trend":"down"},{"period":"2026-07","value":23732,"change_percent":-9.3,"trend":"down"}]'::jsonb);
INSERT INTO public.metric_cards (id,project_id,title,description,category,position_x,position_y,created_by,data) VALUES ('033d5d7f-4b88-4187-bf2f-81bdad876966','c4fc7d38-8033-4e5e-8e8f-563e8a1a1374','Sales & Marketing','','Data/Metric',0,400,'user_30uQARGezqSApAChPSGSwFyUy85','[{"period":"2026-01","value":4235,"change_percent":0,"trend":"neutral"},{"period":"2026-02","value":4407,"change_percent":4.1,"trend":"up"},{"period":"2026-03","value":4483,"change_percent":1.7,"trend":"up"},{"period":"2026-04","value":4664,"change_percent":4,"trend":"up"},{"period":"2026-05","value":4799,"change_percent":2.9,"trend":"up"},{"period":"2026-06","value":4941,"change_percent":3,"trend":"up"},{"period":"2026-07","value":5073,"change_percent":2.7,"trend":"up"}]'::jsonb);
INSERT INTO public.metric_cards (id,project_id,title,description,category,position_x,position_y,created_by,data) VALUES ('2e3c167c-33e7-4120-add5-4b4e9126db93','c4fc7d38-8033-4e5e-8e8f-563e8a1a1374','R&D','','Data/Metric',340,400,'user_30uQARGezqSApAChPSGSwFyUy85','[{"period":"2026-01","value":1836,"change_percent":0,"trend":"neutral"},{"period":"2026-02","value":1936,"change_percent":5.4,"trend":"up"},{"period":"2026-03","value":2062,"change_percent":6.5,"trend":"up"},{"period":"2026-04","value":2207,"change_percent":7,"trend":"up"},{"period":"2026-05","value":2371,"change_percent":7.4,"trend":"up"},{"period":"2026-06","value":2508,"change_percent":5.8,"trend":"up"},{"period":"2026-07","value":2648,"change_percent":5.6,"trend":"up"}]'::jsonb);
INSERT INTO public.metric_cards (id,project_id,title,description,category,position_x,position_y,created_by,data) VALUES ('46a024be-64bb-4c78-a1cc-7594ce56fea3','c4fc7d38-8033-4e5e-8e8f-563e8a1a1374','G&A','','Data/Metric',680,400,'user_30uQARGezqSApAChPSGSwFyUy85','[{"period":"2026-01","value":2653,"change_percent":0,"trend":"neutral"},{"period":"2026-02","value":2770,"change_percent":4.4,"trend":"up"},{"period":"2026-03","value":2833,"change_percent":2.3,"trend":"up"},{"period":"2026-04","value":2937,"change_percent":3.7,"trend":"up"},{"period":"2026-05","value":3023,"change_percent":2.9,"trend":"up"},{"period":"2026-06","value":3085,"change_percent":2.1,"trend":"up"},{"period":"2026-07","value":3124,"change_percent":1.3,"trend":"up"}]'::jsonb);
INSERT INTO public.metric_cards (id,project_id,title,description,category,position_x,position_y,created_by,data) VALUES ('ba597e43-5277-4280-8c61-ccd7b0a1f1c8','c4fc7d38-8033-4e5e-8e8f-563e8a1a1374','Launch content/SEO program','','Work/Action',510,1800,'user_30uQARGezqSApAChPSGSwFyUy85','[]'::jsonb);
INSERT INTO public.metric_cards (id,project_id,title,description,category,position_x,position_y,created_by,data) VALUES ('e3cbcf1a-8be0-438a-b318-e87e7a8bec8a','c4fc7d38-8033-4e5e-8e8f-563e8a1a1374','Improve onboarding flow','','Work/Action',170,1200,'user_30uQARGezqSApAChPSGSwFyUy85','[]'::jsonb);
INSERT INTO public.metric_cards (id,project_id,title,description,category,position_x,position_y,created_by,data) VALUES ('acd16a97-6156-4292-b058-5de8e5556059','c4fc7d38-8033-4e5e-8e8f-563e8a1a1374','Customer success program','','Work/Action',510,1000,'user_30uQARGezqSApAChPSGSwFyUy85','[]'::jsonb);
INSERT INTO public.metric_cards (id,project_id,title,description,category,position_x,position_y,created_by,data) VALUES ('ed61661e-faf9-4fb6-b062-a0ce9a226fa8','c4fc7d38-8033-4e5e-8e8f-563e8a1a1374','Referral program','','Work/Action',850,1800,'user_30uQARGezqSApAChPSGSwFyUy85','[]'::jsonb);
INSERT INTO public.metric_cards (id,project_id,title,description,category,position_x,position_y,created_by,data) VALUES ('4a3455d3-4196-4893-9eff-15e517c86318','c4fc7d38-8033-4e5e-8e8f-563e8a1a1374','Annual billing reduces churn','','Ideas/Hypothesis',850,1000,'user_30uQARGezqSApAChPSGSwFyUy85','[]'::jsonb);
INSERT INTO public.metric_cards (id,project_id,title,description,category,position_x,position_y,created_by,data) VALUES ('7ef32df1-74d9-4684-91d9-563984897244','c4fc7d38-8033-4e5e-8e8f-563e8a1a1374','Self-serve trial lifts conversion','','Ideas/Hypothesis',510,1200,'user_30uQARGezqSApAChPSGSwFyUy85','[]'::jsonb);
INSERT INTO public.metric_cards (id,project_id,title,description,category,position_x,position_y,created_by,data) VALUES ('125b6267-f66d-4235-9b4c-927b093ac0bf','c4fc7d38-8033-4e5e-8e8f-563e8a1a1374','Revenue (ARR) — Projection','Operator output: Revenue (ARR) × 1.1 + live feed','Data/Metric',2430,0,'user_30uQARGezqSApAChPSGSwFyUy85','[{"period":"2026-01","value":54489,"change_percent":0,"trend":"neutral"},{"period":"2026-02","value":57813,"change_percent":6.1,"trend":"up"},{"period":"2026-03","value":61548,"change_percent":6.5,"trend":"up"},{"period":"2026-04","value":65013,"change_percent":5.6,"trend":"up"},{"period":"2026-05","value":70177,"change_percent":7.9,"trend":"up"},{"period":"2026-06","value":75649,"change_percent":7.8,"trend":"up"},{"period":"2026-07","value":80620,"change_percent":6.6,"trend":"up"}]'::jsonb);
INSERT INTO public.relationships (id,project_id,source_id,target_id,type,confidence,weight,created_by) VALUES ('9d4998cc-7dca-46bb-8adc-25f360185842','c4fc7d38-8033-4e5e-8e8f-563e8a1a1374','a41ff7c0-d066-44a2-b811-ab8972b39e03','cb416c51-bb73-4644-9023-a4c349ccae66','Compositional','High',95,'user_30uQARGezqSApAChPSGSwFyUy85');
INSERT INTO public.relationships (id,project_id,source_id,target_id,type,confidence,weight,created_by) VALUES ('d5cce91e-579b-4543-a9c9-88448c740a6c','c4fc7d38-8033-4e5e-8e8f-563e8a1a1374','3996b17e-7c73-4842-b997-283f3a4966a4','cb416c51-bb73-4644-9023-a4c349ccae66','Compositional','High',90,'user_30uQARGezqSApAChPSGSwFyUy85');
INSERT INTO public.relationships (id,project_id,source_id,target_id,type,confidence,weight,created_by) VALUES ('eddbeffb-59af-42d6-95cc-7f21f3bbbc20','c4fc7d38-8033-4e5e-8e8f-563e8a1a1374','28afd6cb-551f-4778-be63-40ad15b7d520','cb416c51-bb73-4644-9023-a4c349ccae66','Causal','High',70,'user_30uQARGezqSApAChPSGSwFyUy85');
INSERT INTO public.relationships (id,project_id,source_id,target_id,type,confidence,weight,created_by) VALUES ('b0accf65-9798-423e-b2db-31ad157ea8ee','c4fc7d38-8033-4e5e-8e8f-563e8a1a1374','2cd857c3-54e6-4f9d-b666-601d9c419a7f','a41ff7c0-d066-44a2-b811-ab8972b39e03','Deterministic','High',95,'user_30uQARGezqSApAChPSGSwFyUy85');
INSERT INTO public.relationships (id,project_id,source_id,target_id,type,confidence,weight,created_by) VALUES ('8e2559fd-bbfe-4dbf-9198-0bfa9512cdcf','c4fc7d38-8033-4e5e-8e8f-563e8a1a1374','ad20aa1a-fa32-48cd-9812-9594b320e2b1','2cd857c3-54e6-4f9d-b666-601d9c419a7f','Compositional','High',80,'user_30uQARGezqSApAChPSGSwFyUy85');
INSERT INTO public.relationships (id,project_id,source_id,target_id,type,confidence,weight,created_by) VALUES ('90f4418d-fde4-4c83-893a-2afd25bc2c32','c4fc7d38-8033-4e5e-8e8f-563e8a1a1374','2dae9b0f-e3e1-44d3-8f00-9fc35e961d95','2cd857c3-54e6-4f9d-b666-601d9c419a7f','Compositional','High',70,'user_30uQARGezqSApAChPSGSwFyUy85');
INSERT INTO public.relationships (id,project_id,source_id,target_id,type,confidence,weight,created_by) VALUES ('d1521270-20c1-471d-9e71-bf2d72021104','c4fc7d38-8033-4e5e-8e8f-563e8a1a1374','0334645f-69ec-4a5c-a59f-22e5892efc39','2cd857c3-54e6-4f9d-b666-601d9c419a7f','Compositional','High',40,'user_30uQARGezqSApAChPSGSwFyUy85');
INSERT INTO public.relationships (id,project_id,source_id,target_id,type,confidence,weight,created_by) VALUES ('a8ce5281-7656-40a1-964a-f3bd29add64c','c4fc7d38-8033-4e5e-8e8f-563e8a1a1374','341504aa-57a5-4f2f-87fa-6c112d0124c2','2cd857c3-54e6-4f9d-b666-601d9c419a7f','Compositional','High',75,'user_30uQARGezqSApAChPSGSwFyUy85');
INSERT INTO public.relationships (id,project_id,source_id,target_id,type,confidence,weight,created_by) VALUES ('33663f6f-8c7a-4c0e-aa87-c6bd299820f2','c4fc7d38-8033-4e5e-8e8f-563e8a1a1374','7dd8d516-a9d2-48d0-88b3-3aaf723a20f7','2cd857c3-54e6-4f9d-b666-601d9c419a7f','Compositional','High',50,'user_30uQARGezqSApAChPSGSwFyUy85');
INSERT INTO public.relationships (id,project_id,source_id,target_id,type,confidence,weight,created_by) VALUES ('088999de-9811-4016-b474-38f74bca3cfc','c4fc7d38-8033-4e5e-8e8f-563e8a1a1374','e3d0105d-fc7c-46aa-89c5-735a32e02178','ad20aa1a-fa32-48cd-9812-9594b320e2b1','Deterministic','High',90,'user_30uQARGezqSApAChPSGSwFyUy85');
INSERT INTO public.relationships (id,project_id,source_id,target_id,type,confidence,weight,created_by) VALUES ('dbdcdaca-416e-45b9-b883-fd7fca036395','c4fc7d38-8033-4e5e-8e8f-563e8a1a1374','3b943836-01af-45e5-9a76-5298fdd65d0c','ad20aa1a-fa32-48cd-9812-9594b320e2b1','Deterministic','High',80,'user_30uQARGezqSApAChPSGSwFyUy85');
INSERT INTO public.relationships (id,project_id,source_id,target_id,type,confidence,weight,created_by) VALUES ('948771f5-2c5e-4181-852c-d0f507cfc525','c4fc7d38-8033-4e5e-8e8f-563e8a1a1374','cdb6dbec-9a45-41c7-ae04-01cbd1eb395c','3b943836-01af-45e5-9a76-5298fdd65d0c','Deterministic','High',80,'user_30uQARGezqSApAChPSGSwFyUy85');
INSERT INTO public.relationships (id,project_id,source_id,target_id,type,confidence,weight,created_by) VALUES ('aa2b42e0-38fa-4982-add3-da50ca689e5b','c4fc7d38-8033-4e5e-8e8f-563e8a1a1374','5ca973e0-0392-46e4-b79f-f94c4c9a247d','3b943836-01af-45e5-9a76-5298fdd65d0c','Deterministic','High',70,'user_30uQARGezqSApAChPSGSwFyUy85');
INSERT INTO public.relationships (id,project_id,source_id,target_id,type,confidence,weight,created_by) VALUES ('dd1bbd3a-4f43-4074-9bcf-a23c3157e030','c4fc7d38-8033-4e5e-8e8f-563e8a1a1374','de54fb0d-1ee6-4c91-8ae3-7ce101260a62','e3d0105d-fc7c-46aa-89c5-735a32e02178','Deterministic','High',85,'user_30uQARGezqSApAChPSGSwFyUy85');
INSERT INTO public.relationships (id,project_id,source_id,target_id,type,confidence,weight,created_by) VALUES ('d9f31c15-9010-461c-9ee7-0b835264cab7','c4fc7d38-8033-4e5e-8e8f-563e8a1a1374','a8c25b04-0da0-4093-bc02-7fd584b4b150','e3d0105d-fc7c-46aa-89c5-735a32e02178','Probabilistic','High',80,'user_30uQARGezqSApAChPSGSwFyUy85');
INSERT INTO public.relationships (id,project_id,source_id,target_id,type,confidence,weight,created_by) VALUES ('2f14acb2-fec3-4c58-9afc-ded77da9baa0','c4fc7d38-8033-4e5e-8e8f-563e8a1a1374','dd0b64a4-a348-4577-8a0f-9efecfa5d84d','de54fb0d-1ee6-4c91-8ae3-7ce101260a62','Deterministic','High',80,'user_30uQARGezqSApAChPSGSwFyUy85');
INSERT INTO public.relationships (id,project_id,source_id,target_id,type,confidence,weight,created_by) VALUES ('d0f7703d-b8aa-4f38-a7a5-dae653453d03','c4fc7d38-8033-4e5e-8e8f-563e8a1a1374','43eaae3d-6092-481e-8fd5-9c09b7833e9f','de54fb0d-1ee6-4c91-8ae3-7ce101260a62','Probabilistic','High',70,'user_30uQARGezqSApAChPSGSwFyUy85');
INSERT INTO public.relationships (id,project_id,source_id,target_id,type,confidence,weight,created_by) VALUES ('76bb843e-21c5-4264-be32-5ff0c62dfa1d','c4fc7d38-8033-4e5e-8e8f-563e8a1a1374','b6d9356e-67c1-44fb-9330-49b1d7a40e96','dd0b64a4-a348-4577-8a0f-9efecfa5d84d','Deterministic','High',85,'user_30uQARGezqSApAChPSGSwFyUy85');
INSERT INTO public.relationships (id,project_id,source_id,target_id,type,confidence,weight,created_by) VALUES ('473e1a76-95be-4b49-b938-975fe8025175','c4fc7d38-8033-4e5e-8e8f-563e8a1a1374','07d6f003-6546-4479-9926-8d8b7c2bf53e','b6d9356e-67c1-44fb-9330-49b1d7a40e96','Compositional','High',70,'user_30uQARGezqSApAChPSGSwFyUy85');
INSERT INTO public.relationships (id,project_id,source_id,target_id,type,confidence,weight,created_by) VALUES ('ace6f661-025b-45a4-ab4d-bdf04509b20d','c4fc7d38-8033-4e5e-8e8f-563e8a1a1374','d935fcc4-b500-4c0d-b58f-0b82d6f0a80d','b6d9356e-67c1-44fb-9330-49b1d7a40e96','Compositional','High',65,'user_30uQARGezqSApAChPSGSwFyUy85');
INSERT INTO public.relationships (id,project_id,source_id,target_id,type,confidence,weight,created_by) VALUES ('a2013404-073c-46dd-8a0a-e8dcbfd9b4dc','c4fc7d38-8033-4e5e-8e8f-563e8a1a1374','7ab59d56-ccac-4557-846c-1443f377e707','b6d9356e-67c1-44fb-9330-49b1d7a40e96','Compositional','High',55,'user_30uQARGezqSApAChPSGSwFyUy85');
INSERT INTO public.relationships (id,project_id,source_id,target_id,type,confidence,weight,created_by) VALUES ('b63779e9-7213-4528-9a7e-32dc0bffd0c6','c4fc7d38-8033-4e5e-8e8f-563e8a1a1374','f2519fa6-56c3-401b-9bc0-1a28e2517465','b6d9356e-67c1-44fb-9330-49b1d7a40e96','Compositional','High',45,'user_30uQARGezqSApAChPSGSwFyUy85');
INSERT INTO public.relationships (id,project_id,source_id,target_id,type,confidence,weight,created_by) VALUES ('ec9f569b-cb0c-45cc-a652-1e1a92d608c8','c4fc7d38-8033-4e5e-8e8f-563e8a1a1374','80c40627-4505-4c62-a033-107cf0872fc3','b6d9356e-67c1-44fb-9330-49b1d7a40e96','Compositional','High',50,'user_30uQARGezqSApAChPSGSwFyUy85');
INSERT INTO public.relationships (id,project_id,source_id,target_id,type,confidence,weight,created_by) VALUES ('9190c13c-0b4d-42f7-88ad-a56d6e4940f7','c4fc7d38-8033-4e5e-8e8f-563e8a1a1374','8ccc6347-d5c4-42e0-a44c-cc906e04d90a','b6d9356e-67c1-44fb-9330-49b1d7a40e96','Compositional','High',50,'user_30uQARGezqSApAChPSGSwFyUy85');
INSERT INTO public.relationships (id,project_id,source_id,target_id,type,confidence,weight,created_by) VALUES ('fdec41c4-881a-4e0c-b336-006b720906f7','c4fc7d38-8033-4e5e-8e8f-563e8a1a1374','5f7ccff3-30b0-4888-9ef7-d6de6854ad0f','7ab59d56-ccac-4557-846c-1443f377e707','Causal','High',70,'user_30uQARGezqSApAChPSGSwFyUy85');
INSERT INTO public.relationships (id,project_id,source_id,target_id,type,confidence,weight,created_by) VALUES ('29a62839-7dde-4c3f-b5ba-5cf0c4d651ff','c4fc7d38-8033-4e5e-8e8f-563e8a1a1374','dfd04f78-423d-4b23-9c0f-e2ad572fdc9f','7ab59d56-ccac-4557-846c-1443f377e707','Causal','High',60,'user_30uQARGezqSApAChPSGSwFyUy85');
INSERT INTO public.relationships (id,project_id,source_id,target_id,type,confidence,weight,created_by) VALUES ('dd677f41-888c-44b9-89ff-d43a1f16e862','c4fc7d38-8033-4e5e-8e8f-563e8a1a1374','df8878fc-e95b-4b47-b1f4-586f1ee8cff7','5f7ccff3-30b0-4888-9ef7-d6de6854ad0f','Causal','High',55,'user_30uQARGezqSApAChPSGSwFyUy85');
INSERT INTO public.relationships (id,project_id,source_id,target_id,type,confidence,weight,created_by) VALUES ('240ff953-6060-4da7-ab1a-781b9e430d3e','c4fc7d38-8033-4e5e-8e8f-563e8a1a1374','45900d13-7871-480a-9a99-eccd47234313','d935fcc4-b500-4c0d-b58f-0b82d6f0a80d','Deterministic','High',80,'user_30uQARGezqSApAChPSGSwFyUy85');
INSERT INTO public.relationships (id,project_id,source_id,target_id,type,confidence,weight,created_by) VALUES ('67fb73eb-35de-4c6a-a73a-a46d11302438','c4fc7d38-8033-4e5e-8e8f-563e8a1a1374','00a664ed-8d13-4331-bb95-3002ef0a16a3','d935fcc4-b500-4c0d-b58f-0b82d6f0a80d','Deterministic','High',70,'user_30uQARGezqSApAChPSGSwFyUy85');
INSERT INTO public.relationships (id,project_id,source_id,target_id,type,confidence,weight,created_by) VALUES ('ac81f58c-a825-43ae-b9ef-8321d951b9a0','c4fc7d38-8033-4e5e-8e8f-563e8a1a1374','b4475271-b961-4e0f-9400-fbd09a2a8470','341504aa-57a5-4f2f-87fa-6c112d0124c2','Causal','High',85,'user_30uQARGezqSApAChPSGSwFyUy85');
INSERT INTO public.relationships (id,project_id,source_id,target_id,type,confidence,weight,created_by) VALUES ('eabbf12c-1d94-438c-b0c9-3b97e29d5d23','c4fc7d38-8033-4e5e-8e8f-563e8a1a1374','b4475271-b961-4e0f-9400-fbd09a2a8470','8a4ea9a4-940b-43b0-b247-a2cf287c97c4','Causal','High',70,'user_30uQARGezqSApAChPSGSwFyUy85');
INSERT INTO public.relationships (id,project_id,source_id,target_id,type,confidence,weight,created_by) VALUES ('33709c87-ea2f-4ea2-80da-29679331dc81','c4fc7d38-8033-4e5e-8e8f-563e8a1a1374','033d5d7f-4b88-4187-bf2f-81bdad876966','a27dbfde-6ae1-4d23-bfa6-282cb2b87fea','Deterministic','High',85,'user_30uQARGezqSApAChPSGSwFyUy85');
INSERT INTO public.relationships (id,project_id,source_id,target_id,type,confidence,weight,created_by) VALUES ('bbefc1a6-f1f4-427e-8fb8-3a870df97488','c4fc7d38-8033-4e5e-8e8f-563e8a1a1374','e3d0105d-fc7c-46aa-89c5-735a32e02178','a27dbfde-6ae1-4d23-bfa6-282cb2b87fea','Deterministic','High',80,'user_30uQARGezqSApAChPSGSwFyUy85');
INSERT INTO public.relationships (id,project_id,source_id,target_id,type,confidence,weight,created_by) VALUES ('4c2286ec-25c9-442c-9331-4676acedeed6','c4fc7d38-8033-4e5e-8e8f-563e8a1a1374','3b943836-01af-45e5-9a76-5298fdd65d0c','1e851a8f-49eb-4302-8bac-9a2258ed1d64','Deterministic','High',75,'user_30uQARGezqSApAChPSGSwFyUy85');
INSERT INTO public.relationships (id,project_id,source_id,target_id,type,confidence,weight,created_by) VALUES ('6cf0220f-0a86-41e0-8788-1c86cd4e5674','c4fc7d38-8033-4e5e-8e8f-563e8a1a1374','b4475271-b961-4e0f-9400-fbd09a2a8470','1e851a8f-49eb-4302-8bac-9a2258ed1d64','Causal','High',80,'user_30uQARGezqSApAChPSGSwFyUy85');
INSERT INTO public.relationships (id,project_id,source_id,target_id,type,confidence,weight,created_by) VALUES ('463ecb70-5bf4-45dc-b85e-c2856fb37747','c4fc7d38-8033-4e5e-8e8f-563e8a1a1374','1e851a8f-49eb-4302-8bac-9a2258ed1d64','ff03baad-c6af-4de8-8317-7c78f2738a01','Deterministic','High',80,'user_30uQARGezqSApAChPSGSwFyUy85');
INSERT INTO public.relationships (id,project_id,source_id,target_id,type,confidence,weight,created_by) VALUES ('196d8c71-85dd-42ec-a727-a3c624ab7cc2','c4fc7d38-8033-4e5e-8e8f-563e8a1a1374','a27dbfde-6ae1-4d23-bfa6-282cb2b87fea','ff03baad-c6af-4de8-8317-7c78f2738a01','Deterministic','High',80,'user_30uQARGezqSApAChPSGSwFyUy85');
INSERT INTO public.relationships (id,project_id,source_id,target_id,type,confidence,weight,created_by) VALUES ('c454fa95-3cb4-466d-bc11-d41da92c7796','c4fc7d38-8033-4e5e-8e8f-563e8a1a1374','a27dbfde-6ae1-4d23-bfa6-282cb2b87fea','d6291d05-b079-454e-86d5-92f075cf49b6','Deterministic','High',70,'user_30uQARGezqSApAChPSGSwFyUy85');
INSERT INTO public.relationships (id,project_id,source_id,target_id,type,confidence,weight,created_by) VALUES ('c584df1e-f529-4ef4-b555-a15103372a17','c4fc7d38-8033-4e5e-8e8f-563e8a1a1374','0a2a25ad-a3eb-4dab-85eb-82a7c5662dff','3996b17e-7c73-4842-b997-283f3a4966a4','Compositional','High',80,'user_30uQARGezqSApAChPSGSwFyUy85');
INSERT INTO public.relationships (id,project_id,source_id,target_id,type,confidence,weight,created_by) VALUES ('6c283809-7255-44c7-9a3e-98847db2f3ee','c4fc7d38-8033-4e5e-8e8f-563e8a1a1374','033d5d7f-4b88-4187-bf2f-81bdad876966','3996b17e-7c73-4842-b997-283f3a4966a4','Compositional','High',80,'user_30uQARGezqSApAChPSGSwFyUy85');
INSERT INTO public.relationships (id,project_id,source_id,target_id,type,confidence,weight,created_by) VALUES ('512b6b17-2637-4a55-8abc-b471f3a6664c','c4fc7d38-8033-4e5e-8e8f-563e8a1a1374','2e3c167c-33e7-4120-add5-4b4e9126db93','3996b17e-7c73-4842-b997-283f3a4966a4','Compositional','High',70,'user_30uQARGezqSApAChPSGSwFyUy85');
INSERT INTO public.relationships (id,project_id,source_id,target_id,type,confidence,weight,created_by) VALUES ('6f90fe48-2693-4bb6-af38-027afc31ce60','c4fc7d38-8033-4e5e-8e8f-563e8a1a1374','46a024be-64bb-4c78-a1cc-7594ce56fea3','3996b17e-7c73-4842-b997-283f3a4966a4','Compositional','High',60,'user_30uQARGezqSApAChPSGSwFyUy85');
INSERT INTO public.relationships (id,project_id,source_id,target_id,type,confidence,weight,created_by) VALUES ('d5469841-6d90-4270-9718-c94a8f171e5f','c4fc7d38-8033-4e5e-8e8f-563e8a1a1374','b2f1c248-2a82-47b5-8dfd-dd88d465bf90','0a2a25ad-a3eb-4dab-85eb-82a7c5662dff','Compositional','High',70,'user_30uQARGezqSApAChPSGSwFyUy85');
INSERT INTO public.relationships (id,project_id,source_id,target_id,type,confidence,weight,created_by) VALUES ('7dbc7a97-3646-403b-b414-f4670572d49c','c4fc7d38-8033-4e5e-8e8f-563e8a1a1374','1abd5639-e3d1-448c-b44f-cd85002c4efb','0a2a25ad-a3eb-4dab-85eb-82a7c5662dff','Compositional','High',60,'user_30uQARGezqSApAChPSGSwFyUy85');
INSERT INTO public.relationships (id,project_id,source_id,target_id,type,confidence,weight,created_by) VALUES ('5d1ebe3c-51fe-44af-8d50-7c9b89853f5f','c4fc7d38-8033-4e5e-8e8f-563e8a1a1374','0a2a25ad-a3eb-4dab-85eb-82a7c5662dff','28afd6cb-551f-4778-be63-40ad15b7d520','Causal','High',70,'user_30uQARGezqSApAChPSGSwFyUy85');
INSERT INTO public.relationships (id,project_id,source_id,target_id,type,confidence,weight,created_by) VALUES ('2430cf3a-e8d8-4ab1-bc57-075f0d8799c6','c4fc7d38-8033-4e5e-8e8f-563e8a1a1374','45900d13-7871-480a-9a99-eccd47234313','033d5d7f-4b88-4187-bf2f-81bdad876966','Compositional','High',70,'user_30uQARGezqSApAChPSGSwFyUy85');
INSERT INTO public.relationships (id,project_id,source_id,target_id,type,confidence,weight,created_by) VALUES ('bb7b8c37-17fa-4ce4-83e8-356fc0ce209a','c4fc7d38-8033-4e5e-8e8f-563e8a1a1374','ba597e43-5277-4280-8c61-ccd7b0a1f1c8','07d6f003-6546-4479-9926-8d8b7c2bf53e','Causal','High',70,'user_30uQARGezqSApAChPSGSwFyUy85');
INSERT INTO public.relationships (id,project_id,source_id,target_id,type,confidence,weight,created_by) VALUES ('34babb53-ef34-4b4a-8e85-0b3155d20ccc','c4fc7d38-8033-4e5e-8e8f-563e8a1a1374','e3cbcf1a-8be0-438a-b318-e87e7a8bec8a','a8c25b04-0da0-4093-bc02-7fd584b4b150','Causal','High',75,'user_30uQARGezqSApAChPSGSwFyUy85');
INSERT INTO public.relationships (id,project_id,source_id,target_id,type,confidence,weight,created_by) VALUES ('17cd69c5-100f-4b34-9597-657bc59080f7','c4fc7d38-8033-4e5e-8e8f-563e8a1a1374','acd16a97-6156-4292-b058-5de8e5556059','b4475271-b961-4e0f-9400-fbd09a2a8470','Causal','High',70,'user_30uQARGezqSApAChPSGSwFyUy85');
INSERT INTO public.relationships (id,project_id,source_id,target_id,type,confidence,weight,created_by) VALUES ('210c80d4-e8a6-4872-ad68-e134315c0a3f','c4fc7d38-8033-4e5e-8e8f-563e8a1a1374','ed61661e-faf9-4fb6-b062-a0ce9a226fa8','f2519fa6-56c3-401b-9bc0-1a28e2517465','Causal','High',70,'user_30uQARGezqSApAChPSGSwFyUy85');
INSERT INTO public.relationships (id,project_id,source_id,target_id,type,confidence,weight,created_by) VALUES ('9558a05c-dd99-4533-a0c6-aaf6939a30d6','c4fc7d38-8033-4e5e-8e8f-563e8a1a1374','4a3455d3-4196-4893-9eff-15e517c86318','b4475271-b961-4e0f-9400-fbd09a2a8470','Probabilistic','High',50,'user_30uQARGezqSApAChPSGSwFyUy85');
INSERT INTO public.relationships (id,project_id,source_id,target_id,type,confidence,weight,created_by) VALUES ('d0af46a7-105c-4e4c-a5c4-192f379e45a4','c4fc7d38-8033-4e5e-8e8f-563e8a1a1374','7ef32df1-74d9-4684-91d9-563984897244','a8c25b04-0da0-4093-bc02-7fd584b4b150','Probabilistic','High',50,'user_30uQARGezqSApAChPSGSwFyUy85');
INSERT INTO public.groups (id,project_id,name,color,node_ids,position_x,position_y,width,height,created_by) VALUES ('e79b6cab-f0e5-49a5-aee2-5dc44863deca','c4fc7d38-8033-4e5e-8e8f-563e8a1a1374','Acquisition Funnel','#3b82f6',ARRAY['b6d9356e-67c1-44fb-9330-49b1d7a40e96','07d6f003-6546-4479-9926-8d8b7c2bf53e','d935fcc4-b500-4c0d-b58f-0b82d6f0a80d','7ab59d56-ccac-4557-846c-1443f377e707','f2519fa6-56c3-401b-9bc0-1a28e2517465','80c40627-4505-4c62-a033-107cf0872fc3','8ccc6347-d5c4-42e0-a44c-cc906e04d90a','5f7ccff3-30b0-4888-9ef7-d6de6854ad0f','dfd04f78-423d-4b23-9c0f-e2ad572fdc9f','df8878fc-e95b-4b47-b1f4-586f1ee8cff7','45900d13-7871-480a-9a99-eccd47234313','00a664ed-8d13-4331-bb95-3002ef0a16a3','dd0b64a4-a348-4577-8a0f-9efecfa5d84d','43eaae3d-6092-481e-8fd5-9c09b7833e9f','de54fb0d-1ee6-4c91-8ae3-7ce101260a62','a8c25b04-0da0-4093-bc02-7fd584b4b150','e3d0105d-fc7c-46aa-89c5-735a32e02178']::uuid[],-880,714,2040,1486,'user_30uQARGezqSApAChPSGSwFyUy85');
INSERT INTO public.groups (id,project_id,name,color,node_ids,position_x,position_y,width,height,created_by) VALUES ('ecc22b70-a240-4cb6-abc3-82ae07710672','c4fc7d38-8033-4e5e-8e8f-563e8a1a1374','Revenue & MRR','#22c55e',ARRAY['a41ff7c0-d066-44a2-b811-ab8972b39e03','2cd857c3-54e6-4f9d-b666-601d9c419a7f','ad20aa1a-fa32-48cd-9812-9594b320e2b1','2dae9b0f-e3e1-44d3-8f00-9fc35e961d95','0334645f-69ec-4a5c-a59f-22e5892efc39','341504aa-57a5-4f2f-87fa-6c112d0124c2','7dd8d516-a9d2-48d0-88b3-3aaf723a20f7','3b943836-01af-45e5-9a76-5298fdd65d0c','cdb6dbec-9a45-41c7-ae04-01cbd1eb395c','5ca973e0-0392-46e4-b79f-f94c4c9a247d']::uuid[],-1220,114,1870,1086,'user_30uQARGezqSApAChPSGSwFyUy85');
INSERT INTO public.groups (id,project_id,name,color,node_ids,position_x,position_y,width,height,created_by) VALUES ('d6cf2652-495e-4b0e-81f7-f7aa48c2c3a9','c4fc7d38-8033-4e5e-8e8f-563e8a1a1374','Unit Economics','#f59e0b',ARRAY['a27dbfde-6ae1-4d23-bfa6-282cb2b87fea','1e851a8f-49eb-4302-8bac-9a2258ed1d64','ff03baad-c6af-4de8-8317-7c78f2738a01','d6291d05-b079-454e-86d5-92f075cf49b6','b4475271-b961-4e0f-9400-fbd09a2a8470','8a4ea9a4-940b-43b0-b247-a2cf287c97c4']::uuid[],-880,114,1700,886,'user_30uQARGezqSApAChPSGSwFyUy85');
INSERT INTO public.groups (id,project_id,name,color,node_ids,position_x,position_y,width,height,created_by) VALUES ('0f45bd12-3882-42ef-87e4-6ef9acd0447d','c4fc7d38-8033-4e5e-8e8f-563e8a1a1374','Cost Structure','#a855f7',ARRAY['3996b17e-7c73-4842-b997-283f3a4966a4','0a2a25ad-a3eb-4dab-85eb-82a7c5662dff','b2f1c248-2a82-47b5-8dfd-dd88d465bf90','1abd5639-e3d1-448c-b44f-cd85002c4efb','033d5d7f-4b88-4187-bf2f-81bdad876966','2e3c167c-33e7-4120-add5-4b4e9126db93','46a024be-64bb-4c78-a1cc-7594ce56fea3','28afd6cb-551f-4778-be63-40ad15b7d520']::uuid[],-370,114,1870,686,'user_30uQARGezqSApAChPSGSwFyUy85');
INSERT INTO public.canvas_nodes (id,project_id,node_type,title,position_x,position_y,data,created_by) VALUES ('5db0715e-5eb8-4c13-8448-77e52edec6d1','c4fc7d38-8033-4e5e-8e8f-563e8a1a1374','whiteboardNode','Label',1710,-170,'{"shape":"text","text":"📊 Live Data Pipeline","fontSize":18,"width":300,"height":96,"fill":"#eef2ff","stroke":"#6366f1"}'::jsonb,'user_30uQARGezqSApAChPSGSwFyUy85');
INSERT INTO public.canvas_nodes (id,project_id,node_type,title,position_x,position_y,data,created_by) VALUES ('71f855ea-d322-468e-b076-abd9588f98e6','c4fc7d38-8033-4e5e-8e8f-563e8a1a1374','sourceNode','Live Feed',1710,0,'{"title":"Live Feed (new bookings)","config":{"origin":"manual","rows":[{"period":"2026-01","value":3469},{"period":"2026-02","value":3608},{"period":"2026-03","value":3747},{"period":"2026-04","value":3885},{"period":"2026-05","value":4024},{"period":"2026-06","value":4163},{"period":"2026-07","value":4302}]},"series":[{"period":"2026-01","value":3469,"change_percent":0,"trend":"neutral"},{"period":"2026-02","value":3608,"change_percent":4,"trend":"up"},{"period":"2026-03","value":3747,"change_percent":3.9,"trend":"up"},{"period":"2026-04","value":3885,"change_percent":3.7,"trend":"up"},{"period":"2026-05","value":4024,"change_percent":3.6,"trend":"up"},{"period":"2026-06","value":4163,"change_percent":3.5,"trend":"up"},{"period":"2026-07","value":4302,"change_percent":3.3,"trend":"up"}],"refreshedAt":"2026-07-02T22:34:41.522Z"}'::jsonb,'user_30uQARGezqSApAChPSGSwFyUy85');
INSERT INTO public.canvas_nodes (id,project_id,node_type,title,position_x,position_y,data,created_by) VALUES ('a3b14df3-a08c-4ef6-bab3-2e0830a50afb','c4fc7d38-8033-4e5e-8e8f-563e8a1a1374','operatorNode','Projection',2070,0,'{"label":"Projection (a × 1.1 + feed)","operationType":"formula","isActive":true,"formula":"a * 1.1 + b","inputs":[{"key":"a","sourceId":"a41ff7c0-d066-44a2-b811-ab8972b39e03","label":"Revenue (ARR)"},{"key":"b","sourceId":"71f855ea-d322-468e-b076-abd9588f98e6","label":"Live feed"}]}'::jsonb,'user_30uQARGezqSApAChPSGSwFyUy85');
INSERT INTO public.canvas_nodes (id,project_id,node_type,title,position_x,position_y,data,created_by) VALUES ('a5ded147-3987-4bcb-8c22-0922734add76','c4fc7d38-8033-4e5e-8e8f-563e8a1a1374','chartNode','Actual vs Projection',2810,0,'{"chartType":"area","title":"Actual vs Projection","seriesCardIds":["a41ff7c0-d066-44a2-b811-ab8972b39e03","125b6267-f66d-4235-9b4c-927b093ac0bf"],"showLegend":true}'::jsonb,'user_30uQARGezqSApAChPSGSwFyUy85');
INSERT INTO public.canvas_nodes (id,project_id,node_type,title,position_x,position_y,data,created_by) VALUES ('c4623bfa-2857-4fcd-b304-712d1b56d297','c4fc7d38-8033-4e5e-8e8f-563e8a1a1374','commentNode','Pipeline',1710,260,'{"title":"Live pipeline: Source → Operator → Card → Chart. Edit the Source, then Run Simulation.","projectId":"c4fc7d38-8033-4e5e-8e8f-563e8a1a1374"}'::jsonb,'user_30uQARGezqSApAChPSGSwFyUy85');

DELETE FROM public.projects WHERE created_by='user_30uQARGezqSApAChPSGSwFyUy85' AND name='E-commerce — Example Metric Tree';
INSERT INTO public.projects (id,name,description,created_by,last_modified_by,is_public,tags,settings) VALUES ('fea7b947-468e-4c49-b19e-f4291bbc86e7','E-commerce — Example Metric Tree','Decomposition of profit for an online store: orders = sessions × conversion, AOV, channel mix (incl. social/email), retention, and cost structure.','user_30uQARGezqSApAChPSGSwFyUy85','user_30uQARGezqSApAChPSGSwFyUy85',true,ARRAY['example','template'],'{"dataFlowEdges":[{"id":"5857dcc3-e78e-4d52-8eb0-d31c3525aeb5","source":"284c91fc-1b31-4713-98b1-6bcd0719192a","target":"385105f0-82aa-4c1c-96dd-b405d76d3102","type":"dataFlow"},{"id":"5e9f9425-77db-4dcf-b03d-1ec964bf47f9","source":"b8273840-5570-4561-ad00-9e44008157a6","target":"385105f0-82aa-4c1c-96dd-b405d76d3102","type":"dataFlow"},{"id":"43081410-c2b1-4023-8da9-a90988088c2d","source":"385105f0-82aa-4c1c-96dd-b405d76d3102","target":"0dbd0873-3be3-4ae9-a0d0-4d07818456aa","type":"dataFlow"},{"id":"2518159b-1872-427e-b331-70ec028e900d","source":"b8273840-5570-4561-ad00-9e44008157a6","target":"5bcb43d9-78dc-492e-8bae-4802c2218a93","type":"dataFlow"},{"id":"6528868f-3ef4-4ab1-aca6-a8176cf8e264","source":"0dbd0873-3be3-4ae9-a0d0-4d07818456aa","target":"5bcb43d9-78dc-492e-8bae-4802c2218a93","type":"dataFlow"}]}'::jsonb);
INSERT INTO public.metric_cards (id,project_id,title,description,category,position_x,position_y,created_by,data) VALUES ('52507b24-d2aa-4007-b9c4-14c47935eb00','fea7b947-468e-4c49-b19e-f4291bbc86e7','Profit','Revenue − Total Costs','Core/Value',0,0,'user_30uQARGezqSApAChPSGSwFyUy85','[{"period":"2026-01","value":89443,"change_percent":0,"trend":"neutral"},{"period":"2026-02","value":92777,"change_percent":3.7,"trend":"up"},{"period":"2026-03","value":94506,"change_percent":1.9,"trend":"up"},{"period":"2026-04","value":98158,"change_percent":3.9,"trend":"up"},{"period":"2026-05","value":100952,"change_percent":2.8,"trend":"up"},{"period":"2026-06","value":106558,"change_percent":5.6,"trend":"up"},{"period":"2026-07","value":113109,"change_percent":6.1,"trend":"up"}]'::jsonb);
INSERT INTO public.metric_cards (id,project_id,title,description,category,position_x,position_y,created_by,data) VALUES ('b8273840-5570-4561-ad00-9e44008157a6','fea7b947-468e-4c49-b19e-f4291bbc86e7','Revenue','Orders × AOV','Data/Metric',-1020,200,'user_30uQARGezqSApAChPSGSwFyUy85','[{"period":"2026-01","value":633254,"change_percent":0,"trend":"neutral"},{"period":"2026-02","value":659728,"change_percent":4.2,"trend":"up"},{"period":"2026-03","value":671767,"change_percent":1.8,"trend":"up"},{"period":"2026-04","value":697916,"change_percent":3.9,"trend":"up"},{"period":"2026-05","value":702310,"change_percent":0.6,"trend":"neutral"},{"period":"2026-06","value":721970,"change_percent":2.8,"trend":"up"},{"period":"2026-07","value":735055,"change_percent":1.8,"trend":"up"}]'::jsonb);
INSERT INTO public.metric_cards (id,project_id,title,description,category,position_x,position_y,created_by,data) VALUES ('5be7831f-32f8-4bc5-a921-4cc6341be9ff','fea7b947-468e-4c49-b19e-f4291bbc86e7','Orders','Sessions × Conversion','Data/Metric',-1190,400,'user_30uQARGezqSApAChPSGSwFyUy85','[{"period":"2026-01","value":88423,"change_percent":0,"trend":"neutral"},{"period":"2026-02","value":91322,"change_percent":3.3,"trend":"up"},{"period":"2026-03","value":92747,"change_percent":1.6,"trend":"up"},{"period":"2026-04","value":96087,"change_percent":3.6,"trend":"up"},{"period":"2026-05","value":98332,"change_percent":2.3,"trend":"up"},{"period":"2026-06","value":99940,"change_percent":1.6,"trend":"up"},{"period":"2026-07","value":100872,"change_percent":0.9,"trend":"neutral"}]'::jsonb);
INSERT INTO public.metric_cards (id,project_id,title,description,category,position_x,position_y,created_by,data) VALUES ('bce92029-7d56-4519-ad4c-e07e5ce1bc6b','fea7b947-468e-4c49-b19e-f4291bbc86e7','Average Order Value','Items × Avg item price','Data/Metric',-850,400,'user_30uQARGezqSApAChPSGSwFyUy85','[{"period":"2026-01","value":488411,"change_percent":0,"trend":"neutral"},{"period":"2026-02","value":535705,"change_percent":9.7,"trend":"up"},{"period":"2026-03","value":588428,"change_percent":9.8,"trend":"up"},{"period":"2026-04","value":644841,"change_percent":9.6,"trend":"up"},{"period":"2026-05","value":699607,"change_percent":8.5,"trend":"up"},{"period":"2026-06","value":739723,"change_percent":5.7,"trend":"up"},{"period":"2026-07","value":799174,"change_percent":8,"trend":"up"}]'::jsonb);
INSERT INTO public.metric_cards (id,project_id,title,description,category,position_x,position_y,created_by,data) VALUES ('055ee628-abd5-4bac-bffa-bd17de42b8ee','fea7b947-468e-4c49-b19e-f4291bbc86e7','Sessions','Sum of channels','Data/Metric',-1360,600,'user_30uQARGezqSApAChPSGSwFyUy85','[{"period":"2026-01","value":19811,"change_percent":0,"trend":"neutral"},{"period":"2026-02","value":20422,"change_percent":3.1,"trend":"up"},{"period":"2026-03","value":21529,"change_percent":5.4,"trend":"up"},{"period":"2026-04","value":22702,"change_percent":5.4,"trend":"up"},{"period":"2026-05","value":23216,"change_percent":2.3,"trend":"up"},{"period":"2026-06","value":24390,"change_percent":5.1,"trend":"up"},{"period":"2026-07","value":24706,"change_percent":1.3,"trend":"up"}]'::jsonb);
INSERT INTO public.metric_cards (id,project_id,title,description,category,position_x,position_y,created_by,data) VALUES ('10fdf6ca-5c6d-44eb-8f11-cc3d5e9f7dc8','fea7b947-468e-4c49-b19e-f4291bbc86e7','Conversion Rate','','Data/Metric',-1020,600,'user_30uQARGezqSApAChPSGSwFyUy85','[{"period":"2026-01","value":52.9,"change_percent":0,"trend":"neutral"},{"period":"2026-02","value":55.6,"change_percent":5.1,"trend":"up"},{"period":"2026-03","value":57.3,"change_percent":3.1,"trend":"up"},{"period":"2026-04","value":57.8,"change_percent":0.9,"trend":"neutral"},{"period":"2026-05","value":59.6,"change_percent":3.1,"trend":"up"},{"period":"2026-06","value":61.5,"change_percent":3.2,"trend":"up"},{"period":"2026-07","value":62.8,"change_percent":2.1,"trend":"up"}]'::jsonb);
INSERT INTO public.metric_cards (id,project_id,title,description,category,position_x,position_y,created_by,data) VALUES ('c0f17fc8-4364-4aec-9433-50adbfcaa72a','fea7b947-468e-4c49-b19e-f4291bbc86e7','Items per Order','','Data/Metric',-680,600,'user_30uQARGezqSApAChPSGSwFyUy85','[{"period":"2026-01","value":60303,"change_percent":0,"trend":"neutral"},{"period":"2026-02","value":66183,"change_percent":9.8,"trend":"up"},{"period":"2026-03","value":71365,"change_percent":7.8,"trend":"up"},{"period":"2026-04","value":76291,"change_percent":6.9,"trend":"up"},{"period":"2026-05","value":81123,"change_percent":6.3,"trend":"up"},{"period":"2026-06","value":86255,"change_percent":6.3,"trend":"up"},{"period":"2026-07","value":93503,"change_percent":8.4,"trend":"up"}]'::jsonb);
INSERT INTO public.metric_cards (id,project_id,title,description,category,position_x,position_y,created_by,data) VALUES ('438fa01a-8b0b-432a-ae72-16a52685dc4c','fea7b947-468e-4c49-b19e-f4291bbc86e7','Avg Item Price','','Data/Metric',-340,600,'user_30uQARGezqSApAChPSGSwFyUy85','[{"period":"2026-01","value":42473,"change_percent":0,"trend":"neutral"},{"period":"2026-02","value":45755,"change_percent":7.7,"trend":"up"},{"period":"2026-03","value":48601,"change_percent":6.2,"trend":"up"},{"period":"2026-04","value":50391,"change_percent":3.7,"trend":"up"},{"period":"2026-05","value":52742,"change_percent":4.7,"trend":"up"},{"period":"2026-06","value":56108,"change_percent":6.4,"trend":"up"},{"period":"2026-07","value":60078,"change_percent":7.1,"trend":"up"}]'::jsonb);
INSERT INTO public.metric_cards (id,project_id,title,description,category,position_x,position_y,created_by,data) VALUES ('08554545-84f7-4606-9575-f46dbf0496bf','fea7b947-468e-4c49-b19e-f4291bbc86e7','Cross-sell Rate','','Data/Metric',0,600,'user_30uQARGezqSApAChPSGSwFyUy85','[{"period":"2026-01","value":5.6,"change_percent":0,"trend":"neutral"},{"period":"2026-02","value":5.6,"change_percent":0,"trend":"neutral"},{"period":"2026-03","value":5.6,"change_percent":0,"trend":"neutral"},{"period":"2026-04","value":5.8,"change_percent":3.6,"trend":"up"},{"period":"2026-05","value":6,"change_percent":3.4,"trend":"up"},{"period":"2026-06","value":6.1,"change_percent":1.7,"trend":"up"},{"period":"2026-07","value":6.1,"change_percent":0,"trend":"neutral"}]'::jsonb);
INSERT INTO public.metric_cards (id,project_id,title,description,category,position_x,position_y,created_by,data) VALUES ('6e6651c3-ed37-4f96-9b11-fe86c0f2dd1c','fea7b947-468e-4c49-b19e-f4291bbc86e7','Upsell Rate','','Data/Metric',340,600,'user_30uQARGezqSApAChPSGSwFyUy85','[{"period":"2026-01","value":61,"change_percent":0,"trend":"neutral"},{"period":"2026-02","value":62.7,"change_percent":2.8,"trend":"up"},{"period":"2026-03","value":64.2,"change_percent":2.4,"trend":"up"},{"period":"2026-04","value":64,"change_percent":-0.3,"trend":"neutral"},{"period":"2026-05","value":65.1,"change_percent":1.7,"trend":"up"},{"period":"2026-06","value":64.9,"change_percent":-0.3,"trend":"neutral"},{"period":"2026-07","value":66.5,"change_percent":2.5,"trend":"up"}]'::jsonb);
INSERT INTO public.metric_cards (id,project_id,title,description,category,position_x,position_y,created_by,data) VALUES ('0cc7ee32-3e57-4397-8379-78df3fc5a389','fea7b947-468e-4c49-b19e-f4291bbc86e7','Organic Sessions','','Data/Metric',-1360,800,'user_30uQARGezqSApAChPSGSwFyUy85','[{"period":"2026-01","value":40025,"change_percent":0,"trend":"neutral"},{"period":"2026-02","value":42129,"change_percent":5.3,"trend":"up"},{"period":"2026-03","value":45103,"change_percent":7.1,"trend":"up"},{"period":"2026-04","value":48458,"change_percent":7.4,"trend":"up"},{"period":"2026-05","value":51586,"change_percent":6.5,"trend":"up"},{"period":"2026-06","value":54136,"change_percent":4.9,"trend":"up"},{"period":"2026-07","value":55953,"change_percent":3.4,"trend":"up"}]'::jsonb);
INSERT INTO public.metric_cards (id,project_id,title,description,category,position_x,position_y,created_by,data) VALUES ('cbfc4d5a-5b59-423e-bd85-0efa3af7f793','fea7b947-468e-4c49-b19e-f4291bbc86e7','Paid Sessions','Ad Spend / CPC','Data/Metric',-1020,800,'user_30uQARGezqSApAChPSGSwFyUy85','[{"period":"2026-01","value":64791,"change_percent":0,"trend":"neutral"},{"period":"2026-02","value":69496,"change_percent":7.3,"trend":"up"},{"period":"2026-03","value":73241,"change_percent":5.4,"trend":"up"},{"period":"2026-04","value":76880,"change_percent":5,"trend":"up"},{"period":"2026-05","value":83113,"change_percent":8.1,"trend":"up"},{"period":"2026-06","value":86425,"change_percent":4,"trend":"up"},{"period":"2026-07","value":92325,"change_percent":6.8,"trend":"up"}]'::jsonb);
INSERT INTO public.metric_cards (id,project_id,title,description,category,position_x,position_y,created_by,data) VALUES ('607414a6-d078-4af5-97d5-6b83c54cea76','fea7b947-468e-4c49-b19e-f4291bbc86e7','Social Sessions','Reach × CTR','Data/Metric',-680,800,'user_30uQARGezqSApAChPSGSwFyUy85','[{"period":"2026-01","value":27560,"change_percent":0,"trend":"neutral"},{"period":"2026-02","value":29217,"change_percent":6,"trend":"up"},{"period":"2026-03","value":30672,"change_percent":5,"trend":"up"},{"period":"2026-04","value":32869,"change_percent":7.2,"trend":"up"},{"period":"2026-05","value":35295,"change_percent":7.4,"trend":"up"},{"period":"2026-06","value":37737,"change_percent":6.9,"trend":"up"},{"period":"2026-07","value":40733,"change_percent":7.9,"trend":"up"}]'::jsonb);
INSERT INTO public.metric_cards (id,project_id,title,description,category,position_x,position_y,created_by,data) VALUES ('62fdfc2c-ead3-4943-a7ca-729c5cfd195e','fea7b947-468e-4c49-b19e-f4291bbc86e7','Email Sessions','List × Open × CTR','Data/Metric',-340,800,'user_30uQARGezqSApAChPSGSwFyUy85','[{"period":"2026-01","value":28281,"change_percent":0,"trend":"neutral"},{"period":"2026-02","value":30467,"change_percent":7.7,"trend":"up"},{"period":"2026-03","value":32827,"change_percent":7.7,"trend":"up"},{"period":"2026-04","value":35530,"change_percent":8.2,"trend":"up"},{"period":"2026-05","value":39094,"change_percent":10,"trend":"up"},{"period":"2026-06","value":42868,"change_percent":9.7,"trend":"up"},{"period":"2026-07","value":47092,"change_percent":9.9,"trend":"up"}]'::jsonb);
INSERT INTO public.metric_cards (id,project_id,title,description,category,position_x,position_y,created_by,data) VALUES ('2e2efc9d-89bb-4c14-af6b-3dc978e5ac4a','fea7b947-468e-4c49-b19e-f4291bbc86e7','Direct Sessions','','Data/Metric',0,800,'user_30uQARGezqSApAChPSGSwFyUy85','[{"period":"2026-01","value":59141,"change_percent":0,"trend":"neutral"},{"period":"2026-02","value":62100,"change_percent":5,"trend":"up"},{"period":"2026-03","value":66089,"change_percent":6.4,"trend":"up"},{"period":"2026-04","value":68390,"change_percent":3.5,"trend":"up"},{"period":"2026-05","value":72482,"change_percent":6,"trend":"up"},{"period":"2026-06","value":74667,"change_percent":3,"trend":"up"},{"period":"2026-07","value":77450,"change_percent":3.7,"trend":"up"}]'::jsonb);
INSERT INTO public.metric_cards (id,project_id,title,description,category,position_x,position_y,created_by,data) VALUES ('f120327a-7b4f-4c25-a980-093e92e7b599','fea7b947-468e-4c49-b19e-f4291bbc86e7','Affiliate Sessions','','Data/Metric',340,800,'user_30uQARGezqSApAChPSGSwFyUy85','[{"period":"2026-01","value":22071,"change_percent":0,"trend":"neutral"},{"period":"2026-02","value":22450,"change_percent":1.7,"trend":"up"},{"period":"2026-03","value":22759,"change_percent":1.4,"trend":"up"},{"period":"2026-04","value":23775,"change_percent":4.5,"trend":"up"},{"period":"2026-05","value":24287,"change_percent":2.2,"trend":"up"},{"period":"2026-06","value":25110,"change_percent":3.4,"trend":"up"},{"period":"2026-07","value":25152,"change_percent":0.2,"trend":"neutral"}]'::jsonb);
INSERT INTO public.metric_cards (id,project_id,title,description,category,position_x,position_y,created_by,data) VALUES ('4f8a2158-43d2-4511-b788-6e752301337a','fea7b947-468e-4c49-b19e-f4291bbc86e7','Social Reach / Followers','','Data/Metric',-1360,1000,'user_30uQARGezqSApAChPSGSwFyUy85','[{"period":"2026-01","value":15274,"change_percent":0,"trend":"neutral"},{"period":"2026-02","value":16318,"change_percent":6.8,"trend":"up"},{"period":"2026-03","value":17393,"change_percent":6.6,"trend":"up"},{"period":"2026-04","value":18826,"change_percent":8.2,"trend":"up"},{"period":"2026-05","value":19838,"change_percent":5.4,"trend":"up"},{"period":"2026-06","value":21457,"change_percent":8.2,"trend":"up"},{"period":"2026-07","value":22878,"change_percent":6.6,"trend":"up"}]'::jsonb);
INSERT INTO public.metric_cards (id,project_id,title,description,category,position_x,position_y,created_by,data) VALUES ('6eb485e5-ec60-4583-90e8-eabcc19ca087','fea7b947-468e-4c49-b19e-f4291bbc86e7','Social CTR','','Data/Metric',-1020,1000,'user_30uQARGezqSApAChPSGSwFyUy85','[{"period":"2026-01","value":3629,"change_percent":0,"trend":"neutral"},{"period":"2026-02","value":3795,"change_percent":4.6,"trend":"up"},{"period":"2026-03","value":3982,"change_percent":4.9,"trend":"up"},{"period":"2026-04","value":4132,"change_percent":3.8,"trend":"up"},{"period":"2026-05","value":4172,"change_percent":1,"trend":"neutral"},{"period":"2026-06","value":4351,"change_percent":4.3,"trend":"up"},{"period":"2026-07","value":4498,"change_percent":3.4,"trend":"up"}]'::jsonb);
INSERT INTO public.metric_cards (id,project_id,title,description,category,position_x,position_y,created_by,data) VALUES ('2d76f704-a55b-45f9-a848-3de20fabd53a','fea7b947-468e-4c49-b19e-f4291bbc86e7','Content Cadence','','Data/Metric',-340,1200,'user_30uQARGezqSApAChPSGSwFyUy85','[{"period":"2026-01","value":4227,"change_percent":0,"trend":"neutral"},{"period":"2026-02","value":4321,"change_percent":2.2,"trend":"up"},{"period":"2026-03","value":4423,"change_percent":2.4,"trend":"up"},{"period":"2026-04","value":4556,"change_percent":3,"trend":"up"},{"period":"2026-05","value":4733,"change_percent":3.9,"trend":"up"},{"period":"2026-06","value":4944,"change_percent":4.5,"trend":"up"},{"period":"2026-07","value":5175,"change_percent":4.7,"trend":"up"}]'::jsonb);
INSERT INTO public.metric_cards (id,project_id,title,description,category,position_x,position_y,created_by,data) VALUES ('94abab78-a717-4e4f-879c-8521849e2d86','fea7b947-468e-4c49-b19e-f4291bbc86e7','Email List Size','','Data/Metric',-680,1000,'user_30uQARGezqSApAChPSGSwFyUy85','[{"period":"2026-01","value":31007,"change_percent":0,"trend":"neutral"},{"period":"2026-02","value":32137,"change_percent":3.6,"trend":"up"},{"period":"2026-03","value":32604,"change_percent":1.5,"trend":"up"},{"period":"2026-04","value":33133,"change_percent":1.6,"trend":"up"},{"period":"2026-05","value":34849,"change_percent":5.2,"trend":"up"},{"period":"2026-06","value":36123,"change_percent":3.7,"trend":"up"},{"period":"2026-07","value":37125,"change_percent":2.8,"trend":"up"}]'::jsonb);
INSERT INTO public.metric_cards (id,project_id,title,description,category,position_x,position_y,created_by,data) VALUES ('ca888495-2bf4-4ef6-98ba-5217045caf79','fea7b947-468e-4c49-b19e-f4291bbc86e7','Email Open Rate','','Data/Metric',-340,1000,'user_30uQARGezqSApAChPSGSwFyUy85','[{"period":"2026-01","value":40.2,"change_percent":0,"trend":"neutral"},{"period":"2026-02","value":43.5,"change_percent":8.2,"trend":"up"},{"period":"2026-03","value":45.5,"change_percent":4.6,"trend":"up"},{"period":"2026-04","value":47.2,"change_percent":3.7,"trend":"up"},{"period":"2026-05","value":49.9,"change_percent":5.7,"trend":"up"},{"period":"2026-06","value":53.8,"change_percent":7.8,"trend":"up"},{"period":"2026-07","value":58.2,"change_percent":8.2,"trend":"up"}]'::jsonb);
INSERT INTO public.metric_cards (id,project_id,title,description,category,position_x,position_y,created_by,data) VALUES ('a0d220c4-7f88-433b-8cc7-4bfc5a67add0','fea7b947-468e-4c49-b19e-f4291bbc86e7','Ad Spend','','Data/Metric',0,1000,'user_30uQARGezqSApAChPSGSwFyUy85','[{"period":"2026-01","value":258929,"change_percent":0,"trend":"neutral"},{"period":"2026-02","value":271956,"change_percent":5,"trend":"up"},{"period":"2026-03","value":280670,"change_percent":3.2,"trend":"up"},{"period":"2026-04","value":284874,"change_percent":1.5,"trend":"up"},{"period":"2026-05","value":288740,"change_percent":1.4,"trend":"up"},{"period":"2026-06","value":299373,"change_percent":3.7,"trend":"up"},{"period":"2026-07","value":312722,"change_percent":4.5,"trend":"up"}]'::jsonb);
INSERT INTO public.metric_cards (id,project_id,title,description,category,position_x,position_y,created_by,data) VALUES ('83fcfb64-2f4c-4ef2-82a9-7c5c3db08803','fea7b947-468e-4c49-b19e-f4291bbc86e7','CPC','','Data/Metric',340,1000,'user_30uQARGezqSApAChPSGSwFyUy85','[{"period":"2026-01","value":3451,"change_percent":0,"trend":"neutral"},{"period":"2026-02","value":3682,"change_percent":6.7,"trend":"up"},{"period":"2026-03","value":3814,"change_percent":3.6,"trend":"up"},{"period":"2026-04","value":4103,"change_percent":7.6,"trend":"up"},{"period":"2026-05","value":4273,"change_percent":4.1,"trend":"up"},{"period":"2026-06","value":4416,"change_percent":3.3,"trend":"up"},{"period":"2026-07","value":4607,"change_percent":4.3,"trend":"up"}]'::jsonb);
INSERT INTO public.metric_cards (id,project_id,title,description,category,position_x,position_y,created_by,data) VALUES ('e798238b-d054-4117-80bb-d2e8bc62f2f0','fea7b947-468e-4c49-b19e-f4291bbc86e7','Product Page CVR','','Data/Metric',680,800,'user_30uQARGezqSApAChPSGSwFyUy85','[{"period":"2026-01","value":4962,"change_percent":0,"trend":"neutral"},{"period":"2026-02","value":5430,"change_percent":9.4,"trend":"up"},{"period":"2026-03","value":5883,"change_percent":8.3,"trend":"up"},{"period":"2026-04","value":6275,"change_percent":6.7,"trend":"up"},{"period":"2026-05","value":6868,"change_percent":9.5,"trend":"up"},{"period":"2026-06","value":7358,"change_percent":7.1,"trend":"up"},{"period":"2026-07","value":7986,"change_percent":8.5,"trend":"up"}]'::jsonb);
INSERT INTO public.metric_cards (id,project_id,title,description,category,position_x,position_y,created_by,data) VALUES ('f2c69804-16df-40f3-a70c-19cb7c5b7710','fea7b947-468e-4c49-b19e-f4291bbc86e7','Add-to-Cart Rate','','Data/Metric',1020,800,'user_30uQARGezqSApAChPSGSwFyUy85','[{"period":"2026-01","value":36.9,"change_percent":0,"trend":"neutral"},{"period":"2026-02","value":38.7,"change_percent":4.9,"trend":"up"},{"period":"2026-03","value":40.2,"change_percent":3.9,"trend":"up"},{"period":"2026-04","value":41.9,"change_percent":4.2,"trend":"up"},{"period":"2026-05","value":43.5,"change_percent":3.8,"trend":"up"},{"period":"2026-06","value":44.8,"change_percent":3,"trend":"up"},{"period":"2026-07","value":45.8,"change_percent":2.2,"trend":"up"}]'::jsonb);
INSERT INTO public.metric_cards (id,project_id,title,description,category,position_x,position_y,created_by,data) VALUES ('8acca4ac-9dfc-4c7b-a807-a5afd27ad93c','fea7b947-468e-4c49-b19e-f4291bbc86e7','Cart Abandonment Rate','','Data/Metric',680,1000,'user_30uQARGezqSApAChPSGSwFyUy85','[{"period":"2026-01","value":29,"change_percent":0,"trend":"neutral"},{"period":"2026-02","value":27.7,"change_percent":-4.5,"trend":"down"},{"period":"2026-03","value":27.1,"change_percent":-2.2,"trend":"down"},{"period":"2026-04","value":25.7,"change_percent":-5.2,"trend":"down"},{"period":"2026-05","value":25.1,"change_percent":-2.3,"trend":"down"},{"period":"2026-06","value":23.7,"change_percent":-5.6,"trend":"down"},{"period":"2026-07","value":22.6,"change_percent":-4.6,"trend":"down"}]'::jsonb);
INSERT INTO public.metric_cards (id,project_id,title,description,category,position_x,position_y,created_by,data) VALUES ('c13b11de-da99-4fb4-84bd-0d8bfc727156','fea7b947-468e-4c49-b19e-f4291bbc86e7','Checkout Completion %','','Data/Metric',1360,800,'user_30uQARGezqSApAChPSGSwFyUy85','[{"period":"2026-01","value":10.3,"change_percent":0,"trend":"neutral"},{"period":"2026-02","value":11,"change_percent":6.8,"trend":"up"},{"period":"2026-03","value":11.6,"change_percent":5.5,"trend":"up"},{"period":"2026-04","value":12.1,"change_percent":4.3,"trend":"up"},{"period":"2026-05","value":13,"change_percent":7.4,"trend":"up"},{"period":"2026-06","value":13.7,"change_percent":5.4,"trend":"up"},{"period":"2026-07","value":14.6,"change_percent":6.6,"trend":"up"}]'::jsonb);
INSERT INTO public.metric_cards (id,project_id,title,description,category,position_x,position_y,created_by,data) VALUES ('8cf6e616-bd14-466e-914f-dbf951eca88a','fea7b947-468e-4c49-b19e-f4291bbc86e7','New Customers','','Data/Metric',680,600,'user_30uQARGezqSApAChPSGSwFyUy85','[{"period":"2026-01","value":24997,"change_percent":0,"trend":"neutral"},{"period":"2026-02","value":26493,"change_percent":6,"trend":"up"},{"period":"2026-03","value":26844,"change_percent":1.3,"trend":"up"},{"period":"2026-04","value":28025,"change_percent":4.4,"trend":"up"},{"period":"2026-05","value":28988,"change_percent":3.4,"trend":"up"},{"period":"2026-06","value":30211,"change_percent":4.2,"trend":"up"},{"period":"2026-07","value":30738,"change_percent":1.7,"trend":"up"}]'::jsonb);
INSERT INTO public.metric_cards (id,project_id,title,description,category,position_x,position_y,created_by,data) VALUES ('036a5cff-332c-4f2c-9112-0688dd5e6dfd','fea7b947-468e-4c49-b19e-f4291bbc86e7','Repeat Purchase Rate','','Data/Metric',-680,200,'user_30uQARGezqSApAChPSGSwFyUy85','[{"period":"2026-01","value":13.8,"change_percent":0,"trend":"neutral"},{"period":"2026-02","value":14.6,"change_percent":5.8,"trend":"up"},{"period":"2026-03","value":15.4,"change_percent":5.5,"trend":"up"},{"period":"2026-04","value":16.7,"change_percent":8.4,"trend":"up"},{"period":"2026-05","value":17.9,"change_percent":7.2,"trend":"up"},{"period":"2026-06","value":19.6,"change_percent":9.5,"trend":"up"},{"period":"2026-07","value":21.2,"change_percent":8.2,"trend":"up"}]'::jsonb);
INSERT INTO public.metric_cards (id,project_id,title,description,category,position_x,position_y,created_by,data) VALUES ('d3c3c1e3-902c-420b-bc1c-f6f3ad69187e','fea7b947-468e-4c49-b19e-f4291bbc86e7','Purchase Frequency','','Data/Metric',-340,200,'user_30uQARGezqSApAChPSGSwFyUy85','[{"period":"2026-01","value":3666,"change_percent":0,"trend":"neutral"},{"period":"2026-02","value":3782,"change_percent":3.2,"trend":"up"},{"period":"2026-03","value":3983,"change_percent":5.3,"trend":"up"},{"period":"2026-04","value":4229,"change_percent":6.2,"trend":"up"},{"period":"2026-05","value":4522,"change_percent":6.9,"trend":"up"},{"period":"2026-06","value":4667,"change_percent":3.2,"trend":"up"},{"period":"2026-07","value":4986,"change_percent":6.8,"trend":"up"}]'::jsonb);
INSERT INTO public.metric_cards (id,project_id,title,description,category,position_x,position_y,created_by,data) VALUES ('9150c556-dc61-4f75-b588-46964c8617b2','fea7b947-468e-4c49-b19e-f4291bbc86e7','Customer LTV','','Data/Metric',0,200,'user_30uQARGezqSApAChPSGSwFyUy85','[{"period":"2026-01","value":798076,"change_percent":0,"trend":"neutral"},{"period":"2026-02","value":822340,"change_percent":3,"trend":"up"},{"period":"2026-03","value":854213,"change_percent":3.9,"trend":"up"},{"period":"2026-04","value":907357,"change_percent":6.2,"trend":"up"},{"period":"2026-05","value":925247,"change_percent":2,"trend":"up"},{"period":"2026-06","value":958116,"change_percent":3.6,"trend":"up"},{"period":"2026-07","value":989758,"change_percent":3.3,"trend":"up"}]'::jsonb);
INSERT INTO public.metric_cards (id,project_id,title,description,category,position_x,position_y,created_by,data) VALUES ('acdb411a-8fb7-4520-9908-591d0bc9eb4f','fea7b947-468e-4c49-b19e-f4291bbc86e7','CAC','','Data/Metric',340,200,'user_30uQARGezqSApAChPSGSwFyUy85','[{"period":"2026-01","value":55544,"change_percent":0,"trend":"neutral"},{"period":"2026-02","value":51213,"change_percent":-7.8,"trend":"down"},{"period":"2026-03","value":47686,"change_percent":-6.9,"trend":"down"},{"period":"2026-04","value":43477,"change_percent":-8.8,"trend":"down"},{"period":"2026-05","value":40512,"change_percent":-6.8,"trend":"down"},{"period":"2026-06","value":38470,"change_percent":-5,"trend":"down"},{"period":"2026-07","value":36327,"change_percent":-5.6,"trend":"down"}]'::jsonb);
INSERT INTO public.metric_cards (id,project_id,title,description,category,position_x,position_y,created_by,data) VALUES ('c7524336-8b33-4f2e-b31f-02abceb37050','fea7b947-468e-4c49-b19e-f4291bbc86e7','Total Costs','','Data/Metric',680,200,'user_30uQARGezqSApAChPSGSwFyUy85','[{"period":"2026-01","value":2284,"change_percent":0,"trend":"neutral"},{"period":"2026-02","value":2179,"change_percent":-4.6,"trend":"down"},{"period":"2026-03","value":2111,"change_percent":-3.1,"trend":"down"},{"period":"2026-04","value":2021,"change_percent":-4.3,"trend":"down"},{"period":"2026-05","value":1884,"change_percent":-6.8,"trend":"down"},{"period":"2026-06","value":1806,"change_percent":-4.1,"trend":"down"},{"period":"2026-07","value":1695,"change_percent":-6.1,"trend":"down"}]'::jsonb);
INSERT INTO public.metric_cards (id,project_id,title,description,category,position_x,position_y,created_by,data) VALUES ('6d2f0518-3082-4e66-960f-10f647d2671b','fea7b947-468e-4c49-b19e-f4291bbc86e7','COGS','','Data/Metric',-510,400,'user_30uQARGezqSApAChPSGSwFyUy85','[{"period":"2026-01","value":337735,"change_percent":0,"trend":"neutral"},{"period":"2026-02","value":323317,"change_percent":-4.3,"trend":"down"},{"period":"2026-03","value":312814,"change_percent":-3.2,"trend":"down"},{"period":"2026-04","value":312012,"change_percent":-0.3,"trend":"neutral"},{"period":"2026-05","value":311482,"change_percent":-0.2,"trend":"neutral"},{"period":"2026-06","value":305246,"change_percent":-2,"trend":"down"},{"period":"2026-07","value":299767,"change_percent":-1.8,"trend":"down"}]'::jsonb);
INSERT INTO public.metric_cards (id,project_id,title,description,category,position_x,position_y,created_by,data) VALUES ('0d57491a-229f-4b9d-8058-4180e1dd2fd4','fea7b947-468e-4c49-b19e-f4291bbc86e7','Gross Margin %','','Data/Metric',1020,200,'user_30uQARGezqSApAChPSGSwFyUy85','[{"period":"2026-01","value":6.6,"change_percent":0,"trend":"neutral"},{"period":"2026-02","value":6.9,"change_percent":4.5,"trend":"up"},{"period":"2026-03","value":7.2,"change_percent":4.3,"trend":"up"},{"period":"2026-04","value":7.4,"change_percent":2.8,"trend":"up"},{"period":"2026-05","value":7.7,"change_percent":4.1,"trend":"up"},{"period":"2026-06","value":8.1,"change_percent":5.2,"trend":"up"},{"period":"2026-07","value":8.5,"change_percent":4.9,"trend":"up"}]'::jsonb);
INSERT INTO public.metric_cards (id,project_id,title,description,category,position_x,position_y,created_by,data) VALUES ('70c2f4ff-4696-4092-be27-45e62c1b5f5d','fea7b947-468e-4c49-b19e-f4291bbc86e7','Shipping Cost','','Data/Metric',-170,400,'user_30uQARGezqSApAChPSGSwFyUy85','[{"period":"2026-01","value":27328,"change_percent":0,"trend":"neutral"},{"period":"2026-02","value":26773,"change_percent":-2,"trend":"down"},{"period":"2026-03","value":25902,"change_percent":-3.3,"trend":"down"},{"period":"2026-04","value":25229,"change_percent":-2.6,"trend":"down"},{"period":"2026-05","value":24965,"change_percent":-1,"trend":"neutral"},{"period":"2026-06","value":23898,"change_percent":-4.3,"trend":"down"},{"period":"2026-07","value":23382,"change_percent":-2.2,"trend":"down"}]'::jsonb);
INSERT INTO public.metric_cards (id,project_id,title,description,category,position_x,position_y,created_by,data) VALUES ('621284be-bd34-442d-a143-fba4e4796fd7','fea7b947-468e-4c49-b19e-f4291bbc86e7','Returns Rate','','Data/Metric',170,400,'user_30uQARGezqSApAChPSGSwFyUy85','[{"period":"2026-01","value":7,"change_percent":0,"trend":"neutral"},{"period":"2026-02","value":6.5,"change_percent":-7.1,"trend":"down"},{"period":"2026-03","value":6.2,"change_percent":-4.6,"trend":"down"},{"period":"2026-04","value":5.8,"change_percent":-6.5,"trend":"down"},{"period":"2026-05","value":5.6,"change_percent":-3.4,"trend":"down"},{"period":"2026-06","value":5.4,"change_percent":-3.6,"trend":"down"},{"period":"2026-07","value":5,"change_percent":-7.4,"trend":"down"}]'::jsonb);
INSERT INTO public.metric_cards (id,project_id,title,description,category,position_x,position_y,created_by,data) VALUES ('49fe8d02-6a19-413f-a25a-5b7d7d94ba9b','fea7b947-468e-4c49-b19e-f4291bbc86e7','Marketing Spend','','Data/Metric',510,400,'user_30uQARGezqSApAChPSGSwFyUy85','[{"period":"2026-01","value":343535,"change_percent":0,"trend":"neutral"},{"period":"2026-02","value":358679,"change_percent":4.4,"trend":"up"},{"period":"2026-03","value":377169,"change_percent":5.2,"trend":"up"},{"period":"2026-04","value":390787,"change_percent":3.6,"trend":"up"},{"period":"2026-05","value":399164,"change_percent":2.1,"trend":"up"},{"period":"2026-06","value":412000,"change_percent":3.2,"trend":"up"},{"period":"2026-07","value":436379,"change_percent":5.9,"trend":"up"}]'::jsonb);
INSERT INTO public.metric_cards (id,project_id,title,description,category,position_x,position_y,created_by,data) VALUES ('7d48fa16-fde3-4640-9234-a651620e346b','fea7b947-468e-4c49-b19e-f4291bbc86e7','Payment Fees','','Data/Metric',850,400,'user_30uQARGezqSApAChPSGSwFyUy85','[{"period":"2026-01","value":683126,"change_percent":0,"trend":"neutral"},{"period":"2026-02","value":717448,"change_percent":5,"trend":"up"},{"period":"2026-03","value":767151,"change_percent":6.9,"trend":"up"},{"period":"2026-04","value":794618,"change_percent":3.6,"trend":"up"},{"period":"2026-05","value":818912,"change_percent":3.1,"trend":"up"},{"period":"2026-06","value":844273,"change_percent":3.1,"trend":"up"},{"period":"2026-07","value":879746,"change_percent":4.2,"trend":"up"}]'::jsonb);
INSERT INTO public.metric_cards (id,project_id,title,description,category,position_x,position_y,created_by,data) VALUES ('49a4c713-d536-46de-98ca-eccdaa6975a0','fea7b947-468e-4c49-b19e-f4291bbc86e7','Fulfilment / Ops','','Data/Metric',1190,400,'user_30uQARGezqSApAChPSGSwFyUy85','[{"period":"2026-01","value":3300,"change_percent":0,"trend":"neutral"},{"period":"2026-02","value":3479,"change_percent":5.4,"trend":"up"},{"period":"2026-03","value":3551,"change_percent":2.1,"trend":"up"},{"period":"2026-04","value":3766,"change_percent":6.1,"trend":"up"},{"period":"2026-05","value":3938,"change_percent":4.6,"trend":"up"},{"period":"2026-06","value":4071,"change_percent":3.4,"trend":"up"},{"period":"2026-07","value":4221,"change_percent":3.7,"trend":"up"}]'::jsonb);
INSERT INTO public.metric_cards (id,project_id,title,description,category,position_x,position_y,created_by,data) VALUES ('f318e84f-056b-40a9-af5b-ba4251522304','fea7b947-468e-4c49-b19e-f4291bbc86e7','Retargeting campaign','','Work/Action',1020,1000,'user_30uQARGezqSApAChPSGSwFyUy85','[]'::jsonb);
INSERT INTO public.metric_cards (id,project_id,title,description,category,position_x,position_y,created_by,data) VALUES ('5a6db54f-d2f1-4e66-a84c-322b3f3f38af','fea7b947-468e-4c49-b19e-f4291bbc86e7','Abandoned-cart email flow','','Work/Action',0,1200,'user_30uQARGezqSApAChPSGSwFyUy85','[]'::jsonb);
INSERT INTO public.metric_cards (id,project_id,title,description,category,position_x,position_y,created_by,data) VALUES ('c07a9888-b3aa-4c4f-85c4-a2b52828a789','fea7b947-468e-4c49-b19e-f4291bbc86e7','Product bundles','','Work/Action',1020,600,'user_30uQARGezqSApAChPSGSwFyUy85','[]'::jsonb);
INSERT INTO public.metric_cards (id,project_id,title,description,category,position_x,position_y,created_by,data) VALUES ('6f67950b-a354-42df-a1a7-ee12b070a1d8','fea7b947-468e-4c49-b19e-f4291bbc86e7','UGC / influencer social','','Work/Action',340,1200,'user_30uQARGezqSApAChPSGSwFyUy85','[]'::jsonb);
INSERT INTO public.metric_cards (id,project_id,title,description,category,position_x,position_y,created_by,data) VALUES ('7408c849-4ee7-48af-85f1-d6f4df8db45c','fea7b947-468e-4c49-b19e-f4291bbc86e7','Free-ship threshold lifts AOV','','Ideas/Hypothesis',1360,600,'user_30uQARGezqSApAChPSGSwFyUy85','[]'::jsonb);
INSERT INTO public.metric_cards (id,project_id,title,description,category,position_x,position_y,created_by,data) VALUES ('429c7f77-78bb-4690-bc5d-7d334255bb87','fea7b947-468e-4c49-b19e-f4291bbc86e7','Reviews lift product-page CVR','','Ideas/Hypothesis',1360,1000,'user_30uQARGezqSApAChPSGSwFyUy85','[]'::jsonb);
INSERT INTO public.metric_cards (id,project_id,title,description,category,position_x,position_y,created_by,data) VALUES ('0dbd0873-3be3-4ae9-a0d0-4d07818456aa','fea7b947-468e-4c49-b19e-f4291bbc86e7','Revenue — Projection','Operator output: Revenue × 1.1 + live feed','Data/Metric',2600,0,'user_30uQARGezqSApAChPSGSwFyUy85','[{"period":"2026-01","value":733332,"change_percent":0,"trend":"neutral"},{"period":"2026-02","value":763924,"change_percent":4.2,"trend":"up"},{"period":"2026-03","value":778637,"change_percent":1.9,"trend":"up"},{"period":"2026-04","value":808871,"change_percent":3.9,"trend":"up"},{"period":"2026-05","value":815174,"change_percent":0.8,"trend":"neutral"},{"period":"2026-06","value":838271,"change_percent":2.8,"trend":"up"},{"period":"2026-07","value":854135,"change_percent":1.9,"trend":"up"}]'::jsonb);
INSERT INTO public.relationships (id,project_id,source_id,target_id,type,confidence,weight,created_by) VALUES ('316f22f0-c2a5-4b55-9672-2b703b6ac884','fea7b947-468e-4c49-b19e-f4291bbc86e7','b8273840-5570-4561-ad00-9e44008157a6','52507b24-d2aa-4007-b9c4-14c47935eb00','Compositional','High',95,'user_30uQARGezqSApAChPSGSwFyUy85');
INSERT INTO public.relationships (id,project_id,source_id,target_id,type,confidence,weight,created_by) VALUES ('ecc7b688-8ee0-4c68-a410-94dc69856c1a','fea7b947-468e-4c49-b19e-f4291bbc86e7','c7524336-8b33-4f2e-b31f-02abceb37050','52507b24-d2aa-4007-b9c4-14c47935eb00','Compositional','High',90,'user_30uQARGezqSApAChPSGSwFyUy85');
INSERT INTO public.relationships (id,project_id,source_id,target_id,type,confidence,weight,created_by) VALUES ('6c2ca904-4269-43e8-8e71-a2f7645225ff','fea7b947-468e-4c49-b19e-f4291bbc86e7','0d57491a-229f-4b9d-8058-4180e1dd2fd4','52507b24-d2aa-4007-b9c4-14c47935eb00','Causal','High',70,'user_30uQARGezqSApAChPSGSwFyUy85');
INSERT INTO public.relationships (id,project_id,source_id,target_id,type,confidence,weight,created_by) VALUES ('d7b51bed-73ce-4223-90f5-01a51500b0a5','fea7b947-468e-4c49-b19e-f4291bbc86e7','5be7831f-32f8-4bc5-a921-4cc6341be9ff','b8273840-5570-4561-ad00-9e44008157a6','Deterministic','High',95,'user_30uQARGezqSApAChPSGSwFyUy85');
INSERT INTO public.relationships (id,project_id,source_id,target_id,type,confidence,weight,created_by) VALUES ('7f64421b-4e06-4c1a-b01d-7ceb2ce5d4ed','fea7b947-468e-4c49-b19e-f4291bbc86e7','bce92029-7d56-4519-ad4c-e07e5ce1bc6b','b8273840-5570-4561-ad00-9e44008157a6','Deterministic','High',90,'user_30uQARGezqSApAChPSGSwFyUy85');
INSERT INTO public.relationships (id,project_id,source_id,target_id,type,confidence,weight,created_by) VALUES ('c3c4652d-c0a3-4a15-8bd0-25a56e6d416c','fea7b947-468e-4c49-b19e-f4291bbc86e7','055ee628-abd5-4bac-bffa-bd17de42b8ee','5be7831f-32f8-4bc5-a921-4cc6341be9ff','Deterministic','High',90,'user_30uQARGezqSApAChPSGSwFyUy85');
INSERT INTO public.relationships (id,project_id,source_id,target_id,type,confidence,weight,created_by) VALUES ('31bf9b6a-7fdb-419d-9352-585e96d69911','fea7b947-468e-4c49-b19e-f4291bbc86e7','10fdf6ca-5c6d-44eb-8f11-cc3d5e9f7dc8','5be7831f-32f8-4bc5-a921-4cc6341be9ff','Probabilistic','High',85,'user_30uQARGezqSApAChPSGSwFyUy85');
INSERT INTO public.relationships (id,project_id,source_id,target_id,type,confidence,weight,created_by) VALUES ('ff91c1c4-1f88-43db-ab91-76f5d44c1764','fea7b947-468e-4c49-b19e-f4291bbc86e7','c0f17fc8-4364-4aec-9433-50adbfcaa72a','bce92029-7d56-4519-ad4c-e07e5ce1bc6b','Deterministic','High',80,'user_30uQARGezqSApAChPSGSwFyUy85');
INSERT INTO public.relationships (id,project_id,source_id,target_id,type,confidence,weight,created_by) VALUES ('d189dbcc-caa7-4290-8662-5047a4ff79de','fea7b947-468e-4c49-b19e-f4291bbc86e7','438fa01a-8b0b-432a-ae72-16a52685dc4c','bce92029-7d56-4519-ad4c-e07e5ce1bc6b','Deterministic','High',75,'user_30uQARGezqSApAChPSGSwFyUy85');
INSERT INTO public.relationships (id,project_id,source_id,target_id,type,confidence,weight,created_by) VALUES ('fa990685-6c4e-4aee-8c9c-f3b91640d7be','fea7b947-468e-4c49-b19e-f4291bbc86e7','08554545-84f7-4606-9575-f46dbf0496bf','bce92029-7d56-4519-ad4c-e07e5ce1bc6b','Causal','High',60,'user_30uQARGezqSApAChPSGSwFyUy85');
INSERT INTO public.relationships (id,project_id,source_id,target_id,type,confidence,weight,created_by) VALUES ('eddbdb0f-267f-4336-94ea-e95bde6d4a90','fea7b947-468e-4c49-b19e-f4291bbc86e7','6e6651c3-ed37-4f96-9b11-fe86c0f2dd1c','bce92029-7d56-4519-ad4c-e07e5ce1bc6b','Causal','High',60,'user_30uQARGezqSApAChPSGSwFyUy85');
INSERT INTO public.relationships (id,project_id,source_id,target_id,type,confidence,weight,created_by) VALUES ('e0dbe323-00c8-4148-9b09-143df40adf2e','fea7b947-468e-4c49-b19e-f4291bbc86e7','0cc7ee32-3e57-4397-8379-78df3fc5a389','055ee628-abd5-4bac-bffa-bd17de42b8ee','Compositional','High',70,'user_30uQARGezqSApAChPSGSwFyUy85');
INSERT INTO public.relationships (id,project_id,source_id,target_id,type,confidence,weight,created_by) VALUES ('3552b8f2-656c-4e33-b4fd-d6103500f62c','fea7b947-468e-4c49-b19e-f4291bbc86e7','cbfc4d5a-5b59-423e-bd85-0efa3af7f793','055ee628-abd5-4bac-bffa-bd17de42b8ee','Compositional','High',70,'user_30uQARGezqSApAChPSGSwFyUy85');
INSERT INTO public.relationships (id,project_id,source_id,target_id,type,confidence,weight,created_by) VALUES ('edb46b22-86f2-45db-b0f3-c2d9d47a2178','fea7b947-468e-4c49-b19e-f4291bbc86e7','607414a6-d078-4af5-97d5-6b83c54cea76','055ee628-abd5-4bac-bffa-bd17de42b8ee','Compositional','High',60,'user_30uQARGezqSApAChPSGSwFyUy85');
INSERT INTO public.relationships (id,project_id,source_id,target_id,type,confidence,weight,created_by) VALUES ('aa47dae3-cce8-4649-9050-448bb3eb1293','fea7b947-468e-4c49-b19e-f4291bbc86e7','62fdfc2c-ead3-4943-a7ca-729c5cfd195e','055ee628-abd5-4bac-bffa-bd17de42b8ee','Compositional','High',60,'user_30uQARGezqSApAChPSGSwFyUy85');
INSERT INTO public.relationships (id,project_id,source_id,target_id,type,confidence,weight,created_by) VALUES ('408df08b-1c74-430d-817b-f9cab10d7f5f','fea7b947-468e-4c49-b19e-f4291bbc86e7','2e2efc9d-89bb-4c14-af6b-3dc978e5ac4a','055ee628-abd5-4bac-bffa-bd17de42b8ee','Compositional','High',50,'user_30uQARGezqSApAChPSGSwFyUy85');
INSERT INTO public.relationships (id,project_id,source_id,target_id,type,confidence,weight,created_by) VALUES ('801dbf55-a0da-4a26-922f-25320bc2d202','fea7b947-468e-4c49-b19e-f4291bbc86e7','f120327a-7b4f-4c25-a980-093e92e7b599','055ee628-abd5-4bac-bffa-bd17de42b8ee','Compositional','High',45,'user_30uQARGezqSApAChPSGSwFyUy85');
INSERT INTO public.relationships (id,project_id,source_id,target_id,type,confidence,weight,created_by) VALUES ('e75de0e9-2a3f-48d3-b1bd-6673c1800d0a','fea7b947-468e-4c49-b19e-f4291bbc86e7','4f8a2158-43d2-4511-b788-6e752301337a','607414a6-d078-4af5-97d5-6b83c54cea76','Causal','High',70,'user_30uQARGezqSApAChPSGSwFyUy85');
INSERT INTO public.relationships (id,project_id,source_id,target_id,type,confidence,weight,created_by) VALUES ('33081453-41aa-41a8-b4c7-d0224f338b32','fea7b947-468e-4c49-b19e-f4291bbc86e7','6eb485e5-ec60-4583-90e8-eabcc19ca087','607414a6-d078-4af5-97d5-6b83c54cea76','Causal','High',65,'user_30uQARGezqSApAChPSGSwFyUy85');
INSERT INTO public.relationships (id,project_id,source_id,target_id,type,confidence,weight,created_by) VALUES ('0a104f22-80d9-49cd-8fbe-59819b6aed4a','fea7b947-468e-4c49-b19e-f4291bbc86e7','2d76f704-a55b-45f9-a848-3de20fabd53a','4f8a2158-43d2-4511-b788-6e752301337a','Causal','High',55,'user_30uQARGezqSApAChPSGSwFyUy85');
INSERT INTO public.relationships (id,project_id,source_id,target_id,type,confidence,weight,created_by) VALUES ('65255a94-89e0-47b8-a0a2-1bdb01641447','fea7b947-468e-4c49-b19e-f4291bbc86e7','94abab78-a717-4e4f-879c-8521849e2d86','62fdfc2c-ead3-4943-a7ca-729c5cfd195e','Deterministic','High',70,'user_30uQARGezqSApAChPSGSwFyUy85');
INSERT INTO public.relationships (id,project_id,source_id,target_id,type,confidence,weight,created_by) VALUES ('887e84de-67bd-46e0-bd5d-8f44271a3cb8','fea7b947-468e-4c49-b19e-f4291bbc86e7','ca888495-2bf4-4ef6-98ba-5217045caf79','62fdfc2c-ead3-4943-a7ca-729c5cfd195e','Probabilistic','High',65,'user_30uQARGezqSApAChPSGSwFyUy85');
INSERT INTO public.relationships (id,project_id,source_id,target_id,type,confidence,weight,created_by) VALUES ('1810a797-e7a3-4060-ba20-3a4d9afedb00','fea7b947-468e-4c49-b19e-f4291bbc86e7','a0d220c4-7f88-433b-8cc7-4bfc5a67add0','cbfc4d5a-5b59-423e-bd85-0efa3af7f793','Deterministic','High',80,'user_30uQARGezqSApAChPSGSwFyUy85');
INSERT INTO public.relationships (id,project_id,source_id,target_id,type,confidence,weight,created_by) VALUES ('b197b1f8-97fd-4165-8521-198b1c8752e5','fea7b947-468e-4c49-b19e-f4291bbc86e7','83fcfb64-2f4c-4ef2-82a9-7c5c3db08803','cbfc4d5a-5b59-423e-bd85-0efa3af7f793','Deterministic','High',70,'user_30uQARGezqSApAChPSGSwFyUy85');
INSERT INTO public.relationships (id,project_id,source_id,target_id,type,confidence,weight,created_by) VALUES ('34495a37-8b2e-4a6b-929e-901344379650','fea7b947-468e-4c49-b19e-f4291bbc86e7','e798238b-d054-4117-80bb-d2e8bc62f2f0','10fdf6ca-5c6d-44eb-8f11-cc3d5e9f7dc8','Causal','High',75,'user_30uQARGezqSApAChPSGSwFyUy85');
INSERT INTO public.relationships (id,project_id,source_id,target_id,type,confidence,weight,created_by) VALUES ('7b734e76-e8f1-42c7-b18a-fef603974b7d','fea7b947-468e-4c49-b19e-f4291bbc86e7','f2c69804-16df-40f3-a70c-19cb7c5b7710','10fdf6ca-5c6d-44eb-8f11-cc3d5e9f7dc8','Causal','High',75,'user_30uQARGezqSApAChPSGSwFyUy85');
INSERT INTO public.relationships (id,project_id,source_id,target_id,type,confidence,weight,created_by) VALUES ('8da3bf48-0bfe-487f-9e13-624f7e4992cc','fea7b947-468e-4c49-b19e-f4291bbc86e7','8acca4ac-9dfc-4c7b-a807-a5afd27ad93c','c13b11de-da99-4fb4-84bd-0d8bfc727156','Causal','High',80,'user_30uQARGezqSApAChPSGSwFyUy85');
INSERT INTO public.relationships (id,project_id,source_id,target_id,type,confidence,weight,created_by) VALUES ('32d68350-5900-466f-8cea-9a50e73082e9','fea7b947-468e-4c49-b19e-f4291bbc86e7','c13b11de-da99-4fb4-84bd-0d8bfc727156','10fdf6ca-5c6d-44eb-8f11-cc3d5e9f7dc8','Deterministic','High',80,'user_30uQARGezqSApAChPSGSwFyUy85');
INSERT INTO public.relationships (id,project_id,source_id,target_id,type,confidence,weight,created_by) VALUES ('189eb776-65a1-4d7d-bce6-d0a10329a9bf','fea7b947-468e-4c49-b19e-f4291bbc86e7','8cf6e616-bd14-466e-914f-dbf951eca88a','5be7831f-32f8-4bc5-a921-4cc6341be9ff','Causal','High',55,'user_30uQARGezqSApAChPSGSwFyUy85');
INSERT INTO public.relationships (id,project_id,source_id,target_id,type,confidence,weight,created_by) VALUES ('64d05f5f-9c62-4df2-9903-2bb996409338','fea7b947-468e-4c49-b19e-f4291bbc86e7','036a5cff-332c-4f2c-9112-0688dd5e6dfd','d3c3c1e3-902c-420b-bc1c-f6f3ad69187e','Causal','High',70,'user_30uQARGezqSApAChPSGSwFyUy85');
INSERT INTO public.relationships (id,project_id,source_id,target_id,type,confidence,weight,created_by) VALUES ('44ded6e1-2c0e-4cdd-816e-c1bc37cc34a0','fea7b947-468e-4c49-b19e-f4291bbc86e7','d3c3c1e3-902c-420b-bc1c-f6f3ad69187e','9150c556-dc61-4f75-b588-46964c8617b2','Deterministic','High',75,'user_30uQARGezqSApAChPSGSwFyUy85');
INSERT INTO public.relationships (id,project_id,source_id,target_id,type,confidence,weight,created_by) VALUES ('3343161c-6a62-49a0-8c33-c493dac4185e','fea7b947-468e-4c49-b19e-f4291bbc86e7','bce92029-7d56-4519-ad4c-e07e5ce1bc6b','9150c556-dc61-4f75-b588-46964c8617b2','Causal','High',60,'user_30uQARGezqSApAChPSGSwFyUy85');
INSERT INTO public.relationships (id,project_id,source_id,target_id,type,confidence,weight,created_by) VALUES ('e30ee9fb-00da-4368-8eec-f6387fb8b7a2','fea7b947-468e-4c49-b19e-f4291bbc86e7','49fe8d02-6a19-413f-a25a-5b7d7d94ba9b','acdb411a-8fb7-4520-9908-591d0bc9eb4f','Deterministic','High',80,'user_30uQARGezqSApAChPSGSwFyUy85');
INSERT INTO public.relationships (id,project_id,source_id,target_id,type,confidence,weight,created_by) VALUES ('df3bf340-7c67-40c2-910f-c99d7a49eb5f','fea7b947-468e-4c49-b19e-f4291bbc86e7','8cf6e616-bd14-466e-914f-dbf951eca88a','acdb411a-8fb7-4520-9908-591d0bc9eb4f','Deterministic','High',75,'user_30uQARGezqSApAChPSGSwFyUy85');
INSERT INTO public.relationships (id,project_id,source_id,target_id,type,confidence,weight,created_by) VALUES ('494f630a-3100-4626-b7ef-4ebe476df541','fea7b947-468e-4c49-b19e-f4291bbc86e7','6d2f0518-3082-4e66-960f-10f647d2671b','c7524336-8b33-4f2e-b31f-02abceb37050','Compositional','High',80,'user_30uQARGezqSApAChPSGSwFyUy85');
INSERT INTO public.relationships (id,project_id,source_id,target_id,type,confidence,weight,created_by) VALUES ('5d0f7fd0-354c-4c63-bab3-3921b9fd18cf','fea7b947-468e-4c49-b19e-f4291bbc86e7','70c2f4ff-4696-4092-be27-45e62c1b5f5d','c7524336-8b33-4f2e-b31f-02abceb37050','Compositional','High',65,'user_30uQARGezqSApAChPSGSwFyUy85');
INSERT INTO public.relationships (id,project_id,source_id,target_id,type,confidence,weight,created_by) VALUES ('f6875423-b6cd-4980-b64e-aeeb1f75f68e','fea7b947-468e-4c49-b19e-f4291bbc86e7','49fe8d02-6a19-413f-a25a-5b7d7d94ba9b','c7524336-8b33-4f2e-b31f-02abceb37050','Compositional','High',70,'user_30uQARGezqSApAChPSGSwFyUy85');
INSERT INTO public.relationships (id,project_id,source_id,target_id,type,confidence,weight,created_by) VALUES ('62dde2e6-b6dd-4047-96cf-ab894d01b862','fea7b947-468e-4c49-b19e-f4291bbc86e7','621284be-bd34-442d-a143-fba4e4796fd7','c7524336-8b33-4f2e-b31f-02abceb37050','Causal','High',60,'user_30uQARGezqSApAChPSGSwFyUy85');
INSERT INTO public.relationships (id,project_id,source_id,target_id,type,confidence,weight,created_by) VALUES ('fe5c3b11-f453-497d-b153-82a03adadfa9','fea7b947-468e-4c49-b19e-f4291bbc86e7','7d48fa16-fde3-4640-9234-a651620e346b','c7524336-8b33-4f2e-b31f-02abceb37050','Compositional','High',50,'user_30uQARGezqSApAChPSGSwFyUy85');
INSERT INTO public.relationships (id,project_id,source_id,target_id,type,confidence,weight,created_by) VALUES ('13ef48b9-7621-40e8-b021-5bb83e123923','fea7b947-468e-4c49-b19e-f4291bbc86e7','49a4c713-d536-46de-98ca-eccdaa6975a0','c7524336-8b33-4f2e-b31f-02abceb37050','Compositional','High',60,'user_30uQARGezqSApAChPSGSwFyUy85');
INSERT INTO public.relationships (id,project_id,source_id,target_id,type,confidence,weight,created_by) VALUES ('f38a5a71-f99a-4048-9375-a051be68af86','fea7b947-468e-4c49-b19e-f4291bbc86e7','6d2f0518-3082-4e66-960f-10f647d2671b','0d57491a-229f-4b9d-8058-4180e1dd2fd4','Causal','High',75,'user_30uQARGezqSApAChPSGSwFyUy85');
INSERT INTO public.relationships (id,project_id,source_id,target_id,type,confidence,weight,created_by) VALUES ('a33a0850-c9be-4e8a-988a-8864b472a4f3','fea7b947-468e-4c49-b19e-f4291bbc86e7','a0d220c4-7f88-433b-8cc7-4bfc5a67add0','49fe8d02-6a19-413f-a25a-5b7d7d94ba9b','Compositional','High',70,'user_30uQARGezqSApAChPSGSwFyUy85');
INSERT INTO public.relationships (id,project_id,source_id,target_id,type,confidence,weight,created_by) VALUES ('651da577-9683-4377-b0fb-6b0c2add61ae','fea7b947-468e-4c49-b19e-f4291bbc86e7','f318e84f-056b-40a9-af5b-ba4251522304','cbfc4d5a-5b59-423e-bd85-0efa3af7f793','Causal','High',60,'user_30uQARGezqSApAChPSGSwFyUy85');
INSERT INTO public.relationships (id,project_id,source_id,target_id,type,confidence,weight,created_by) VALUES ('e8ec4555-82cc-473d-8628-b05fe611ab60','fea7b947-468e-4c49-b19e-f4291bbc86e7','5a6db54f-d2f1-4e66-a84c-322b3f3f38af','8acca4ac-9dfc-4c7b-a807-a5afd27ad93c','Causal','High',70,'user_30uQARGezqSApAChPSGSwFyUy85');
INSERT INTO public.relationships (id,project_id,source_id,target_id,type,confidence,weight,created_by) VALUES ('bdf29cca-07f0-4ceb-ae0d-a8d07daad4ea','fea7b947-468e-4c49-b19e-f4291bbc86e7','c07a9888-b3aa-4c4f-85c4-a2b52828a789','bce92029-7d56-4519-ad4c-e07e5ce1bc6b','Causal','High',65,'user_30uQARGezqSApAChPSGSwFyUy85');
INSERT INTO public.relationships (id,project_id,source_id,target_id,type,confidence,weight,created_by) VALUES ('86b16b8e-beb4-4f7b-8b61-41a339d73075','fea7b947-468e-4c49-b19e-f4291bbc86e7','6f67950b-a354-42df-a1a7-ee12b070a1d8','4f8a2158-43d2-4511-b788-6e752301337a','Causal','High',60,'user_30uQARGezqSApAChPSGSwFyUy85');
INSERT INTO public.relationships (id,project_id,source_id,target_id,type,confidence,weight,created_by) VALUES ('a14fcd19-9f56-44d2-84f6-faa01be1d451','fea7b947-468e-4c49-b19e-f4291bbc86e7','7408c849-4ee7-48af-85f1-d6f4df8db45c','bce92029-7d56-4519-ad4c-e07e5ce1bc6b','Probabilistic','High',50,'user_30uQARGezqSApAChPSGSwFyUy85');
INSERT INTO public.relationships (id,project_id,source_id,target_id,type,confidence,weight,created_by) VALUES ('92c0a1bf-ecf0-47b9-9ec8-4e238d0f1af4','fea7b947-468e-4c49-b19e-f4291bbc86e7','429c7f77-78bb-4690-bc5d-7d334255bb87','e798238b-d054-4117-80bb-d2e8bc62f2f0','Probabilistic','High',50,'user_30uQARGezqSApAChPSGSwFyUy85');
INSERT INTO public.groups (id,project_id,name,color,node_ids,position_x,position_y,width,height,created_by) VALUES ('4465a754-8d81-4af2-af96-b06d0f7ef327','fea7b947-468e-4c49-b19e-f4291bbc86e7','Traffic & Channels','#3b82f6',ARRAY['055ee628-abd5-4bac-bffa-bd17de42b8ee','0cc7ee32-3e57-4397-8379-78df3fc5a389','cbfc4d5a-5b59-423e-bd85-0efa3af7f793','607414a6-d078-4af5-97d5-6b83c54cea76','62fdfc2c-ead3-4943-a7ca-729c5cfd195e','2e2efc9d-89bb-4c14-af6b-3dc978e5ac4a','f120327a-7b4f-4c25-a980-093e92e7b599','4f8a2158-43d2-4511-b788-6e752301337a','6eb485e5-ec60-4583-90e8-eabcc19ca087','2d76f704-a55b-45f9-a848-3de20fabd53a','94abab78-a717-4e4f-879c-8521849e2d86','ca888495-2bf4-4ef6-98ba-5217045caf79','a0d220c4-7f88-433b-8cc7-4bfc5a67add0','83fcfb64-2f4c-4ef2-82a9-7c5c3db08803']::uuid[],-1390,514,2040,886,'user_30uQARGezqSApAChPSGSwFyUy85');
INSERT INTO public.groups (id,project_id,name,color,node_ids,position_x,position_y,width,height,created_by) VALUES ('f43b8495-a7f5-480c-a908-3a386b148dc0','fea7b947-468e-4c49-b19e-f4291bbc86e7','Conversion & Orders','#22c55e',ARRAY['5be7831f-32f8-4bc5-a921-4cc6341be9ff','10fdf6ca-5c6d-44eb-8f11-cc3d5e9f7dc8','e798238b-d054-4117-80bb-d2e8bc62f2f0','f2c69804-16df-40f3-a70c-19cb7c5b7710','8acca4ac-9dfc-4c7b-a807-a5afd27ad93c','c13b11de-da99-4fb4-84bd-0d8bfc727156','8cf6e616-bd14-466e-914f-dbf951eca88a']::uuid[],-1220,314,2890,886,'user_30uQARGezqSApAChPSGSwFyUy85');
INSERT INTO public.groups (id,project_id,name,color,node_ids,position_x,position_y,width,height,created_by) VALUES ('d2a0c478-a603-4685-bc8e-f03e24f44343','fea7b947-468e-4c49-b19e-f4291bbc86e7','AOV & Retention','#f59e0b',ARRAY['bce92029-7d56-4519-ad4c-e07e5ce1bc6b','c0f17fc8-4364-4aec-9433-50adbfcaa72a','438fa01a-8b0b-432a-ae72-16a52685dc4c','08554545-84f7-4606-9575-f46dbf0496bf','6e6651c3-ed37-4f96-9b11-fe86c0f2dd1c','036a5cff-332c-4f2c-9112-0688dd5e6dfd','d3c3c1e3-902c-420b-bc1c-f6f3ad69187e','9150c556-dc61-4f75-b588-46964c8617b2']::uuid[],-880,114,1530,686,'user_30uQARGezqSApAChPSGSwFyUy85');
INSERT INTO public.groups (id,project_id,name,color,node_ids,position_x,position_y,width,height,created_by) VALUES ('55a8575d-be9a-4694-8633-d840f6feee5f','fea7b947-468e-4c49-b19e-f4291bbc86e7','Cost Structure','#a855f7',ARRAY['c7524336-8b33-4f2e-b31f-02abceb37050','6d2f0518-3082-4e66-960f-10f647d2671b','0d57491a-229f-4b9d-8058-4180e1dd2fd4','70c2f4ff-4696-4092-be27-45e62c1b5f5d','621284be-bd34-442d-a143-fba4e4796fd7','49fe8d02-6a19-413f-a25a-5b7d7d94ba9b','7d48fa16-fde3-4640-9234-a651620e346b','49a4c713-d536-46de-98ca-eccdaa6975a0','acdb411a-8fb7-4520-9908-591d0bc9eb4f']::uuid[],-540,114,2040,486,'user_30uQARGezqSApAChPSGSwFyUy85');
INSERT INTO public.canvas_nodes (id,project_id,node_type,title,position_x,position_y,data,created_by) VALUES ('7771c310-fbbe-43a7-86b0-806e52a82dff','fea7b947-468e-4c49-b19e-f4291bbc86e7','whiteboardNode','Label',1880,-170,'{"shape":"text","text":"📊 Live Data Pipeline","fontSize":18,"width":300,"height":96,"fill":"#eef2ff","stroke":"#6366f1"}'::jsonb,'user_30uQARGezqSApAChPSGSwFyUy85');
INSERT INTO public.canvas_nodes (id,project_id,node_type,title,position_x,position_y,data,created_by) VALUES ('284c91fc-1b31-4713-98b1-6bcd0719192a','fea7b947-468e-4c49-b19e-f4291bbc86e7','sourceNode','Live Feed',1880,0,'{"title":"Live Feed (new bookings)","config":{"origin":"manual","rows":[{"period":"2026-01","value":36753},{"period":"2026-02","value":38223},{"period":"2026-03","value":39693},{"period":"2026-04","value":41163},{"period":"2026-05","value":42633},{"period":"2026-06","value":44104},{"period":"2026-07","value":45574}]},"series":[{"period":"2026-01","value":36753,"change_percent":0,"trend":"neutral"},{"period":"2026-02","value":38223,"change_percent":4,"trend":"up"},{"period":"2026-03","value":39693,"change_percent":3.8,"trend":"up"},{"period":"2026-04","value":41163,"change_percent":3.7,"trend":"up"},{"period":"2026-05","value":42633,"change_percent":3.6,"trend":"up"},{"period":"2026-06","value":44104,"change_percent":3.5,"trend":"up"},{"period":"2026-07","value":45574,"change_percent":3.3,"trend":"up"}],"refreshedAt":"2026-07-02T22:34:41.523Z"}'::jsonb,'user_30uQARGezqSApAChPSGSwFyUy85');
INSERT INTO public.canvas_nodes (id,project_id,node_type,title,position_x,position_y,data,created_by) VALUES ('385105f0-82aa-4c1c-96dd-b405d76d3102','fea7b947-468e-4c49-b19e-f4291bbc86e7','operatorNode','Projection',2240,0,'{"label":"Projection (a × 1.1 + feed)","operationType":"formula","isActive":true,"formula":"a * 1.1 + b","inputs":[{"key":"a","sourceId":"b8273840-5570-4561-ad00-9e44008157a6","label":"Revenue"},{"key":"b","sourceId":"284c91fc-1b31-4713-98b1-6bcd0719192a","label":"Live feed"}]}'::jsonb,'user_30uQARGezqSApAChPSGSwFyUy85');
INSERT INTO public.canvas_nodes (id,project_id,node_type,title,position_x,position_y,data,created_by) VALUES ('5bcb43d9-78dc-492e-8bae-4802c2218a93','fea7b947-468e-4c49-b19e-f4291bbc86e7','chartNode','Actual vs Projection',2980,0,'{"chartType":"area","title":"Actual vs Projection","seriesCardIds":["b8273840-5570-4561-ad00-9e44008157a6","0dbd0873-3be3-4ae9-a0d0-4d07818456aa"],"showLegend":true}'::jsonb,'user_30uQARGezqSApAChPSGSwFyUy85');
INSERT INTO public.canvas_nodes (id,project_id,node_type,title,position_x,position_y,data,created_by) VALUES ('870c665f-48c2-4c30-8fd2-b5d36dea2565','fea7b947-468e-4c49-b19e-f4291bbc86e7','commentNode','Pipeline',1880,260,'{"title":"Live pipeline: Source → Operator → Card → Chart. Edit the Source, then Run Simulation.","projectId":"fea7b947-468e-4c49-b19e-f4291bbc86e7"}'::jsonb,'user_30uQARGezqSApAChPSGSwFyUy85');

DELETE FROM public.projects WHERE created_by='user_30uQARGezqSApAChPSGSwFyUy85' AND name='Retail (Walk-in) — Example Metric Tree';
INSERT INTO public.projects (id,name,description,created_by,last_modified_by,is_public,tags,settings) VALUES ('1d965ccb-0bfa-4237-9ab5-5aac56ceec46','Retail (Walk-in) — Example Metric Tree','Decomposition of profit for a physical store: transactions = foot traffic × conversion, basket size, footfall drivers (incl. local social), and store cost structure.','user_30uQARGezqSApAChPSGSwFyUy85','user_30uQARGezqSApAChPSGSwFyUy85',true,ARRAY['example','template'],'{"dataFlowEdges":[{"id":"ba259a94-b282-427d-bbe9-cebe742ec771","source":"2ebae530-11ed-4156-8002-a12376d1ab48","target":"5047fd71-6c88-4c34-a5b4-1daeaafda29f","type":"dataFlow"},{"id":"113331e0-fbec-47df-86e6-7ee4bb9b1278","source":"add738e8-ff94-4920-96da-c00f42223ff8","target":"5047fd71-6c88-4c34-a5b4-1daeaafda29f","type":"dataFlow"},{"id":"09c0dfa3-e8c7-4cdd-bd29-f79f7ddcc4db","source":"5047fd71-6c88-4c34-a5b4-1daeaafda29f","target":"01ce33b7-0055-4575-89bf-30addbf53b4f","type":"dataFlow"},{"id":"b5b2630e-cf98-424e-8f65-00053e97aaaa","source":"add738e8-ff94-4920-96da-c00f42223ff8","target":"0fade587-a38c-4825-b5b3-e5401b413dbe","type":"dataFlow"},{"id":"c1d8aff8-a54d-475f-a5eb-27b8cca37126","source":"01ce33b7-0055-4575-89bf-30addbf53b4f","target":"0fade587-a38c-4825-b5b3-e5401b413dbe","type":"dataFlow"}]}'::jsonb);
INSERT INTO public.metric_cards (id,project_id,title,description,category,position_x,position_y,created_by,data) VALUES ('f7a2826b-d232-47a4-a5b2-b21d74e246b6','1d965ccb-0bfa-4237-9ab5-5aac56ceec46','Profit','Revenue − Total Costs','Core/Value',0,0,'user_30uQARGezqSApAChPSGSwFyUy85','[{"period":"2026-01","value":131299,"change_percent":0,"trend":"neutral"},{"period":"2026-02","value":141927,"change_percent":8.1,"trend":"up"},{"period":"2026-03","value":154156,"change_percent":8.6,"trend":"up"},{"period":"2026-04","value":163402,"change_percent":6,"trend":"up"},{"period":"2026-05","value":172101,"change_percent":5.3,"trend":"up"},{"period":"2026-06","value":187729,"change_percent":9.1,"trend":"up"},{"period":"2026-07","value":200724,"change_percent":6.9,"trend":"up"}]'::jsonb);
INSERT INTO public.metric_cards (id,project_id,title,description,category,position_x,position_y,created_by,data) VALUES ('add738e8-ff94-4920-96da-c00f42223ff8','1d965ccb-0bfa-4237-9ab5-5aac56ceec46','Revenue','Transactions × Avg Basket','Data/Metric',-340,200,'user_30uQARGezqSApAChPSGSwFyUy85','[{"period":"2026-01","value":512472,"change_percent":0,"trend":"neutral"},{"period":"2026-02","value":537341,"change_percent":4.9,"trend":"up"},{"period":"2026-03","value":582823,"change_percent":8.5,"trend":"up"},{"period":"2026-04","value":628086,"change_percent":7.8,"trend":"up"},{"period":"2026-05","value":666722,"change_percent":6.2,"trend":"up"},{"period":"2026-06","value":723362,"change_percent":8.5,"trend":"up"},{"period":"2026-07","value":761726,"change_percent":5.3,"trend":"up"}]'::jsonb);
INSERT INTO public.metric_cards (id,project_id,title,description,category,position_x,position_y,created_by,data) VALUES ('9fa68dbc-da49-490f-a815-ea3b2e3503dc','1d965ccb-0bfa-4237-9ab5-5aac56ceec46','Transactions','Foot traffic × Conversion','Data/Metric',-1190,400,'user_30uQARGezqSApAChPSGSwFyUy85','[{"period":"2026-01","value":71868,"change_percent":0,"trend":"neutral"},{"period":"2026-02","value":76516,"change_percent":6.5,"trend":"up"},{"period":"2026-03","value":81089,"change_percent":6,"trend":"up"},{"period":"2026-04","value":82648,"change_percent":1.9,"trend":"up"},{"period":"2026-05","value":84733,"change_percent":2.5,"trend":"up"},{"period":"2026-06","value":86618,"change_percent":2.2,"trend":"up"},{"period":"2026-07","value":88224,"change_percent":1.9,"trend":"up"}]'::jsonb);
INSERT INTO public.metric_cards (id,project_id,title,description,category,position_x,position_y,created_by,data) VALUES ('31830fad-4f30-403e-8774-0cfa0f2a7c92','1d965ccb-0bfa-4237-9ab5-5aac56ceec46','Average Basket Value','Items × Avg item price','Data/Metric',-850,400,'user_30uQARGezqSApAChPSGSwFyUy85','[{"period":"2026-01","value":746307,"change_percent":0,"trend":"neutral"},{"period":"2026-02","value":802795,"change_percent":7.6,"trend":"up"},{"period":"2026-03","value":869636,"change_percent":8.3,"trend":"up"},{"period":"2026-04","value":914458,"change_percent":5.2,"trend":"up"},{"period":"2026-05","value":969122,"change_percent":6,"trend":"up"},{"period":"2026-06","value":1054516,"change_percent":8.8,"trend":"up"},{"period":"2026-07","value":1108236,"change_percent":5.1,"trend":"up"}]'::jsonb);
INSERT INTO public.metric_cards (id,project_id,title,description,category,position_x,position_y,created_by,data) VALUES ('61a6ebbd-af3a-4117-a563-6ee7e2d72ee3','1d965ccb-0bfa-4237-9ab5-5aac56ceec46','Foot Traffic','Passersby × Capture rate','Data/Metric',-850,600,'user_30uQARGezqSApAChPSGSwFyUy85','[{"period":"2026-01","value":12778,"change_percent":0,"trend":"neutral"},{"period":"2026-02","value":13252,"change_percent":3.7,"trend":"up"},{"period":"2026-03","value":13767,"change_percent":3.9,"trend":"up"},{"period":"2026-04","value":14388,"change_percent":4.5,"trend":"up"},{"period":"2026-05","value":14589,"change_percent":1.4,"trend":"up"},{"period":"2026-06","value":14899,"change_percent":2.1,"trend":"up"},{"period":"2026-07","value":15237,"change_percent":2.3,"trend":"up"}]'::jsonb);
INSERT INTO public.metric_cards (id,project_id,title,description,category,position_x,position_y,created_by,data) VALUES ('b24ccf1e-eec3-47c8-994f-27b847e6a251','1d965ccb-0bfa-4237-9ab5-5aac56ceec46','Walk-in Conversion %','','Data/Metric',-510,600,'user_30uQARGezqSApAChPSGSwFyUy85','[{"period":"2026-01","value":31.9,"change_percent":0,"trend":"neutral"},{"period":"2026-02","value":33.3,"change_percent":4.4,"trend":"up"},{"period":"2026-03","value":34.6,"change_percent":3.9,"trend":"up"},{"period":"2026-04","value":36.1,"change_percent":4.3,"trend":"up"},{"period":"2026-05","value":37,"change_percent":2.5,"trend":"up"},{"period":"2026-06","value":39,"change_percent":5.4,"trend":"up"},{"period":"2026-07","value":40.1,"change_percent":2.8,"trend":"up"}]'::jsonb);
INSERT INTO public.metric_cards (id,project_id,title,description,category,position_x,position_y,created_by,data) VALUES ('e40647d1-30f6-4a9f-825a-78edfbc63cec','1d965ccb-0bfa-4237-9ab5-5aac56ceec46','Items per Basket','','Data/Metric',-170,600,'user_30uQARGezqSApAChPSGSwFyUy85','[{"period":"2026-01","value":241975,"change_percent":0,"trend":"neutral"},{"period":"2026-02","value":255924,"change_percent":5.8,"trend":"up"},{"period":"2026-03","value":269603,"change_percent":5.3,"trend":"up"},{"period":"2026-04","value":281941,"change_percent":4.6,"trend":"up"},{"period":"2026-05","value":304838,"change_percent":8.1,"trend":"up"},{"period":"2026-06","value":331224,"change_percent":8.7,"trend":"up"},{"period":"2026-07","value":356412,"change_percent":7.6,"trend":"up"}]'::jsonb);
INSERT INTO public.metric_cards (id,project_id,title,description,category,position_x,position_y,created_by,data) VALUES ('cb5bf53c-4b9b-43c6-a626-35bfa36da568','1d965ccb-0bfa-4237-9ab5-5aac56ceec46','Avg Item Price','','Data/Metric',170,600,'user_30uQARGezqSApAChPSGSwFyUy85','[{"period":"2026-01","value":585316,"change_percent":0,"trend":"neutral"},{"period":"2026-02","value":604758,"change_percent":3.3,"trend":"up"},{"period":"2026-03","value":613532,"change_percent":1.5,"trend":"up"},{"period":"2026-04","value":637260,"change_percent":3.9,"trend":"up"},{"period":"2026-05","value":654782,"change_percent":2.7,"trend":"up"},{"period":"2026-06","value":678538,"change_percent":3.6,"trend":"up"},{"period":"2026-07","value":694916,"change_percent":2.4,"trend":"up"}]'::jsonb);
INSERT INTO public.metric_cards (id,project_id,title,description,category,position_x,position_y,created_by,data) VALUES ('473ccec7-487e-4802-ad21-ceeae529675b','1d965ccb-0bfa-4237-9ab5-5aac56ceec46','Impulse / POS add-ons','','Data/Metric',510,600,'user_30uQARGezqSApAChPSGSwFyUy85','[{"period":"2026-01","value":274,"change_percent":0,"trend":"neutral"},{"period":"2026-02","value":283,"change_percent":3.3,"trend":"up"},{"period":"2026-03","value":290,"change_percent":2.5,"trend":"up"},{"period":"2026-04","value":300,"change_percent":3.4,"trend":"up"},{"period":"2026-05","value":300,"change_percent":0,"trend":"neutral"},{"period":"2026-06","value":304,"change_percent":1.3,"trend":"up"},{"period":"2026-07","value":306,"change_percent":0.7,"trend":"neutral"}]'::jsonb);
INSERT INTO public.metric_cards (id,project_id,title,description,category,position_x,position_y,created_by,data) VALUES ('d3432cc4-dc17-46a2-a8b4-078e6f088248','1d965ccb-0bfa-4237-9ab5-5aac56ceec46','Passersby (location footfall)','','Data/Metric',-1360,800,'user_30uQARGezqSApAChPSGSwFyUy85','[{"period":"2026-01","value":33883,"change_percent":0,"trend":"neutral"},{"period":"2026-02","value":35670,"change_percent":5.3,"trend":"up"},{"period":"2026-03","value":37692,"change_percent":5.7,"trend":"up"},{"period":"2026-04","value":39538,"change_percent":4.9,"trend":"up"},{"period":"2026-05","value":41081,"change_percent":3.9,"trend":"up"},{"period":"2026-06","value":42729,"change_percent":4,"trend":"up"},{"period":"2026-07","value":44077,"change_percent":3.2,"trend":"up"}]'::jsonb);
INSERT INTO public.metric_cards (id,project_id,title,description,category,position_x,position_y,created_by,data) VALUES ('73973b91-ef90-471c-8aa9-00478dc053ef','1d965ccb-0bfa-4237-9ab5-5aac56ceec46','Capture Rate','Share who enter','Data/Metric',-1020,800,'user_30uQARGezqSApAChPSGSwFyUy85','[{"period":"2026-01","value":35,"change_percent":0,"trend":"neutral"},{"period":"2026-02","value":37.1,"change_percent":6,"trend":"up"},{"period":"2026-03","value":38.5,"change_percent":3.8,"trend":"up"},{"period":"2026-04","value":41.2,"change_percent":7,"trend":"up"},{"period":"2026-05","value":42.8,"change_percent":3.9,"trend":"up"},{"period":"2026-06","value":45.2,"change_percent":5.6,"trend":"up"},{"period":"2026-07","value":47.3,"change_percent":4.6,"trend":"up"}]'::jsonb);
INSERT INTO public.metric_cards (id,project_id,title,description,category,position_x,position_y,created_by,data) VALUES ('bb30d588-7a7b-49ab-add6-aa854d7811fe','1d965ccb-0bfa-4237-9ab5-5aac56ceec46','Window Display Score','','Data/Metric',-1530,1000,'user_30uQARGezqSApAChPSGSwFyUy85','[{"period":"2026-01","value":1694,"change_percent":0,"trend":"neutral"},{"period":"2026-02","value":1811,"change_percent":6.9,"trend":"up"},{"period":"2026-03","value":1896,"change_percent":4.7,"trend":"up"},{"period":"2026-04","value":1982,"change_percent":4.5,"trend":"up"},{"period":"2026-05","value":2157,"change_percent":8.8,"trend":"up"},{"period":"2026-06","value":2255,"change_percent":4.5,"trend":"up"},{"period":"2026-07","value":2365,"change_percent":4.9,"trend":"up"}]'::jsonb);
INSERT INTO public.metric_cards (id,project_id,title,description,category,position_x,position_y,created_by,data) VALUES ('f2bef53e-cbc7-42e5-a343-23f7912f90d2','1d965ccb-0bfa-4237-9ab5-5aac56ceec46','Signage / Promo Visibility','','Data/Metric',-1190,1000,'user_30uQARGezqSApAChPSGSwFyUy85','[{"period":"2026-01","value":3695,"change_percent":0,"trend":"neutral"},{"period":"2026-02","value":3707,"change_percent":0.3,"trend":"neutral"},{"period":"2026-03","value":3725,"change_percent":0.5,"trend":"neutral"},{"period":"2026-04","value":3750,"change_percent":0.7,"trend":"neutral"},{"period":"2026-05","value":3883,"change_percent":3.5,"trend":"up"},{"period":"2026-06","value":3956,"change_percent":1.9,"trend":"up"},{"period":"2026-07","value":4050,"change_percent":2.4,"trend":"up"}]'::jsonb);
INSERT INTO public.metric_cards (id,project_id,title,description,category,position_x,position_y,created_by,data) VALUES ('f70099d8-2c64-4e15-b932-19936e4f9d14','1d965ccb-0bfa-4237-9ab5-5aac56ceec46','Local Marketing Reach','','Data/Metric',-850,1000,'user_30uQARGezqSApAChPSGSwFyUy85','[{"period":"2026-01","value":76532,"change_percent":0,"trend":"neutral"},{"period":"2026-02","value":81407,"change_percent":6.4,"trend":"up"},{"period":"2026-03","value":86213,"change_percent":5.9,"trend":"up"},{"period":"2026-04","value":90802,"change_percent":5.3,"trend":"up"},{"period":"2026-05","value":96910,"change_percent":6.7,"trend":"up"},{"period":"2026-06","value":105758,"change_percent":9.1,"trend":"up"},{"period":"2026-07","value":113620,"change_percent":7.4,"trend":"up"}]'::jsonb);
INSERT INTO public.metric_cards (id,project_id,title,description,category,position_x,position_y,created_by,data) VALUES ('6e1e20b0-3571-44eb-ae44-363074c8a368','1d965ccb-0bfa-4237-9ab5-5aac56ceec46','Local Social Awareness','Reach × engagement','Data/Metric',-510,1000,'user_30uQARGezqSApAChPSGSwFyUy85','[{"period":"2026-01","value":1270,"change_percent":0,"trend":"neutral"},{"period":"2026-02","value":1291,"change_percent":1.7,"trend":"up"},{"period":"2026-03","value":1361,"change_percent":5.4,"trend":"up"},{"period":"2026-04","value":1419,"change_percent":4.3,"trend":"up"},{"period":"2026-05","value":1432,"change_percent":0.9,"trend":"neutral"},{"period":"2026-06","value":1506,"change_percent":5.2,"trend":"up"},{"period":"2026-07","value":1519,"change_percent":0.9,"trend":"neutral"}]'::jsonb);
INSERT INTO public.metric_cards (id,project_id,title,description,category,position_x,position_y,created_by,data) VALUES ('3d85265d-6bea-46f1-937d-39bf97bea13e','1d965ccb-0bfa-4237-9ab5-5aac56ceec46','Social Reach / Followers','','Data/Metric',-510,1200,'user_30uQARGezqSApAChPSGSwFyUy85','[{"period":"2026-01","value":80063,"change_percent":0,"trend":"neutral"},{"period":"2026-02","value":84700,"change_percent":5.8,"trend":"up"},{"period":"2026-03","value":90232,"change_percent":6.5,"trend":"up"},{"period":"2026-04","value":97134,"change_percent":7.6,"trend":"up"},{"period":"2026-05","value":105367,"change_percent":8.5,"trend":"up"},{"period":"2026-06","value":112684,"change_percent":6.9,"trend":"up"},{"period":"2026-07","value":123930,"change_percent":10,"trend":"up"}]'::jsonb);
INSERT INTO public.metric_cards (id,project_id,title,description,category,position_x,position_y,created_by,data) VALUES ('0565f120-050c-406a-a901-24a40908d4fb','1d965ccb-0bfa-4237-9ab5-5aac56ceec46','Social Engagement','','Data/Metric',-170,1200,'user_30uQARGezqSApAChPSGSwFyUy85','[{"period":"2026-01","value":2848,"change_percent":0,"trend":"neutral"},{"period":"2026-02","value":2951,"change_percent":3.6,"trend":"up"},{"period":"2026-03","value":3108,"change_percent":5.3,"trend":"up"},{"period":"2026-04","value":3265,"change_percent":5.1,"trend":"up"},{"period":"2026-05","value":3327,"change_percent":1.9,"trend":"up"},{"period":"2026-06","value":3398,"change_percent":2.1,"trend":"up"},{"period":"2026-07","value":3552,"change_percent":4.5,"trend":"up"}]'::jsonb);
INSERT INTO public.metric_cards (id,project_id,title,description,category,position_x,position_y,created_by,data) VALUES ('d133d43b-d475-48ed-bd6a-c770658508c9','1d965ccb-0bfa-4237-9ab5-5aac56ceec46','In-store Events / Promos','','Data/Metric',-680,800,'user_30uQARGezqSApAChPSGSwFyUy85','[{"period":"2026-01","value":2318,"change_percent":0,"trend":"neutral"},{"period":"2026-02","value":2534,"change_percent":9.3,"trend":"up"},{"period":"2026-03","value":2669,"change_percent":5.3,"trend":"up"},{"period":"2026-04","value":2814,"change_percent":5.4,"trend":"up"},{"period":"2026-05","value":3020,"change_percent":7.3,"trend":"up"},{"period":"2026-06","value":3211,"change_percent":6.3,"trend":"up"},{"period":"2026-07","value":3504,"change_percent":9.1,"trend":"up"}]'::jsonb);
INSERT INTO public.metric_cards (id,project_id,title,description,category,position_x,position_y,created_by,data) VALUES ('00a9e7bf-19b5-4d0c-98ef-833154197500','1d965ccb-0bfa-4237-9ab5-5aac56ceec46','Seasonality / Weather','','Data/Metric',-170,1000,'user_30uQARGezqSApAChPSGSwFyUy85','[{"period":"2026-01","value":4300,"change_percent":0,"trend":"neutral"},{"period":"2026-02","value":4629,"change_percent":7.7,"trend":"up"},{"period":"2026-03","value":5015,"change_percent":8.3,"trend":"up"},{"period":"2026-04","value":5451,"change_percent":8.7,"trend":"up"},{"period":"2026-05","value":5815,"change_percent":6.7,"trend":"up"},{"period":"2026-06","value":6153,"change_percent":5.8,"trend":"up"},{"period":"2026-07","value":6679,"change_percent":8.5,"trend":"up"}]'::jsonb);
INSERT INTO public.metric_cards (id,project_id,title,description,category,position_x,position_y,created_by,data) VALUES ('d0690494-ac59-4782-8b26-f155fb3ff6bb','1d965ccb-0bfa-4237-9ab5-5aac56ceec46','Staff : Customer Ratio','','Data/Metric',-340,800,'user_30uQARGezqSApAChPSGSwFyUy85','[{"period":"2026-01","value":9.8,"change_percent":0,"trend":"neutral"},{"period":"2026-02","value":10.5,"change_percent":7.1,"trend":"up"},{"period":"2026-03","value":11.4,"change_percent":8.6,"trend":"up"},{"period":"2026-04","value":12.2,"change_percent":7,"trend":"up"},{"period":"2026-05","value":12.9,"change_percent":5.7,"trend":"up"},{"period":"2026-06","value":13.7,"change_percent":6.2,"trend":"up"},{"period":"2026-07","value":14.7,"change_percent":7.3,"trend":"up"}]'::jsonb);
INSERT INTO public.metric_cards (id,project_id,title,description,category,position_x,position_y,created_by,data) VALUES ('5235d0be-3aca-42de-899d-455f41a71711','1d965ccb-0bfa-4237-9ab5-5aac56ceec46','Product Availability %','','Data/Metric',0,800,'user_30uQARGezqSApAChPSGSwFyUy85','[{"period":"2026-01","value":31.4,"change_percent":0,"trend":"neutral"},{"period":"2026-02","value":32.2,"change_percent":2.5,"trend":"up"},{"period":"2026-03","value":33,"change_percent":2.5,"trend":"up"},{"period":"2026-04","value":33.7,"change_percent":2.1,"trend":"up"},{"period":"2026-05","value":34.9,"change_percent":3.6,"trend":"up"},{"period":"2026-06","value":35.8,"change_percent":2.6,"trend":"up"},{"period":"2026-07","value":36.3,"change_percent":1.4,"trend":"up"}]'::jsonb);
INSERT INTO public.metric_cards (id,project_id,title,description,category,position_x,position_y,created_by,data) VALUES ('977cde28-ee2c-4577-a114-c4cf02ab375d','1d965ccb-0bfa-4237-9ab5-5aac56ceec46','Avg Queue Time','','Data/Metric',340,800,'user_30uQARGezqSApAChPSGSwFyUy85','[{"period":"2026-01","value":4414,"change_percent":0,"trend":"neutral"},{"period":"2026-02","value":4152,"change_percent":-5.9,"trend":"down"},{"period":"2026-03","value":3879,"change_percent":-6.6,"trend":"down"},{"period":"2026-04","value":3668,"change_percent":-5.4,"trend":"down"},{"period":"2026-05","value":3588,"change_percent":-2.2,"trend":"down"},{"period":"2026-06","value":3383,"change_percent":-5.7,"trend":"down"},{"period":"2026-07","value":3251,"change_percent":-3.9,"trend":"down"}]'::jsonb);
INSERT INTO public.metric_cards (id,project_id,title,description,category,position_x,position_y,created_by,data) VALUES ('1799ad77-3f71-4def-b675-6a438c049acc','1d965ccb-0bfa-4237-9ab5-5aac56ceec46','Loyalty Members','','Data/Metric',170,1000,'user_30uQARGezqSApAChPSGSwFyUy85','[{"period":"2026-01","value":66344,"change_percent":0,"trend":"neutral"},{"period":"2026-02","value":70387,"change_percent":6.1,"trend":"up"},{"period":"2026-03","value":73851,"change_percent":4.9,"trend":"up"},{"period":"2026-04","value":78254,"change_percent":6,"trend":"up"},{"period":"2026-05","value":80909,"change_percent":3.4,"trend":"up"},{"period":"2026-06","value":83290,"change_percent":2.9,"trend":"up"},{"period":"2026-07","value":87346,"change_percent":4.9,"trend":"up"}]'::jsonb);
INSERT INTO public.metric_cards (id,project_id,title,description,category,position_x,position_y,created_by,data) VALUES ('94853e2d-65d8-4a98-9e8b-5dbe2895b571','1d965ccb-0bfa-4237-9ab5-5aac56ceec46','Repeat Visit Rate','','Data/Metric',680,800,'user_30uQARGezqSApAChPSGSwFyUy85','[{"period":"2026-01","value":16.8,"change_percent":0,"trend":"neutral"},{"period":"2026-02","value":18,"change_percent":7.1,"trend":"up"},{"period":"2026-03","value":18.9,"change_percent":5,"trend":"up"},{"period":"2026-04","value":20.5,"change_percent":8.5,"trend":"up"},{"period":"2026-05","value":21.5,"change_percent":4.9,"trend":"up"},{"period":"2026-06","value":22.7,"change_percent":5.6,"trend":"up"},{"period":"2026-07","value":24.2,"change_percent":6.6,"trend":"up"}]'::jsonb);
INSERT INTO public.metric_cards (id,project_id,title,description,category,position_x,position_y,created_by,data) VALUES ('68094aab-dfa4-42e4-9485-e9c37451e201','1d965ccb-0bfa-4237-9ab5-5aac56ceec46','Customer Satisfaction (NPS)','','Data/Metric',510,1000,'user_30uQARGezqSApAChPSGSwFyUy85','[{"period":"2026-01","value":27,"change_percent":0,"trend":"neutral"},{"period":"2026-02","value":27.8,"change_percent":3,"trend":"up"},{"period":"2026-03","value":28.9,"change_percent":4,"trend":"up"},{"period":"2026-04","value":29.1,"change_percent":0.7,"trend":"neutral"},{"period":"2026-05","value":29.8,"change_percent":2.4,"trend":"up"},{"period":"2026-06","value":30.1,"change_percent":1,"trend":"neutral"},{"period":"2026-07","value":31.7,"change_percent":5.3,"trend":"up"}]'::jsonb);
INSERT INTO public.metric_cards (id,project_id,title,description,category,position_x,position_y,created_by,data) VALUES ('368254c7-b46d-46e3-acc7-578ccb2911eb','1d965ccb-0bfa-4237-9ab5-5aac56ceec46','Total Costs','','Data/Metric',0,200,'user_30uQARGezqSApAChPSGSwFyUy85','[{"period":"2026-01","value":127757,"change_percent":0,"trend":"neutral"},{"period":"2026-02","value":116601,"change_percent":-8.7,"trend":"down"},{"period":"2026-03","value":110943,"change_percent":-4.9,"trend":"down"},{"period":"2026-04","value":103348,"change_percent":-6.8,"trend":"down"},{"period":"2026-05","value":97381,"change_percent":-5.8,"trend":"down"},{"period":"2026-06","value":88346,"change_percent":-9.3,"trend":"down"},{"period":"2026-07","value":80611,"change_percent":-8.8,"trend":"down"}]'::jsonb);
INSERT INTO public.metric_cards (id,project_id,title,description,category,position_x,position_y,created_by,data) VALUES ('ee4d26ef-57ca-4225-9fc7-7cde31b11e26','1d965ccb-0bfa-4237-9ab5-5aac56ceec46','COGS','','Data/Metric',-510,400,'user_30uQARGezqSApAChPSGSwFyUy85','[{"period":"2026-01","value":572848,"change_percent":0,"trend":"neutral"},{"period":"2026-02","value":557700,"change_percent":-2.6,"trend":"down"},{"period":"2026-03","value":535447,"change_percent":-4,"trend":"down"},{"period":"2026-04","value":507214,"change_percent":-5.3,"trend":"down"},{"period":"2026-05","value":497703,"change_percent":-1.9,"trend":"down"},{"period":"2026-06","value":474961,"change_percent":-4.6,"trend":"down"},{"period":"2026-07","value":460867,"change_percent":-3,"trend":"down"}]'::jsonb);
INSERT INTO public.metric_cards (id,project_id,title,description,category,position_x,position_y,created_by,data) VALUES ('d2df9663-b409-4710-845d-7cd0e2d4aa00','1d965ccb-0bfa-4237-9ab5-5aac56ceec46','Gross Margin %','','Data/Metric',340,200,'user_30uQARGezqSApAChPSGSwFyUy85','[{"period":"2026-01","value":20.2,"change_percent":0,"trend":"neutral"},{"period":"2026-02","value":21.2,"change_percent":5,"trend":"up"},{"period":"2026-03","value":22.1,"change_percent":4.2,"trend":"up"},{"period":"2026-04","value":22.7,"change_percent":2.7,"trend":"up"},{"period":"2026-05","value":23.8,"change_percent":4.8,"trend":"up"},{"period":"2026-06","value":24.3,"change_percent":2.1,"trend":"up"},{"period":"2026-07","value":25.7,"change_percent":5.8,"trend":"up"}]'::jsonb);
INSERT INTO public.metric_cards (id,project_id,title,description,category,position_x,position_y,created_by,data) VALUES ('67f351f8-a8d7-4f00-9929-3db4357e43d0','1d965ccb-0bfa-4237-9ab5-5aac56ceec46','Rent','','Data/Metric',-170,400,'user_30uQARGezqSApAChPSGSwFyUy85','[{"period":"2026-01","value":729362,"change_percent":0,"trend":"neutral"},{"period":"2026-02","value":762915,"change_percent":4.6,"trend":"up"},{"period":"2026-03","value":813054,"change_percent":6.6,"trend":"up"},{"period":"2026-04","value":883207,"change_percent":8.6,"trend":"up"},{"period":"2026-05","value":936557,"change_percent":6,"trend":"up"},{"period":"2026-06","value":1012938,"change_percent":8.2,"trend":"up"},{"period":"2026-07","value":1072778,"change_percent":5.9,"trend":"up"}]'::jsonb);
INSERT INTO public.metric_cards (id,project_id,title,description,category,position_x,position_y,created_by,data) VALUES ('84934bcf-1b45-455e-817e-ba8a7695791f','1d965ccb-0bfa-4237-9ab5-5aac56ceec46','Labor Cost','','Data/Metric',170,400,'user_30uQARGezqSApAChPSGSwFyUy85','[{"period":"2026-01","value":661735,"change_percent":0,"trend":"neutral"},{"period":"2026-02","value":646142,"change_percent":-2.4,"trend":"down"},{"period":"2026-03","value":627493,"change_percent":-2.9,"trend":"down"},{"period":"2026-04","value":598768,"change_percent":-4.6,"trend":"down"},{"period":"2026-05","value":587030,"change_percent":-2,"trend":"down"},{"period":"2026-06","value":575868,"change_percent":-1.9,"trend":"down"},{"period":"2026-07","value":540175,"change_percent":-6.2,"trend":"down"}]'::jsonb);
INSERT INTO public.metric_cards (id,project_id,title,description,category,position_x,position_y,created_by,data) VALUES ('66b7072c-4281-4f68-bcba-23e9525560cb','1d965ccb-0bfa-4237-9ab5-5aac56ceec46','Staff Hours','','Data/Metric',850,1000,'user_30uQARGezqSApAChPSGSwFyUy85','[{"period":"2026-01","value":4074,"change_percent":0,"trend":"neutral"},{"period":"2026-02","value":4224,"change_percent":3.7,"trend":"up"},{"period":"2026-03","value":4456,"change_percent":5.5,"trend":"up"},{"period":"2026-04","value":4503,"change_percent":1.1,"trend":"up"},{"period":"2026-05","value":4705,"change_percent":4.5,"trend":"up"},{"period":"2026-06","value":4931,"change_percent":4.8,"trend":"up"},{"period":"2026-07","value":5004,"change_percent":1.5,"trend":"up"}]'::jsonb);
INSERT INTO public.metric_cards (id,project_id,title,description,category,position_x,position_y,created_by,data) VALUES ('63ae4bc1-d2e2-492f-84b8-d249737f2d2f','1d965ccb-0bfa-4237-9ab5-5aac56ceec46','Avg Wage','','Data/Metric',850,600,'user_30uQARGezqSApAChPSGSwFyUy85','[{"period":"2026-01","value":189787,"change_percent":0,"trend":"neutral"},{"period":"2026-02","value":196879,"change_percent":3.7,"trend":"up"},{"period":"2026-03","value":196638,"change_percent":-0.1,"trend":"neutral"},{"period":"2026-04","value":198187,"change_percent":0.8,"trend":"neutral"},{"period":"2026-05","value":204689,"change_percent":3.3,"trend":"up"},{"period":"2026-06","value":212318,"change_percent":3.7,"trend":"up"},{"period":"2026-07","value":220817,"change_percent":4,"trend":"up"}]'::jsonb);
INSERT INTO public.metric_cards (id,project_id,title,description,category,position_x,position_y,created_by,data) VALUES ('28d3afe7-be95-4d91-88e4-6343ec6d8df2','1d965ccb-0bfa-4237-9ab5-5aac56ceec46','Utilities','','Data/Metric',510,400,'user_30uQARGezqSApAChPSGSwFyUy85','[{"period":"2026-01","value":2552,"change_percent":0,"trend":"neutral"},{"period":"2026-02","value":2651,"change_percent":3.9,"trend":"up"},{"period":"2026-03","value":2825,"change_percent":6.6,"trend":"up"},{"period":"2026-04","value":3016,"change_percent":6.8,"trend":"up"},{"period":"2026-05","value":3108,"change_percent":3.1,"trend":"up"},{"period":"2026-06","value":3255,"change_percent":4.7,"trend":"up"},{"period":"2026-07","value":3450,"change_percent":6,"trend":"up"}]'::jsonb);
INSERT INTO public.metric_cards (id,project_id,title,description,category,position_x,position_y,created_by,data) VALUES ('d5656bfc-17a7-425c-9e54-4257ae160190','1d965ccb-0bfa-4237-9ab5-5aac56ceec46','Shrinkage (loss/theft)','','Data/Metric',850,400,'user_30uQARGezqSApAChPSGSwFyUy85','[{"period":"2026-01","value":356,"change_percent":0,"trend":"neutral"},{"period":"2026-02","value":335,"change_percent":-5.9,"trend":"down"},{"period":"2026-03","value":314,"change_percent":-6.3,"trend":"down"},{"period":"2026-04","value":299,"change_percent":-4.8,"trend":"down"},{"period":"2026-05","value":285,"change_percent":-4.7,"trend":"down"},{"period":"2026-06","value":260,"change_percent":-8.8,"trend":"down"},{"period":"2026-07","value":242,"change_percent":-6.9,"trend":"down"}]'::jsonb);
INSERT INTO public.metric_cards (id,project_id,title,description,category,position_x,position_y,created_by,data) VALUES ('56f84870-34a7-4cb7-a1cc-eab6977fb962','1d965ccb-0bfa-4237-9ab5-5aac56ceec46','Marketing Spend','','Data/Metric',1190,400,'user_30uQARGezqSApAChPSGSwFyUy85','[{"period":"2026-01","value":258268,"change_percent":0,"trend":"neutral"},{"period":"2026-02","value":273677,"change_percent":6,"trend":"up"},{"period":"2026-03","value":287472,"change_percent":5,"trend":"up"},{"period":"2026-04","value":303936,"change_percent":5.7,"trend":"up"},{"period":"2026-05","value":316815,"change_percent":4.2,"trend":"up"},{"period":"2026-06","value":337803,"change_percent":6.6,"trend":"up"},{"period":"2026-07","value":362483,"change_percent":7.3,"trend":"up"}]'::jsonb);
INSERT INTO public.metric_cards (id,project_id,title,description,category,position_x,position_y,created_by,data) VALUES ('391ad7a9-a9ed-4d83-b34d-f8ed4f5d613a','1d965ccb-0bfa-4237-9ab5-5aac56ceec46','Staff sales training','','Work/Action',1020,800,'user_30uQARGezqSApAChPSGSwFyUy85','[]'::jsonb);
INSERT INTO public.metric_cards (id,project_id,title,description,category,position_x,position_y,created_by,data) VALUES ('a8aa46e5-7d77-4b5c-bab1-15b467cc7753','1d965ccb-0bfa-4237-9ab5-5aac56ceec46','Loyalty program','','Work/Action',170,1200,'user_30uQARGezqSApAChPSGSwFyUy85','[]'::jsonb);
INSERT INTO public.metric_cards (id,project_id,title,description,category,position_x,position_y,created_by,data) VALUES ('93e4f616-f7bd-4e19-90bd-3c30cf629e86','1d965ccb-0bfa-4237-9ab5-5aac56ceec46','Refresh window display','','Work/Action',510,1200,'user_30uQARGezqSApAChPSGSwFyUy85','[]'::jsonb);
INSERT INTO public.metric_cards (id,project_id,title,description,category,position_x,position_y,created_by,data) VALUES ('2dced05f-fabc-493a-ab1a-55c4987b3f63','1d965ccb-0bfa-4237-9ab5-5aac56ceec46','Local social campaign','','Work/Action',0,1400,'user_30uQARGezqSApAChPSGSwFyUy85','[]'::jsonb);
INSERT INTO public.metric_cards (id,project_id,title,description,category,position_x,position_y,created_by,data) VALUES ('56906fe7-7e9c-4443-be77-e26ed754339c','1d965ccb-0bfa-4237-9ab5-5aac56ceec46','Optimize store layout','','Work/Action',1360,800,'user_30uQARGezqSApAChPSGSwFyUy85','[]'::jsonb);
INSERT INTO public.metric_cards (id,project_id,title,description,category,position_x,position_y,created_by,data) VALUES ('cdbb4e2f-fca6-466b-9aac-b1587bf3264e','1d965ccb-0bfa-4237-9ab5-5aac56ceec46','Weekend events lift foot traffic','','Ideas/Hypothesis',1190,1000,'user_30uQARGezqSApAChPSGSwFyUy85','[]'::jsonb);
INSERT INTO public.metric_cards (id,project_id,title,description,category,position_x,position_y,created_by,data) VALUES ('fe6b873a-f43a-40fc-a077-9650cb4b6e0f','1d965ccb-0bfa-4237-9ab5-5aac56ceec46','More staff lifts conversion','','Ideas/Hypothesis',1530,1000,'user_30uQARGezqSApAChPSGSwFyUy85','[]'::jsonb);
INSERT INTO public.metric_cards (id,project_id,title,description,category,position_x,position_y,created_by,data) VALUES ('01ce33b7-0055-4575-89bf-30addbf53b4f','1d965ccb-0bfa-4237-9ab5-5aac56ceec46','Revenue — Projection','Operator output: Revenue × 1.1 + live feed','Data/Metric',2770,0,'user_30uQARGezqSApAChPSGSwFyUy85','[{"period":"2026-01","value":601805,"change_percent":0,"trend":"neutral"},{"period":"2026-02","value":630684,"change_percent":4.8,"trend":"up"},{"period":"2026-03","value":682238,"change_percent":8.2,"trend":"up"},{"period":"2026-04","value":733551,"change_percent":7.5,"trend":"up"},{"period":"2026-05","value":777574,"change_percent":6,"trend":"up"},{"period":"2026-06","value":841401,"change_percent":8.2,"trend":"up"},{"period":"2026-07","value":885126,"change_percent":5.2,"trend":"up"}]'::jsonb);
INSERT INTO public.relationships (id,project_id,source_id,target_id,type,confidence,weight,created_by) VALUES ('3db5676c-b38a-4d6f-a03a-878eb7740cdb','1d965ccb-0bfa-4237-9ab5-5aac56ceec46','add738e8-ff94-4920-96da-c00f42223ff8','f7a2826b-d232-47a4-a5b2-b21d74e246b6','Compositional','High',95,'user_30uQARGezqSApAChPSGSwFyUy85');
INSERT INTO public.relationships (id,project_id,source_id,target_id,type,confidence,weight,created_by) VALUES ('ee6f4eaa-ccde-46b8-93c2-5524b1259aa1','1d965ccb-0bfa-4237-9ab5-5aac56ceec46','368254c7-b46d-46e3-acc7-578ccb2911eb','f7a2826b-d232-47a4-a5b2-b21d74e246b6','Compositional','High',90,'user_30uQARGezqSApAChPSGSwFyUy85');
INSERT INTO public.relationships (id,project_id,source_id,target_id,type,confidence,weight,created_by) VALUES ('afe47521-357d-4141-9889-2a753bc9c66e','1d965ccb-0bfa-4237-9ab5-5aac56ceec46','d2df9663-b409-4710-845d-7cd0e2d4aa00','f7a2826b-d232-47a4-a5b2-b21d74e246b6','Causal','High',70,'user_30uQARGezqSApAChPSGSwFyUy85');
INSERT INTO public.relationships (id,project_id,source_id,target_id,type,confidence,weight,created_by) VALUES ('b6e9a501-7be5-4053-9afd-25637cf781a5','1d965ccb-0bfa-4237-9ab5-5aac56ceec46','9fa68dbc-da49-490f-a815-ea3b2e3503dc','add738e8-ff94-4920-96da-c00f42223ff8','Deterministic','High',95,'user_30uQARGezqSApAChPSGSwFyUy85');
INSERT INTO public.relationships (id,project_id,source_id,target_id,type,confidence,weight,created_by) VALUES ('95090e9e-afd9-48aa-b33a-898878e3ccb2','1d965ccb-0bfa-4237-9ab5-5aac56ceec46','31830fad-4f30-403e-8774-0cfa0f2a7c92','add738e8-ff94-4920-96da-c00f42223ff8','Deterministic','High',90,'user_30uQARGezqSApAChPSGSwFyUy85');
INSERT INTO public.relationships (id,project_id,source_id,target_id,type,confidence,weight,created_by) VALUES ('2e722bb3-361b-4869-8b1f-100a1fd0e60c','1d965ccb-0bfa-4237-9ab5-5aac56ceec46','61a6ebbd-af3a-4117-a563-6ee7e2d72ee3','9fa68dbc-da49-490f-a815-ea3b2e3503dc','Deterministic','High',90,'user_30uQARGezqSApAChPSGSwFyUy85');
INSERT INTO public.relationships (id,project_id,source_id,target_id,type,confidence,weight,created_by) VALUES ('fd746cc8-5be1-4793-9639-01fa0dc5960d','1d965ccb-0bfa-4237-9ab5-5aac56ceec46','b24ccf1e-eec3-47c8-994f-27b847e6a251','9fa68dbc-da49-490f-a815-ea3b2e3503dc','Probabilistic','High',85,'user_30uQARGezqSApAChPSGSwFyUy85');
INSERT INTO public.relationships (id,project_id,source_id,target_id,type,confidence,weight,created_by) VALUES ('0071f2ec-6ddd-410e-8309-668a157638c2','1d965ccb-0bfa-4237-9ab5-5aac56ceec46','e40647d1-30f6-4a9f-825a-78edfbc63cec','31830fad-4f30-403e-8774-0cfa0f2a7c92','Deterministic','High',80,'user_30uQARGezqSApAChPSGSwFyUy85');
INSERT INTO public.relationships (id,project_id,source_id,target_id,type,confidence,weight,created_by) VALUES ('acd3a6e9-f056-4a0a-be10-12c52806b2b6','1d965ccb-0bfa-4237-9ab5-5aac56ceec46','cb5bf53c-4b9b-43c6-a626-35bfa36da568','31830fad-4f30-403e-8774-0cfa0f2a7c92','Deterministic','High',75,'user_30uQARGezqSApAChPSGSwFyUy85');
INSERT INTO public.relationships (id,project_id,source_id,target_id,type,confidence,weight,created_by) VALUES ('bdb30ed0-a2d4-4e8f-ae64-78459c1a505b','1d965ccb-0bfa-4237-9ab5-5aac56ceec46','473ccec7-487e-4802-ad21-ceeae529675b','31830fad-4f30-403e-8774-0cfa0f2a7c92','Causal','High',55,'user_30uQARGezqSApAChPSGSwFyUy85');
INSERT INTO public.relationships (id,project_id,source_id,target_id,type,confidence,weight,created_by) VALUES ('491c5ed0-c5d9-456c-94c6-c8829886c6b8','1d965ccb-0bfa-4237-9ab5-5aac56ceec46','d3432cc4-dc17-46a2-a8b4-078e6f088248','61a6ebbd-af3a-4117-a563-6ee7e2d72ee3','Deterministic','High',80,'user_30uQARGezqSApAChPSGSwFyUy85');
INSERT INTO public.relationships (id,project_id,source_id,target_id,type,confidence,weight,created_by) VALUES ('f0575bda-11a9-47ad-a95a-f18bc0ca0da0','1d965ccb-0bfa-4237-9ab5-5aac56ceec46','73973b91-ef90-471c-8aa9-00478dc053ef','61a6ebbd-af3a-4117-a563-6ee7e2d72ee3','Probabilistic','High',75,'user_30uQARGezqSApAChPSGSwFyUy85');
INSERT INTO public.relationships (id,project_id,source_id,target_id,type,confidence,weight,created_by) VALUES ('a2861b7a-da18-4d29-aced-49d6d79190bc','1d965ccb-0bfa-4237-9ab5-5aac56ceec46','bb30d588-7a7b-49ab-add6-aa854d7811fe','73973b91-ef90-471c-8aa9-00478dc053ef','Causal','High',70,'user_30uQARGezqSApAChPSGSwFyUy85');
INSERT INTO public.relationships (id,project_id,source_id,target_id,type,confidence,weight,created_by) VALUES ('8bbdb44a-0172-4937-be0a-d7acc7899564','1d965ccb-0bfa-4237-9ab5-5aac56ceec46','f2bef53e-cbc7-42e5-a343-23f7912f90d2','73973b91-ef90-471c-8aa9-00478dc053ef','Causal','High',60,'user_30uQARGezqSApAChPSGSwFyUy85');
INSERT INTO public.relationships (id,project_id,source_id,target_id,type,confidence,weight,created_by) VALUES ('50ec5950-9764-4988-a3be-b22e7e56bc39','1d965ccb-0bfa-4237-9ab5-5aac56ceec46','f70099d8-2c64-4e15-b932-19936e4f9d14','d3432cc4-dc17-46a2-a8b4-078e6f088248','Causal','High',55,'user_30uQARGezqSApAChPSGSwFyUy85');
INSERT INTO public.relationships (id,project_id,source_id,target_id,type,confidence,weight,created_by) VALUES ('a842d2ec-564d-4ca6-96bd-778ae52b5d00','1d965ccb-0bfa-4237-9ab5-5aac56ceec46','6e1e20b0-3571-44eb-ae44-363074c8a368','d3432cc4-dc17-46a2-a8b4-078e6f088248','Causal','High',50,'user_30uQARGezqSApAChPSGSwFyUy85');
INSERT INTO public.relationships (id,project_id,source_id,target_id,type,confidence,weight,created_by) VALUES ('17800e5b-7592-423e-bfd3-38d9fce1e328','1d965ccb-0bfa-4237-9ab5-5aac56ceec46','3d85265d-6bea-46f1-937d-39bf97bea13e','6e1e20b0-3571-44eb-ae44-363074c8a368','Causal','High',65,'user_30uQARGezqSApAChPSGSwFyUy85');
INSERT INTO public.relationships (id,project_id,source_id,target_id,type,confidence,weight,created_by) VALUES ('c7c4e0d7-e5d8-4371-9ac3-a03bc159c620','1d965ccb-0bfa-4237-9ab5-5aac56ceec46','0565f120-050c-406a-a901-24a40908d4fb','6e1e20b0-3571-44eb-ae44-363074c8a368','Causal','High',55,'user_30uQARGezqSApAChPSGSwFyUy85');
INSERT INTO public.relationships (id,project_id,source_id,target_id,type,confidence,weight,created_by) VALUES ('dd213713-ad89-4dc0-9000-958d9c404d1c','1d965ccb-0bfa-4237-9ab5-5aac56ceec46','d133d43b-d475-48ed-bd6a-c770658508c9','61a6ebbd-af3a-4117-a563-6ee7e2d72ee3','Causal','High',60,'user_30uQARGezqSApAChPSGSwFyUy85');
INSERT INTO public.relationships (id,project_id,source_id,target_id,type,confidence,weight,created_by) VALUES ('0bbf8bc3-4505-4d79-86b8-be405933539a','1d965ccb-0bfa-4237-9ab5-5aac56ceec46','00a9e7bf-19b5-4d0c-98ef-833154197500','d3432cc4-dc17-46a2-a8b4-078e6f088248','Causal','High',50,'user_30uQARGezqSApAChPSGSwFyUy85');
INSERT INTO public.relationships (id,project_id,source_id,target_id,type,confidence,weight,created_by) VALUES ('96907d25-deef-427f-ab5b-5a75e4e17a41','1d965ccb-0bfa-4237-9ab5-5aac56ceec46','d0690494-ac59-4782-8b26-f155fb3ff6bb','b24ccf1e-eec3-47c8-994f-27b847e6a251','Causal','High',70,'user_30uQARGezqSApAChPSGSwFyUy85');
INSERT INTO public.relationships (id,project_id,source_id,target_id,type,confidence,weight,created_by) VALUES ('efec5139-18e9-4d4f-8635-e6a7b6e38304','1d965ccb-0bfa-4237-9ab5-5aac56ceec46','5235d0be-3aca-42de-899d-455f41a71711','b24ccf1e-eec3-47c8-994f-27b847e6a251','Causal','High',70,'user_30uQARGezqSApAChPSGSwFyUy85');
INSERT INTO public.relationships (id,project_id,source_id,target_id,type,confidence,weight,created_by) VALUES ('8a0e6707-b770-44d6-a7d5-0b1332fdc69e','1d965ccb-0bfa-4237-9ab5-5aac56ceec46','977cde28-ee2c-4577-a114-c4cf02ab375d','b24ccf1e-eec3-47c8-994f-27b847e6a251','Causal','High',60,'user_30uQARGezqSApAChPSGSwFyUy85');
INSERT INTO public.relationships (id,project_id,source_id,target_id,type,confidence,weight,created_by) VALUES ('766db507-cc4d-4b9e-a219-1ed411e459a8','1d965ccb-0bfa-4237-9ab5-5aac56ceec46','1799ad77-3f71-4def-b675-6a438c049acc','94853e2d-65d8-4a98-9e8b-5dbe2895b571','Causal','High',70,'user_30uQARGezqSApAChPSGSwFyUy85');
INSERT INTO public.relationships (id,project_id,source_id,target_id,type,confidence,weight,created_by) VALUES ('ffa40f72-4283-4881-a528-587a87fec06a','1d965ccb-0bfa-4237-9ab5-5aac56ceec46','94853e2d-65d8-4a98-9e8b-5dbe2895b571','61a6ebbd-af3a-4117-a563-6ee7e2d72ee3','Causal','High',55,'user_30uQARGezqSApAChPSGSwFyUy85');
INSERT INTO public.relationships (id,project_id,source_id,target_id,type,confidence,weight,created_by) VALUES ('8bd80a06-3f02-456a-9e18-78e6df974f91','1d965ccb-0bfa-4237-9ab5-5aac56ceec46','68094aab-dfa4-42e4-9485-e9c37451e201','94853e2d-65d8-4a98-9e8b-5dbe2895b571','Causal','High',60,'user_30uQARGezqSApAChPSGSwFyUy85');
INSERT INTO public.relationships (id,project_id,source_id,target_id,type,confidence,weight,created_by) VALUES ('556c27de-ea89-48d6-b85e-2f9b7da2e270','1d965ccb-0bfa-4237-9ab5-5aac56ceec46','ee4d26ef-57ca-4225-9fc7-7cde31b11e26','368254c7-b46d-46e3-acc7-578ccb2911eb','Compositional','High',80,'user_30uQARGezqSApAChPSGSwFyUy85');
INSERT INTO public.relationships (id,project_id,source_id,target_id,type,confidence,weight,created_by) VALUES ('f010f023-0111-49fe-8f16-d416f32ff84f','1d965ccb-0bfa-4237-9ab5-5aac56ceec46','67f351f8-a8d7-4f00-9929-3db4357e43d0','368254c7-b46d-46e3-acc7-578ccb2911eb','Compositional','High',70,'user_30uQARGezqSApAChPSGSwFyUy85');
INSERT INTO public.relationships (id,project_id,source_id,target_id,type,confidence,weight,created_by) VALUES ('b2312ce7-d532-4b21-9e10-469bc35188a3','1d965ccb-0bfa-4237-9ab5-5aac56ceec46','84934bcf-1b45-455e-817e-ba8a7695791f','368254c7-b46d-46e3-acc7-578ccb2911eb','Compositional','High',75,'user_30uQARGezqSApAChPSGSwFyUy85');
INSERT INTO public.relationships (id,project_id,source_id,target_id,type,confidence,weight,created_by) VALUES ('865da32a-1e69-4918-9ddd-e19e3973d42b','1d965ccb-0bfa-4237-9ab5-5aac56ceec46','66b7072c-4281-4f68-bcba-23e9525560cb','84934bcf-1b45-455e-817e-ba8a7695791f','Deterministic','High',80,'user_30uQARGezqSApAChPSGSwFyUy85');
INSERT INTO public.relationships (id,project_id,source_id,target_id,type,confidence,weight,created_by) VALUES ('2dff03c8-6be0-4326-9c70-6ad38e03699e','1d965ccb-0bfa-4237-9ab5-5aac56ceec46','63ae4bc1-d2e2-492f-84b8-d249737f2d2f','84934bcf-1b45-455e-817e-ba8a7695791f','Deterministic','High',70,'user_30uQARGezqSApAChPSGSwFyUy85');
INSERT INTO public.relationships (id,project_id,source_id,target_id,type,confidence,weight,created_by) VALUES ('b9649b57-4515-43f9-a8dd-b8833943df44','1d965ccb-0bfa-4237-9ab5-5aac56ceec46','28d3afe7-be95-4d91-88e4-6343ec6d8df2','368254c7-b46d-46e3-acc7-578ccb2911eb','Compositional','High',50,'user_30uQARGezqSApAChPSGSwFyUy85');
INSERT INTO public.relationships (id,project_id,source_id,target_id,type,confidence,weight,created_by) VALUES ('e90e3c40-ce16-43ee-9049-007a3be3eec4','1d965ccb-0bfa-4237-9ab5-5aac56ceec46','d5656bfc-17a7-425c-9e54-4257ae160190','368254c7-b46d-46e3-acc7-578ccb2911eb','Causal','High',55,'user_30uQARGezqSApAChPSGSwFyUy85');
INSERT INTO public.relationships (id,project_id,source_id,target_id,type,confidence,weight,created_by) VALUES ('87517ac4-88e8-4f68-83ab-3a300fe75f26','1d965ccb-0bfa-4237-9ab5-5aac56ceec46','56f84870-34a7-4cb7-a1cc-eab6977fb962','368254c7-b46d-46e3-acc7-578ccb2911eb','Compositional','High',60,'user_30uQARGezqSApAChPSGSwFyUy85');
INSERT INTO public.relationships (id,project_id,source_id,target_id,type,confidence,weight,created_by) VALUES ('39eeb6b3-5855-49f7-8557-c20a333e86ae','1d965ccb-0bfa-4237-9ab5-5aac56ceec46','ee4d26ef-57ca-4225-9fc7-7cde31b11e26','d2df9663-b409-4710-845d-7cd0e2d4aa00','Causal','High',75,'user_30uQARGezqSApAChPSGSwFyUy85');
INSERT INTO public.relationships (id,project_id,source_id,target_id,type,confidence,weight,created_by) VALUES ('a6027b1a-4bb8-464a-8aa7-f962866e34e9','1d965ccb-0bfa-4237-9ab5-5aac56ceec46','66b7072c-4281-4f68-bcba-23e9525560cb','d0690494-ac59-4782-8b26-f155fb3ff6bb','Causal','High',60,'user_30uQARGezqSApAChPSGSwFyUy85');
INSERT INTO public.relationships (id,project_id,source_id,target_id,type,confidence,weight,created_by) VALUES ('768b503d-a6bd-430c-b7d5-69bd4212cbd3','1d965ccb-0bfa-4237-9ab5-5aac56ceec46','f70099d8-2c64-4e15-b932-19936e4f9d14','56f84870-34a7-4cb7-a1cc-eab6977fb962','Compositional','High',60,'user_30uQARGezqSApAChPSGSwFyUy85');
INSERT INTO public.relationships (id,project_id,source_id,target_id,type,confidence,weight,created_by) VALUES ('50c5faf0-dbc3-493a-962d-d7a729bb0840','1d965ccb-0bfa-4237-9ab5-5aac56ceec46','391ad7a9-a9ed-4d83-b34d-f8ed4f5d613a','b24ccf1e-eec3-47c8-994f-27b847e6a251','Causal','High',70,'user_30uQARGezqSApAChPSGSwFyUy85');
INSERT INTO public.relationships (id,project_id,source_id,target_id,type,confidence,weight,created_by) VALUES ('2c40947e-2055-4489-b620-b03b1c17ae4f','1d965ccb-0bfa-4237-9ab5-5aac56ceec46','a8aa46e5-7d77-4b5c-bab1-15b467cc7753','1799ad77-3f71-4def-b675-6a438c049acc','Causal','High',75,'user_30uQARGezqSApAChPSGSwFyUy85');
INSERT INTO public.relationships (id,project_id,source_id,target_id,type,confidence,weight,created_by) VALUES ('b118e00c-96b2-488a-b5a8-f09fa2e414e9','1d965ccb-0bfa-4237-9ab5-5aac56ceec46','93e4f616-f7bd-4e19-90bd-3c30cf629e86','bb30d588-7a7b-49ab-add6-aa854d7811fe','Causal','High',75,'user_30uQARGezqSApAChPSGSwFyUy85');
INSERT INTO public.relationships (id,project_id,source_id,target_id,type,confidence,weight,created_by) VALUES ('1e9d0057-6b09-438d-aefd-0b054bbc8383','1d965ccb-0bfa-4237-9ab5-5aac56ceec46','2dced05f-fabc-493a-ab1a-55c4987b3f63','3d85265d-6bea-46f1-937d-39bf97bea13e','Causal','High',65,'user_30uQARGezqSApAChPSGSwFyUy85');
INSERT INTO public.relationships (id,project_id,source_id,target_id,type,confidence,weight,created_by) VALUES ('be47e6c3-e5bc-473f-b943-804d99799aa7','1d965ccb-0bfa-4237-9ab5-5aac56ceec46','56906fe7-7e9c-4443-be77-e26ed754339c','473ccec7-487e-4802-ad21-ceeae529675b','Causal','High',55,'user_30uQARGezqSApAChPSGSwFyUy85');
INSERT INTO public.relationships (id,project_id,source_id,target_id,type,confidence,weight,created_by) VALUES ('fa35dc17-c457-4018-b1c9-c4a4401d0b8e','1d965ccb-0bfa-4237-9ab5-5aac56ceec46','cdbb4e2f-fca6-466b-9aac-b1587bf3264e','d133d43b-d475-48ed-bd6a-c770658508c9','Probabilistic','High',50,'user_30uQARGezqSApAChPSGSwFyUy85');
INSERT INTO public.relationships (id,project_id,source_id,target_id,type,confidence,weight,created_by) VALUES ('fc380007-eae2-45be-a1d7-5de865dec782','1d965ccb-0bfa-4237-9ab5-5aac56ceec46','fe6b873a-f43a-40fc-a077-9650cb4b6e0f','d0690494-ac59-4782-8b26-f155fb3ff6bb','Probabilistic','High',50,'user_30uQARGezqSApAChPSGSwFyUy85');
INSERT INTO public.groups (id,project_id,name,color,node_ids,position_x,position_y,width,height,created_by) VALUES ('405618c8-ee17-4f3b-b7c7-6fb6c81bfce3','1d965ccb-0bfa-4237-9ab5-5aac56ceec46','Foot Traffic','#3b82f6',ARRAY['61a6ebbd-af3a-4117-a563-6ee7e2d72ee3','d3432cc4-dc17-46a2-a8b4-078e6f088248','73973b91-ef90-471c-8aa9-00478dc053ef','bb30d588-7a7b-49ab-add6-aa854d7811fe','f2bef53e-cbc7-42e5-a343-23f7912f90d2','f70099d8-2c64-4e15-b932-19936e4f9d14','6e1e20b0-3571-44eb-ae44-363074c8a368','3d85265d-6bea-46f1-937d-39bf97bea13e','0565f120-050c-406a-a901-24a40908d4fb','d133d43b-d475-48ed-bd6a-c770658508c9','00a9e7bf-19b5-4d0c-98ef-833154197500']::uuid[],-1560,514,1700,886,'user_30uQARGezqSApAChPSGSwFyUy85');
INSERT INTO public.groups (id,project_id,name,color,node_ids,position_x,position_y,width,height,created_by) VALUES ('ff4d089a-5853-4b73-bca9-454c7e0aae84','1d965ccb-0bfa-4237-9ab5-5aac56ceec46','Conversion & Basket','#22c55e',ARRAY['9fa68dbc-da49-490f-a815-ea3b2e3503dc','b24ccf1e-eec3-47c8-994f-27b847e6a251','d0690494-ac59-4782-8b26-f155fb3ff6bb','5235d0be-3aca-42de-899d-455f41a71711','977cde28-ee2c-4577-a114-c4cf02ab375d','31830fad-4f30-403e-8774-0cfa0f2a7c92','e40647d1-30f6-4a9f-825a-78edfbc63cec','cb5bf53c-4b9b-43c6-a626-35bfa36da568','473ccec7-487e-4802-ad21-ceeae529675b']::uuid[],-1220,314,2040,686,'user_30uQARGezqSApAChPSGSwFyUy85');
INSERT INTO public.groups (id,project_id,name,color,node_ids,position_x,position_y,width,height,created_by) VALUES ('8038b7d8-3e10-4161-b7e9-2f3e4ef907b2','1d965ccb-0bfa-4237-9ab5-5aac56ceec46','Retention','#f59e0b',ARRAY['1799ad77-3f71-4def-b675-6a438c049acc','94853e2d-65d8-4a98-9e8b-5dbe2895b571','68094aab-dfa4-42e4-9485-e9c37451e201']::uuid[],140,714,850,486,'user_30uQARGezqSApAChPSGSwFyUy85');
INSERT INTO public.groups (id,project_id,name,color,node_ids,position_x,position_y,width,height,created_by) VALUES ('ffb06d16-1e18-4dc4-8393-640498d7eb6a','1d965ccb-0bfa-4237-9ab5-5aac56ceec46','Cost Structure','#a855f7',ARRAY['368254c7-b46d-46e3-acc7-578ccb2911eb','ee4d26ef-57ca-4225-9fc7-7cde31b11e26','d2df9663-b409-4710-845d-7cd0e2d4aa00','67f351f8-a8d7-4f00-9929-3db4357e43d0','84934bcf-1b45-455e-817e-ba8a7695791f','66b7072c-4281-4f68-bcba-23e9525560cb','63ae4bc1-d2e2-492f-84b8-d249737f2d2f','28d3afe7-be95-4d91-88e4-6343ec6d8df2','d5656bfc-17a7-425c-9e54-4257ae160190','56f84870-34a7-4cb7-a1cc-eab6977fb962']::uuid[],-540,114,2040,1086,'user_30uQARGezqSApAChPSGSwFyUy85');
INSERT INTO public.canvas_nodes (id,project_id,node_type,title,position_x,position_y,data,created_by) VALUES ('29e0f120-0f17-4385-9040-3fa7a8eda9fb','1d965ccb-0bfa-4237-9ab5-5aac56ceec46','whiteboardNode','Label',2050,-170,'{"shape":"text","text":"📊 Live Data Pipeline","fontSize":18,"width":300,"height":96,"fill":"#eef2ff","stroke":"#6366f1"}'::jsonb,'user_30uQARGezqSApAChPSGSwFyUy85');
INSERT INTO public.canvas_nodes (id,project_id,node_type,title,position_x,position_y,data,created_by) VALUES ('2ebae530-11ed-4156-8002-a12376d1ab48','1d965ccb-0bfa-4237-9ab5-5aac56ceec46','sourceNode','Live Feed',2050,0,'{"title":"Live Feed (new bookings)","config":{"origin":"manual","rows":[{"period":"2026-01","value":38086},{"period":"2026-02","value":39609},{"period":"2026-03","value":41133},{"period":"2026-04","value":42656},{"period":"2026-05","value":44180},{"period":"2026-06","value":45703},{"period":"2026-07","value":47227}]},"series":[{"period":"2026-01","value":38086,"change_percent":0,"trend":"neutral"},{"period":"2026-02","value":39609,"change_percent":4,"trend":"up"},{"period":"2026-03","value":41133,"change_percent":3.8,"trend":"up"},{"period":"2026-04","value":42656,"change_percent":3.7,"trend":"up"},{"period":"2026-05","value":44180,"change_percent":3.6,"trend":"up"},{"period":"2026-06","value":45703,"change_percent":3.4,"trend":"up"},{"period":"2026-07","value":47227,"change_percent":3.3,"trend":"up"}],"refreshedAt":"2026-07-02T22:34:41.524Z"}'::jsonb,'user_30uQARGezqSApAChPSGSwFyUy85');
INSERT INTO public.canvas_nodes (id,project_id,node_type,title,position_x,position_y,data,created_by) VALUES ('5047fd71-6c88-4c34-a5b4-1daeaafda29f','1d965ccb-0bfa-4237-9ab5-5aac56ceec46','operatorNode','Projection',2410,0,'{"label":"Projection (a × 1.1 + feed)","operationType":"formula","isActive":true,"formula":"a * 1.1 + b","inputs":[{"key":"a","sourceId":"add738e8-ff94-4920-96da-c00f42223ff8","label":"Revenue"},{"key":"b","sourceId":"2ebae530-11ed-4156-8002-a12376d1ab48","label":"Live feed"}]}'::jsonb,'user_30uQARGezqSApAChPSGSwFyUy85');
INSERT INTO public.canvas_nodes (id,project_id,node_type,title,position_x,position_y,data,created_by) VALUES ('0fade587-a38c-4825-b5b3-e5401b413dbe','1d965ccb-0bfa-4237-9ab5-5aac56ceec46','chartNode','Actual vs Projection',3150,0,'{"chartType":"area","title":"Actual vs Projection","seriesCardIds":["add738e8-ff94-4920-96da-c00f42223ff8","01ce33b7-0055-4575-89bf-30addbf53b4f"],"showLegend":true}'::jsonb,'user_30uQARGezqSApAChPSGSwFyUy85');
INSERT INTO public.canvas_nodes (id,project_id,node_type,title,position_x,position_y,data,created_by) VALUES ('2847634e-2a19-41a9-b7d0-99cf332f1d44','1d965ccb-0bfa-4237-9ab5-5aac56ceec46','commentNode','Pipeline',2050,260,'{"title":"Live pipeline: Source → Operator → Card → Chart. Edit the Source, then Run Simulation.","projectId":"1d965ccb-0bfa-4237-9ab5-5aac56ceec46"}'::jsonb,'user_30uQARGezqSApAChPSGSwFyUy85');

DELETE FROM public.projects WHERE created_by='user_30uQARGezqSApAChPSGSwFyUy85' AND name='Web Analytics — Example Metric Tree';
INSERT INTO public.projects (id,name,description,created_by,last_modified_by,is_public,tags,settings) VALUES ('82d03297-458a-4315-88c3-554bf758a9d5','Web Analytics — Example Metric Tree','GA4-style acquisition → engagement → conversion tree: sessions by channel drive engaged sessions, conversions, and revenue.','user_30uQARGezqSApAChPSGSwFyUy85','user_30uQARGezqSApAChPSGSwFyUy85',true,ARRAY['example','template'],'{"dataFlowEdges":[{"id":"da699c72-b1c0-4b16-832d-542fbad60677","source":"4c5233c1-a74d-48b8-b1f6-e3d51802e36f","target":"0642f84b-e415-4860-bed4-060b1526e373","type":"dataFlow"},{"id":"e3e65a1a-67ef-4ea2-8169-fb1393190c34","source":"66b4e695-e646-4831-844a-21fad6d46d05","target":"0642f84b-e415-4860-bed4-060b1526e373","type":"dataFlow"},{"id":"dceecd46-bf58-4c68-96c6-1a2d0161e5e6","source":"0642f84b-e415-4860-bed4-060b1526e373","target":"fae30e5b-2165-4d66-94ca-275b6352b6a4","type":"dataFlow"},{"id":"8a2318f6-93b8-4ce9-b468-a9c13266dcdc","source":"66b4e695-e646-4831-844a-21fad6d46d05","target":"caa09525-9ba3-4d2d-910b-cdd50178d3e5","type":"dataFlow"},{"id":"20c6fc89-a5a5-46b1-8c2c-c6e4064bf8ba","source":"fae30e5b-2165-4d66-94ca-275b6352b6a4","target":"caa09525-9ba3-4d2d-910b-cdd50178d3e5","type":"dataFlow"}]}'::jsonb);
INSERT INTO public.metric_cards (id,project_id,title,description,category,position_x,position_y,created_by,data) VALUES ('6784b765-e0c9-4bb5-9612-2a6a06e455c4','82d03297-458a-4315-88c3-554bf758a9d5','Conversion Value','Conversions × Value per Conversion','Core/Value',0,0,'user_30uQARGezqSApAChPSGSwFyUy85','[{"period":"2026-01","value":13.3,"change_percent":0,"trend":"neutral"},{"period":"2026-02","value":14.4,"change_percent":8.3,"trend":"up"},{"period":"2026-03","value":15.7,"change_percent":9,"trend":"up"},{"period":"2026-04","value":16.9,"change_percent":7.6,"trend":"up"},{"period":"2026-05","value":18.3,"change_percent":8.3,"trend":"up"},{"period":"2026-06","value":19.7,"change_percent":7.7,"trend":"up"},{"period":"2026-07","value":21.7,"change_percent":10.2,"trend":"up"}]'::jsonb);
INSERT INTO public.metric_cards (id,project_id,title,description,category,position_x,position_y,created_by,data) VALUES ('0a00f9f8-adda-442a-adc9-ae2d59266256','82d03297-458a-4315-88c3-554bf758a9d5','Conversions','Key events (purchase/signup)','Data/Metric',-170,200,'user_30uQARGezqSApAChPSGSwFyUy85','[{"period":"2026-01","value":62.9,"change_percent":0,"trend":"neutral"},{"period":"2026-02","value":63.4,"change_percent":0.8,"trend":"neutral"},{"period":"2026-03","value":64.8,"change_percent":2.2,"trend":"up"},{"period":"2026-04","value":66.3,"change_percent":2.3,"trend":"up"},{"period":"2026-05","value":66.9,"change_percent":0.9,"trend":"neutral"},{"period":"2026-06","value":68.6,"change_percent":2.5,"trend":"up"},{"period":"2026-07","value":69.6,"change_percent":1.5,"trend":"up"}]'::jsonb);
INSERT INTO public.metric_cards (id,project_id,title,description,category,position_x,position_y,created_by,data) VALUES ('db721616-2d5e-4cbb-af01-42451347d4ca','82d03297-458a-4315-88c3-554bf758a9d5','Conversion Rate','Conversions ÷ Sessions','Data/Metric',-170,400,'user_30uQARGezqSApAChPSGSwFyUy85','[{"period":"2026-01","value":51.8,"change_percent":0,"trend":"neutral"},{"period":"2026-02","value":53.5,"change_percent":3.3,"trend":"up"},{"period":"2026-03","value":54.1,"change_percent":1.1,"trend":"up"},{"period":"2026-04","value":56.3,"change_percent":4.1,"trend":"up"},{"period":"2026-05","value":56.3,"change_percent":0,"trend":"neutral"},{"period":"2026-06","value":57.9,"change_percent":2.8,"trend":"up"},{"period":"2026-07","value":60.6,"change_percent":4.7,"trend":"up"}]'::jsonb);
INSERT INTO public.metric_cards (id,project_id,title,description,category,position_x,position_y,created_by,data) VALUES ('ed1573b0-89a6-409c-8a4d-12808015e524','82d03297-458a-4315-88c3-554bf758a9d5','Value per Conversion','Avg revenue per conversion','Data/Metric',170,200,'user_30uQARGezqSApAChPSGSwFyUy85','[{"period":"2026-01","value":59.4,"change_percent":0,"trend":"neutral"},{"period":"2026-02","value":62.4,"change_percent":5.1,"trend":"up"},{"period":"2026-03","value":67.4,"change_percent":8,"trend":"up"},{"period":"2026-04","value":70.4,"change_percent":4.5,"trend":"up"},{"period":"2026-05","value":75.7,"change_percent":7.5,"trend":"up"},{"period":"2026-06","value":80.4,"change_percent":6.2,"trend":"up"},{"period":"2026-07","value":86.1,"change_percent":7.1,"trend":"up"}]'::jsonb);
INSERT INTO public.metric_cards (id,project_id,title,description,category,position_x,position_y,created_by,data) VALUES ('66b4e695-e646-4831-844a-21fad6d46d05','82d03297-458a-4315-88c3-554bf758a9d5','Sessions','Total sessions','Data/Metric',170,400,'user_30uQARGezqSApAChPSGSwFyUy85','[{"period":"2026-01","value":68982,"change_percent":0,"trend":"neutral"},{"period":"2026-02","value":74162,"change_percent":7.5,"trend":"up"},{"period":"2026-03","value":79320,"change_percent":7,"trend":"up"},{"period":"2026-04","value":82880,"change_percent":4.5,"trend":"up"},{"period":"2026-05","value":90173,"change_percent":8.8,"trend":"up"},{"period":"2026-06","value":98404,"change_percent":9.1,"trend":"up"},{"period":"2026-07","value":102607,"change_percent":4.3,"trend":"up"}]'::jsonb);
INSERT INTO public.metric_cards (id,project_id,title,description,category,position_x,position_y,created_by,data) VALUES ('4348984b-29d9-4483-8973-70e4c29dd2c5','82d03297-458a-4315-88c3-554bf758a9d5','Users','Unique users','Data/Metric',-1530,600,'user_30uQARGezqSApAChPSGSwFyUy85','[{"period":"2026-01","value":1781,"change_percent":0,"trend":"neutral"},{"period":"2026-02","value":1922,"change_percent":7.9,"trend":"up"},{"period":"2026-03","value":2080,"change_percent":8.2,"trend":"up"},{"period":"2026-04","value":2272,"change_percent":9.2,"trend":"up"},{"period":"2026-05","value":2407,"change_percent":5.9,"trend":"up"},{"period":"2026-06","value":2617,"change_percent":8.7,"trend":"up"},{"period":"2026-07","value":2793,"change_percent":6.7,"trend":"up"}]'::jsonb);
INSERT INTO public.metric_cards (id,project_id,title,description,category,position_x,position_y,created_by,data) VALUES ('1ab5b0c6-91f7-4ee9-8e79-af00f0a8bdf1','82d03297-458a-4315-88c3-554bf758a9d5','Sessions per User','Sessions ÷ Users','Data/Metric',-1190,600,'user_30uQARGezqSApAChPSGSwFyUy85','[{"period":"2026-01","value":19594,"change_percent":0,"trend":"neutral"},{"period":"2026-02","value":20858,"change_percent":6.5,"trend":"up"},{"period":"2026-03","value":21772,"change_percent":4.4,"trend":"up"},{"period":"2026-04","value":22814,"change_percent":4.8,"trend":"up"},{"period":"2026-05","value":23739,"change_percent":4.1,"trend":"up"},{"period":"2026-06","value":25072,"change_percent":5.6,"trend":"up"},{"period":"2026-07","value":26451,"change_percent":5.5,"trend":"up"}]'::jsonb);
INSERT INTO public.metric_cards (id,project_id,title,description,category,position_x,position_y,created_by,data) VALUES ('9d373caf-6b76-4c1c-a48b-6a0406f5b3ae','82d03297-458a-4315-88c3-554bf758a9d5','Organic Search','SEO sessions','Data/Metric',-850,600,'user_30uQARGezqSApAChPSGSwFyUy85','[{"period":"2026-01","value":2129,"change_percent":0,"trend":"neutral"},{"period":"2026-02","value":2206,"change_percent":3.6,"trend":"up"},{"period":"2026-03","value":2246,"change_percent":1.8,"trend":"up"},{"period":"2026-04","value":2291,"change_percent":2,"trend":"up"},{"period":"2026-05","value":2326,"change_percent":1.5,"trend":"up"},{"period":"2026-06","value":2341,"change_percent":0.6,"trend":"neutral"},{"period":"2026-07","value":2380,"change_percent":1.7,"trend":"up"}]'::jsonb);
INSERT INTO public.metric_cards (id,project_id,title,description,category,position_x,position_y,created_by,data) VALUES ('4cd52b51-a623-424a-bc5b-69e06a761c75','82d03297-458a-4315-88c3-554bf758a9d5','Paid Search','SEM sessions','Data/Metric',-510,600,'user_30uQARGezqSApAChPSGSwFyUy85','[{"period":"2026-01","value":2972,"change_percent":0,"trend":"neutral"},{"period":"2026-02","value":3164,"change_percent":6.5,"trend":"up"},{"period":"2026-03","value":3261,"change_percent":3.1,"trend":"up"},{"period":"2026-04","value":3417,"change_percent":4.8,"trend":"up"},{"period":"2026-05","value":3628,"change_percent":6.2,"trend":"up"},{"period":"2026-06","value":3791,"change_percent":4.5,"trend":"up"},{"period":"2026-07","value":3922,"change_percent":3.5,"trend":"up"}]'::jsonb);
INSERT INTO public.metric_cards (id,project_id,title,description,category,position_x,position_y,created_by,data) VALUES ('4808ea26-63d7-48ef-aa2b-72eeb702ff34','82d03297-458a-4315-88c3-554bf758a9d5','Social','Social sessions','Data/Metric',-170,600,'user_30uQARGezqSApAChPSGSwFyUy85','[{"period":"2026-01","value":320,"change_percent":0,"trend":"neutral"},{"period":"2026-02","value":337,"change_percent":5.3,"trend":"up"},{"period":"2026-03","value":363,"change_percent":7.7,"trend":"up"},{"period":"2026-04","value":392,"change_percent":8,"trend":"up"},{"period":"2026-05","value":417,"change_percent":6.4,"trend":"up"},{"period":"2026-06","value":444,"change_percent":6.5,"trend":"up"},{"period":"2026-07","value":467,"change_percent":5.2,"trend":"up"}]'::jsonb);
INSERT INTO public.metric_cards (id,project_id,title,description,category,position_x,position_y,created_by,data) VALUES ('e4e504f8-0e3c-4a0a-83ee-2af76f82df76','82d03297-458a-4315-88c3-554bf758a9d5','Direct','Direct sessions','Data/Metric',170,600,'user_30uQARGezqSApAChPSGSwFyUy85','[{"period":"2026-01","value":3593,"change_percent":0,"trend":"neutral"},{"period":"2026-02","value":3813,"change_percent":6.1,"trend":"up"},{"period":"2026-03","value":4012,"change_percent":5.2,"trend":"up"},{"period":"2026-04","value":4272,"change_percent":6.5,"trend":"up"},{"period":"2026-05","value":4382,"change_percent":2.6,"trend":"up"},{"period":"2026-06","value":4521,"change_percent":3.2,"trend":"up"},{"period":"2026-07","value":4683,"change_percent":3.6,"trend":"up"}]'::jsonb);
INSERT INTO public.metric_cards (id,project_id,title,description,category,position_x,position_y,created_by,data) VALUES ('44a18f34-fa22-4a16-aea7-d8c4c6cff7bf','82d03297-458a-4315-88c3-554bf758a9d5','Referral','Referral sessions','Data/Metric',510,600,'user_30uQARGezqSApAChPSGSwFyUy85','[{"period":"2026-01","value":4429,"change_percent":0,"trend":"neutral"},{"period":"2026-02","value":4655,"change_percent":5.1,"trend":"up"},{"period":"2026-03","value":4913,"change_percent":5.5,"trend":"up"},{"period":"2026-04","value":5330,"change_percent":8.5,"trend":"up"},{"period":"2026-05","value":5628,"change_percent":5.6,"trend":"up"},{"period":"2026-06","value":6128,"change_percent":8.9,"trend":"up"},{"period":"2026-07","value":6626,"change_percent":8.1,"trend":"up"}]'::jsonb);
INSERT INTO public.metric_cards (id,project_id,title,description,category,position_x,position_y,created_by,data) VALUES ('1cf1dac9-d0a7-48a3-9f34-ab8eb1bad809','82d03297-458a-4315-88c3-554bf758a9d5','Engaged Sessions','Sessions > 10s / 2 pageviews','Data/Metric',850,600,'user_30uQARGezqSApAChPSGSwFyUy85','[{"period":"2026-01","value":44053,"change_percent":0,"trend":"neutral"},{"period":"2026-02","value":47403,"change_percent":7.6,"trend":"up"},{"period":"2026-03","value":50695,"change_percent":6.9,"trend":"up"},{"period":"2026-04","value":52862,"change_percent":4.3,"trend":"up"},{"period":"2026-05","value":56988,"change_percent":7.8,"trend":"up"},{"period":"2026-06","value":60335,"change_percent":5.9,"trend":"up"},{"period":"2026-07","value":65682,"change_percent":8.9,"trend":"up"}]'::jsonb);
INSERT INTO public.metric_cards (id,project_id,title,description,category,position_x,position_y,created_by,data) VALUES ('ef8e2647-9115-4a59-ab3d-6f51b5399569','82d03297-458a-4315-88c3-554bf758a9d5','Engagement Rate','Engaged ÷ Sessions','Data/Metric',-340,800,'user_30uQARGezqSApAChPSGSwFyUy85','[{"period":"2026-01","value":48.9,"change_percent":0,"trend":"neutral"},{"period":"2026-02","value":51.9,"change_percent":6.1,"trend":"up"},{"period":"2026-03","value":54.8,"change_percent":5.6,"trend":"up"},{"period":"2026-04","value":57.7,"change_percent":5.3,"trend":"up"},{"period":"2026-05","value":60,"change_percent":4,"trend":"up"},{"period":"2026-06","value":63.9,"change_percent":6.5,"trend":"up"},{"period":"2026-07","value":66.4,"change_percent":3.9,"trend":"up"}]'::jsonb);
INSERT INTO public.metric_cards (id,project_id,title,description,category,position_x,position_y,created_by,data) VALUES ('211155a3-18a7-4490-aea2-895b4b0ed422','82d03297-458a-4315-88c3-554bf758a9d5','Avg Engagement Time','Seconds per session','Data/Metric',-340,1000,'user_30uQARGezqSApAChPSGSwFyUy85','[{"period":"2026-01","value":4749,"change_percent":0,"trend":"neutral"},{"period":"2026-02","value":4996,"change_percent":5.2,"trend":"up"},{"period":"2026-03","value":5367,"change_percent":7.4,"trend":"up"},{"period":"2026-04","value":5593,"change_percent":4.2,"trend":"up"},{"period":"2026-05","value":5982,"change_percent":7,"trend":"up"},{"period":"2026-06","value":6369,"change_percent":6.5,"trend":"up"},{"period":"2026-07","value":6727,"change_percent":5.6,"trend":"up"}]'::jsonb);
INSERT INTO public.metric_cards (id,project_id,title,description,category,position_x,position_y,created_by,data) VALUES ('9331bc66-4b0d-4c97-a661-8a6e236216ea','82d03297-458a-4315-88c3-554bf758a9d5','Bounce Rate','Non-engaged share','Data/Metric',0,1000,'user_30uQARGezqSApAChPSGSwFyUy85','[{"period":"2026-01","value":25.1,"change_percent":0,"trend":"neutral"},{"period":"2026-02","value":26.9,"change_percent":7.2,"trend":"up"},{"period":"2026-03","value":29.3,"change_percent":8.9,"trend":"up"},{"period":"2026-04","value":31.8,"change_percent":8.5,"trend":"up"},{"period":"2026-05","value":34.8,"change_percent":9.4,"trend":"up"},{"period":"2026-06","value":37.4,"change_percent":7.5,"trend":"up"},{"period":"2026-07","value":39.7,"change_percent":6.1,"trend":"up"}]'::jsonb);
INSERT INTO public.metric_cards (id,project_id,title,description,category,position_x,position_y,created_by,data) VALUES ('cc6145d9-f990-48e0-aef4-089d75ecc040','82d03297-458a-4315-88c3-554bf758a9d5','Pages per Session','Pageviews ÷ Sessions','Data/Metric',340,1000,'user_30uQARGezqSApAChPSGSwFyUy85','[{"period":"2026-01","value":332,"change_percent":0,"trend":"neutral"},{"period":"2026-02","value":341,"change_percent":2.7,"trend":"up"},{"period":"2026-03","value":348,"change_percent":2.1,"trend":"up"},{"period":"2026-04","value":366,"change_percent":5.2,"trend":"up"},{"period":"2026-05","value":373,"change_percent":1.9,"trend":"up"},{"period":"2026-06","value":376,"change_percent":0.8,"trend":"neutral"},{"period":"2026-07","value":381,"change_percent":1.3,"trend":"up"}]'::jsonb);
INSERT INTO public.metric_cards (id,project_id,title,description,category,position_x,position_y,created_by,data) VALUES ('79c4011c-d9ec-4cf0-945d-abfe9efffd6e','82d03297-458a-4315-88c3-554bf758a9d5','New vs Returning','Returning user share','Data/Metric',1190,600,'user_30uQARGezqSApAChPSGSwFyUy85','[{"period":"2026-01","value":2618,"change_percent":0,"trend":"neutral"},{"period":"2026-02","value":2836,"change_percent":8.3,"trend":"up"},{"period":"2026-03","value":3063,"change_percent":8,"trend":"up"},{"period":"2026-04","value":3249,"change_percent":6.1,"trend":"up"},{"period":"2026-05","value":3575,"change_percent":10,"trend":"up"},{"period":"2026-06","value":3849,"change_percent":7.7,"trend":"up"},{"period":"2026-07","value":4109,"change_percent":6.8,"trend":"up"}]'::jsonb);
INSERT INTO public.metric_cards (id,project_id,title,description,category,position_x,position_y,created_by,data) VALUES ('a24ee1d2-c322-4699-8523-35acf186f29b','82d03297-458a-4315-88c3-554bf758a9d5','SEO Content Program','Publish + optimize landing pages','Work/Action',0,800,'user_30uQARGezqSApAChPSGSwFyUy85','[]'::jsonb);
INSERT INTO public.metric_cards (id,project_id,title,description,category,position_x,position_y,created_by,data) VALUES ('5eabef56-a62b-49d9-9aa9-516ade3aef7b','82d03297-458a-4315-88c3-554bf758a9d5','CRO Experiments','A/B test funnel steps','Work/Action',1530,600,'user_30uQARGezqSApAChPSGSwFyUy85','[]'::jsonb);
INSERT INTO public.metric_cards (id,project_id,title,description,category,position_x,position_y,created_by,data) VALUES ('a14c5f5c-c584-402d-90e0-091d1d528f90','82d03297-458a-4315-88c3-554bf758a9d5','Page Speed Fixes','Core Web Vitals improvements','Work/Action',0,1200,'user_30uQARGezqSApAChPSGSwFyUy85','[]'::jsonb);
INSERT INTO public.metric_cards (id,project_id,title,description,category,position_x,position_y,created_by,data) VALUES ('c4181d11-522a-4c95-a752-52163d61f338','82d03297-458a-4315-88c3-554bf758a9d5','High-intent paid keywords convert 2× better','','Ideas/Hypothesis',340,800,'user_30uQARGezqSApAChPSGSwFyUy85','[]'::jsonb);
INSERT INTO public.metric_cards (id,project_id,title,description,category,position_x,position_y,created_by,data) VALUES ('fae30e5b-2165-4d66-94ca-275b6352b6a4','82d03297-458a-4315-88c3-554bf758a9d5','Sessions — Projection','Operator output: Sessions × 1.1 + live feed','Data/Metric',2770,0,'user_30uQARGezqSApAChPSGSwFyUy85','[{"period":"2026-01","value":81010,"change_percent":0,"trend":"neutral"},{"period":"2026-02","value":86913,"change_percent":7.3,"trend":"up"},{"period":"2026-03","value":92792,"change_percent":6.8,"trend":"up"},{"period":"2026-04","value":96914,"change_percent":4.4,"trend":"up"},{"period":"2026-05","value":105141,"change_percent":8.5,"trend":"up"},{"period":"2026-06","value":114400,"change_percent":8.8,"trend":"up"},{"period":"2026-07","value":119229,"change_percent":4.2,"trend":"up"}]'::jsonb);
INSERT INTO public.relationships (id,project_id,source_id,target_id,type,confidence,weight,created_by) VALUES ('76b34b36-b257-487d-93a9-50fdc962a954','82d03297-458a-4315-88c3-554bf758a9d5','0a00f9f8-adda-442a-adc9-ae2d59266256','6784b765-e0c9-4bb5-9612-2a6a06e455c4','Deterministic','High',90,'user_30uQARGezqSApAChPSGSwFyUy85');
INSERT INTO public.relationships (id,project_id,source_id,target_id,type,confidence,weight,created_by) VALUES ('5df15188-b67b-49b5-8237-71a9091e4952','82d03297-458a-4315-88c3-554bf758a9d5','ed1573b0-89a6-409c-8a4d-12808015e524','6784b765-e0c9-4bb5-9612-2a6a06e455c4','Deterministic','High',85,'user_30uQARGezqSApAChPSGSwFyUy85');
INSERT INTO public.relationships (id,project_id,source_id,target_id,type,confidence,weight,created_by) VALUES ('43dbeba0-ad57-48e2-a2c3-0be2a6bdb429','82d03297-458a-4315-88c3-554bf758a9d5','db721616-2d5e-4cbb-af01-42451347d4ca','0a00f9f8-adda-442a-adc9-ae2d59266256','Deterministic','High',85,'user_30uQARGezqSApAChPSGSwFyUy85');
INSERT INTO public.relationships (id,project_id,source_id,target_id,type,confidence,weight,created_by) VALUES ('5fcdbaad-9847-4dea-ba2a-6bf0471b8891','82d03297-458a-4315-88c3-554bf758a9d5','66b4e695-e646-4831-844a-21fad6d46d05','0a00f9f8-adda-442a-adc9-ae2d59266256','Deterministic','High',80,'user_30uQARGezqSApAChPSGSwFyUy85');
INSERT INTO public.relationships (id,project_id,source_id,target_id,type,confidence,weight,created_by) VALUES ('9d297ac7-bfa2-476e-b19f-ccb6f9787b2e','82d03297-458a-4315-88c3-554bf758a9d5','4348984b-29d9-4483-8973-70e4c29dd2c5','66b4e695-e646-4831-844a-21fad6d46d05','Causal','High',80,'user_30uQARGezqSApAChPSGSwFyUy85');
INSERT INTO public.relationships (id,project_id,source_id,target_id,type,confidence,weight,created_by) VALUES ('58d20e7c-790c-408e-aef3-d4c141dd1185','82d03297-458a-4315-88c3-554bf758a9d5','1ab5b0c6-91f7-4ee9-8e79-af00f0a8bdf1','66b4e695-e646-4831-844a-21fad6d46d05','Deterministic','High',75,'user_30uQARGezqSApAChPSGSwFyUy85');
INSERT INTO public.relationships (id,project_id,source_id,target_id,type,confidence,weight,created_by) VALUES ('853534d3-14af-44d1-9448-462d12686c56','82d03297-458a-4315-88c3-554bf758a9d5','9d373caf-6b76-4c1c-a48b-6a0406f5b3ae','66b4e695-e646-4831-844a-21fad6d46d05','Compositional','High',80,'user_30uQARGezqSApAChPSGSwFyUy85');
INSERT INTO public.relationships (id,project_id,source_id,target_id,type,confidence,weight,created_by) VALUES ('806252e7-624f-471e-9aae-603a93c888d1','82d03297-458a-4315-88c3-554bf758a9d5','4cd52b51-a623-424a-bc5b-69e06a761c75','66b4e695-e646-4831-844a-21fad6d46d05','Compositional','High',75,'user_30uQARGezqSApAChPSGSwFyUy85');
INSERT INTO public.relationships (id,project_id,source_id,target_id,type,confidence,weight,created_by) VALUES ('f161731d-4a5c-4a81-825d-c1b1e0f8dd1c','82d03297-458a-4315-88c3-554bf758a9d5','4808ea26-63d7-48ef-aa2b-72eeb702ff34','66b4e695-e646-4831-844a-21fad6d46d05','Compositional','High',60,'user_30uQARGezqSApAChPSGSwFyUy85');
INSERT INTO public.relationships (id,project_id,source_id,target_id,type,confidence,weight,created_by) VALUES ('81688a85-77b9-4dae-8c45-c960004d1929','82d03297-458a-4315-88c3-554bf758a9d5','e4e504f8-0e3c-4a0a-83ee-2af76f82df76','66b4e695-e646-4831-844a-21fad6d46d05','Compositional','High',60,'user_30uQARGezqSApAChPSGSwFyUy85');
INSERT INTO public.relationships (id,project_id,source_id,target_id,type,confidence,weight,created_by) VALUES ('450651e5-4450-4964-ba54-8bc0f6d5a0a3','82d03297-458a-4315-88c3-554bf758a9d5','44a18f34-fa22-4a16-aea7-d8c4c6cff7bf','66b4e695-e646-4831-844a-21fad6d46d05','Compositional','High',55,'user_30uQARGezqSApAChPSGSwFyUy85');
INSERT INTO public.relationships (id,project_id,source_id,target_id,type,confidence,weight,created_by) VALUES ('149c9655-5204-432c-bbe8-a8d7e51cc67d','82d03297-458a-4315-88c3-554bf758a9d5','1cf1dac9-d0a7-48a3-9f34-ab8eb1bad809','db721616-2d5e-4cbb-af01-42451347d4ca','Causal','High',75,'user_30uQARGezqSApAChPSGSwFyUy85');
INSERT INTO public.relationships (id,project_id,source_id,target_id,type,confidence,weight,created_by) VALUES ('310cc063-47fb-4876-929f-ff51e50a844c','82d03297-458a-4315-88c3-554bf758a9d5','ef8e2647-9115-4a59-ab3d-6f51b5399569','1cf1dac9-d0a7-48a3-9f34-ab8eb1bad809','Deterministic','High',80,'user_30uQARGezqSApAChPSGSwFyUy85');
INSERT INTO public.relationships (id,project_id,source_id,target_id,type,confidence,weight,created_by) VALUES ('0d7899ad-668d-43de-b466-06502bfdb2cb','82d03297-458a-4315-88c3-554bf758a9d5','211155a3-18a7-4490-aea2-895b4b0ed422','ef8e2647-9115-4a59-ab3d-6f51b5399569','Causal','High',65,'user_30uQARGezqSApAChPSGSwFyUy85');
INSERT INTO public.relationships (id,project_id,source_id,target_id,type,confidence,weight,created_by) VALUES ('eeddf1e6-8d5c-4e5b-949c-148b901adc22','82d03297-458a-4315-88c3-554bf758a9d5','cc6145d9-f990-48e0-aef4-089d75ecc040','ef8e2647-9115-4a59-ab3d-6f51b5399569','Causal','High',60,'user_30uQARGezqSApAChPSGSwFyUy85');
INSERT INTO public.relationships (id,project_id,source_id,target_id,type,confidence,weight,created_by) VALUES ('5b2da063-6add-45d3-b3dd-e43a9101f17a','82d03297-458a-4315-88c3-554bf758a9d5','9331bc66-4b0d-4c97-a661-8a6e236216ea','ef8e2647-9115-4a59-ab3d-6f51b5399569','Causal','High',60,'user_30uQARGezqSApAChPSGSwFyUy85');
INSERT INTO public.relationships (id,project_id,source_id,target_id,type,confidence,weight,created_by) VALUES ('70bd3b40-b1bb-44e0-be4d-e26ec35ac16b','82d03297-458a-4315-88c3-554bf758a9d5','79c4011c-d9ec-4cf0-945d-abfe9efffd6e','db721616-2d5e-4cbb-af01-42451347d4ca','Causal','High',55,'user_30uQARGezqSApAChPSGSwFyUy85');
INSERT INTO public.relationships (id,project_id,source_id,target_id,type,confidence,weight,created_by) VALUES ('b96a6aa7-6e30-49cb-80c2-78bac36e332f','82d03297-458a-4315-88c3-554bf758a9d5','a24ee1d2-c322-4699-8523-35acf186f29b','9d373caf-6b76-4c1c-a48b-6a0406f5b3ae','Causal','High',75,'user_30uQARGezqSApAChPSGSwFyUy85');
INSERT INTO public.relationships (id,project_id,source_id,target_id,type,confidence,weight,created_by) VALUES ('57afe197-14b9-4edc-b41c-3d857068b803','82d03297-458a-4315-88c3-554bf758a9d5','5eabef56-a62b-49d9-9aa9-516ade3aef7b','db721616-2d5e-4cbb-af01-42451347d4ca','Causal','High',70,'user_30uQARGezqSApAChPSGSwFyUy85');
INSERT INTO public.relationships (id,project_id,source_id,target_id,type,confidence,weight,created_by) VALUES ('d0c9493b-2959-471d-b984-10987bc7347d','82d03297-458a-4315-88c3-554bf758a9d5','a14c5f5c-c584-402d-90e0-091d1d528f90','9331bc66-4b0d-4c97-a661-8a6e236216ea','Causal','High',65,'user_30uQARGezqSApAChPSGSwFyUy85');
INSERT INTO public.relationships (id,project_id,source_id,target_id,type,confidence,weight,created_by) VALUES ('a447bb11-8b84-4da9-ab0f-4d4a9dd25aba','82d03297-458a-4315-88c3-554bf758a9d5','c4181d11-522a-4c95-a752-52163d61f338','4cd52b51-a623-424a-bc5b-69e06a761c75','Probabilistic','High',50,'user_30uQARGezqSApAChPSGSwFyUy85');
INSERT INTO public.groups (id,project_id,name,color,node_ids,position_x,position_y,width,height,created_by) VALUES ('731fb8f7-e4a2-4024-aed4-786ea6ddae90','82d03297-458a-4315-88c3-554bf758a9d5','Acquisition','#3b82f6',ARRAY['66b4e695-e646-4831-844a-21fad6d46d05','4348984b-29d9-4483-8973-70e4c29dd2c5','1ab5b0c6-91f7-4ee9-8e79-af00f0a8bdf1','9d373caf-6b76-4c1c-a48b-6a0406f5b3ae','4cd52b51-a623-424a-bc5b-69e06a761c75','4808ea26-63d7-48ef-aa2b-72eeb702ff34','e4e504f8-0e3c-4a0a-83ee-2af76f82df76','44a18f34-fa22-4a16-aea7-d8c4c6cff7bf']::uuid[],-1560,314,2380,486,'user_30uQARGezqSApAChPSGSwFyUy85');
INSERT INTO public.groups (id,project_id,name,color,node_ids,position_x,position_y,width,height,created_by) VALUES ('a66ead30-dabc-405c-960a-bd1efc89a1b1','82d03297-458a-4315-88c3-554bf758a9d5','Engagement','#22c55e',ARRAY['1cf1dac9-d0a7-48a3-9f34-ab8eb1bad809','ef8e2647-9115-4a59-ab3d-6f51b5399569','211155a3-18a7-4490-aea2-895b4b0ed422','9331bc66-4b0d-4c97-a661-8a6e236216ea','cc6145d9-f990-48e0-aef4-089d75ecc040','79c4011c-d9ec-4cf0-945d-abfe9efffd6e']::uuid[],-370,514,1870,686,'user_30uQARGezqSApAChPSGSwFyUy85');
INSERT INTO public.groups (id,project_id,name,color,node_ids,position_x,position_y,width,height,created_by) VALUES ('44a94bf7-cc46-47a3-8cba-fcf0cfb256f2','82d03297-458a-4315-88c3-554bf758a9d5','Conversion','#f59e0b',ARRAY['0a00f9f8-adda-442a-adc9-ae2d59266256','db721616-2d5e-4cbb-af01-42451347d4ca','ed1573b0-89a6-409c-8a4d-12808015e524']::uuid[],-200,114,680,486,'user_30uQARGezqSApAChPSGSwFyUy85');
INSERT INTO public.canvas_nodes (id,project_id,node_type,title,position_x,position_y,data,created_by) VALUES ('fedfd65b-5618-4fd3-bab8-3d759c98de9f','82d03297-458a-4315-88c3-554bf758a9d5','whiteboardNode','Label',2050,-170,'{"shape":"text","text":"📊 Live Data Pipeline","fontSize":18,"width":300,"height":96,"fill":"#eef2ff","stroke":"#6366f1"}'::jsonb,'user_30uQARGezqSApAChPSGSwFyUy85');
INSERT INTO public.canvas_nodes (id,project_id,node_type,title,position_x,position_y,data,created_by) VALUES ('4c5233c1-a74d-48b8-b1f6-e3d51802e36f','82d03297-458a-4315-88c3-554bf758a9d5','sourceNode','Live Feed',2050,0,'{"title":"Live Feed (new bookings)","config":{"origin":"manual","rows":[{"period":"2026-01","value":5130},{"period":"2026-02","value":5335},{"period":"2026-03","value":5540},{"period":"2026-04","value":5746},{"period":"2026-05","value":5951},{"period":"2026-06","value":6156},{"period":"2026-07","value":6361}]},"series":[{"period":"2026-01","value":5130,"change_percent":0,"trend":"neutral"},{"period":"2026-02","value":5335,"change_percent":4,"trend":"up"},{"period":"2026-03","value":5540,"change_percent":3.8,"trend":"up"},{"period":"2026-04","value":5746,"change_percent":3.7,"trend":"up"},{"period":"2026-05","value":5951,"change_percent":3.6,"trend":"up"},{"period":"2026-06","value":6156,"change_percent":3.4,"trend":"up"},{"period":"2026-07","value":6361,"change_percent":3.3,"trend":"up"}],"refreshedAt":"2026-07-02T22:34:41.524Z"}'::jsonb,'user_30uQARGezqSApAChPSGSwFyUy85');
INSERT INTO public.canvas_nodes (id,project_id,node_type,title,position_x,position_y,data,created_by) VALUES ('0642f84b-e415-4860-bed4-060b1526e373','82d03297-458a-4315-88c3-554bf758a9d5','operatorNode','Projection',2410,0,'{"label":"Projection (a × 1.1 + feed)","operationType":"formula","isActive":true,"formula":"a * 1.1 + b","inputs":[{"key":"a","sourceId":"66b4e695-e646-4831-844a-21fad6d46d05","label":"Sessions"},{"key":"b","sourceId":"4c5233c1-a74d-48b8-b1f6-e3d51802e36f","label":"Live feed"}]}'::jsonb,'user_30uQARGezqSApAChPSGSwFyUy85');
INSERT INTO public.canvas_nodes (id,project_id,node_type,title,position_x,position_y,data,created_by) VALUES ('caa09525-9ba3-4d2d-910b-cdd50178d3e5','82d03297-458a-4315-88c3-554bf758a9d5','chartNode','Actual vs Projection',3150,0,'{"chartType":"area","title":"Actual vs Projection","seriesCardIds":["66b4e695-e646-4831-844a-21fad6d46d05","fae30e5b-2165-4d66-94ca-275b6352b6a4"],"showLegend":true}'::jsonb,'user_30uQARGezqSApAChPSGSwFyUy85');
INSERT INTO public.canvas_nodes (id,project_id,node_type,title,position_x,position_y,data,created_by) VALUES ('6998c3ad-cc20-4b0c-9f3f-ef4aa12cdc1b','82d03297-458a-4315-88c3-554bf758a9d5','commentNode','Pipeline',2050,260,'{"title":"Live pipeline: Source → Operator → Card → Chart. Edit the Source, then Run Simulation.","projectId":"82d03297-458a-4315-88c3-554bf758a9d5"}'::jsonb,'user_30uQARGezqSApAChPSGSwFyUy85');

DELETE FROM public.projects WHERE created_by='user_30uQARGezqSApAChPSGSwFyUy85' AND name='Company KPIs — Example Metric Tree';
INSERT INTO public.projects (id,name,description,created_by,last_modified_by,is_public,tags,settings) VALUES ('64c55b0d-5224-49d8-8e21-398d748c5f0a','Company KPIs — Example Metric Tree','Executive scorecard: enterprise value decomposed into growth, profitability, efficiency, and people health.','user_30uQARGezqSApAChPSGSwFyUy85','user_30uQARGezqSApAChPSGSwFyUy85',true,ARRAY['example','template'],'{"dataFlowEdges":[{"id":"07a7253c-5d6a-447c-9afd-ed92ab199417","source":"c0912713-f4ce-47cc-879f-3b3ed36301c8","target":"2cbbec10-dd42-4bbf-bb67-0c3d3dbb7e7c","type":"dataFlow"},{"id":"3f465ae9-2031-4de3-a0d8-2a6f70d9015d","source":"e6cc2169-2c3a-4429-8e26-1c17d15be8bd","target":"2cbbec10-dd42-4bbf-bb67-0c3d3dbb7e7c","type":"dataFlow"},{"id":"ebf885d4-80ed-4614-bcdd-7e1c804f13cc","source":"2cbbec10-dd42-4bbf-bb67-0c3d3dbb7e7c","target":"abcb5a27-0966-4892-a0a9-745ab1b600ba","type":"dataFlow"},{"id":"a0e6bddb-2fc8-4d79-9755-96e512367c0f","source":"e6cc2169-2c3a-4429-8e26-1c17d15be8bd","target":"43d5901d-fe46-4288-95c5-109ae29a8f9e","type":"dataFlow"},{"id":"935049f9-58c3-47f4-a8fa-ab9b00e7ed1e","source":"abcb5a27-0966-4892-a0a9-745ab1b600ba","target":"43d5901d-fe46-4288-95c5-109ae29a8f9e","type":"dataFlow"}]}'::jsonb);
INSERT INTO public.metric_cards (id,project_id,title,description,category,position_x,position_y,created_by,data) VALUES ('c07fb874-b0fc-42dd-a377-3c3bd135d4d0','64c55b0d-5224-49d8-8e21-398d748c5f0a','Enterprise Value','Revenue × Multiple','Core/Value',0,0,'user_30uQARGezqSApAChPSGSwFyUy85','[{"period":"2026-01","value":344820,"change_percent":0,"trend":"neutral"},{"period":"2026-02","value":372432,"change_percent":8,"trend":"up"},{"period":"2026-03","value":400815,"change_percent":7.6,"trend":"up"},{"period":"2026-04","value":432726,"change_percent":8,"trend":"up"},{"period":"2026-05","value":448430,"change_percent":3.6,"trend":"up"},{"period":"2026-06","value":473841,"change_percent":5.7,"trend":"up"},{"period":"2026-07","value":508654,"change_percent":7.3,"trend":"up"}]'::jsonb);
INSERT INTO public.metric_cards (id,project_id,title,description,category,position_x,position_y,created_by,data) VALUES ('e6cc2169-2c3a-4429-8e26-1c17d15be8bd','64c55b0d-5224-49d8-8e21-398d748c5f0a','Revenue','Total revenue','Data/Metric',-680,200,'user_30uQARGezqSApAChPSGSwFyUy85','[{"period":"2026-01","value":113930,"change_percent":0,"trend":"neutral"},{"period":"2026-02","value":120814,"change_percent":6,"trend":"up"},{"period":"2026-03","value":126269,"change_percent":4.5,"trend":"up"},{"period":"2026-04","value":131171,"change_percent":3.9,"trend":"up"},{"period":"2026-05","value":134252,"change_percent":2.3,"trend":"up"},{"period":"2026-06","value":138348,"change_percent":3.1,"trend":"up"},{"period":"2026-07","value":146408,"change_percent":5.8,"trend":"up"}]'::jsonb);
INSERT INTO public.metric_cards (id,project_id,title,description,category,position_x,position_y,created_by,data) VALUES ('3c573483-011c-4762-a6ab-bbf4cf200b12','64c55b0d-5224-49d8-8e21-398d748c5f0a','YoY Growth','Revenue growth rate','Data/Metric',-340,200,'user_30uQARGezqSApAChPSGSwFyUy85','[{"period":"2026-01","value":2213,"change_percent":0,"trend":"neutral"},{"period":"2026-02","value":2372,"change_percent":7.2,"trend":"up"},{"period":"2026-03","value":2597,"change_percent":9.5,"trend":"up"},{"period":"2026-04","value":2732,"change_percent":5.2,"trend":"up"},{"period":"2026-05","value":2917,"change_percent":6.8,"trend":"up"},{"period":"2026-06","value":3075,"change_percent":5.4,"trend":"up"},{"period":"2026-07","value":3226,"change_percent":4.9,"trend":"up"}]'::jsonb);
INSERT INTO public.metric_cards (id,project_id,title,description,category,position_x,position_y,created_by,data) VALUES ('6115665a-5ee7-4f68-b835-22dea0df603d','64c55b0d-5224-49d8-8e21-398d748c5f0a','Gross Margin','(Revenue − COGS) ÷ Revenue','Data/Metric',0,200,'user_30uQARGezqSApAChPSGSwFyUy85','[{"period":"2026-01","value":46.1,"change_percent":0,"trend":"neutral"},{"period":"2026-02","value":46.5,"change_percent":0.9,"trend":"neutral"},{"period":"2026-03","value":48.9,"change_percent":5.2,"trend":"up"},{"period":"2026-04","value":51.4,"change_percent":5.1,"trend":"up"},{"period":"2026-05","value":53.6,"change_percent":4.3,"trend":"up"},{"period":"2026-06","value":54.7,"change_percent":2.1,"trend":"up"},{"period":"2026-07","value":55.5,"change_percent":1.5,"trend":"up"}]'::jsonb);
INSERT INTO public.metric_cards (id,project_id,title,description,category,position_x,position_y,created_by,data) VALUES ('b0861420-d9ee-4505-b47f-6d07cc9ef1dd','64c55b0d-5224-49d8-8e21-398d748c5f0a','EBITDA','Operating profitability','Data/Metric',340,200,'user_30uQARGezqSApAChPSGSwFyUy85','[{"period":"2026-01","value":1677,"change_percent":0,"trend":"neutral"},{"period":"2026-02","value":1807,"change_percent":7.8,"trend":"up"},{"period":"2026-03","value":1926,"change_percent":6.6,"trend":"up"},{"period":"2026-04","value":2068,"change_percent":7.4,"trend":"up"},{"period":"2026-05","value":2270,"change_percent":9.8,"trend":"up"},{"period":"2026-06","value":2441,"change_percent":7.5,"trend":"up"},{"period":"2026-07","value":2603,"change_percent":6.6,"trend":"up"}]'::jsonb);
INSERT INTO public.metric_cards (id,project_id,title,description,category,position_x,position_y,created_by,data) VALUES ('9dc9cefe-57eb-42b7-8fba-9fff7e32b749','64c55b0d-5224-49d8-8e21-398d748c5f0a','New Business','New logo revenue','Data/Metric',-680,400,'user_30uQARGezqSApAChPSGSwFyUy85','[{"period":"2026-01","value":4605,"change_percent":0,"trend":"neutral"},{"period":"2026-02","value":5014,"change_percent":8.9,"trend":"up"},{"period":"2026-03","value":5329,"change_percent":6.3,"trend":"up"},{"period":"2026-04","value":5643,"change_percent":5.9,"trend":"up"},{"period":"2026-05","value":6148,"change_percent":8.9,"trend":"up"},{"period":"2026-06","value":6642,"change_percent":8,"trend":"up"},{"period":"2026-07","value":7104,"change_percent":7,"trend":"up"}]'::jsonb);
INSERT INTO public.metric_cards (id,project_id,title,description,category,position_x,position_y,created_by,data) VALUES ('a8093e9a-a4ca-4885-a6a3-33e018143d01','64c55b0d-5224-49d8-8e21-398d748c5f0a','Expansion','Upsell revenue','Data/Metric',-1020,600,'user_30uQARGezqSApAChPSGSwFyUy85','[{"period":"2026-01","value":3423,"change_percent":0,"trend":"neutral"},{"period":"2026-02","value":3601,"change_percent":5.2,"trend":"up"},{"period":"2026-03","value":3801,"change_percent":5.6,"trend":"up"},{"period":"2026-04","value":4018,"change_percent":5.7,"trend":"up"},{"period":"2026-05","value":4195,"change_percent":4.4,"trend":"up"},{"period":"2026-06","value":4431,"change_percent":5.6,"trend":"up"},{"period":"2026-07","value":4640,"change_percent":4.7,"trend":"up"}]'::jsonb);
INSERT INTO public.metric_cards (id,project_id,title,description,category,position_x,position_y,created_by,data) VALUES ('89600b78-ba57-425d-a376-c22d5e545654','64c55b0d-5224-49d8-8e21-398d748c5f0a','Churn','Lost revenue','Data/Metric',-680,600,'user_30uQARGezqSApAChPSGSwFyUy85','[{"period":"2026-01","value":58.3,"change_percent":0,"trend":"neutral"},{"period":"2026-02","value":54.1,"change_percent":-7.2,"trend":"down"},{"period":"2026-03","value":52.2,"change_percent":-3.5,"trend":"down"},{"period":"2026-04","value":48.4,"change_percent":-7.3,"trend":"down"},{"period":"2026-05","value":45.7,"change_percent":-5.6,"trend":"down"},{"period":"2026-06","value":44.1,"change_percent":-3.5,"trend":"down"},{"period":"2026-07","value":41,"change_percent":-7,"trend":"down"}]'::jsonb);
INSERT INTO public.metric_cards (id,project_id,title,description,category,position_x,position_y,created_by,data) VALUES ('769e8965-ccc2-49da-a78d-c720977da8e7','64c55b0d-5224-49d8-8e21-398d748c5f0a','Net Revenue Retention','(Start + Exp − Churn) ÷ Start','Data/Metric',-340,400,'user_30uQARGezqSApAChPSGSwFyUy85','[{"period":"2026-01","value":40.2,"change_percent":0,"trend":"neutral"},{"period":"2026-02","value":43.2,"change_percent":7.5,"trend":"up"},{"period":"2026-03","value":45.8,"change_percent":6,"trend":"up"},{"period":"2026-04","value":48.9,"change_percent":6.8,"trend":"up"},{"period":"2026-05","value":51,"change_percent":4.3,"trend":"up"},{"period":"2026-06","value":55.3,"change_percent":8.4,"trend":"up"},{"period":"2026-07","value":59.2,"change_percent":7.1,"trend":"up"}]'::jsonb);
INSERT INTO public.metric_cards (id,project_id,title,description,category,position_x,position_y,created_by,data) VALUES ('b056abfb-5002-4c1a-99a4-5ef324c7b314','64c55b0d-5224-49d8-8e21-398d748c5f0a','COGS','Cost of goods sold','Data/Metric',0,400,'user_30uQARGezqSApAChPSGSwFyUy85','[{"period":"2026-01","value":277122,"change_percent":0,"trend":"neutral"},{"period":"2026-02","value":261437,"change_percent":-5.7,"trend":"down"},{"period":"2026-03","value":245590,"change_percent":-6.1,"trend":"down"},{"period":"2026-04","value":234984,"change_percent":-4.3,"trend":"down"},{"period":"2026-05","value":223467,"change_percent":-4.9,"trend":"down"},{"period":"2026-06","value":216446,"change_percent":-3.1,"trend":"down"},{"period":"2026-07","value":210209,"change_percent":-2.9,"trend":"down"}]'::jsonb);
INSERT INTO public.metric_cards (id,project_id,title,description,category,position_x,position_y,created_by,data) VALUES ('a9242bcf-4eda-4a99-911c-24caa59e0892','64c55b0d-5224-49d8-8e21-398d748c5f0a','OpEx','Operating expenses','Data/Metric',340,400,'user_30uQARGezqSApAChPSGSwFyUy85','[{"period":"2026-01","value":3948,"change_percent":0,"trend":"neutral"},{"period":"2026-02","value":4279,"change_percent":8.4,"trend":"up"},{"period":"2026-03","value":4441,"change_percent":3.8,"trend":"up"},{"period":"2026-04","value":4759,"change_percent":7.2,"trend":"up"},{"period":"2026-05","value":5066,"change_percent":6.5,"trend":"up"},{"period":"2026-06","value":5323,"change_percent":5.1,"trend":"up"},{"period":"2026-07","value":5663,"change_percent":6.4,"trend":"up"}]'::jsonb);
INSERT INTO public.metric_cards (id,project_id,title,description,category,position_x,position_y,created_by,data) VALUES ('ab01dd16-1160-4c8a-86da-9f720e6ddddd','64c55b0d-5224-49d8-8e21-398d748c5f0a','Sales & Marketing','GTM spend','Data/Metric',-340,600,'user_30uQARGezqSApAChPSGSwFyUy85','[{"period":"2026-01","value":3745,"change_percent":0,"trend":"neutral"},{"period":"2026-02","value":3953,"change_percent":5.6,"trend":"up"},{"period":"2026-03","value":4082,"change_percent":3.3,"trend":"up"},{"period":"2026-04","value":4151,"change_percent":1.7,"trend":"up"},{"period":"2026-05","value":4393,"change_percent":5.8,"trend":"up"},{"period":"2026-06","value":4594,"change_percent":4.6,"trend":"up"},{"period":"2026-07","value":4767,"change_percent":3.8,"trend":"up"}]'::jsonb);
INSERT INTO public.metric_cards (id,project_id,title,description,category,position_x,position_y,created_by,data) VALUES ('ccb0ae97-5268-4744-9613-92cdfd96fa1b','64c55b0d-5224-49d8-8e21-398d748c5f0a','R&D','Product investment','Data/Metric',0,600,'user_30uQARGezqSApAChPSGSwFyUy85','[{"period":"2026-01","value":541,"change_percent":0,"trend":"neutral"},{"period":"2026-02","value":562,"change_percent":3.9,"trend":"up"},{"period":"2026-03","value":589,"change_percent":4.8,"trend":"up"},{"period":"2026-04","value":615,"change_percent":4.4,"trend":"up"},{"period":"2026-05","value":631,"change_percent":2.6,"trend":"up"},{"period":"2026-06","value":648,"change_percent":2.7,"trend":"up"},{"period":"2026-07","value":676,"change_percent":4.3,"trend":"up"}]'::jsonb);
INSERT INTO public.metric_cards (id,project_id,title,description,category,position_x,position_y,created_by,data) VALUES ('36a096f4-8fa5-4ea9-91ab-20d314488344','64c55b0d-5224-49d8-8e21-398d748c5f0a','G&A','Overhead','Data/Metric',340,600,'user_30uQARGezqSApAChPSGSwFyUy85','[{"period":"2026-01","value":617,"change_percent":0,"trend":"neutral"},{"period":"2026-02","value":639,"change_percent":3.6,"trend":"up"},{"period":"2026-03","value":670,"change_percent":4.9,"trend":"up"},{"period":"2026-04","value":703,"change_percent":4.9,"trend":"up"},{"period":"2026-05","value":743,"change_percent":5.7,"trend":"up"},{"period":"2026-06","value":785,"change_percent":5.7,"trend":"up"},{"period":"2026-07","value":837,"change_percent":6.6,"trend":"up"}]'::jsonb);
INSERT INTO public.metric_cards (id,project_id,title,description,category,position_x,position_y,created_by,data) VALUES ('4e627553-a13f-4a04-9c49-5ff27355ee0a','64c55b0d-5224-49d8-8e21-398d748c5f0a','Headcount','Total employees','Data/Metric',680,600,'user_30uQARGezqSApAChPSGSwFyUy85','[{"period":"2026-01","value":2625,"change_percent":0,"trend":"neutral"},{"period":"2026-02","value":2806,"change_percent":6.9,"trend":"up"},{"period":"2026-03","value":3054,"change_percent":8.8,"trend":"up"},{"period":"2026-04","value":3357,"change_percent":9.9,"trend":"up"},{"period":"2026-05","value":3645,"change_percent":8.6,"trend":"up"},{"period":"2026-06","value":3994,"change_percent":9.6,"trend":"up"},{"period":"2026-07","value":4365,"change_percent":9.3,"trend":"up"}]'::jsonb);
INSERT INTO public.metric_cards (id,project_id,title,description,category,position_x,position_y,created_by,data) VALUES ('af410d3c-96ac-40ca-8195-6c72efa6622e','64c55b0d-5224-49d8-8e21-398d748c5f0a','Revenue per Employee','Revenue ÷ Headcount','Data/Metric',680,400,'user_30uQARGezqSApAChPSGSwFyUy85','[{"period":"2026-01","value":29662,"change_percent":0,"trend":"neutral"},{"period":"2026-02","value":30719,"change_percent":3.6,"trend":"up"},{"period":"2026-03","value":32753,"change_percent":6.6,"trend":"up"},{"period":"2026-04","value":34507,"change_percent":5.4,"trend":"up"},{"period":"2026-05","value":35208,"change_percent":2,"trend":"up"},{"period":"2026-06","value":35962,"change_percent":2.1,"trend":"up"},{"period":"2026-07","value":36744,"change_percent":2.2,"trend":"up"}]'::jsonb);
INSERT INTO public.metric_cards (id,project_id,title,description,category,position_x,position_y,created_by,data) VALUES ('340ec624-9bf7-4872-9d44-b219b6700247','64c55b0d-5224-49d8-8e21-398d748c5f0a','Attrition','Voluntary churn of staff','Data/Metric',-340,800,'user_30uQARGezqSApAChPSGSwFyUy85','[{"period":"2026-01","value":2108,"change_percent":0,"trend":"neutral"},{"period":"2026-02","value":2275,"change_percent":7.9,"trend":"up"},{"period":"2026-03","value":2436,"change_percent":7.1,"trend":"up"},{"period":"2026-04","value":2674,"change_percent":9.8,"trend":"up"},{"period":"2026-05","value":2867,"change_percent":7.2,"trend":"up"},{"period":"2026-06","value":3036,"change_percent":5.9,"trend":"up"},{"period":"2026-07","value":3321,"change_percent":9.4,"trend":"up"}]'::jsonb);
INSERT INTO public.metric_cards (id,project_id,title,description,category,position_x,position_y,created_by,data) VALUES ('e4487887-59fb-4481-b318-b47ceeca5477','64c55b0d-5224-49d8-8e21-398d748c5f0a','Employee NPS','Team health','Data/Metric',0,1000,'user_30uQARGezqSApAChPSGSwFyUy85','[{"period":"2026-01","value":28.9,"change_percent":0,"trend":"neutral"},{"period":"2026-02","value":29.8,"change_percent":3.1,"trend":"up"},{"period":"2026-03","value":31.9,"change_percent":7,"trend":"up"},{"period":"2026-04","value":33.8,"change_percent":6,"trend":"up"},{"period":"2026-05","value":35.9,"change_percent":6.2,"trend":"up"},{"period":"2026-06","value":38.1,"change_percent":6.1,"trend":"up"},{"period":"2026-07","value":40.5,"change_percent":6.3,"trend":"up"}]'::jsonb);
INSERT INTO public.metric_cards (id,project_id,title,description,category,position_x,position_y,created_by,data) VALUES ('1c02ed2d-9c6f-4274-8fb6-574384bf01b1','64c55b0d-5224-49d8-8e21-398d748c5f0a','Runway (months)','Cash ÷ Burn','Data/Metric',680,200,'user_30uQARGezqSApAChPSGSwFyUy85','[{"period":"2026-01","value":3900,"change_percent":0,"trend":"neutral"},{"period":"2026-02","value":3991,"change_percent":2.3,"trend":"up"},{"period":"2026-03","value":4186,"change_percent":4.9,"trend":"up"},{"period":"2026-04","value":4455,"change_percent":6.4,"trend":"up"},{"period":"2026-05","value":4633,"change_percent":4,"trend":"up"},{"period":"2026-06","value":4925,"change_percent":6.3,"trend":"up"},{"period":"2026-07","value":5124,"change_percent":4,"trend":"up"}]'::jsonb);
INSERT INTO public.metric_cards (id,project_id,title,description,category,position_x,position_y,created_by,data) VALUES ('46658d66-2d21-454d-bdbe-1c137ab28a29','64c55b0d-5224-49d8-8e21-398d748c5f0a','Pricing & Packaging','Optimize price to expand NRR','Work/Action',0,800,'user_30uQARGezqSApAChPSGSwFyUy85','[]'::jsonb);
INSERT INTO public.metric_cards (id,project_id,title,description,category,position_x,position_y,created_by,data) VALUES ('916a9b30-b9be-4398-99d7-8152e0875cae','64c55b0d-5224-49d8-8e21-398d748c5f0a','Hiring Plan','Scale GTM + R&D','Work/Action',340,800,'user_30uQARGezqSApAChPSGSwFyUy85','[]'::jsonb);
INSERT INTO public.metric_cards (id,project_id,title,description,category,position_x,position_y,created_by,data) VALUES ('89b7a517-ab97-46f3-9205-f9b9feba8684','64c55b0d-5224-49d8-8e21-398d748c5f0a','Automation lifts rev/head 15%','','Ideas/Hypothesis',1020,600,'user_30uQARGezqSApAChPSGSwFyUy85','[]'::jsonb);
INSERT INTO public.metric_cards (id,project_id,title,description,category,position_x,position_y,created_by,data) VALUES ('abcb5a27-0966-4892-a0a9-745ab1b600ba','64c55b0d-5224-49d8-8e21-398d748c5f0a','Revenue — Projection','Operator output: Revenue × 1.1 + live feed','Data/Metric',2260,0,'user_30uQARGezqSApAChPSGSwFyUy85','[{"period":"2026-01","value":132643,"change_percent":0,"trend":"neutral"},{"period":"2026-02","value":140508,"change_percent":5.9,"trend":"up"},{"period":"2026-03","value":146802,"change_percent":4.5,"trend":"up"},{"period":"2026-04","value":152486,"change_percent":3.9,"trend":"up"},{"period":"2026-05","value":156168,"change_percent":2.4,"trend":"up"},{"period":"2026-06","value":160967,"change_percent":3.1,"trend":"up"},{"period":"2026-07","value":170126,"change_percent":5.7,"trend":"up"}]'::jsonb);
INSERT INTO public.relationships (id,project_id,source_id,target_id,type,confidence,weight,created_by) VALUES ('26a39b72-d402-4083-b5bf-5f2f97e25231','64c55b0d-5224-49d8-8e21-398d748c5f0a','e6cc2169-2c3a-4429-8e26-1c17d15be8bd','c07fb874-b0fc-42dd-a377-3c3bd135d4d0','Causal','High',85,'user_30uQARGezqSApAChPSGSwFyUy85');
INSERT INTO public.relationships (id,project_id,source_id,target_id,type,confidence,weight,created_by) VALUES ('8c308499-26ad-4229-ac09-f188a78181e4','64c55b0d-5224-49d8-8e21-398d748c5f0a','3c573483-011c-4762-a6ab-bbf4cf200b12','c07fb874-b0fc-42dd-a377-3c3bd135d4d0','Causal','High',75,'user_30uQARGezqSApAChPSGSwFyUy85');
INSERT INTO public.relationships (id,project_id,source_id,target_id,type,confidence,weight,created_by) VALUES ('308a706a-7c69-4e6f-90a3-4f3301af0719','64c55b0d-5224-49d8-8e21-398d748c5f0a','6115665a-5ee7-4f68-b835-22dea0df603d','c07fb874-b0fc-42dd-a377-3c3bd135d4d0','Causal','High',70,'user_30uQARGezqSApAChPSGSwFyUy85');
INSERT INTO public.relationships (id,project_id,source_id,target_id,type,confidence,weight,created_by) VALUES ('3e0a1263-5020-4729-96e6-2d37a5b11cae','64c55b0d-5224-49d8-8e21-398d748c5f0a','9dc9cefe-57eb-42b7-8fba-9fff7e32b749','e6cc2169-2c3a-4429-8e26-1c17d15be8bd','Compositional','High',80,'user_30uQARGezqSApAChPSGSwFyUy85');
INSERT INTO public.relationships (id,project_id,source_id,target_id,type,confidence,weight,created_by) VALUES ('8ca56efe-8fe6-4eb9-a2bc-e53beed615cd','64c55b0d-5224-49d8-8e21-398d748c5f0a','a8093e9a-a4ca-4885-a6a3-33e018143d01','e6cc2169-2c3a-4429-8e26-1c17d15be8bd','Compositional','High',75,'user_30uQARGezqSApAChPSGSwFyUy85');
INSERT INTO public.relationships (id,project_id,source_id,target_id,type,confidence,weight,created_by) VALUES ('5971abde-8c6b-4b6a-8461-a1bbe99fcd3e','64c55b0d-5224-49d8-8e21-398d748c5f0a','89600b78-ba57-425d-a376-c22d5e545654','e6cc2169-2c3a-4429-8e26-1c17d15be8bd','Causal','High',70,'user_30uQARGezqSApAChPSGSwFyUy85');
INSERT INTO public.relationships (id,project_id,source_id,target_id,type,confidence,weight,created_by) VALUES ('842cba15-421b-4ebb-925b-3f2cf03396ab','64c55b0d-5224-49d8-8e21-398d748c5f0a','769e8965-ccc2-49da-a78d-c720977da8e7','3c573483-011c-4762-a6ab-bbf4cf200b12','Causal','High',75,'user_30uQARGezqSApAChPSGSwFyUy85');
INSERT INTO public.relationships (id,project_id,source_id,target_id,type,confidence,weight,created_by) VALUES ('d74e6025-0640-4372-b783-e408b8f6f925','64c55b0d-5224-49d8-8e21-398d748c5f0a','a8093e9a-a4ca-4885-a6a3-33e018143d01','769e8965-ccc2-49da-a78d-c720977da8e7','Deterministic','High',70,'user_30uQARGezqSApAChPSGSwFyUy85');
INSERT INTO public.relationships (id,project_id,source_id,target_id,type,confidence,weight,created_by) VALUES ('a871feab-3cbf-459b-a5e6-7198848ffe32','64c55b0d-5224-49d8-8e21-398d748c5f0a','89600b78-ba57-425d-a376-c22d5e545654','769e8965-ccc2-49da-a78d-c720977da8e7','Deterministic','High',70,'user_30uQARGezqSApAChPSGSwFyUy85');
INSERT INTO public.relationships (id,project_id,source_id,target_id,type,confidence,weight,created_by) VALUES ('19f97168-16de-43f6-9d6b-f3874f2c42ee','64c55b0d-5224-49d8-8e21-398d748c5f0a','b056abfb-5002-4c1a-99a4-5ef324c7b314','6115665a-5ee7-4f68-b835-22dea0df603d','Deterministic','High',80,'user_30uQARGezqSApAChPSGSwFyUy85');
INSERT INTO public.relationships (id,project_id,source_id,target_id,type,confidence,weight,created_by) VALUES ('0930e392-21a5-4277-860a-2e9db648b014','64c55b0d-5224-49d8-8e21-398d748c5f0a','6115665a-5ee7-4f68-b835-22dea0df603d','b0861420-d9ee-4505-b47f-6d07cc9ef1dd','Causal','High',75,'user_30uQARGezqSApAChPSGSwFyUy85');
INSERT INTO public.relationships (id,project_id,source_id,target_id,type,confidence,weight,created_by) VALUES ('4ffcccef-d7a6-42f1-85a1-37bb4458b741','64c55b0d-5224-49d8-8e21-398d748c5f0a','a9242bcf-4eda-4a99-911c-24caa59e0892','b0861420-d9ee-4505-b47f-6d07cc9ef1dd','Causal','High',75,'user_30uQARGezqSApAChPSGSwFyUy85');
INSERT INTO public.relationships (id,project_id,source_id,target_id,type,confidence,weight,created_by) VALUES ('f8b4e6b8-af94-4bd7-a4cb-137b044670a4','64c55b0d-5224-49d8-8e21-398d748c5f0a','ab01dd16-1160-4c8a-86da-9f720e6ddddd','a9242bcf-4eda-4a99-911c-24caa59e0892','Compositional','High',75,'user_30uQARGezqSApAChPSGSwFyUy85');
INSERT INTO public.relationships (id,project_id,source_id,target_id,type,confidence,weight,created_by) VALUES ('3aedc46c-1942-4a36-8174-928ff3862ebf','64c55b0d-5224-49d8-8e21-398d748c5f0a','ccb0ae97-5268-4744-9613-92cdfd96fa1b','a9242bcf-4eda-4a99-911c-24caa59e0892','Compositional','High',70,'user_30uQARGezqSApAChPSGSwFyUy85');
INSERT INTO public.relationships (id,project_id,source_id,target_id,type,confidence,weight,created_by) VALUES ('15118389-9f63-4886-8f38-628a34828d7b','64c55b0d-5224-49d8-8e21-398d748c5f0a','36a096f4-8fa5-4ea9-91ab-20d314488344','a9242bcf-4eda-4a99-911c-24caa59e0892','Compositional','High',60,'user_30uQARGezqSApAChPSGSwFyUy85');
INSERT INTO public.relationships (id,project_id,source_id,target_id,type,confidence,weight,created_by) VALUES ('b58a7537-f67b-43af-b5a6-d053930145fb','64c55b0d-5224-49d8-8e21-398d748c5f0a','4e627553-a13f-4a04-9c49-5ff27355ee0a','a9242bcf-4eda-4a99-911c-24caa59e0892','Causal','High',65,'user_30uQARGezqSApAChPSGSwFyUy85');
INSERT INTO public.relationships (id,project_id,source_id,target_id,type,confidence,weight,created_by) VALUES ('0229a935-d301-470f-a3ab-4af84c41651d','64c55b0d-5224-49d8-8e21-398d748c5f0a','af410d3c-96ac-40ca-8195-6c72efa6622e','b0861420-d9ee-4505-b47f-6d07cc9ef1dd','Causal','High',55,'user_30uQARGezqSApAChPSGSwFyUy85');
INSERT INTO public.relationships (id,project_id,source_id,target_id,type,confidence,weight,created_by) VALUES ('d0f6c64d-356b-40ac-8940-810b857c4762','64c55b0d-5224-49d8-8e21-398d748c5f0a','4e627553-a13f-4a04-9c49-5ff27355ee0a','af410d3c-96ac-40ca-8195-6c72efa6622e','Deterministic','High',70,'user_30uQARGezqSApAChPSGSwFyUy85');
INSERT INTO public.relationships (id,project_id,source_id,target_id,type,confidence,weight,created_by) VALUES ('31bdabf3-5be6-4991-bf41-44fcbc74c1d9','64c55b0d-5224-49d8-8e21-398d748c5f0a','340ec624-9bf7-4872-9d44-b219b6700247','4e627553-a13f-4a04-9c49-5ff27355ee0a','Causal','High',60,'user_30uQARGezqSApAChPSGSwFyUy85');
INSERT INTO public.relationships (id,project_id,source_id,target_id,type,confidence,weight,created_by) VALUES ('80a7a9c3-8979-4c1b-88ce-0257d0bd2dbb','64c55b0d-5224-49d8-8e21-398d748c5f0a','e4487887-59fb-4481-b318-b47ceeca5477','340ec624-9bf7-4872-9d44-b219b6700247','Causal','High',60,'user_30uQARGezqSApAChPSGSwFyUy85');
INSERT INTO public.relationships (id,project_id,source_id,target_id,type,confidence,weight,created_by) VALUES ('19ce3572-4639-4969-920a-dd61cc23e17e','64c55b0d-5224-49d8-8e21-398d748c5f0a','b0861420-d9ee-4505-b47f-6d07cc9ef1dd','1c02ed2d-9c6f-4274-8fb6-574384bf01b1','Causal','High',60,'user_30uQARGezqSApAChPSGSwFyUy85');
INSERT INTO public.relationships (id,project_id,source_id,target_id,type,confidence,weight,created_by) VALUES ('80a68a00-5e97-44c1-8c1e-1c9cd92ab980','64c55b0d-5224-49d8-8e21-398d748c5f0a','46658d66-2d21-454d-bdbe-1c137ab28a29','a8093e9a-a4ca-4885-a6a3-33e018143d01','Causal','High',70,'user_30uQARGezqSApAChPSGSwFyUy85');
INSERT INTO public.relationships (id,project_id,source_id,target_id,type,confidence,weight,created_by) VALUES ('327d1cd5-7686-4b80-9e7b-2457191a6c0f','64c55b0d-5224-49d8-8e21-398d748c5f0a','916a9b30-b9be-4398-99d7-8152e0875cae','4e627553-a13f-4a04-9c49-5ff27355ee0a','Causal','High',70,'user_30uQARGezqSApAChPSGSwFyUy85');
INSERT INTO public.relationships (id,project_id,source_id,target_id,type,confidence,weight,created_by) VALUES ('f9a958fe-b663-4777-949f-c9d524c0fa06','64c55b0d-5224-49d8-8e21-398d748c5f0a','89b7a517-ab97-46f3-9205-f9b9feba8684','af410d3c-96ac-40ca-8195-6c72efa6622e','Probabilistic','High',50,'user_30uQARGezqSApAChPSGSwFyUy85');
INSERT INTO public.groups (id,project_id,name,color,node_ids,position_x,position_y,width,height,created_by) VALUES ('81bd5fcf-4c40-490e-80ea-ff6cadcccd46','64c55b0d-5224-49d8-8e21-398d748c5f0a','Growth','#3b82f6',ARRAY['e6cc2169-2c3a-4429-8e26-1c17d15be8bd','3c573483-011c-4762-a6ab-bbf4cf200b12','9dc9cefe-57eb-42b7-8fba-9fff7e32b749','a8093e9a-a4ca-4885-a6a3-33e018143d01','89600b78-ba57-425d-a376-c22d5e545654','769e8965-ccc2-49da-a78d-c720977da8e7']::uuid[],-1050,114,1020,686,'user_30uQARGezqSApAChPSGSwFyUy85');
INSERT INTO public.groups (id,project_id,name,color,node_ids,position_x,position_y,width,height,created_by) VALUES ('8970d0b2-a23c-400b-ace7-7d71358efc93','64c55b0d-5224-49d8-8e21-398d748c5f0a','Profitability','#22c55e',ARRAY['6115665a-5ee7-4f68-b835-22dea0df603d','b0861420-d9ee-4505-b47f-6d07cc9ef1dd','b056abfb-5002-4c1a-99a4-5ef324c7b314','a9242bcf-4eda-4a99-911c-24caa59e0892','ab01dd16-1160-4c8a-86da-9f720e6ddddd','ccb0ae97-5268-4744-9613-92cdfd96fa1b','36a096f4-8fa5-4ea9-91ab-20d314488344']::uuid[],-370,114,1020,686,'user_30uQARGezqSApAChPSGSwFyUy85');
INSERT INTO public.groups (id,project_id,name,color,node_ids,position_x,position_y,width,height,created_by) VALUES ('206a44df-b83a-4214-be6a-79bfd85a472b','64c55b0d-5224-49d8-8e21-398d748c5f0a','People','#f59e0b',ARRAY['4e627553-a13f-4a04-9c49-5ff27355ee0a','af410d3c-96ac-40ca-8195-6c72efa6622e','340ec624-9bf7-4872-9d44-b219b6700247','e4487887-59fb-4481-b318-b47ceeca5477']::uuid[],-370,314,1360,886,'user_30uQARGezqSApAChPSGSwFyUy85');
INSERT INTO public.canvas_nodes (id,project_id,node_type,title,position_x,position_y,data,created_by) VALUES ('33a02fb5-7f07-454f-8b7a-4acfdce78e39','64c55b0d-5224-49d8-8e21-398d748c5f0a','whiteboardNode','Label',1540,-170,'{"shape":"text","text":"📊 Live Data Pipeline","fontSize":18,"width":300,"height":96,"fill":"#eef2ff","stroke":"#6366f1"}'::jsonb,'user_30uQARGezqSApAChPSGSwFyUy85');
INSERT INTO public.canvas_nodes (id,project_id,node_type,title,position_x,position_y,data,created_by) VALUES ('c0912713-f4ce-47cc-879f-3b3ed36301c8','64c55b0d-5224-49d8-8e21-398d748c5f0a','sourceNode','Live Feed',1540,0,'{"title":"Live Feed (new bookings)","config":{"origin":"manual","rows":[{"period":"2026-01","value":7320},{"period":"2026-02","value":7613},{"period":"2026-03","value":7906},{"period":"2026-04","value":8198},{"period":"2026-05","value":8491},{"period":"2026-06","value":8784},{"period":"2026-07","value":9077}]},"series":[{"period":"2026-01","value":7320,"change_percent":0,"trend":"neutral"},{"period":"2026-02","value":7613,"change_percent":4,"trend":"up"},{"period":"2026-03","value":7906,"change_percent":3.8,"trend":"up"},{"period":"2026-04","value":8198,"change_percent":3.7,"trend":"up"},{"period":"2026-05","value":8491,"change_percent":3.6,"trend":"up"},{"period":"2026-06","value":8784,"change_percent":3.5,"trend":"up"},{"period":"2026-07","value":9077,"change_percent":3.3,"trend":"up"}],"refreshedAt":"2026-07-02T22:34:41.524Z"}'::jsonb,'user_30uQARGezqSApAChPSGSwFyUy85');
INSERT INTO public.canvas_nodes (id,project_id,node_type,title,position_x,position_y,data,created_by) VALUES ('2cbbec10-dd42-4bbf-bb67-0c3d3dbb7e7c','64c55b0d-5224-49d8-8e21-398d748c5f0a','operatorNode','Projection',1900,0,'{"label":"Projection (a × 1.1 + feed)","operationType":"formula","isActive":true,"formula":"a * 1.1 + b","inputs":[{"key":"a","sourceId":"e6cc2169-2c3a-4429-8e26-1c17d15be8bd","label":"Revenue"},{"key":"b","sourceId":"c0912713-f4ce-47cc-879f-3b3ed36301c8","label":"Live feed"}]}'::jsonb,'user_30uQARGezqSApAChPSGSwFyUy85');
INSERT INTO public.canvas_nodes (id,project_id,node_type,title,position_x,position_y,data,created_by) VALUES ('43d5901d-fe46-4288-95c5-109ae29a8f9e','64c55b0d-5224-49d8-8e21-398d748c5f0a','chartNode','Actual vs Projection',2640,0,'{"chartType":"area","title":"Actual vs Projection","seriesCardIds":["e6cc2169-2c3a-4429-8e26-1c17d15be8bd","abcb5a27-0966-4892-a0a9-745ab1b600ba"],"showLegend":true}'::jsonb,'user_30uQARGezqSApAChPSGSwFyUy85');
INSERT INTO public.canvas_nodes (id,project_id,node_type,title,position_x,position_y,data,created_by) VALUES ('2241f5ca-e4ec-424e-8c61-e3499d4aa5f0','64c55b0d-5224-49d8-8e21-398d748c5f0a','commentNode','Pipeline',1540,260,'{"title":"Live pipeline: Source → Operator → Card → Chart. Edit the Source, then Run Simulation.","projectId":"64c55b0d-5224-49d8-8e21-398d748c5f0a"}'::jsonb,'user_30uQARGezqSApAChPSGSwFyUy85');

DELETE FROM public.projects WHERE created_by='user_30uQARGezqSApAChPSGSwFyUy85' AND name='Marketing KPIs — Example Metric Tree';
INSERT INTO public.projects (id,name,description,created_by,last_modified_by,is_public,tags,settings) VALUES ('779ebf7d-c29b-488f-91fb-626abfdbe9d9','Marketing KPIs — Example Metric Tree','Demand-gen tree: marketing-sourced pipeline from channels → MQL → SQL → won, with CAC and payback.','user_30uQARGezqSApAChPSGSwFyUy85','user_30uQARGezqSApAChPSGSwFyUy85',true,ARRAY['example','template'],'{"dataFlowEdges":[{"id":"13cdd2d3-2cd4-4e7c-852b-68a3353756f9","source":"7ab89628-2c40-4ad7-9417-008746739ffe","target":"2cfa7921-bbb2-4467-9087-75d76cfef5d9","type":"dataFlow"},{"id":"165faee3-33b2-4176-b468-cd2cef71947d","source":"2d92c82b-ab1d-45e1-8c97-a051005b8b72","target":"2cfa7921-bbb2-4467-9087-75d76cfef5d9","type":"dataFlow"},{"id":"d0d71be2-26b3-48f9-b567-a2cddc473a00","source":"2cfa7921-bbb2-4467-9087-75d76cfef5d9","target":"dd24df25-d0e7-47a9-b00b-e87190e9cb9b","type":"dataFlow"},{"id":"140bc129-4f07-4ae7-868d-ada9b96b153e","source":"2d92c82b-ab1d-45e1-8c97-a051005b8b72","target":"d81fcbac-7c53-4525-837e-b6fcf724b4ee","type":"dataFlow"},{"id":"48beeb5a-06b8-4311-bfd9-c17df578975c","source":"dd24df25-d0e7-47a9-b00b-e87190e9cb9b","target":"d81fcbac-7c53-4525-837e-b6fcf724b4ee","type":"dataFlow"}]}'::jsonb);
INSERT INTO public.metric_cards (id,project_id,title,description,category,position_x,position_y,created_by,data) VALUES ('2d92c82b-ab1d-45e1-8c97-a051005b8b72','779ebf7d-c29b-488f-91fb-626abfdbe9d9','Marketing-Sourced Revenue','Won Deals × ACV','Core/Value',0,0,'user_30uQARGezqSApAChPSGSwFyUy85','[{"period":"2026-01","value":415460,"change_percent":0,"trend":"neutral"},{"period":"2026-02","value":443902,"change_percent":6.8,"trend":"up"},{"period":"2026-03","value":467333,"change_percent":5.3,"trend":"up"},{"period":"2026-04","value":494400,"change_percent":5.8,"trend":"up"},{"period":"2026-05","value":527133,"change_percent":6.6,"trend":"up"},{"period":"2026-06","value":548086,"change_percent":4,"trend":"up"},{"period":"2026-07","value":575436,"change_percent":5,"trend":"up"}]'::jsonb);
INSERT INTO public.metric_cards (id,project_id,title,description,category,position_x,position_y,created_by,data) VALUES ('d2891fd1-8040-4b53-8ffc-7980184c7b07','779ebf7d-c29b-488f-91fb-626abfdbe9d9','Won Deals','Closed-won opportunities','Data/Metric',-850,200,'user_30uQARGezqSApAChPSGSwFyUy85','[{"period":"2026-01","value":669,"change_percent":0,"trend":"neutral"},{"period":"2026-02","value":712,"change_percent":6.4,"trend":"up"},{"period":"2026-03","value":748,"change_percent":5.1,"trend":"up"},{"period":"2026-04","value":773,"change_percent":3.3,"trend":"up"},{"period":"2026-05","value":815,"change_percent":5.4,"trend":"up"},{"period":"2026-06","value":871,"change_percent":6.9,"trend":"up"},{"period":"2026-07","value":892,"change_percent":2.4,"trend":"up"}]'::jsonb);
INSERT INTO public.metric_cards (id,project_id,title,description,category,position_x,position_y,created_by,data) VALUES ('d0de764a-14d6-472a-ad9e-35833423176e','779ebf7d-c29b-488f-91fb-626abfdbe9d9','Average Contract Value','Revenue per deal','Data/Metric',-510,200,'user_30uQARGezqSApAChPSGSwFyUy85','[{"period":"2026-01","value":400197,"change_percent":0,"trend":"neutral"},{"period":"2026-02","value":423191,"change_percent":5.7,"trend":"up"},{"period":"2026-03","value":439672,"change_percent":3.9,"trend":"up"},{"period":"2026-04","value":458834,"change_percent":4.4,"trend":"up"},{"period":"2026-05","value":487197,"change_percent":6.2,"trend":"up"},{"period":"2026-06","value":511228,"change_percent":4.9,"trend":"up"},{"period":"2026-07","value":543874,"change_percent":6.4,"trend":"up"}]'::jsonb);
INSERT INTO public.metric_cards (id,project_id,title,description,category,position_x,position_y,created_by,data) VALUES ('da8ece9a-2db9-4df7-ba9f-193562d22535','779ebf7d-c29b-488f-91fb-626abfdbe9d9','SQLs','Sales-qualified leads','Data/Metric',-340,400,'user_30uQARGezqSApAChPSGSwFyUy85','[{"period":"2026-01","value":1355,"change_percent":0,"trend":"neutral"},{"period":"2026-02","value":1419,"change_percent":4.7,"trend":"up"},{"period":"2026-03","value":1470,"change_percent":3.6,"trend":"up"},{"period":"2026-04","value":1510,"change_percent":2.7,"trend":"up"},{"period":"2026-05","value":1511,"change_percent":0.1,"trend":"neutral"},{"period":"2026-06","value":1545,"change_percent":2.3,"trend":"up"},{"period":"2026-07","value":1564,"change_percent":1.2,"trend":"up"}]'::jsonb);
INSERT INTO public.metric_cards (id,project_id,title,description,category,position_x,position_y,created_by,data) VALUES ('438e038c-5e21-4b58-beec-2fa872d4e4ae','779ebf7d-c29b-488f-91fb-626abfdbe9d9','SQL→Won Rate','Win rate','Data/Metric',0,400,'user_30uQARGezqSApAChPSGSwFyUy85','[{"period":"2026-01","value":44.4,"change_percent":0,"trend":"neutral"},{"period":"2026-02","value":45.8,"change_percent":3.2,"trend":"up"},{"period":"2026-03","value":48.9,"change_percent":6.8,"trend":"up"},{"period":"2026-04","value":51,"change_percent":4.3,"trend":"up"},{"period":"2026-05","value":54.8,"change_percent":7.5,"trend":"up"},{"period":"2026-06","value":57.7,"change_percent":5.3,"trend":"up"},{"period":"2026-07","value":60,"change_percent":4,"trend":"up"}]'::jsonb);
INSERT INTO public.metric_cards (id,project_id,title,description,category,position_x,position_y,created_by,data) VALUES ('4fb782e7-3f12-4de1-a100-f95b6f2223e2','779ebf7d-c29b-488f-91fb-626abfdbe9d9','MQLs','Marketing-qualified leads','Data/Metric',-170,600,'user_30uQARGezqSApAChPSGSwFyUy85','[{"period":"2026-01","value":1858,"change_percent":0,"trend":"neutral"},{"period":"2026-02","value":1983,"change_percent":6.7,"trend":"up"},{"period":"2026-03","value":2127,"change_percent":7.3,"trend":"up"},{"period":"2026-04","value":2267,"change_percent":6.6,"trend":"up"},{"period":"2026-05","value":2390,"change_percent":5.4,"trend":"up"},{"period":"2026-06","value":2517,"change_percent":5.3,"trend":"up"},{"period":"2026-07","value":2635,"change_percent":4.7,"trend":"up"}]'::jsonb);
INSERT INTO public.metric_cards (id,project_id,title,description,category,position_x,position_y,created_by,data) VALUES ('18aef301-8f0f-4ac6-912e-7f6f86f9c29a','779ebf7d-c29b-488f-91fb-626abfdbe9d9','MQL→SQL Rate','Qualification rate','Data/Metric',170,600,'user_30uQARGezqSApAChPSGSwFyUy85','[{"period":"2026-01","value":30.8,"change_percent":0,"trend":"neutral"},{"period":"2026-02","value":31.4,"change_percent":1.9,"trend":"up"},{"period":"2026-03","value":32.4,"change_percent":3.2,"trend":"up"},{"period":"2026-04","value":33.3,"change_percent":2.8,"trend":"up"},{"period":"2026-05","value":34.4,"change_percent":3.3,"trend":"up"},{"period":"2026-06","value":36,"change_percent":4.7,"trend":"up"},{"period":"2026-07","value":37,"change_percent":2.8,"trend":"up"}]'::jsonb);
INSERT INTO public.metric_cards (id,project_id,title,description,category,position_x,position_y,created_by,data) VALUES ('cd663cb6-2233-4ceb-b9cd-c098fb24b94e','779ebf7d-c29b-488f-91fb-626abfdbe9d9','Leads','Raw inbound leads','Data/Metric',-340,800,'user_30uQARGezqSApAChPSGSwFyUy85','[{"period":"2026-01","value":39693,"change_percent":0,"trend":"neutral"},{"period":"2026-02","value":42097,"change_percent":6.1,"trend":"up"},{"period":"2026-03","value":44170,"change_percent":4.9,"trend":"up"},{"period":"2026-04","value":47030,"change_percent":6.5,"trend":"up"},{"period":"2026-05","value":48598,"change_percent":3.3,"trend":"up"},{"period":"2026-06","value":50964,"change_percent":4.9,"trend":"up"},{"period":"2026-07","value":53037,"change_percent":4.1,"trend":"up"}]'::jsonb);
INSERT INTO public.metric_cards (id,project_id,title,description,category,position_x,position_y,created_by,data) VALUES ('325cda77-b223-4bbf-a535-b37d91d0606b','779ebf7d-c29b-488f-91fb-626abfdbe9d9','Lead→MQL Rate','Scoring pass rate','Data/Metric',0,800,'user_30uQARGezqSApAChPSGSwFyUy85','[{"period":"2026-01","value":57.6,"change_percent":0,"trend":"neutral"},{"period":"2026-02","value":60.1,"change_percent":4.3,"trend":"up"},{"period":"2026-03","value":64.1,"change_percent":6.7,"trend":"up"},{"period":"2026-04","value":67,"change_percent":4.5,"trend":"up"},{"period":"2026-05","value":69.3,"change_percent":3.4,"trend":"up"},{"period":"2026-06","value":72.4,"change_percent":4.5,"trend":"up"},{"period":"2026-07","value":75.9,"change_percent":4.8,"trend":"up"}]'::jsonb);
INSERT INTO public.metric_cards (id,project_id,title,description,category,position_x,position_y,created_by,data) VALUES ('39b2803e-6c4b-450f-851a-ca826500ccb3','779ebf7d-c29b-488f-91fb-626abfdbe9d9','Paid Leads','From ads','Data/Metric',-510,1000,'user_30uQARGezqSApAChPSGSwFyUy85','[{"period":"2026-01","value":30814,"change_percent":0,"trend":"neutral"},{"period":"2026-02","value":32840,"change_percent":6.6,"trend":"up"},{"period":"2026-03","value":34851,"change_percent":6.1,"trend":"up"},{"period":"2026-04","value":36869,"change_percent":5.8,"trend":"up"},{"period":"2026-05","value":39191,"change_percent":6.3,"trend":"up"},{"period":"2026-06","value":41619,"change_percent":6.2,"trend":"up"},{"period":"2026-07","value":44181,"change_percent":6.2,"trend":"up"}]'::jsonb);
INSERT INTO public.metric_cards (id,project_id,title,description,category,position_x,position_y,created_by,data) VALUES ('3e52df4c-00c8-45ca-929c-b20ce8afdfa7','779ebf7d-c29b-488f-91fb-626abfdbe9d9','Organic Leads','From SEO/content','Data/Metric',-170,1000,'user_30uQARGezqSApAChPSGSwFyUy85','[{"period":"2026-01","value":4336,"change_percent":0,"trend":"neutral"},{"period":"2026-02","value":4446,"change_percent":2.5,"trend":"up"},{"period":"2026-03","value":4498,"change_percent":1.2,"trend":"up"},{"period":"2026-04","value":4510,"change_percent":0.3,"trend":"neutral"},{"period":"2026-05","value":4733,"change_percent":4.9,"trend":"up"},{"period":"2026-06","value":4836,"change_percent":2.2,"trend":"up"},{"period":"2026-07","value":5001,"change_percent":3.4,"trend":"up"}]'::jsonb);
INSERT INTO public.metric_cards (id,project_id,title,description,category,position_x,position_y,created_by,data) VALUES ('87a794b6-57ff-4796-8c4c-d4a2ac4da877','779ebf7d-c29b-488f-91fb-626abfdbe9d9','Event Leads','From webinars/events','Data/Metric',170,1000,'user_30uQARGezqSApAChPSGSwFyUy85','[{"period":"2026-01","value":29265,"change_percent":0,"trend":"neutral"},{"period":"2026-02","value":31112,"change_percent":6.3,"trend":"up"},{"period":"2026-03","value":32902,"change_percent":5.8,"trend":"up"},{"period":"2026-04","value":34943,"change_percent":6.2,"trend":"up"},{"period":"2026-05","value":36325,"change_percent":4,"trend":"up"},{"period":"2026-06","value":37292,"change_percent":2.7,"trend":"up"},{"period":"2026-07","value":38529,"change_percent":3.3,"trend":"up"}]'::jsonb);
INSERT INTO public.metric_cards (id,project_id,title,description,category,position_x,position_y,created_by,data) VALUES ('7899ee00-d7a1-40b7-a1da-f6de90c29731','779ebf7d-c29b-488f-91fb-626abfdbe9d9','Referral Leads','From partners','Data/Metric',510,1000,'user_30uQARGezqSApAChPSGSwFyUy85','[{"period":"2026-01","value":63023,"change_percent":0,"trend":"neutral"},{"period":"2026-02","value":63766,"change_percent":1.2,"trend":"up"},{"period":"2026-03","value":65390,"change_percent":2.5,"trend":"up"},{"period":"2026-04","value":68256,"change_percent":4.4,"trend":"up"},{"period":"2026-05","value":70662,"change_percent":3.5,"trend":"up"},{"period":"2026-06","value":72021,"change_percent":1.9,"trend":"up"},{"period":"2026-07","value":74131,"change_percent":2.9,"trend":"up"}]'::jsonb);
INSERT INTO public.metric_cards (id,project_id,title,description,category,position_x,position_y,created_by,data) VALUES ('4421c335-44f0-406e-8e2a-cdb0eade9d80','779ebf7d-c29b-488f-91fb-626abfdbe9d9','Marketing Spend','Total budget','Data/Metric',-340,1200,'user_30uQARGezqSApAChPSGSwFyUy85','[{"period":"2026-01","value":179597,"change_percent":0,"trend":"neutral"},{"period":"2026-02","value":193660,"change_percent":7.8,"trend":"up"},{"period":"2026-03","value":211512,"change_percent":9.2,"trend":"up"},{"period":"2026-04","value":226797,"change_percent":7.2,"trend":"up"},{"period":"2026-05","value":239823,"change_percent":5.7,"trend":"up"},{"period":"2026-06","value":259944,"change_percent":8.4,"trend":"up"},{"period":"2026-07","value":279244,"change_percent":7.4,"trend":"up"}]'::jsonb);
INSERT INTO public.metric_cards (id,project_id,title,description,category,position_x,position_y,created_by,data) VALUES ('f86764a5-98a9-42e3-93ab-0ee4c80bdf1f','779ebf7d-c29b-488f-91fb-626abfdbe9d9','CAC','Spend ÷ New Customers','Data/Metric',-170,200,'user_30uQARGezqSApAChPSGSwFyUy85','[{"period":"2026-01","value":484280,"change_percent":0,"trend":"neutral"},{"period":"2026-02","value":463282,"change_percent":-4.3,"trend":"down"},{"period":"2026-03","value":452391,"change_percent":-2.4,"trend":"down"},{"period":"2026-04","value":439029,"change_percent":-3,"trend":"down"},{"period":"2026-05","value":413874,"change_percent":-5.7,"trend":"down"},{"period":"2026-06","value":392237,"change_percent":-5.2,"trend":"down"},{"period":"2026-07","value":369200,"change_percent":-5.9,"trend":"down"}]'::jsonb);
INSERT INTO public.metric_cards (id,project_id,title,description,category,position_x,position_y,created_by,data) VALUES ('e9981eaa-3bcb-43fb-ae2d-ab124390a390','779ebf7d-c29b-488f-91fb-626abfdbe9d9','CAC Payback (months)','CAC ÷ (ACV × margin / 12)','Data/Metric',170,200,'user_30uQARGezqSApAChPSGSwFyUy85','[{"period":"2026-01","value":70558,"change_percent":0,"trend":"neutral"},{"period":"2026-02","value":67369,"change_percent":-4.5,"trend":"down"},{"period":"2026-03","value":65834,"change_percent":-2.3,"trend":"down"},{"period":"2026-04","value":64504,"change_percent":-2,"trend":"down"},{"period":"2026-05","value":63815,"change_percent":-1.1,"trend":"down"},{"period":"2026-06","value":62737,"change_percent":-1.7,"trend":"down"},{"period":"2026-07","value":61630,"change_percent":-1.8,"trend":"down"}]'::jsonb);
INSERT INTO public.metric_cards (id,project_id,title,description,category,position_x,position_y,created_by,data) VALUES ('1344f4cf-4bfb-4b89-860f-7c3c9b9a6eba','779ebf7d-c29b-488f-91fb-626abfdbe9d9','Cost per Lead','Spend ÷ Leads','Data/Metric',510,200,'user_30uQARGezqSApAChPSGSwFyUy85','[{"period":"2026-01","value":714928,"change_percent":0,"trend":"neutral"},{"period":"2026-02","value":691635,"change_percent":-3.3,"trend":"down"},{"period":"2026-03","value":643041,"change_percent":-7,"trend":"down"},{"period":"2026-04","value":621435,"change_percent":-3.4,"trend":"down"},{"period":"2026-05","value":607347,"change_percent":-2.3,"trend":"down"},{"period":"2026-06","value":589051,"change_percent":-3,"trend":"down"},{"period":"2026-07","value":566991,"change_percent":-3.7,"trend":"down"}]'::jsonb);
INSERT INTO public.metric_cards (id,project_id,title,description,category,position_x,position_y,created_by,data) VALUES ('0062ce09-4f98-4460-bfad-553315515e5a','779ebf7d-c29b-488f-91fb-626abfdbe9d9','ROAS','Revenue ÷ Ad Spend','Data/Metric',850,200,'user_30uQARGezqSApAChPSGSwFyUy85','[{"period":"2026-01","value":2729,"change_percent":0,"trend":"neutral"},{"period":"2026-02","value":2986,"change_percent":9.4,"trend":"up"},{"period":"2026-03","value":3274,"change_percent":9.6,"trend":"up"},{"period":"2026-04","value":3552,"change_percent":8.5,"trend":"up"},{"period":"2026-05","value":3727,"change_percent":4.9,"trend":"up"},{"period":"2026-06","value":4081,"change_percent":9.5,"trend":"up"},{"period":"2026-07","value":4449,"change_percent":9,"trend":"up"}]'::jsonb);
INSERT INTO public.metric_cards (id,project_id,title,description,category,position_x,position_y,created_by,data) VALUES ('7f3263b0-60fe-4e88-a446-397908842c78','779ebf7d-c29b-488f-91fb-626abfdbe9d9','ABM Program','Target high-ACV accounts','Work/Action',340,400,'user_30uQARGezqSApAChPSGSwFyUy85','[]'::jsonb);
INSERT INTO public.metric_cards (id,project_id,title,description,category,position_x,position_y,created_by,data) VALUES ('ed204805-a06e-47ad-ab1f-df584ae596e8','779ebf7d-c29b-488f-91fb-626abfdbe9d9','Lead Nurture','Lift MQL→SQL with sequences','Work/Action',340,800,'user_30uQARGezqSApAChPSGSwFyUy85','[]'::jsonb);
INSERT INTO public.metric_cards (id,project_id,title,description,category,position_x,position_y,created_by,data) VALUES ('549ff6f1-c072-4ab4-915b-e01a517e7f4c','779ebf7d-c29b-488f-91fb-626abfdbe9d9','Content Engine','Grow organic leads','Work/Action',0,1200,'user_30uQARGezqSApAChPSGSwFyUy85','[]'::jsonb);
INSERT INTO public.metric_cards (id,project_id,title,description,category,position_x,position_y,created_by,data) VALUES ('4cda9d90-d1f4-464a-a7d1-5d772c4923f4','779ebf7d-c29b-488f-91fb-626abfdbe9d9','Events produce highest SQL→Won','','Ideas/Hypothesis',340,1200,'user_30uQARGezqSApAChPSGSwFyUy85','[]'::jsonb);
INSERT INTO public.metric_cards (id,project_id,title,description,category,position_x,position_y,created_by,data) VALUES ('dd24df25-d0e7-47a9-b00b-e87190e9cb9b','779ebf7d-c29b-488f-91fb-626abfdbe9d9','Marketing-Sourced Revenue — Projection','Operator output: Marketing-Sourced Revenue × 1.1 + live feed','Data/Metric',2090,0,'user_30uQARGezqSApAChPSGSwFyUy85','[{"period":"2026-01","value":485778,"change_percent":0,"trend":"neutral"},{"period":"2026-02","value":518215,"change_percent":6.7,"trend":"up"},{"period":"2026-03","value":545140,"change_percent":5.2,"trend":"up"},{"period":"2026-04","value":576065,"change_percent":5.7,"trend":"up"},{"period":"2026-05","value":613222,"change_percent":6.5,"trend":"up"},{"period":"2026-06","value":637421,"change_percent":3.9,"trend":"up"},{"period":"2026-07","value":668657,"change_percent":4.9,"trend":"up"}]'::jsonb);
INSERT INTO public.relationships (id,project_id,source_id,target_id,type,confidence,weight,created_by) VALUES ('e91e8ef1-e56e-4461-8517-0a4223f530f4','779ebf7d-c29b-488f-91fb-626abfdbe9d9','d2891fd1-8040-4b53-8ffc-7980184c7b07','2d92c82b-ab1d-45e1-8c97-a051005b8b72','Deterministic','High',90,'user_30uQARGezqSApAChPSGSwFyUy85');
INSERT INTO public.relationships (id,project_id,source_id,target_id,type,confidence,weight,created_by) VALUES ('4d7c64b5-c4d3-4479-8d08-3003ad12446f','779ebf7d-c29b-488f-91fb-626abfdbe9d9','d0de764a-14d6-472a-ad9e-35833423176e','2d92c82b-ab1d-45e1-8c97-a051005b8b72','Deterministic','High',80,'user_30uQARGezqSApAChPSGSwFyUy85');
INSERT INTO public.relationships (id,project_id,source_id,target_id,type,confidence,weight,created_by) VALUES ('74ff3dd8-39e8-4de7-9333-4c3e0e6c608a','779ebf7d-c29b-488f-91fb-626abfdbe9d9','da8ece9a-2db9-4df7-ba9f-193562d22535','d2891fd1-8040-4b53-8ffc-7980184c7b07','Deterministic','High',80,'user_30uQARGezqSApAChPSGSwFyUy85');
INSERT INTO public.relationships (id,project_id,source_id,target_id,type,confidence,weight,created_by) VALUES ('8872d7e9-cf50-481d-89b3-1372a58bbb44','779ebf7d-c29b-488f-91fb-626abfdbe9d9','438e038c-5e21-4b58-beec-2fa872d4e4ae','d2891fd1-8040-4b53-8ffc-7980184c7b07','Deterministic','High',75,'user_30uQARGezqSApAChPSGSwFyUy85');
INSERT INTO public.relationships (id,project_id,source_id,target_id,type,confidence,weight,created_by) VALUES ('e5b38785-2f5c-4376-83c4-1511cb33fe40','779ebf7d-c29b-488f-91fb-626abfdbe9d9','4fb782e7-3f12-4de1-a100-f95b6f2223e2','da8ece9a-2db9-4df7-ba9f-193562d22535','Deterministic','High',80,'user_30uQARGezqSApAChPSGSwFyUy85');
INSERT INTO public.relationships (id,project_id,source_id,target_id,type,confidence,weight,created_by) VALUES ('779e3db0-cdfb-406d-a2eb-0cbe76371682','779ebf7d-c29b-488f-91fb-626abfdbe9d9','18aef301-8f0f-4ac6-912e-7f6f86f9c29a','da8ece9a-2db9-4df7-ba9f-193562d22535','Deterministic','High',75,'user_30uQARGezqSApAChPSGSwFyUy85');
INSERT INTO public.relationships (id,project_id,source_id,target_id,type,confidence,weight,created_by) VALUES ('87dc47cf-b705-4c54-8ba5-f77649c1fe5f','779ebf7d-c29b-488f-91fb-626abfdbe9d9','cd663cb6-2233-4ceb-b9cd-c098fb24b94e','4fb782e7-3f12-4de1-a100-f95b6f2223e2','Deterministic','High',80,'user_30uQARGezqSApAChPSGSwFyUy85');
INSERT INTO public.relationships (id,project_id,source_id,target_id,type,confidence,weight,created_by) VALUES ('d62d3a3f-6ae3-4b86-a586-f1c807881802','779ebf7d-c29b-488f-91fb-626abfdbe9d9','325cda77-b223-4bbf-a535-b37d91d0606b','4fb782e7-3f12-4de1-a100-f95b6f2223e2','Deterministic','High',70,'user_30uQARGezqSApAChPSGSwFyUy85');
INSERT INTO public.relationships (id,project_id,source_id,target_id,type,confidence,weight,created_by) VALUES ('fb6d7bd5-e2e3-475b-b208-c62b88d1a732','779ebf7d-c29b-488f-91fb-626abfdbe9d9','39b2803e-6c4b-450f-851a-ca826500ccb3','cd663cb6-2233-4ceb-b9cd-c098fb24b94e','Compositional','High',75,'user_30uQARGezqSApAChPSGSwFyUy85');
INSERT INTO public.relationships (id,project_id,source_id,target_id,type,confidence,weight,created_by) VALUES ('e3ba9c5b-add4-427b-852a-374e12ef486a','779ebf7d-c29b-488f-91fb-626abfdbe9d9','3e52df4c-00c8-45ca-929c-b20ce8afdfa7','cd663cb6-2233-4ceb-b9cd-c098fb24b94e','Compositional','High',70,'user_30uQARGezqSApAChPSGSwFyUy85');
INSERT INTO public.relationships (id,project_id,source_id,target_id,type,confidence,weight,created_by) VALUES ('e27da1ce-c922-4082-93fa-cf669d0d67d3','779ebf7d-c29b-488f-91fb-626abfdbe9d9','87a794b6-57ff-4796-8c4c-d4a2ac4da877','cd663cb6-2233-4ceb-b9cd-c098fb24b94e','Compositional','High',55,'user_30uQARGezqSApAChPSGSwFyUy85');
INSERT INTO public.relationships (id,project_id,source_id,target_id,type,confidence,weight,created_by) VALUES ('87c2f1e1-e773-42fe-ac7d-73248ad1a2c7','779ebf7d-c29b-488f-91fb-626abfdbe9d9','7899ee00-d7a1-40b7-a1da-f6de90c29731','cd663cb6-2233-4ceb-b9cd-c098fb24b94e','Compositional','High',50,'user_30uQARGezqSApAChPSGSwFyUy85');
INSERT INTO public.relationships (id,project_id,source_id,target_id,type,confidence,weight,created_by) VALUES ('c370985b-0ee1-4166-aaf0-2f163a1a8c93','779ebf7d-c29b-488f-91fb-626abfdbe9d9','4421c335-44f0-406e-8e2a-cdb0eade9d80','f86764a5-98a9-42e3-93ab-0ee4c80bdf1f','Deterministic','High',80,'user_30uQARGezqSApAChPSGSwFyUy85');
INSERT INTO public.relationships (id,project_id,source_id,target_id,type,confidence,weight,created_by) VALUES ('ac4b6ebe-4950-4cb8-9a24-120690b625c6','779ebf7d-c29b-488f-91fb-626abfdbe9d9','4421c335-44f0-406e-8e2a-cdb0eade9d80','1344f4cf-4bfb-4b89-860f-7c3c9b9a6eba','Deterministic','High',70,'user_30uQARGezqSApAChPSGSwFyUy85');
INSERT INTO public.relationships (id,project_id,source_id,target_id,type,confidence,weight,created_by) VALUES ('86ba351a-5501-47b3-97ed-d24e63b892d4','779ebf7d-c29b-488f-91fb-626abfdbe9d9','4421c335-44f0-406e-8e2a-cdb0eade9d80','39b2803e-6c4b-450f-851a-ca826500ccb3','Causal','High',70,'user_30uQARGezqSApAChPSGSwFyUy85');
INSERT INTO public.relationships (id,project_id,source_id,target_id,type,confidence,weight,created_by) VALUES ('280ca048-c95f-4948-8816-eda091df95b5','779ebf7d-c29b-488f-91fb-626abfdbe9d9','f86764a5-98a9-42e3-93ab-0ee4c80bdf1f','e9981eaa-3bcb-43fb-ae2d-ab124390a390','Deterministic','High',75,'user_30uQARGezqSApAChPSGSwFyUy85');
INSERT INTO public.relationships (id,project_id,source_id,target_id,type,confidence,weight,created_by) VALUES ('ce1eb8be-94c6-498f-97ae-240aaede9d92','779ebf7d-c29b-488f-91fb-626abfdbe9d9','d0de764a-14d6-472a-ad9e-35833423176e','e9981eaa-3bcb-43fb-ae2d-ab124390a390','Causal','High',60,'user_30uQARGezqSApAChPSGSwFyUy85');
INSERT INTO public.relationships (id,project_id,source_id,target_id,type,confidence,weight,created_by) VALUES ('947bdf2e-dbcb-45c3-80f4-58c3a43e59a6','779ebf7d-c29b-488f-91fb-626abfdbe9d9','2d92c82b-ab1d-45e1-8c97-a051005b8b72','0062ce09-4f98-4460-bfad-553315515e5a','Deterministic','High',70,'user_30uQARGezqSApAChPSGSwFyUy85');
INSERT INTO public.relationships (id,project_id,source_id,target_id,type,confidence,weight,created_by) VALUES ('777f2e53-1059-4c5e-9649-e33df780c459','779ebf7d-c29b-488f-91fb-626abfdbe9d9','4421c335-44f0-406e-8e2a-cdb0eade9d80','0062ce09-4f98-4460-bfad-553315515e5a','Deterministic','High',70,'user_30uQARGezqSApAChPSGSwFyUy85');
INSERT INTO public.relationships (id,project_id,source_id,target_id,type,confidence,weight,created_by) VALUES ('3aee9512-b34b-416b-b2e7-7afa0467e154','779ebf7d-c29b-488f-91fb-626abfdbe9d9','7f3263b0-60fe-4e88-a446-397908842c78','d0de764a-14d6-472a-ad9e-35833423176e','Causal','High',65,'user_30uQARGezqSApAChPSGSwFyUy85');
INSERT INTO public.relationships (id,project_id,source_id,target_id,type,confidence,weight,created_by) VALUES ('c501fe1e-ef95-4d78-8d33-55e391b32da3','779ebf7d-c29b-488f-91fb-626abfdbe9d9','ed204805-a06e-47ad-ab1f-df584ae596e8','18aef301-8f0f-4ac6-912e-7f6f86f9c29a','Causal','High',70,'user_30uQARGezqSApAChPSGSwFyUy85');
INSERT INTO public.relationships (id,project_id,source_id,target_id,type,confidence,weight,created_by) VALUES ('601b9cc7-23fa-406a-980d-4a0f828bb5eb','779ebf7d-c29b-488f-91fb-626abfdbe9d9','549ff6f1-c072-4ab4-915b-e01a517e7f4c','3e52df4c-00c8-45ca-929c-b20ce8afdfa7','Causal','High',70,'user_30uQARGezqSApAChPSGSwFyUy85');
INSERT INTO public.relationships (id,project_id,source_id,target_id,type,confidence,weight,created_by) VALUES ('9cfc2454-f74a-4f55-aa73-104be20f7a25','779ebf7d-c29b-488f-91fb-626abfdbe9d9','4cda9d90-d1f4-464a-a7d1-5d772c4923f4','87a794b6-57ff-4796-8c4c-d4a2ac4da877','Probabilistic','High',50,'user_30uQARGezqSApAChPSGSwFyUy85');
INSERT INTO public.groups (id,project_id,name,color,node_ids,position_x,position_y,width,height,created_by) VALUES ('6df6ffcf-7a8c-4885-9c5c-4327a5d37942','779ebf7d-c29b-488f-91fb-626abfdbe9d9','Channels','#3b82f6',ARRAY['39b2803e-6c4b-450f-851a-ca826500ccb3','3e52df4c-00c8-45ca-929c-b20ce8afdfa7','87a794b6-57ff-4796-8c4c-d4a2ac4da877','7899ee00-d7a1-40b7-a1da-f6de90c29731','cd663cb6-2233-4ceb-b9cd-c098fb24b94e']::uuid[],-540,714,1360,486,'user_30uQARGezqSApAChPSGSwFyUy85');
INSERT INTO public.groups (id,project_id,name,color,node_ids,position_x,position_y,width,height,created_by) VALUES ('bcb3a88b-0299-4c0d-9abd-0a24a3a0986e','779ebf7d-c29b-488f-91fb-626abfdbe9d9','Funnel','#22c55e',ARRAY['4fb782e7-3f12-4de1-a100-f95b6f2223e2','18aef301-8f0f-4ac6-912e-7f6f86f9c29a','325cda77-b223-4bbf-a535-b37d91d0606b','da8ece9a-2db9-4df7-ba9f-193562d22535','18aef301-8f0f-4ac6-912e-7f6f86f9c29a','438e038c-5e21-4b58-beec-2fa872d4e4ae','d2891fd1-8040-4b53-8ffc-7980184c7b07','d0de764a-14d6-472a-ad9e-35833423176e']::uuid[],-880,114,1360,886,'user_30uQARGezqSApAChPSGSwFyUy85');
INSERT INTO public.groups (id,project_id,name,color,node_ids,position_x,position_y,width,height,created_by) VALUES ('81937afa-b0f3-4d26-a107-ff54f91883ad','779ebf7d-c29b-488f-91fb-626abfdbe9d9','Efficiency','#f59e0b',ARRAY['4421c335-44f0-406e-8e2a-cdb0eade9d80','f86764a5-98a9-42e3-93ab-0ee4c80bdf1f','e9981eaa-3bcb-43fb-ae2d-ab124390a390','1344f4cf-4bfb-4b89-860f-7c3c9b9a6eba','0062ce09-4f98-4460-bfad-553315515e5a']::uuid[],-370,114,1530,1286,'user_30uQARGezqSApAChPSGSwFyUy85');
INSERT INTO public.canvas_nodes (id,project_id,node_type,title,position_x,position_y,data,created_by) VALUES ('c79efc0c-054d-455e-aa0e-41caa8b0978d','779ebf7d-c29b-488f-91fb-626abfdbe9d9','whiteboardNode','Label',1370,-170,'{"shape":"text","text":"📊 Live Data Pipeline","fontSize":18,"width":300,"height":96,"fill":"#eef2ff","stroke":"#6366f1"}'::jsonb,'user_30uQARGezqSApAChPSGSwFyUy85');
INSERT INTO public.canvas_nodes (id,project_id,node_type,title,position_x,position_y,data,created_by) VALUES ('7ab89628-2c40-4ad7-9417-008746739ffe','779ebf7d-c29b-488f-91fb-626abfdbe9d9','sourceNode','Live Feed',1370,0,'{"title":"Live Feed (new bookings)","config":{"origin":"manual","rows":[{"period":"2026-01","value":28772},{"period":"2026-02","value":29923},{"period":"2026-03","value":31074},{"period":"2026-04","value":32225},{"period":"2026-05","value":33376},{"period":"2026-06","value":34526},{"period":"2026-07","value":35677}]},"series":[{"period":"2026-01","value":28772,"change_percent":0,"trend":"neutral"},{"period":"2026-02","value":29923,"change_percent":4,"trend":"up"},{"period":"2026-03","value":31074,"change_percent":3.8,"trend":"up"},{"period":"2026-04","value":32225,"change_percent":3.7,"trend":"up"},{"period":"2026-05","value":33376,"change_percent":3.6,"trend":"up"},{"period":"2026-06","value":34526,"change_percent":3.4,"trend":"up"},{"period":"2026-07","value":35677,"change_percent":3.3,"trend":"up"}],"refreshedAt":"2026-07-02T22:34:41.525Z"}'::jsonb,'user_30uQARGezqSApAChPSGSwFyUy85');
INSERT INTO public.canvas_nodes (id,project_id,node_type,title,position_x,position_y,data,created_by) VALUES ('2cfa7921-bbb2-4467-9087-75d76cfef5d9','779ebf7d-c29b-488f-91fb-626abfdbe9d9','operatorNode','Projection',1730,0,'{"label":"Projection (a × 1.1 + feed)","operationType":"formula","isActive":true,"formula":"a * 1.1 + b","inputs":[{"key":"a","sourceId":"2d92c82b-ab1d-45e1-8c97-a051005b8b72","label":"Marketing-Sourced Revenue"},{"key":"b","sourceId":"7ab89628-2c40-4ad7-9417-008746739ffe","label":"Live feed"}]}'::jsonb,'user_30uQARGezqSApAChPSGSwFyUy85');
INSERT INTO public.canvas_nodes (id,project_id,node_type,title,position_x,position_y,data,created_by) VALUES ('d81fcbac-7c53-4525-837e-b6fcf724b4ee','779ebf7d-c29b-488f-91fb-626abfdbe9d9','chartNode','Actual vs Projection',2470,0,'{"chartType":"area","title":"Actual vs Projection","seriesCardIds":["2d92c82b-ab1d-45e1-8c97-a051005b8b72","dd24df25-d0e7-47a9-b00b-e87190e9cb9b"],"showLegend":true}'::jsonb,'user_30uQARGezqSApAChPSGSwFyUy85');
INSERT INTO public.canvas_nodes (id,project_id,node_type,title,position_x,position_y,data,created_by) VALUES ('18734a7d-1db7-487d-9369-516cc710bd10','779ebf7d-c29b-488f-91fb-626abfdbe9d9','commentNode','Pipeline',1370,260,'{"title":"Live pipeline: Source → Operator → Card → Chart. Edit the Source, then Run Simulation.","projectId":"779ebf7d-c29b-488f-91fb-626abfdbe9d9"}'::jsonb,'user_30uQARGezqSApAChPSGSwFyUy85');

DELETE FROM public.projects WHERE created_by='user_30uQARGezqSApAChPSGSwFyUy85' AND name='Feature Launch — Example Metric Tree';
INSERT INTO public.projects (id,name,description,created_by,last_modified_by,is_public,tags,settings) VALUES ('119d6872-a1eb-4c67-b66e-76cdecae2ee8','Feature Launch — Example Metric Tree','Adoption tree for a new feature: awareness → activation → engagement → retention lift and its revenue impact.','user_30uQARGezqSApAChPSGSwFyUy85','user_30uQARGezqSApAChPSGSwFyUy85',true,ARRAY['example','template'],'{"dataFlowEdges":[{"id":"40e9b493-e682-4051-bb5e-925234751901","source":"51d931cb-ef2c-4e87-8c80-86ebe95a2a29","target":"82f13ef8-8ec2-4c6e-a436-43d1cb0151b2","type":"dataFlow"},{"id":"8c69a8ac-73aa-4007-b7a8-aedd50689543","source":"960ef965-bea0-48bc-9b53-1b27369c29bd","target":"82f13ef8-8ec2-4c6e-a436-43d1cb0151b2","type":"dataFlow"},{"id":"03c117ae-d2d9-414d-8469-a92461f35203","source":"82f13ef8-8ec2-4c6e-a436-43d1cb0151b2","target":"c93bb600-220a-4342-9543-508e7ba4735f","type":"dataFlow"},{"id":"4366854a-8d2f-43c8-8e13-7e716316e513","source":"960ef965-bea0-48bc-9b53-1b27369c29bd","target":"c1f8d532-7e59-440d-8aaa-8f3280072f2a","type":"dataFlow"},{"id":"86bf8e12-77bf-4eef-9d1e-8ab301c9e925","source":"c93bb600-220a-4342-9543-508e7ba4735f","target":"c1f8d532-7e59-440d-8aaa-8f3280072f2a","type":"dataFlow"}]}'::jsonb);
INSERT INTO public.metric_cards (id,project_id,title,description,category,position_x,position_y,created_by,data) VALUES ('8eab01f7-8e88-4bc7-96a7-00165a2768bc','119d6872-a1eb-4c67-b66e-76cdecae2ee8','Feature Revenue Impact','Retained/expanded revenue from feature','Core/Value',0,0,'user_30uQARGezqSApAChPSGSwFyUy85','[{"period":"2026-01","value":688458,"change_percent":0,"trend":"neutral"},{"period":"2026-02","value":698113,"change_percent":1.4,"trend":"up"},{"period":"2026-03","value":736732,"change_percent":5.5,"trend":"up"},{"period":"2026-04","value":752508,"change_percent":2.1,"trend":"up"},{"period":"2026-05","value":771323,"change_percent":2.5,"trend":"up"},{"period":"2026-06","value":784627,"change_percent":1.7,"trend":"up"},{"period":"2026-07","value":801414,"change_percent":2.1,"trend":"up"}]'::jsonb);
INSERT INTO public.metric_cards (id,project_id,title,description,category,position_x,position_y,created_by,data) VALUES ('922b5094-e8e4-46fe-99f1-99437bec96fb','119d6872-a1eb-4c67-b66e-76cdecae2ee8','Active Adopters','Users using the feature','Data/Metric',-340,200,'user_30uQARGezqSApAChPSGSwFyUy85','[{"period":"2026-01","value":389,"change_percent":0,"trend":"neutral"},{"period":"2026-02","value":395,"change_percent":1.5,"trend":"up"},{"period":"2026-03","value":402,"change_percent":1.8,"trend":"up"},{"period":"2026-04","value":418,"change_percent":4,"trend":"up"},{"period":"2026-05","value":430,"change_percent":2.9,"trend":"up"},{"period":"2026-06","value":433,"change_percent":0.7,"trend":"neutral"},{"period":"2026-07","value":444,"change_percent":2.5,"trend":"up"}]'::jsonb);
INSERT INTO public.metric_cards (id,project_id,title,description,category,position_x,position_y,created_by,data) VALUES ('0eafbfc8-cbf2-495a-a783-1f4666b7fa32','119d6872-a1eb-4c67-b66e-76cdecae2ee8','Adoption Rate','Adopters ÷ Eligible Users','Data/Metric',-680,400,'user_30uQARGezqSApAChPSGSwFyUy85','[{"period":"2026-01","value":6.3,"change_percent":0,"trend":"neutral"},{"period":"2026-02","value":6.7,"change_percent":6.3,"trend":"up"},{"period":"2026-03","value":7.2,"change_percent":7.5,"trend":"up"},{"period":"2026-04","value":7.7,"change_percent":6.9,"trend":"up"},{"period":"2026-05","value":8.1,"change_percent":5.2,"trend":"up"},{"period":"2026-06","value":8.8,"change_percent":8.6,"trend":"up"},{"period":"2026-07","value":9.5,"change_percent":8,"trend":"up"}]'::jsonb);
INSERT INTO public.metric_cards (id,project_id,title,description,category,position_x,position_y,created_by,data) VALUES ('0094121c-c541-4970-bcc7-2a2fde5f62dc','119d6872-a1eb-4c67-b66e-76cdecae2ee8','Eligible Users','Users who can access it','Data/Metric',-340,400,'user_30uQARGezqSApAChPSGSwFyUy85','[{"period":"2026-01","value":1601,"change_percent":0,"trend":"neutral"},{"period":"2026-02","value":1670,"change_percent":4.3,"trend":"up"},{"period":"2026-03","value":1798,"change_percent":7.7,"trend":"up"},{"period":"2026-04","value":1915,"change_percent":6.5,"trend":"up"},{"period":"2026-05","value":2052,"change_percent":7.2,"trend":"up"},{"period":"2026-06","value":2141,"change_percent":4.3,"trend":"up"},{"period":"2026-07","value":2308,"change_percent":7.8,"trend":"up"}]'::jsonb);
INSERT INTO public.metric_cards (id,project_id,title,description,category,position_x,position_y,created_by,data) VALUES ('74b7ede9-c075-4f9e-b72b-2c43830d2a81','119d6872-a1eb-4c67-b66e-76cdecae2ee8','Aware Users','Saw announcement/entry point','Data/Metric',-510,800,'user_30uQARGezqSApAChPSGSwFyUy85','[{"period":"2026-01","value":1850,"change_percent":0,"trend":"neutral"},{"period":"2026-02","value":1909,"change_percent":3.2,"trend":"up"},{"period":"2026-03","value":1960,"change_percent":2.7,"trend":"up"},{"period":"2026-04","value":2049,"change_percent":4.5,"trend":"up"},{"period":"2026-05","value":2069,"change_percent":1,"trend":"neutral"},{"period":"2026-06","value":2140,"change_percent":3.4,"trend":"up"},{"period":"2026-07","value":2179,"change_percent":1.8,"trend":"up"}]'::jsonb);
INSERT INTO public.metric_cards (id,project_id,title,description,category,position_x,position_y,created_by,data) VALUES ('9ae3ab91-ef32-48f8-a408-8b9c7581b8a3','119d6872-a1eb-4c67-b66e-76cdecae2ee8','Awareness Rate','Aware ÷ Eligible','Data/Metric',-170,1000,'user_30uQARGezqSApAChPSGSwFyUy85','[{"period":"2026-01","value":11.8,"change_percent":0,"trend":"neutral"},{"period":"2026-02","value":12.5,"change_percent":5.9,"trend":"up"},{"period":"2026-03","value":13.3,"change_percent":6.4,"trend":"up"},{"period":"2026-04","value":14.3,"change_percent":7.5,"trend":"up"},{"period":"2026-05","value":14.7,"change_percent":2.8,"trend":"up"},{"period":"2026-06","value":15.6,"change_percent":6.1,"trend":"up"},{"period":"2026-07","value":16.4,"change_percent":5.1,"trend":"up"}]'::jsonb);
INSERT INTO public.metric_cards (id,project_id,title,description,category,position_x,position_y,created_by,data) VALUES ('75d79d43-afd8-4ad9-9f66-bd5d63dd132a','119d6872-a1eb-4c67-b66e-76cdecae2ee8','Tried Once','First-use users','Data/Metric',-340,600,'user_30uQARGezqSApAChPSGSwFyUy85','[{"period":"2026-01","value":2510,"change_percent":0,"trend":"neutral"},{"period":"2026-02","value":2597,"change_percent":3.5,"trend":"up"},{"period":"2026-03","value":2670,"change_percent":2.8,"trend":"up"},{"period":"2026-04","value":2757,"change_percent":3.3,"trend":"up"},{"period":"2026-05","value":2922,"change_percent":6,"trend":"up"},{"period":"2026-06","value":2970,"change_percent":1.6,"trend":"up"},{"period":"2026-07","value":3054,"change_percent":2.8,"trend":"up"}]'::jsonb);
INSERT INTO public.metric_cards (id,project_id,title,description,category,position_x,position_y,created_by,data) VALUES ('960ef965-bea0-48bc-9b53-1b27369c29bd','119d6872-a1eb-4c67-b66e-76cdecae2ee8','Activation Rate','Reached aha-moment','Data/Metric',0,600,'user_30uQARGezqSApAChPSGSwFyUy85','[{"period":"2026-01","value":21.8,"change_percent":0,"trend":"neutral"},{"period":"2026-02","value":22.7,"change_percent":4.1,"trend":"up"},{"period":"2026-03","value":24.3,"change_percent":7,"trend":"up"},{"period":"2026-04","value":25.3,"change_percent":4.1,"trend":"up"},{"period":"2026-05","value":26.8,"change_percent":5.9,"trend":"up"},{"period":"2026-06","value":28.9,"change_percent":7.8,"trend":"up"},{"period":"2026-07","value":30.7,"change_percent":6.2,"trend":"up"}]'::jsonb);
INSERT INTO public.metric_cards (id,project_id,title,description,category,position_x,position_y,created_by,data) VALUES ('0fcb2896-c47d-4b92-8176-3465e13320c3','119d6872-a1eb-4c67-b66e-76cdecae2ee8','Weekly Active (feature)','Repeat weekly usage','Data/Metric',0,400,'user_30uQARGezqSApAChPSGSwFyUy85','[{"period":"2026-01","value":1553,"change_percent":0,"trend":"neutral"},{"period":"2026-02","value":1573,"change_percent":1.3,"trend":"up"},{"period":"2026-03","value":1602,"change_percent":1.8,"trend":"up"},{"period":"2026-04","value":1665,"change_percent":3.9,"trend":"up"},{"period":"2026-05","value":1750,"change_percent":5.1,"trend":"up"},{"period":"2026-06","value":1814,"change_percent":3.7,"trend":"up"},{"period":"2026-07","value":1896,"change_percent":4.5,"trend":"up"}]'::jsonb);
INSERT INTO public.metric_cards (id,project_id,title,description,category,position_x,position_y,created_by,data) VALUES ('3e2b935b-641e-463f-925b-a32c2bf0bf6b','119d6872-a1eb-4c67-b66e-76cdecae2ee8','Usage Depth','Actions per active user','Data/Metric',340,600,'user_30uQARGezqSApAChPSGSwFyUy85','[{"period":"2026-01","value":3730,"change_percent":0,"trend":"neutral"},{"period":"2026-02","value":3957,"change_percent":6.1,"trend":"up"},{"period":"2026-03","value":4242,"change_percent":7.2,"trend":"up"},{"period":"2026-04","value":4531,"change_percent":6.8,"trend":"up"},{"period":"2026-05","value":4766,"change_percent":5.2,"trend":"up"},{"period":"2026-06","value":5110,"change_percent":7.2,"trend":"up"},{"period":"2026-07","value":5369,"change_percent":5.1,"trend":"up"}]'::jsonb);
INSERT INTO public.metric_cards (id,project_id,title,description,category,position_x,position_y,created_by,data) VALUES ('80b9b38d-e175-4cca-9b3f-69fc47f009de','119d6872-a1eb-4c67-b66e-76cdecae2ee8','Stickiness','WAU ÷ MAU (feature)','Data/Metric',340,400,'user_30uQARGezqSApAChPSGSwFyUy85','[{"period":"2026-01","value":2777,"change_percent":0,"trend":"neutral"},{"period":"2026-02","value":2986,"change_percent":7.5,"trend":"up"},{"period":"2026-03","value":3180,"change_percent":6.5,"trend":"up"},{"period":"2026-04","value":3396,"change_percent":6.8,"trend":"up"},{"period":"2026-05","value":3684,"change_percent":8.5,"trend":"up"},{"period":"2026-06","value":3969,"change_percent":7.7,"trend":"up"},{"period":"2026-07","value":4319,"change_percent":8.8,"trend":"up"}]'::jsonb);
INSERT INTO public.metric_cards (id,project_id,title,description,category,position_x,position_y,created_by,data) VALUES ('a237c9ac-b933-41a5-9cc2-4325fa901b1b','119d6872-a1eb-4c67-b66e-76cdecae2ee8','Retention Lift','Retention of adopters − non-adopters','Data/Metric',0,200,'user_30uQARGezqSApAChPSGSwFyUy85','[{"period":"2026-01","value":33.1,"change_percent":0,"trend":"neutral"},{"period":"2026-02","value":34.8,"change_percent":5.1,"trend":"up"},{"period":"2026-03","value":36.1,"change_percent":3.7,"trend":"up"},{"period":"2026-04","value":37.4,"change_percent":3.6,"trend":"up"},{"period":"2026-05","value":38.6,"change_percent":3.2,"trend":"up"},{"period":"2026-06","value":40.1,"change_percent":3.9,"trend":"up"},{"period":"2026-07","value":42.2,"change_percent":5.2,"trend":"up"}]'::jsonb);
INSERT INTO public.metric_cards (id,project_id,title,description,category,position_x,position_y,created_by,data) VALUES ('ef04c8b4-3e5d-4aca-8b57-c1ecec6ab56b','119d6872-a1eb-4c67-b66e-76cdecae2ee8','Expansion Rate','Upsell tied to feature','Data/Metric',340,200,'user_30uQARGezqSApAChPSGSwFyUy85','[{"period":"2026-01","value":14.5,"change_percent":0,"trend":"neutral"},{"period":"2026-02","value":14.9,"change_percent":2.8,"trend":"up"},{"period":"2026-03","value":15.3,"change_percent":2.7,"trend":"up"},{"period":"2026-04","value":15.6,"change_percent":2,"trend":"up"},{"period":"2026-05","value":16.2,"change_percent":3.8,"trend":"up"},{"period":"2026-06","value":17,"change_percent":4.9,"trend":"up"},{"period":"2026-07","value":17.7,"change_percent":4.1,"trend":"up"}]'::jsonb);
INSERT INTO public.metric_cards (id,project_id,title,description,category,position_x,position_y,created_by,data) VALUES ('e2ff418e-209b-47d5-a8ee-b053f74dc46d','119d6872-a1eb-4c67-b66e-76cdecae2ee8','Feature CSAT','Satisfaction score','Data/Metric',680,400,'user_30uQARGezqSApAChPSGSwFyUy85','[{"period":"2026-01","value":3404,"change_percent":0,"trend":"neutral"},{"period":"2026-02","value":3566,"change_percent":4.8,"trend":"up"},{"period":"2026-03","value":3714,"change_percent":4.2,"trend":"up"},{"period":"2026-04","value":3929,"change_percent":5.8,"trend":"up"},{"period":"2026-05","value":4174,"change_percent":6.2,"trend":"up"},{"period":"2026-06","value":4381,"change_percent":5,"trend":"up"},{"period":"2026-07","value":4649,"change_percent":6.1,"trend":"up"}]'::jsonb);
INSERT INTO public.metric_cards (id,project_id,title,description,category,position_x,position_y,created_by,data) VALUES ('487c67c5-9f8a-4caa-837b-cf4152ff8654','119d6872-a1eb-4c67-b66e-76cdecae2ee8','Time to Value','Minutes to first value','Data/Metric',-170,800,'user_30uQARGezqSApAChPSGSwFyUy85','[{"period":"2026-01","value":41392,"change_percent":0,"trend":"neutral"},{"period":"2026-02","value":44605,"change_percent":7.8,"trend":"up"},{"period":"2026-03","value":47924,"change_percent":7.4,"trend":"up"},{"period":"2026-04","value":51038,"change_percent":6.5,"trend":"up"},{"period":"2026-05","value":54304,"change_percent":6.4,"trend":"up"},{"period":"2026-06","value":58315,"change_percent":7.4,"trend":"up"},{"period":"2026-07","value":63089,"change_percent":8.2,"trend":"up"}]'::jsonb);
INSERT INTO public.metric_cards (id,project_id,title,description,category,position_x,position_y,created_by,data) VALUES ('1d402569-92f6-4733-88a8-38d94b11a376','119d6872-a1eb-4c67-b66e-76cdecae2ee8','In-product Onboarding','Tooltips + checklist','Work/Action',170,800,'user_30uQARGezqSApAChPSGSwFyUy85','[]'::jsonb);
INSERT INTO public.metric_cards (id,project_id,title,description,category,position_x,position_y,created_by,data) VALUES ('fb9d6958-9ca8-4ab3-be79-fd2db77cb07f','119d6872-a1eb-4c67-b66e-76cdecae2ee8','Launch Campaign','Email + in-app announce','Work/Action',0,1200,'user_30uQARGezqSApAChPSGSwFyUy85','[]'::jsonb);
INSERT INTO public.metric_cards (id,project_id,title,description,category,position_x,position_y,created_by,data) VALUES ('e3ae52ab-d219-4705-bb09-58be17cce25f','119d6872-a1eb-4c67-b66e-76cdecae2ee8','Reduce Time-to-Value','Templates + defaults','Work/Action',170,1000,'user_30uQARGezqSApAChPSGSwFyUy85','[]'::jsonb);
INSERT INTO public.metric_cards (id,project_id,title,description,category,position_x,position_y,created_by,data) VALUES ('4d6c79a7-aadd-4ee3-a45d-b91d0de0b736','119d6872-a1eb-4c67-b66e-76cdecae2ee8','Onboarding checklist lifts activation 20%','','Ideas/Hypothesis',510,800,'user_30uQARGezqSApAChPSGSwFyUy85','[]'::jsonb);
INSERT INTO public.metric_cards (id,project_id,title,description,category,position_x,position_y,created_by,data) VALUES ('c93bb600-220a-4342-9543-508e7ba4735f','119d6872-a1eb-4c67-b66e-76cdecae2ee8','Activation Rate — Projection','Operator output: Activation Rate × 1.1 + live feed','Data/Metric',1920,0,'user_30uQARGezqSApAChPSGSwFyUy85','[{"period":"2026-01","value":124,"change_percent":0,"trend":"neutral"},{"period":"2026-02","value":129,"change_percent":4,"trend":"up"},{"period":"2026-03","value":135,"change_percent":4.7,"trend":"up"},{"period":"2026-04","value":140,"change_percent":3.7,"trend":"up"},{"period":"2026-05","value":145,"change_percent":3.6,"trend":"up"},{"period":"2026-06","value":152,"change_percent":4.8,"trend":"up"},{"period":"2026-07","value":158,"change_percent":3.9,"trend":"up"}]'::jsonb);
INSERT INTO public.relationships (id,project_id,source_id,target_id,type,confidence,weight,created_by) VALUES ('2ce0a4d3-0a79-4d8f-b570-ec91eb64786d','119d6872-a1eb-4c67-b66e-76cdecae2ee8','922b5094-e8e4-46fe-99f1-99437bec96fb','8eab01f7-8e88-4bc7-96a7-00165a2768bc','Causal','High',80,'user_30uQARGezqSApAChPSGSwFyUy85');
INSERT INTO public.relationships (id,project_id,source_id,target_id,type,confidence,weight,created_by) VALUES ('3bdbe123-f052-4faf-9274-c2f018605421','119d6872-a1eb-4c67-b66e-76cdecae2ee8','a237c9ac-b933-41a5-9cc2-4325fa901b1b','8eab01f7-8e88-4bc7-96a7-00165a2768bc','Causal','High',75,'user_30uQARGezqSApAChPSGSwFyUy85');
INSERT INTO public.relationships (id,project_id,source_id,target_id,type,confidence,weight,created_by) VALUES ('b7c7ee3b-f9b0-4dfd-a251-10af29838452','119d6872-a1eb-4c67-b66e-76cdecae2ee8','ef04c8b4-3e5d-4aca-8b57-c1ecec6ab56b','8eab01f7-8e88-4bc7-96a7-00165a2768bc','Causal','High',65,'user_30uQARGezqSApAChPSGSwFyUy85');
INSERT INTO public.relationships (id,project_id,source_id,target_id,type,confidence,weight,created_by) VALUES ('5f072928-0031-4f5d-8150-7f449467313d','119d6872-a1eb-4c67-b66e-76cdecae2ee8','0eafbfc8-cbf2-495a-a783-1f4666b7fa32','922b5094-e8e4-46fe-99f1-99437bec96fb','Deterministic','High',80,'user_30uQARGezqSApAChPSGSwFyUy85');
INSERT INTO public.relationships (id,project_id,source_id,target_id,type,confidence,weight,created_by) VALUES ('996d124b-362e-4172-814d-6bfe430cf3f0','119d6872-a1eb-4c67-b66e-76cdecae2ee8','0094121c-c541-4970-bcc7-2a2fde5f62dc','922b5094-e8e4-46fe-99f1-99437bec96fb','Causal','High',70,'user_30uQARGezqSApAChPSGSwFyUy85');
INSERT INTO public.relationships (id,project_id,source_id,target_id,type,confidence,weight,created_by) VALUES ('0c240429-4523-41d1-9149-6c368daa3dd2','119d6872-a1eb-4c67-b66e-76cdecae2ee8','74b7ede9-c075-4f9e-b72b-2c43830d2a81','75d79d43-afd8-4ad9-9f66-bd5d63dd132a','Causal','High',75,'user_30uQARGezqSApAChPSGSwFyUy85');
INSERT INTO public.relationships (id,project_id,source_id,target_id,type,confidence,weight,created_by) VALUES ('2389864d-20f6-4829-b7fe-4b9662176488','119d6872-a1eb-4c67-b66e-76cdecae2ee8','9ae3ab91-ef32-48f8-a408-8b9c7581b8a3','74b7ede9-c075-4f9e-b72b-2c43830d2a81','Deterministic','High',70,'user_30uQARGezqSApAChPSGSwFyUy85');
INSERT INTO public.relationships (id,project_id,source_id,target_id,type,confidence,weight,created_by) VALUES ('dcb381b9-273d-4dd7-aa00-83ab502b607f','119d6872-a1eb-4c67-b66e-76cdecae2ee8','75d79d43-afd8-4ad9-9f66-bd5d63dd132a','0eafbfc8-cbf2-495a-a783-1f4666b7fa32','Causal','High',70,'user_30uQARGezqSApAChPSGSwFyUy85');
INSERT INTO public.relationships (id,project_id,source_id,target_id,type,confidence,weight,created_by) VALUES ('72210600-c6d2-4cb9-b776-b753e7d8a85b','119d6872-a1eb-4c67-b66e-76cdecae2ee8','960ef965-bea0-48bc-9b53-1b27369c29bd','0eafbfc8-cbf2-495a-a783-1f4666b7fa32','Causal','High',75,'user_30uQARGezqSApAChPSGSwFyUy85');
INSERT INTO public.relationships (id,project_id,source_id,target_id,type,confidence,weight,created_by) VALUES ('79b5c974-2d82-47d7-b935-c6deb0e4b8d9','119d6872-a1eb-4c67-b66e-76cdecae2ee8','487c67c5-9f8a-4caa-837b-cf4152ff8654','960ef965-bea0-48bc-9b53-1b27369c29bd','Causal','High',70,'user_30uQARGezqSApAChPSGSwFyUy85');
INSERT INTO public.relationships (id,project_id,source_id,target_id,type,confidence,weight,created_by) VALUES ('a3c4985b-6bcb-41dd-b992-fc99a2d200e1','119d6872-a1eb-4c67-b66e-76cdecae2ee8','0fcb2896-c47d-4b92-8176-3465e13320c3','a237c9ac-b933-41a5-9cc2-4325fa901b1b','Causal','High',70,'user_30uQARGezqSApAChPSGSwFyUy85');
INSERT INTO public.relationships (id,project_id,source_id,target_id,type,confidence,weight,created_by) VALUES ('38dde78d-6083-4870-84d1-fa4cad41666a','119d6872-a1eb-4c67-b66e-76cdecae2ee8','3e2b935b-641e-463f-925b-a32c2bf0bf6b','0fcb2896-c47d-4b92-8176-3465e13320c3','Causal','High',65,'user_30uQARGezqSApAChPSGSwFyUy85');
INSERT INTO public.relationships (id,project_id,source_id,target_id,type,confidence,weight,created_by) VALUES ('3efdc905-e452-441f-bb01-9f4d9242578a','119d6872-a1eb-4c67-b66e-76cdecae2ee8','80b9b38d-e175-4cca-9b3f-69fc47f009de','a237c9ac-b933-41a5-9cc2-4325fa901b1b','Causal','High',65,'user_30uQARGezqSApAChPSGSwFyUy85');
INSERT INTO public.relationships (id,project_id,source_id,target_id,type,confidence,weight,created_by) VALUES ('544e4106-9d50-43cb-ae73-efeeabf9e5cd','119d6872-a1eb-4c67-b66e-76cdecae2ee8','e2ff418e-209b-47d5-a8ee-b053f74dc46d','a237c9ac-b933-41a5-9cc2-4325fa901b1b','Causal','High',55,'user_30uQARGezqSApAChPSGSwFyUy85');
INSERT INTO public.relationships (id,project_id,source_id,target_id,type,confidence,weight,created_by) VALUES ('65383a8c-0f38-4315-9e8b-7ffd966eca96','119d6872-a1eb-4c67-b66e-76cdecae2ee8','1d402569-92f6-4733-88a8-38d94b11a376','960ef965-bea0-48bc-9b53-1b27369c29bd','Causal','High',75,'user_30uQARGezqSApAChPSGSwFyUy85');
INSERT INTO public.relationships (id,project_id,source_id,target_id,type,confidence,weight,created_by) VALUES ('b7ca44c4-f8d5-4925-8128-5205ed632b84','119d6872-a1eb-4c67-b66e-76cdecae2ee8','fb9d6958-9ca8-4ab3-be79-fd2db77cb07f','9ae3ab91-ef32-48f8-a408-8b9c7581b8a3','Causal','High',70,'user_30uQARGezqSApAChPSGSwFyUy85');
INSERT INTO public.relationships (id,project_id,source_id,target_id,type,confidence,weight,created_by) VALUES ('1b1464e2-4d3f-45c0-8c01-a580b164a77d','119d6872-a1eb-4c67-b66e-76cdecae2ee8','e3ae52ab-d219-4705-bb09-58be17cce25f','487c67c5-9f8a-4caa-837b-cf4152ff8654','Causal','High',70,'user_30uQARGezqSApAChPSGSwFyUy85');
INSERT INTO public.relationships (id,project_id,source_id,target_id,type,confidence,weight,created_by) VALUES ('933fd91c-ffd7-41e3-8c7f-002b804d2f6d','119d6872-a1eb-4c67-b66e-76cdecae2ee8','4d6c79a7-aadd-4ee3-a45d-b91d0de0b736','960ef965-bea0-48bc-9b53-1b27369c29bd','Probabilistic','High',50,'user_30uQARGezqSApAChPSGSwFyUy85');
INSERT INTO public.groups (id,project_id,name,color,node_ids,position_x,position_y,width,height,created_by) VALUES ('fba7f38d-1a97-4a0c-9027-82b864a3e22c','119d6872-a1eb-4c67-b66e-76cdecae2ee8','Awareness','#3b82f6',ARRAY['0094121c-c541-4970-bcc7-2a2fde5f62dc','74b7ede9-c075-4f9e-b72b-2c43830d2a81','9ae3ab91-ef32-48f8-a408-8b9c7581b8a3','75d79d43-afd8-4ad9-9f66-bd5d63dd132a']::uuid[],-540,314,680,886,'user_30uQARGezqSApAChPSGSwFyUy85');
INSERT INTO public.groups (id,project_id,name,color,node_ids,position_x,position_y,width,height,created_by) VALUES ('a27f9c0a-e719-4554-8a3b-02d1f6e3fe51','119d6872-a1eb-4c67-b66e-76cdecae2ee8','Activation','#22c55e',ARRAY['922b5094-e8e4-46fe-99f1-99437bec96fb','0eafbfc8-cbf2-495a-a783-1f4666b7fa32','960ef965-bea0-48bc-9b53-1b27369c29bd','487c67c5-9f8a-4caa-837b-cf4152ff8654']::uuid[],-710,114,1020,886,'user_30uQARGezqSApAChPSGSwFyUy85');
INSERT INTO public.groups (id,project_id,name,color,node_ids,position_x,position_y,width,height,created_by) VALUES ('c0c270de-964c-4105-9608-1ec66b97d286','119d6872-a1eb-4c67-b66e-76cdecae2ee8','Engagement & Retention','#f59e0b',ARRAY['0fcb2896-c47d-4b92-8176-3465e13320c3','3e2b935b-641e-463f-925b-a32c2bf0bf6b','80b9b38d-e175-4cca-9b3f-69fc47f009de','a237c9ac-b933-41a5-9cc2-4325fa901b1b','ef04c8b4-3e5d-4aca-8b57-c1ecec6ab56b','e2ff418e-209b-47d5-a8ee-b053f74dc46d']::uuid[],-30,114,1020,686,'user_30uQARGezqSApAChPSGSwFyUy85');
INSERT INTO public.canvas_nodes (id,project_id,node_type,title,position_x,position_y,data,created_by) VALUES ('d2a7c7b8-8b81-4687-bbf5-d112d04c2987','119d6872-a1eb-4c67-b66e-76cdecae2ee8','whiteboardNode','Label',1200,-170,'{"shape":"text","text":"📊 Live Data Pipeline","fontSize":18,"width":300,"height":96,"fill":"#eef2ff","stroke":"#6366f1"}'::jsonb,'user_30uQARGezqSApAChPSGSwFyUy85');
INSERT INTO public.canvas_nodes (id,project_id,node_type,title,position_x,position_y,data,created_by) VALUES ('51d931cb-ef2c-4e87-8c80-86ebe95a2a29','119d6872-a1eb-4c67-b66e-76cdecae2ee8','sourceNode','Live Feed',1200,0,'{"title":"Live Feed (new bookings)","config":{"origin":"manual","rows":[{"period":"2026-01","value":100},{"period":"2026-02","value":104},{"period":"2026-03","value":108},{"period":"2026-04","value":112},{"period":"2026-05","value":116},{"period":"2026-06","value":120},{"period":"2026-07","value":124}]},"series":[{"period":"2026-01","value":100,"change_percent":0,"trend":"neutral"},{"period":"2026-02","value":104,"change_percent":4,"trend":"up"},{"period":"2026-03","value":108,"change_percent":3.8,"trend":"up"},{"period":"2026-04","value":112,"change_percent":3.7,"trend":"up"},{"period":"2026-05","value":116,"change_percent":3.6,"trend":"up"},{"period":"2026-06","value":120,"change_percent":3.4,"trend":"up"},{"period":"2026-07","value":124,"change_percent":3.3,"trend":"up"}],"refreshedAt":"2026-07-02T22:34:41.525Z"}'::jsonb,'user_30uQARGezqSApAChPSGSwFyUy85');
INSERT INTO public.canvas_nodes (id,project_id,node_type,title,position_x,position_y,data,created_by) VALUES ('82f13ef8-8ec2-4c6e-a436-43d1cb0151b2','119d6872-a1eb-4c67-b66e-76cdecae2ee8','operatorNode','Projection',1560,0,'{"label":"Projection (a × 1.1 + feed)","operationType":"formula","isActive":true,"formula":"a * 1.1 + b","inputs":[{"key":"a","sourceId":"960ef965-bea0-48bc-9b53-1b27369c29bd","label":"Activation Rate"},{"key":"b","sourceId":"51d931cb-ef2c-4e87-8c80-86ebe95a2a29","label":"Live feed"}]}'::jsonb,'user_30uQARGezqSApAChPSGSwFyUy85');
INSERT INTO public.canvas_nodes (id,project_id,node_type,title,position_x,position_y,data,created_by) VALUES ('c1f8d532-7e59-440d-8aaa-8f3280072f2a','119d6872-a1eb-4c67-b66e-76cdecae2ee8','chartNode','Actual vs Projection',2300,0,'{"chartType":"area","title":"Actual vs Projection","seriesCardIds":["960ef965-bea0-48bc-9b53-1b27369c29bd","c93bb600-220a-4342-9543-508e7ba4735f"],"showLegend":true}'::jsonb,'user_30uQARGezqSApAChPSGSwFyUy85');
INSERT INTO public.canvas_nodes (id,project_id,node_type,title,position_x,position_y,data,created_by) VALUES ('7889e12d-6990-4b20-8f93-c48fc67702ad','119d6872-a1eb-4c67-b66e-76cdecae2ee8','commentNode','Pipeline',1200,260,'{"title":"Live pipeline: Source → Operator → Card → Chart. Edit the Source, then Run Simulation.","projectId":"119d6872-a1eb-4c67-b66e-76cdecae2ee8"}'::jsonb,'user_30uQARGezqSApAChPSGSwFyUy85');

DELETE FROM public.projects WHERE created_by='user_30uQARGezqSApAChPSGSwFyUy85' AND name='Lifecycle Cohort Analysis — Example Metric Tree';
INSERT INTO public.projects (id,name,description,created_by,last_modified_by,is_public,tags,settings) VALUES ('2c5abb42-c790-477b-988a-0ea9ca72cf54','Lifecycle Cohort Analysis — Example Metric Tree','Cohort LTV decomposition: acquisition → activation → retention curve → monetization, with resurrection and churn.','user_30uQARGezqSApAChPSGSwFyUy85','user_30uQARGezqSApAChPSGSwFyUy85',true,ARRAY['example','template'],'{"dataFlowEdges":[{"id":"2b47611a-3b50-4564-bf97-53cdb4448cc8","source":"db07a862-dc4d-4790-9e13-b887ecdc9f5c","target":"a9f68cf8-ee47-4e7e-a0df-9190df21c1f7","type":"dataFlow"},{"id":"306fe86e-9cfd-408b-927c-087e30a5f0ad","source":"2ce86ce4-e081-44ec-a6b2-2bf536f5c566","target":"a9f68cf8-ee47-4e7e-a0df-9190df21c1f7","type":"dataFlow"},{"id":"f4d3e201-2f04-4072-979e-e19c7c767785","source":"a9f68cf8-ee47-4e7e-a0df-9190df21c1f7","target":"714ea0ec-55a7-478f-9224-89a4b592e7dc","type":"dataFlow"},{"id":"fd4f894a-ade6-481b-b528-7867fb098648","source":"2ce86ce4-e081-44ec-a6b2-2bf536f5c566","target":"5ed8fde0-76c6-4d0a-bb9a-6f7056c8b4a5","type":"dataFlow"},{"id":"a26ae37c-82fd-4d13-8b08-d729c1227a16","source":"714ea0ec-55a7-478f-9224-89a4b592e7dc","target":"5ed8fde0-76c6-4d0a-bb9a-6f7056c8b4a5","type":"dataFlow"}]}'::jsonb);
INSERT INTO public.metric_cards (id,project_id,title,description,category,position_x,position_y,created_by,data) VALUES ('235c1c9b-8719-4acb-91b2-97cdeeeddf30','2c5abb42-c790-477b-988a-0ea9ca72cf54','Cohort LTV','Lifetime value per acquired user','Core/Value',0,0,'user_30uQARGezqSApAChPSGSwFyUy85','[{"period":"2026-01","value":431728,"change_percent":0,"trend":"neutral"},{"period":"2026-02","value":462093,"change_percent":7,"trend":"up"},{"period":"2026-03","value":499539,"change_percent":8.1,"trend":"up"},{"period":"2026-04","value":527353,"change_percent":5.6,"trend":"up"},{"period":"2026-05","value":550465,"change_percent":4.4,"trend":"up"},{"period":"2026-06","value":589413,"change_percent":7.1,"trend":"up"},{"period":"2026-07","value":636942,"change_percent":8.1,"trend":"up"}]'::jsonb);
INSERT INTO public.metric_cards (id,project_id,title,description,category,position_x,position_y,created_by,data) VALUES ('9c6eb738-cbb0-4dcb-8e4f-3cf8594b32da','2c5abb42-c790-477b-988a-0ea9ca72cf54','ARPU','Avg revenue per user','Data/Metric',-170,200,'user_30uQARGezqSApAChPSGSwFyUy85','[{"period":"2026-01","value":2869,"change_percent":0,"trend":"neutral"},{"period":"2026-02","value":2948,"change_percent":2.8,"trend":"up"},{"period":"2026-03","value":3093,"change_percent":4.9,"trend":"up"},{"period":"2026-04","value":3286,"change_percent":6.2,"trend":"up"},{"period":"2026-05","value":3498,"change_percent":6.5,"trend":"up"},{"period":"2026-06","value":3713,"change_percent":6.1,"trend":"up"},{"period":"2026-07","value":3840,"change_percent":3.4,"trend":"up"}]'::jsonb);
INSERT INTO public.metric_cards (id,project_id,title,description,category,position_x,position_y,created_by,data) VALUES ('c7a5f118-a948-44b1-84cb-01062ffd6386','2c5abb42-c790-477b-988a-0ea9ca72cf54','Avg Lifetime (months)','1 ÷ churn','Data/Metric',170,200,'user_30uQARGezqSApAChPSGSwFyUy85','[{"period":"2026-01","value":4054,"change_percent":0,"trend":"neutral"},{"period":"2026-02","value":4268,"change_percent":5.3,"trend":"up"},{"period":"2026-03","value":4400,"change_percent":3.1,"trend":"up"},{"period":"2026-04","value":4630,"change_percent":5.2,"trend":"up"},{"period":"2026-05","value":4722,"change_percent":2,"trend":"up"},{"period":"2026-06","value":4920,"change_percent":4.2,"trend":"up"},{"period":"2026-07","value":5076,"change_percent":3.2,"trend":"up"}]'::jsonb);
INSERT INTO public.metric_cards (id,project_id,title,description,category,position_x,position_y,created_by,data) VALUES ('e1b74bf0-e120-43d7-afc0-e8359a62f75c','2c5abb42-c790-477b-988a-0ea9ca72cf54','New Users (cohort)','Cohort size','Data/Metric',-170,1600,'user_30uQARGezqSApAChPSGSwFyUy85','[{"period":"2026-01","value":3701,"change_percent":0,"trend":"neutral"},{"period":"2026-02","value":3854,"change_percent":4.1,"trend":"up"},{"period":"2026-03","value":3943,"change_percent":2.3,"trend":"up"},{"period":"2026-04","value":3945,"change_percent":0.1,"trend":"neutral"},{"period":"2026-05","value":4036,"change_percent":2.3,"trend":"up"},{"period":"2026-06","value":4219,"change_percent":4.5,"trend":"up"},{"period":"2026-07","value":4228,"change_percent":0.2,"trend":"neutral"}]'::jsonb);
INSERT INTO public.metric_cards (id,project_id,title,description,category,position_x,position_y,created_by,data) VALUES ('806ea6a0-1176-4eea-946a-65c2e6acec50','2c5abb42-c790-477b-988a-0ea9ca72cf54','Activated Users','Reached first value','Data/Metric',0,1400,'user_30uQARGezqSApAChPSGSwFyUy85','[{"period":"2026-01","value":3589,"change_percent":0,"trend":"neutral"},{"period":"2026-02","value":3646,"change_percent":1.6,"trend":"up"},{"period":"2026-03","value":3787,"change_percent":3.9,"trend":"up"},{"period":"2026-04","value":3938,"change_percent":4,"trend":"up"},{"period":"2026-05","value":4191,"change_percent":6.4,"trend":"up"},{"period":"2026-06","value":4393,"change_percent":4.8,"trend":"up"},{"period":"2026-07","value":4492,"change_percent":2.3,"trend":"up"}]'::jsonb);
INSERT INTO public.metric_cards (id,project_id,title,description,category,position_x,position_y,created_by,data) VALUES ('2ce86ce4-e081-44ec-a6b2-2bf536f5c566','2c5abb42-c790-477b-988a-0ea9ca72cf54','Activation Rate','Activated ÷ New','Data/Metric',170,1600,'user_30uQARGezqSApAChPSGSwFyUy85','[{"period":"2026-01","value":62.7,"change_percent":0,"trend":"neutral"},{"period":"2026-02","value":68.5,"change_percent":9.3,"trend":"up"},{"period":"2026-03","value":74.6,"change_percent":8.9,"trend":"up"},{"period":"2026-04","value":80.2,"change_percent":7.5,"trend":"up"},{"period":"2026-05","value":85.5,"change_percent":6.6,"trend":"up"},{"period":"2026-06","value":91.9,"change_percent":7.5,"trend":"up"},{"period":"2026-07","value":101,"change_percent":9.9,"trend":"up"}]'::jsonb);
INSERT INTO public.metric_cards (id,project_id,title,description,category,position_x,position_y,created_by,data) VALUES ('4fe9034a-6e87-4c19-8349-86ee9208d44d','2c5abb42-c790-477b-988a-0ea9ca72cf54','D1 Retention','Active day 1','Data/Metric',-170,1200,'user_30uQARGezqSApAChPSGSwFyUy85','[{"period":"2026-01","value":55.4,"change_percent":0,"trend":"neutral"},{"period":"2026-02","value":58.4,"change_percent":5.4,"trend":"up"},{"period":"2026-03","value":60.6,"change_percent":3.8,"trend":"up"},{"period":"2026-04","value":61.5,"change_percent":1.5,"trend":"up"},{"period":"2026-05","value":63.8,"change_percent":3.7,"trend":"up"},{"period":"2026-06","value":67,"change_percent":5,"trend":"up"},{"period":"2026-07","value":70.5,"change_percent":5.2,"trend":"up"}]'::jsonb);
INSERT INTO public.metric_cards (id,project_id,title,description,category,position_x,position_y,created_by,data) VALUES ('71cbed31-6579-43af-9a44-5dc0dd25e71d','2c5abb42-c790-477b-988a-0ea9ca72cf54','D7 Retention','Active day 7','Data/Metric',-170,1000,'user_30uQARGezqSApAChPSGSwFyUy85','[{"period":"2026-01","value":43.1,"change_percent":0,"trend":"neutral"},{"period":"2026-02","value":45.3,"change_percent":5.1,"trend":"up"},{"period":"2026-03","value":46,"change_percent":1.5,"trend":"up"},{"period":"2026-04","value":47.7,"change_percent":3.7,"trend":"up"},{"period":"2026-05","value":49.5,"change_percent":3.8,"trend":"up"},{"period":"2026-06","value":51.1,"change_percent":3.2,"trend":"up"},{"period":"2026-07","value":52.2,"change_percent":2.2,"trend":"up"}]'::jsonb);
INSERT INTO public.metric_cards (id,project_id,title,description,category,position_x,position_y,created_by,data) VALUES ('8a1dd5c9-21db-4b8b-b30e-eddad781c291','2c5abb42-c790-477b-988a-0ea9ca72cf54','D30 Retention','Active day 30','Data/Metric',-170,800,'user_30uQARGezqSApAChPSGSwFyUy85','[{"period":"2026-01","value":6.3,"change_percent":0,"trend":"neutral"},{"period":"2026-02","value":6.4,"change_percent":1.6,"trend":"up"},{"period":"2026-03","value":6.8,"change_percent":6.2,"trend":"up"},{"period":"2026-04","value":7.1,"change_percent":4.4,"trend":"up"},{"period":"2026-05","value":7.4,"change_percent":4.2,"trend":"up"},{"period":"2026-06","value":7.8,"change_percent":5.4,"trend":"up"},{"period":"2026-07","value":8.3,"change_percent":6.4,"trend":"up"}]'::jsonb);
INSERT INTO public.metric_cards (id,project_id,title,description,category,position_x,position_y,created_by,data) VALUES ('49e658a2-a284-447f-a87f-95b3453ddcc6','2c5abb42-c790-477b-988a-0ea9ca72cf54','M3 Retention','Active month 3','Data/Metric',-510,600,'user_30uQARGezqSApAChPSGSwFyUy85','[{"period":"2026-01","value":54.2,"change_percent":0,"trend":"neutral"},{"period":"2026-02","value":56.8,"change_percent":4.8,"trend":"up"},{"period":"2026-03","value":59.7,"change_percent":5.1,"trend":"up"},{"period":"2026-04","value":61.3,"change_percent":2.7,"trend":"up"},{"period":"2026-05","value":63.4,"change_percent":3.4,"trend":"up"},{"period":"2026-06","value":66.2,"change_percent":4.4,"trend":"up"},{"period":"2026-07","value":70,"change_percent":5.7,"trend":"up"}]'::jsonb);
INSERT INTO public.metric_cards (id,project_id,title,description,category,position_x,position_y,created_by,data) VALUES ('2953a157-8705-4c58-a57e-8b91dcb6ec5d','2c5abb42-c790-477b-988a-0ea9ca72cf54','Monthly Churn','Lost users per month','Data/Metric',-340,400,'user_30uQARGezqSApAChPSGSwFyUy85','[{"period":"2026-01","value":11.9,"change_percent":0,"trend":"neutral"},{"period":"2026-02","value":11.3,"change_percent":-5,"trend":"down"},{"period":"2026-03","value":10.4,"change_percent":-8,"trend":"down"},{"period":"2026-04","value":9.6,"change_percent":-7.7,"trend":"down"},{"period":"2026-05","value":9.1,"change_percent":-5.2,"trend":"down"},{"period":"2026-06","value":8.6,"change_percent":-5.5,"trend":"down"},{"period":"2026-07","value":8.2,"change_percent":-4.7,"trend":"down"}]'::jsonb);
INSERT INTO public.metric_cards (id,project_id,title,description,category,position_x,position_y,created_by,data) VALUES ('de268e3b-29e6-40e8-a77d-c2790a562e9d','2c5abb42-c790-477b-988a-0ea9ca72cf54','Resurrection Rate','Reactivated dormant users','Data/Metric',-170,600,'user_30uQARGezqSApAChPSGSwFyUy85','[{"period":"2026-01","value":64.5,"change_percent":0,"trend":"neutral"},{"period":"2026-02","value":67,"change_percent":3.9,"trend":"up"},{"period":"2026-03","value":69.3,"change_percent":3.4,"trend":"up"},{"period":"2026-04","value":71.3,"change_percent":2.9,"trend":"up"},{"period":"2026-05","value":72.8,"change_percent":2.1,"trend":"up"},{"period":"2026-06","value":73.7,"change_percent":1.2,"trend":"up"},{"period":"2026-07","value":74.5,"change_percent":1.1,"trend":"up"}]'::jsonb);
INSERT INTO public.metric_cards (id,project_id,title,description,category,position_x,position_y,created_by,data) VALUES ('0920adc9-bad7-4f91-86cc-8754eaec9a40','2c5abb42-c790-477b-988a-0ea9ca72cf54','Payer Conversion','Free → paid rate','Data/Metric',0,400,'user_30uQARGezqSApAChPSGSwFyUy85','[{"period":"2026-01","value":57.6,"change_percent":0,"trend":"neutral"},{"period":"2026-02","value":60.1,"change_percent":4.3,"trend":"up"},{"period":"2026-03","value":63.6,"change_percent":5.8,"trend":"up"},{"period":"2026-04","value":69.4,"change_percent":9.1,"trend":"up"},{"period":"2026-05","value":74.2,"change_percent":6.9,"trend":"up"},{"period":"2026-06","value":80.9,"change_percent":9,"trend":"up"},{"period":"2026-07","value":88,"change_percent":8.8,"trend":"up"}]'::jsonb);
INSERT INTO public.metric_cards (id,project_id,title,description,category,position_x,position_y,created_by,data) VALUES ('0b72e18d-40a7-4b9f-a220-e53dccafdcc6','2c5abb42-c790-477b-988a-0ea9ca72cf54','Paid ARPU','Revenue per payer','Data/Metric',340,400,'user_30uQARGezqSApAChPSGSwFyUy85','[{"period":"2026-01","value":2014,"change_percent":0,"trend":"neutral"},{"period":"2026-02","value":2095,"change_percent":4,"trend":"up"},{"period":"2026-03","value":2156,"change_percent":2.9,"trend":"up"},{"period":"2026-04","value":2304,"change_percent":6.9,"trend":"up"},{"period":"2026-05","value":2407,"change_percent":4.5,"trend":"up"},{"period":"2026-06","value":2577,"change_percent":7.1,"trend":"up"},{"period":"2026-07","value":2741,"change_percent":6.4,"trend":"up"}]'::jsonb);
INSERT INTO public.metric_cards (id,project_id,title,description,category,position_x,position_y,created_by,data) VALUES ('e589c6a6-9e39-4908-a3cb-3c65090bdba1','2c5abb42-c790-477b-988a-0ea9ca72cf54','Purchase Frequency','Orders per active month','Data/Metric',170,600,'user_30uQARGezqSApAChPSGSwFyUy85','[{"period":"2026-01","value":3624,"change_percent":0,"trend":"neutral"},{"period":"2026-02","value":3980,"change_percent":9.8,"trend":"up"},{"period":"2026-03","value":4369,"change_percent":9.8,"trend":"up"},{"period":"2026-04","value":4658,"change_percent":6.6,"trend":"up"},{"period":"2026-05","value":5126,"change_percent":10,"trend":"up"},{"period":"2026-06","value":5500,"change_percent":7.3,"trend":"up"},{"period":"2026-07","value":5955,"change_percent":8.3,"trend":"up"}]'::jsonb);
INSERT INTO public.metric_cards (id,project_id,title,description,category,position_x,position_y,created_by,data) VALUES ('ac243073-e6b5-40c4-a909-b297266abf43','2c5abb42-c790-477b-988a-0ea9ca72cf54','Core Action / Week','Habit metric','Data/Metric',170,1000,'user_30uQARGezqSApAChPSGSwFyUy85','[{"period":"2026-01","value":4214,"change_percent":0,"trend":"neutral"},{"period":"2026-02","value":4412,"change_percent":4.7,"trend":"up"},{"period":"2026-03","value":4504,"change_percent":2.1,"trend":"up"},{"period":"2026-04","value":4614,"change_percent":2.4,"trend":"up"},{"period":"2026-05","value":4704,"change_percent":2,"trend":"up"},{"period":"2026-06","value":4781,"change_percent":1.6,"trend":"up"},{"period":"2026-07","value":4995,"change_percent":4.5,"trend":"up"}]'::jsonb);
INSERT INTO public.metric_cards (id,project_id,title,description,category,position_x,position_y,created_by,data) VALUES ('9e8c3b23-df3c-4c1b-a1a5-be9fab46cd72','2c5abb42-c790-477b-988a-0ea9ca72cf54','Onboarding Redesign','Lift activation + D1','Work/Action',0,1800,'user_30uQARGezqSApAChPSGSwFyUy85','[]'::jsonb);
INSERT INTO public.metric_cards (id,project_id,title,description,category,position_x,position_y,created_by,data) VALUES ('7e8589b0-93e7-472b-8677-d01de65bee68','2c5abb42-c790-477b-988a-0ea9ca72cf54','Lifecycle Messaging','Win-back + nudges','Work/Action',170,800,'user_30uQARGezqSApAChPSGSwFyUy85','[]'::jsonb);
INSERT INTO public.metric_cards (id,project_id,title,description,category,position_x,position_y,created_by,data) VALUES ('603e94b9-77a5-481e-8604-071622811329','2c5abb42-c790-477b-988a-0ea9ca72cf54','Monetization Experiments','Paywall + pricing','Work/Action',510,600,'user_30uQARGezqSApAChPSGSwFyUy85','[]'::jsonb);
INSERT INTO public.metric_cards (id,project_id,title,description,category,position_x,position_y,created_by,data) VALUES ('7b88065e-7eff-472e-8087-1feed463bcdb','2c5abb42-c790-477b-988a-0ea9ca72cf54','3 core actions in week 1 → 2× M3 retention','','Ideas/Hypothesis',170,1200,'user_30uQARGezqSApAChPSGSwFyUy85','[]'::jsonb);
INSERT INTO public.metric_cards (id,project_id,title,description,category,position_x,position_y,created_by,data) VALUES ('714ea0ec-55a7-478f-9224-89a4b592e7dc','2c5abb42-c790-477b-988a-0ea9ca72cf54','Activation Rate — Projection','Operator output: Activation Rate × 1.1 + live feed','Data/Metric',1750,0,'user_30uQARGezqSApAChPSGSwFyUy85','[{"period":"2026-01","value":169,"change_percent":0,"trend":"neutral"},{"period":"2026-02","value":179,"change_percent":5.9,"trend":"up"},{"period":"2026-03","value":190,"change_percent":6.1,"trend":"up"},{"period":"2026-04","value":200,"change_percent":5.3,"trend":"up"},{"period":"2026-05","value":210,"change_percent":5,"trend":"up"},{"period":"2026-06","value":221,"change_percent":5.2,"trend":"up"},{"period":"2026-07","value":235,"change_percent":6.3,"trend":"up"}]'::jsonb);
INSERT INTO public.relationships (id,project_id,source_id,target_id,type,confidence,weight,created_by) VALUES ('f7964412-f80e-4f53-aafa-6ad53cae8dcd','2c5abb42-c790-477b-988a-0ea9ca72cf54','9c6eb738-cbb0-4dcb-8e4f-3cf8594b32da','235c1c9b-8719-4acb-91b2-97cdeeeddf30','Deterministic','High',85,'user_30uQARGezqSApAChPSGSwFyUy85');
INSERT INTO public.relationships (id,project_id,source_id,target_id,type,confidence,weight,created_by) VALUES ('a4f1bf07-26bd-46d2-a5b5-f36519f21e0b','2c5abb42-c790-477b-988a-0ea9ca72cf54','c7a5f118-a948-44b1-84cb-01062ffd6386','235c1c9b-8719-4acb-91b2-97cdeeeddf30','Deterministic','High',85,'user_30uQARGezqSApAChPSGSwFyUy85');
INSERT INTO public.relationships (id,project_id,source_id,target_id,type,confidence,weight,created_by) VALUES ('d0a24908-a75d-419c-92ba-e9825829441e','2c5abb42-c790-477b-988a-0ea9ca72cf54','2953a157-8705-4c58-a57e-8b91dcb6ec5d','c7a5f118-a948-44b1-84cb-01062ffd6386','Deterministic','High',80,'user_30uQARGezqSApAChPSGSwFyUy85');
INSERT INTO public.relationships (id,project_id,source_id,target_id,type,confidence,weight,created_by) VALUES ('ad2cadda-cd19-4e4a-97d0-4cd540da06e9','2c5abb42-c790-477b-988a-0ea9ca72cf54','e1b74bf0-e120-43d7-afc0-e8359a62f75c','806ea6a0-1176-4eea-946a-65c2e6acec50','Causal','High',70,'user_30uQARGezqSApAChPSGSwFyUy85');
INSERT INTO public.relationships (id,project_id,source_id,target_id,type,confidence,weight,created_by) VALUES ('e33ee8ff-271b-4ed8-9a2b-0f3137e24149','2c5abb42-c790-477b-988a-0ea9ca72cf54','2ce86ce4-e081-44ec-a6b2-2bf536f5c566','806ea6a0-1176-4eea-946a-65c2e6acec50','Deterministic','High',75,'user_30uQARGezqSApAChPSGSwFyUy85');
INSERT INTO public.relationships (id,project_id,source_id,target_id,type,confidence,weight,created_by) VALUES ('f66c8c7d-d862-4fb5-ae9a-a3333532cf05','2c5abb42-c790-477b-988a-0ea9ca72cf54','806ea6a0-1176-4eea-946a-65c2e6acec50','4fe9034a-6e87-4c19-8349-86ee9208d44d','Causal','High',70,'user_30uQARGezqSApAChPSGSwFyUy85');
INSERT INTO public.relationships (id,project_id,source_id,target_id,type,confidence,weight,created_by) VALUES ('22098b96-995e-4df8-afe1-2dd2ea3c5f56','2c5abb42-c790-477b-988a-0ea9ca72cf54','4fe9034a-6e87-4c19-8349-86ee9208d44d','71cbed31-6579-43af-9a44-5dc0dd25e71d','Causal','High',75,'user_30uQARGezqSApAChPSGSwFyUy85');
INSERT INTO public.relationships (id,project_id,source_id,target_id,type,confidence,weight,created_by) VALUES ('033db2dd-6a69-4beb-b5a2-6f2d65c411c9','2c5abb42-c790-477b-988a-0ea9ca72cf54','71cbed31-6579-43af-9a44-5dc0dd25e71d','8a1dd5c9-21db-4b8b-b30e-eddad781c291','Causal','High',75,'user_30uQARGezqSApAChPSGSwFyUy85');
INSERT INTO public.relationships (id,project_id,source_id,target_id,type,confidence,weight,created_by) VALUES ('801a5313-e1c1-4dc9-b614-86eed1853ca3','2c5abb42-c790-477b-988a-0ea9ca72cf54','8a1dd5c9-21db-4b8b-b30e-eddad781c291','49e658a2-a284-447f-a87f-95b3453ddcc6','Causal','High',75,'user_30uQARGezqSApAChPSGSwFyUy85');
INSERT INTO public.relationships (id,project_id,source_id,target_id,type,confidence,weight,created_by) VALUES ('43a4d9fb-2715-4e7d-bb08-d03117a9d843','2c5abb42-c790-477b-988a-0ea9ca72cf54','49e658a2-a284-447f-a87f-95b3453ddcc6','2953a157-8705-4c58-a57e-8b91dcb6ec5d','Causal','High',70,'user_30uQARGezqSApAChPSGSwFyUy85');
INSERT INTO public.relationships (id,project_id,source_id,target_id,type,confidence,weight,created_by) VALUES ('699d5c0a-3ca2-4b22-95d1-135ea7e4fe79','2c5abb42-c790-477b-988a-0ea9ca72cf54','de268e3b-29e6-40e8-a77d-c2790a562e9d','2953a157-8705-4c58-a57e-8b91dcb6ec5d','Causal','High',55,'user_30uQARGezqSApAChPSGSwFyUy85');
INSERT INTO public.relationships (id,project_id,source_id,target_id,type,confidence,weight,created_by) VALUES ('bd485b68-1b14-4f0c-a1ed-4b16e7b81ace','2c5abb42-c790-477b-988a-0ea9ca72cf54','ac243073-e6b5-40c4-a909-b297266abf43','8a1dd5c9-21db-4b8b-b30e-eddad781c291','Causal','High',65,'user_30uQARGezqSApAChPSGSwFyUy85');
INSERT INTO public.relationships (id,project_id,source_id,target_id,type,confidence,weight,created_by) VALUES ('62882412-72a3-4090-8626-f17d1d4cb5b0','2c5abb42-c790-477b-988a-0ea9ca72cf54','0920adc9-bad7-4f91-86cc-8754eaec9a40','9c6eb738-cbb0-4dcb-8e4f-3cf8594b32da','Causal','High',75,'user_30uQARGezqSApAChPSGSwFyUy85');
INSERT INTO public.relationships (id,project_id,source_id,target_id,type,confidence,weight,created_by) VALUES ('8eabdffa-6bf3-453b-bc4f-3c9f05fbbb13','2c5abb42-c790-477b-988a-0ea9ca72cf54','0b72e18d-40a7-4b9f-a220-e53dccafdcc6','9c6eb738-cbb0-4dcb-8e4f-3cf8594b32da','Causal','High',70,'user_30uQARGezqSApAChPSGSwFyUy85');
INSERT INTO public.relationships (id,project_id,source_id,target_id,type,confidence,weight,created_by) VALUES ('cfebf272-0099-468c-a71b-cd3a5dee73e4','2c5abb42-c790-477b-988a-0ea9ca72cf54','e589c6a6-9e39-4908-a3cb-3c65090bdba1','0b72e18d-40a7-4b9f-a220-e53dccafdcc6','Causal','High',60,'user_30uQARGezqSApAChPSGSwFyUy85');
INSERT INTO public.relationships (id,project_id,source_id,target_id,type,confidence,weight,created_by) VALUES ('1f28aa55-39f1-45bc-983b-c709bbc78fe8','2c5abb42-c790-477b-988a-0ea9ca72cf54','9e8c3b23-df3c-4c1b-a1a5-be9fab46cd72','2ce86ce4-e081-44ec-a6b2-2bf536f5c566','Causal','High',75,'user_30uQARGezqSApAChPSGSwFyUy85');
INSERT INTO public.relationships (id,project_id,source_id,target_id,type,confidence,weight,created_by) VALUES ('14e220f9-30f1-40ff-bd99-37d81428a66e','2c5abb42-c790-477b-988a-0ea9ca72cf54','7e8589b0-93e7-472b-8677-d01de65bee68','de268e3b-29e6-40e8-a77d-c2790a562e9d','Causal','High',70,'user_30uQARGezqSApAChPSGSwFyUy85');
INSERT INTO public.relationships (id,project_id,source_id,target_id,type,confidence,weight,created_by) VALUES ('ceba4bbd-3a52-4cd2-b9cb-5a872c2c75e9','2c5abb42-c790-477b-988a-0ea9ca72cf54','603e94b9-77a5-481e-8604-071622811329','0920adc9-bad7-4f91-86cc-8754eaec9a40','Causal','High',70,'user_30uQARGezqSApAChPSGSwFyUy85');
INSERT INTO public.relationships (id,project_id,source_id,target_id,type,confidence,weight,created_by) VALUES ('f8536976-1726-481d-9965-d91f2f91b296','2c5abb42-c790-477b-988a-0ea9ca72cf54','7b88065e-7eff-472e-8087-1feed463bcdb','ac243073-e6b5-40c4-a909-b297266abf43','Probabilistic','High',50,'user_30uQARGezqSApAChPSGSwFyUy85');
INSERT INTO public.groups (id,project_id,name,color,node_ids,position_x,position_y,width,height,created_by) VALUES ('bf9d91db-6be6-4d3f-bae7-880ac6b340f9','2c5abb42-c790-477b-988a-0ea9ca72cf54','Acquisition & Activation','#3b82f6',ARRAY['e1b74bf0-e120-43d7-afc0-e8359a62f75c','806ea6a0-1176-4eea-946a-65c2e6acec50','2ce86ce4-e081-44ec-a6b2-2bf536f5c566']::uuid[],-200,1314,680,486,'user_30uQARGezqSApAChPSGSwFyUy85');
INSERT INTO public.groups (id,project_id,name,color,node_ids,position_x,position_y,width,height,created_by) VALUES ('6a068fb5-24d9-4065-915a-b54165190c3c','2c5abb42-c790-477b-988a-0ea9ca72cf54','Retention Curve','#22c55e',ARRAY['4fe9034a-6e87-4c19-8349-86ee9208d44d','71cbed31-6579-43af-9a44-5dc0dd25e71d','8a1dd5c9-21db-4b8b-b30e-eddad781c291','49e658a2-a284-447f-a87f-95b3453ddcc6','2953a157-8705-4c58-a57e-8b91dcb6ec5d','de268e3b-29e6-40e8-a77d-c2790a562e9d','ac243073-e6b5-40c4-a909-b297266abf43']::uuid[],-540,314,1020,1086,'user_30uQARGezqSApAChPSGSwFyUy85');
INSERT INTO public.groups (id,project_id,name,color,node_ids,position_x,position_y,width,height,created_by) VALUES ('72651feb-7ee0-4794-92d0-9bb026ed6e1f','2c5abb42-c790-477b-988a-0ea9ca72cf54','Monetization','#f59e0b',ARRAY['9c6eb738-cbb0-4dcb-8e4f-3cf8594b32da','0920adc9-bad7-4f91-86cc-8754eaec9a40','0b72e18d-40a7-4b9f-a220-e53dccafdcc6','e589c6a6-9e39-4908-a3cb-3c65090bdba1','c7a5f118-a948-44b1-84cb-01062ffd6386']::uuid[],-200,114,850,686,'user_30uQARGezqSApAChPSGSwFyUy85');
INSERT INTO public.canvas_nodes (id,project_id,node_type,title,position_x,position_y,data,created_by) VALUES ('f8158b32-548d-45ed-aa97-2e896b31de93','2c5abb42-c790-477b-988a-0ea9ca72cf54','whiteboardNode','Label',1030,-170,'{"shape":"text","text":"📊 Live Data Pipeline","fontSize":18,"width":300,"height":96,"fill":"#eef2ff","stroke":"#6366f1"}'::jsonb,'user_30uQARGezqSApAChPSGSwFyUy85');
INSERT INTO public.canvas_nodes (id,project_id,node_type,title,position_x,position_y,data,created_by) VALUES ('db07a862-dc4d-4790-9e13-b887ecdc9f5c','2c5abb42-c790-477b-988a-0ea9ca72cf54','sourceNode','Live Feed',1030,0,'{"title":"Live Feed (new bookings)","config":{"origin":"manual","rows":[{"period":"2026-01","value":100},{"period":"2026-02","value":104},{"period":"2026-03","value":108},{"period":"2026-04","value":112},{"period":"2026-05","value":116},{"period":"2026-06","value":120},{"period":"2026-07","value":124}]},"series":[{"period":"2026-01","value":100,"change_percent":0,"trend":"neutral"},{"period":"2026-02","value":104,"change_percent":4,"trend":"up"},{"period":"2026-03","value":108,"change_percent":3.8,"trend":"up"},{"period":"2026-04","value":112,"change_percent":3.7,"trend":"up"},{"period":"2026-05","value":116,"change_percent":3.6,"trend":"up"},{"period":"2026-06","value":120,"change_percent":3.4,"trend":"up"},{"period":"2026-07","value":124,"change_percent":3.3,"trend":"up"}],"refreshedAt":"2026-07-02T22:34:41.526Z"}'::jsonb,'user_30uQARGezqSApAChPSGSwFyUy85');
INSERT INTO public.canvas_nodes (id,project_id,node_type,title,position_x,position_y,data,created_by) VALUES ('a9f68cf8-ee47-4e7e-a0df-9190df21c1f7','2c5abb42-c790-477b-988a-0ea9ca72cf54','operatorNode','Projection',1390,0,'{"label":"Projection (a × 1.1 + feed)","operationType":"formula","isActive":true,"formula":"a * 1.1 + b","inputs":[{"key":"a","sourceId":"2ce86ce4-e081-44ec-a6b2-2bf536f5c566","label":"Activation Rate"},{"key":"b","sourceId":"db07a862-dc4d-4790-9e13-b887ecdc9f5c","label":"Live feed"}]}'::jsonb,'user_30uQARGezqSApAChPSGSwFyUy85');
INSERT INTO public.canvas_nodes (id,project_id,node_type,title,position_x,position_y,data,created_by) VALUES ('5ed8fde0-76c6-4d0a-bb9a-6f7056c8b4a5','2c5abb42-c790-477b-988a-0ea9ca72cf54','chartNode','Actual vs Projection',2130,0,'{"chartType":"area","title":"Actual vs Projection","seriesCardIds":["2ce86ce4-e081-44ec-a6b2-2bf536f5c566","714ea0ec-55a7-478f-9224-89a4b592e7dc"],"showLegend":true}'::jsonb,'user_30uQARGezqSApAChPSGSwFyUy85');
INSERT INTO public.canvas_nodes (id,project_id,node_type,title,position_x,position_y,data,created_by) VALUES ('0c7f0de4-df72-425b-851d-f0ef877c50da','2c5abb42-c790-477b-988a-0ea9ca72cf54','commentNode','Pipeline',1030,260,'{"title":"Live pipeline: Source → Operator → Card → Chart. Edit the Source, then Run Simulation.","projectId":"2c5abb42-c790-477b-988a-0ea9ca72cf54"}'::jsonb,'user_30uQARGezqSApAChPSGSwFyUy85');

COMMIT;
