-- Example metric trees (SaaS / E-commerce / Retail). Owner: user_30uQARGezqSApAChPSGSwFyUy85
-- Re-runnable: deletes prior projects with the same names (cascade) first.
BEGIN;

DELETE FROM public.projects WHERE created_by='user_30uQARGezqSApAChPSGSwFyUy85' AND name='SaaS — Example Metric Tree';
DELETE FROM public.tracked_metrics WHERE created_by='user_30uQARGezqSApAChPSGSwFyUy85' AND name='Revenue (ARR) — SaaS';
INSERT INTO public.projects (id,name,description,created_by,last_modified_by,is_public,tags,settings) VALUES ('34d5c80b-5b1a-4f27-9892-2cf1a5ab6715','SaaS — Example Metric Tree','Decomposition of profit for a B2B SaaS: ARR/MRR movements, acquisition funnel, channels (incl. social), unit economics, and cost structure.','user_30uQARGezqSApAChPSGSwFyUy85','user_30uQARGezqSApAChPSGSwFyUy85',true,ARRAY['example','template'],'{"dataFlowEdges":[{"id":"96fc64c0-9fa3-46c3-a5f8-191a8087db1f","source":"400c9810-21f8-4e1b-8c36-826534e6b11e","target":"4d09dff7-d6b1-4629-85ff-da9848dddfac","type":"dataFlow"},{"id":"d60a2ac5-c75f-42c1-840f-1448d0472f4b","source":"3d7fa261-0426-402e-b676-e09523b0ccfc","target":"4d09dff7-d6b1-4629-85ff-da9848dddfac","type":"dataFlow"},{"id":"a0eea949-6a79-4f02-af66-8c7f9994e977","source":"4d09dff7-d6b1-4629-85ff-da9848dddfac","target":"d43e529a-5268-4134-b1a2-3e7dfe6c9b3f","type":"dataFlow"},{"id":"85cd8d58-8152-423c-9764-176abe9b21f8","source":"3d7fa261-0426-402e-b676-e09523b0ccfc","target":"e8bd8b07-b40f-4b3d-84c3-d4de450c2c18","type":"dataFlow"},{"id":"fef380c0-dc34-4788-b17f-f2f97520e218","source":"d43e529a-5268-4134-b1a2-3e7dfe6c9b3f","target":"e8bd8b07-b40f-4b3d-84c3-d4de450c2c18","type":"dataFlow"}]}'::jsonb);
INSERT INTO public.tracked_metrics (id,name,state,unit,formula,owner_label,source_kind,origin_card_id,origin_project_id,created_by) VALUES ('dae8ffc8-8e3c-45f4-96a7-859f5ba22392','Revenue (ARR) — SaaS','tracked','USD',NULL,'Growth','manual','3d7fa261-0426-402e-b676-e09523b0ccfc','34d5c80b-5b1a-4f27-9892-2cf1a5ab6715','user_30uQARGezqSApAChPSGSwFyUy85');
INSERT INTO public.metric_cards (id,project_id,title,description,category,sub_category,status,workflow,tracked_metric_id,position_x,position_y,created_by,data) VALUES ('561abd00-9879-49a7-9341-8fad51240022','34d5c80b-5b1a-4f27-9892-2cf1a5ab6715','Profit','Revenue − Total Costs','Core/Value','Critical Path',NULL,'{"businessImpact":"High"}'::jsonb,NULL,0,0,'user_30uQARGezqSApAChPSGSwFyUy85','[{"period":"2026-01","value":197436,"change_percent":0,"trend":"neutral"},{"period":"2026-02","value":215398,"change_percent":9.1,"trend":"up"},{"period":"2026-03","value":230410,"change_percent":7,"trend":"up"},{"period":"2026-04","value":251153,"change_percent":9,"trend":"up"},{"period":"2026-05","value":266483,"change_percent":6.1,"trend":"up"},{"period":"2026-06","value":289804,"change_percent":8.8,"trend":"up"},{"period":"2026-07","value":319736,"change_percent":10.3,"trend":"up"}]'::jsonb);
INSERT INTO public.metric_cards (id,project_id,title,description,category,sub_category,status,workflow,tracked_metric_id,position_x,position_y,created_by,data) VALUES ('3d7fa261-0426-402e-b676-e09523b0ccfc','34d5c80b-5b1a-4f27-9892-2cf1a5ab6715','Revenue (ARR)','MRR × 12','Data/Metric',NULL,NULL,'{}'::jsonb,'dae8ffc8-8e3c-45f4-96a7-859f5ba22392',-1190,200,'user_30uQARGezqSApAChPSGSwFyUy85','[{"period":"2026-01","value":182581,"change_percent":0,"trend":"neutral"},{"period":"2026-02","value":188938,"change_percent":3.5,"trend":"up"},{"period":"2026-03","value":198195,"change_percent":4.9,"trend":"up"},{"period":"2026-04","value":201463,"change_percent":1.6,"trend":"up"},{"period":"2026-05","value":208383,"change_percent":3.4,"trend":"up"},{"period":"2026-06","value":214178,"change_percent":2.8,"trend":"up"},{"period":"2026-07","value":220811,"change_percent":3.1,"trend":"up"}]'::jsonb);
INSERT INTO public.metric_cards (id,project_id,title,description,category,sub_category,status,workflow,tracked_metric_id,position_x,position_y,created_by,data) VALUES ('5446b9e7-f476-40be-a2cf-d2cf3ddc4d92','34d5c80b-5b1a-4f27-9892-2cf1a5ab6715','MRR','Monthly Recurring Revenue','Data/Metric',NULL,NULL,'{}'::jsonb,NULL,-680,400,'user_30uQARGezqSApAChPSGSwFyUy85','[{"period":"2026-01","value":473542,"change_percent":0,"trend":"neutral"},{"period":"2026-02","value":498540,"change_percent":5.3,"trend":"up"},{"period":"2026-03","value":513136,"change_percent":2.9,"trend":"up"},{"period":"2026-04","value":542112,"change_percent":5.6,"trend":"up"},{"period":"2026-05","value":557758,"change_percent":2.9,"trend":"up"},{"period":"2026-06","value":573547,"change_percent":2.8,"trend":"up"},{"period":"2026-07","value":592821,"change_percent":3.4,"trend":"up"}]'::jsonb);
INSERT INTO public.metric_cards (id,project_id,title,description,category,sub_category,status,workflow,tracked_metric_id,position_x,position_y,created_by,data) VALUES ('69f8c8c8-2808-4abc-a40d-b74fbc55a9bf','34d5c80b-5b1a-4f27-9892-2cf1a5ab6715','New MRR','New Customers × ARPA','Data/Metric',NULL,NULL,'{}'::jsonb,NULL,-1020,600,'user_30uQARGezqSApAChPSGSwFyUy85','[{"period":"2026-01","value":53940,"change_percent":0,"trend":"neutral"},{"period":"2026-02","value":54840,"change_percent":1.7,"trend":"up"},{"period":"2026-03","value":55051,"change_percent":0.4,"trend":"neutral"},{"period":"2026-04","value":57076,"change_percent":3.7,"trend":"up"},{"period":"2026-05","value":57293,"change_percent":0.4,"trend":"neutral"},{"period":"2026-06","value":59393,"change_percent":3.7,"trend":"up"},{"period":"2026-07","value":59817,"change_percent":0.7,"trend":"neutral"}]'::jsonb);
INSERT INTO public.metric_cards (id,project_id,title,description,category,sub_category,status,workflow,tracked_metric_id,position_x,position_y,created_by,data) VALUES ('e5d0fe55-b4dc-49d0-8a66-886602726a3c','34d5c80b-5b1a-4f27-9892-2cf1a5ab6715','Expansion MRR','Upsell + cross-sell','Data/Metric',NULL,NULL,'{}'::jsonb,NULL,-680,600,'user_30uQARGezqSApAChPSGSwFyUy85','[{"period":"2026-01","value":257642,"change_percent":0,"trend":"neutral"},{"period":"2026-02","value":267785,"change_percent":3.9,"trend":"up"},{"period":"2026-03","value":285202,"change_percent":6.5,"trend":"up"},{"period":"2026-04","value":293113,"change_percent":2.8,"trend":"up"},{"period":"2026-05","value":311194,"change_percent":6.2,"trend":"up"},{"period":"2026-06","value":332379,"change_percent":6.8,"trend":"up"},{"period":"2026-07","value":341684,"change_percent":2.8,"trend":"up"}]'::jsonb);
INSERT INTO public.metric_cards (id,project_id,title,description,category,sub_category,status,workflow,tracked_metric_id,position_x,position_y,created_by,data) VALUES ('328b60e5-427f-4da8-acc8-d98386af0704','34d5c80b-5b1a-4f27-9892-2cf1a5ab6715','Reactivation MRR','','Data/Metric',NULL,NULL,'{}'::jsonb,NULL,-340,600,'user_30uQARGezqSApAChPSGSwFyUy85','[{"period":"2026-01","value":281476,"change_percent":0,"trend":"neutral"},{"period":"2026-02","value":298745,"change_percent":6.1,"trend":"up"},{"period":"2026-03","value":307065,"change_percent":2.8,"trend":"up"},{"period":"2026-04","value":319950,"change_percent":4.2,"trend":"up"},{"period":"2026-05","value":342186,"change_percent":6.9,"trend":"up"},{"period":"2026-06","value":352468,"change_percent":3,"trend":"up"},{"period":"2026-07","value":373808,"change_percent":6.1,"trend":"up"}]'::jsonb);
INSERT INTO public.metric_cards (id,project_id,title,description,category,sub_category,status,workflow,tracked_metric_id,position_x,position_y,created_by,data) VALUES ('76bcf4c6-065a-48cf-a5f9-c51a375332a2','34d5c80b-5b1a-4f27-9892-2cf1a5ab6715','Churned MRR','Lost recurring revenue','Data/Metric',NULL,NULL,'{}'::jsonb,NULL,0,600,'user_30uQARGezqSApAChPSGSwFyUy85','[{"period":"2026-01","value":25.4,"change_percent":0,"trend":"neutral"},{"period":"2026-02","value":24.3,"change_percent":-4.3,"trend":"down"},{"period":"2026-03","value":22.8,"change_percent":-6.2,"trend":"down"},{"period":"2026-04","value":21.5,"change_percent":-5.7,"trend":"down"},{"period":"2026-05","value":20.7,"change_percent":-3.7,"trend":"down"},{"period":"2026-06","value":19.3,"change_percent":-6.8,"trend":"down"},{"period":"2026-07","value":17.7,"change_percent":-8.3,"trend":"down"}]'::jsonb);
INSERT INTO public.metric_cards (id,project_id,title,description,category,sub_category,status,workflow,tracked_metric_id,position_x,position_y,created_by,data) VALUES ('85103420-7f6e-40a2-a0f8-4c273c70bba7','34d5c80b-5b1a-4f27-9892-2cf1a5ab6715','Contraction MRR','Downgrades','Data/Metric',NULL,NULL,'{}'::jsonb,NULL,340,600,'user_30uQARGezqSApAChPSGSwFyUy85','[{"period":"2026-01","value":641203,"change_percent":0,"trend":"neutral"},{"period":"2026-02","value":623479,"change_percent":-2.8,"trend":"down"},{"period":"2026-03","value":599591,"change_percent":-3.8,"trend":"down"},{"period":"2026-04","value":566723,"change_percent":-5.5,"trend":"down"},{"period":"2026-05","value":548945,"change_percent":-3.1,"trend":"down"},{"period":"2026-06","value":541466,"change_percent":-1.4,"trend":"down"},{"period":"2026-07","value":530570,"change_percent":-2,"trend":"down"}]'::jsonb);
INSERT INTO public.metric_cards (id,project_id,title,description,category,sub_category,status,workflow,tracked_metric_id,position_x,position_y,created_by,data) VALUES ('01ae2b27-ec40-4ebc-a50e-087b843f04f6','34d5c80b-5b1a-4f27-9892-2cf1a5ab6715','New Customers','Trials × Trial→Paid','Data/Metric',NULL,NULL,'{}'::jsonb,NULL,-340,800,'user_30uQARGezqSApAChPSGSwFyUy85','[{"period":"2026-01","value":66459,"change_percent":0,"trend":"neutral"},{"period":"2026-02","value":67608,"change_percent":1.7,"trend":"up"},{"period":"2026-03","value":68227,"change_percent":0.9,"trend":"neutral"},{"period":"2026-04","value":69243,"change_percent":1.5,"trend":"up"},{"period":"2026-05","value":69832,"change_percent":0.9,"trend":"neutral"},{"period":"2026-06","value":71715,"change_percent":2.7,"trend":"up"},{"period":"2026-07","value":73159,"change_percent":2,"trend":"up"}]'::jsonb);
INSERT INTO public.metric_cards (id,project_id,title,description,category,sub_category,status,workflow,tracked_metric_id,position_x,position_y,created_by,data) VALUES ('e69c23e1-96d2-4dd8-aaaa-0f236ebd119f','34d5c80b-5b1a-4f27-9892-2cf1a5ab6715','ARPA','Avg revenue per account','Data/Metric',NULL,NULL,'{}'::jsonb,NULL,0,800,'user_30uQARGezqSApAChPSGSwFyUy85','[{"period":"2026-01","value":543352,"change_percent":0,"trend":"neutral"},{"period":"2026-02","value":553688,"change_percent":1.9,"trend":"up"},{"period":"2026-03","value":564490,"change_percent":2,"trend":"up"},{"period":"2026-04","value":584322,"change_percent":3.5,"trend":"up"},{"period":"2026-05","value":607759,"change_percent":4,"trend":"up"},{"period":"2026-06","value":633585,"change_percent":4.2,"trend":"up"},{"period":"2026-07","value":651690,"change_percent":2.9,"trend":"up"}]'::jsonb);
INSERT INTO public.metric_cards (id,project_id,title,description,category,sub_category,status,workflow,tracked_metric_id,position_x,position_y,created_by,data) VALUES ('f0bc45b0-7b49-4ef6-a76a-d010cc1fd94a','34d5c80b-5b1a-4f27-9892-2cf1a5ab6715','Avg Price','','Data/Metric',NULL,NULL,'{}'::jsonb,NULL,-850,1000,'user_30uQARGezqSApAChPSGSwFyUy85','[{"period":"2026-01","value":612192,"change_percent":0,"trend":"neutral"},{"period":"2026-02","value":630136,"change_percent":2.9,"trend":"up"},{"period":"2026-03","value":641373,"change_percent":1.8,"trend":"up"},{"period":"2026-04","value":657044,"change_percent":2.4,"trend":"up"},{"period":"2026-05","value":680364,"change_percent":3.5,"trend":"up"},{"period":"2026-06","value":711282,"change_percent":4.5,"trend":"up"},{"period":"2026-07","value":736513,"change_percent":3.5,"trend":"up"}]'::jsonb);
INSERT INTO public.metric_cards (id,project_id,title,description,category,sub_category,status,workflow,tracked_metric_id,position_x,position_y,created_by,data) VALUES ('a373d192-4ab1-4668-b2ec-3462cfe4cd0b','34d5c80b-5b1a-4f27-9892-2cf1a5ab6715','Avg Seats / Account','','Data/Metric',NULL,NULL,'{}'::jsonb,NULL,-510,1000,'user_30uQARGezqSApAChPSGSwFyUy85','[{"period":"2026-01","value":48931,"change_percent":0,"trend":"neutral"},{"period":"2026-02","value":50497,"change_percent":3.2,"trend":"up"},{"period":"2026-03","value":51953,"change_percent":2.9,"trend":"up"},{"period":"2026-04","value":55111,"change_percent":6.1,"trend":"up"},{"period":"2026-05","value":56822,"change_percent":3.1,"trend":"up"},{"period":"2026-06","value":60641,"change_percent":6.7,"trend":"up"},{"period":"2026-07","value":61799,"change_percent":1.9,"trend":"up"}]'::jsonb);
INSERT INTO public.metric_cards (id,project_id,title,description,category,sub_category,status,workflow,tracked_metric_id,position_x,position_y,created_by,data) VALUES ('04d9bb7f-48cc-4fa4-bafe-c27c3a2d4413','34d5c80b-5b1a-4f27-9892-2cf1a5ab6715','Trials Started','MQLs × Lead→Trial','Data/Metric',NULL,NULL,'{}'::jsonb,NULL,-170,1000,'user_30uQARGezqSApAChPSGSwFyUy85','[{"period":"2026-01","value":18571,"change_percent":0,"trend":"neutral"},{"period":"2026-02","value":20105,"change_percent":8.3,"trend":"up"},{"period":"2026-03","value":21279,"change_percent":5.8,"trend":"up"},{"period":"2026-04","value":23022,"change_percent":8.2,"trend":"up"},{"period":"2026-05","value":24819,"change_percent":7.8,"trend":"up"},{"period":"2026-06","value":26788,"change_percent":7.9,"trend":"up"},{"period":"2026-07","value":28815,"change_percent":7.6,"trend":"up"}]'::jsonb);
INSERT INTO public.metric_cards (id,project_id,title,description,category,sub_category,status,workflow,tracked_metric_id,position_x,position_y,created_by,data) VALUES ('97c5d812-70ad-46f6-a8a4-a18c85e45825','34d5c80b-5b1a-4f27-9892-2cf1a5ab6715','Trial→Paid Conversion %','','Data/Metric',NULL,NULL,'{}'::jsonb,NULL,170,1000,'user_30uQARGezqSApAChPSGSwFyUy85','[{"period":"2026-01","value":22,"change_percent":0,"trend":"neutral"},{"period":"2026-02","value":23.8,"change_percent":8.2,"trend":"up"},{"period":"2026-03","value":25.8,"change_percent":8.4,"trend":"up"},{"period":"2026-04","value":27.6,"change_percent":7,"trend":"up"},{"period":"2026-05","value":29.9,"change_percent":8.3,"trend":"up"},{"period":"2026-06","value":31.5,"change_percent":5.4,"trend":"up"},{"period":"2026-07","value":34.1,"change_percent":8.3,"trend":"up"}]'::jsonb);
INSERT INTO public.metric_cards (id,project_id,title,description,category,sub_category,status,workflow,tracked_metric_id,position_x,position_y,created_by,data) VALUES ('ed24ca42-1b80-4391-9525-461352c1ac75','34d5c80b-5b1a-4f27-9892-2cf1a5ab6715','Marketing Qualified Leads','Visitors × Visitor→Lead','Data/Metric',NULL,NULL,'{}'::jsonb,NULL,-510,1200,'user_30uQARGezqSApAChPSGSwFyUy85','[{"period":"2026-01","value":45226,"change_percent":0,"trend":"neutral"},{"period":"2026-02","value":47571,"change_percent":5.2,"trend":"up"},{"period":"2026-03","value":50486,"change_percent":6.1,"trend":"up"},{"period":"2026-04","value":55389,"change_percent":9.7,"trend":"up"},{"period":"2026-05","value":59239,"change_percent":7,"trend":"up"},{"period":"2026-06","value":63864,"change_percent":7.8,"trend":"up"},{"period":"2026-07","value":68912,"change_percent":7.9,"trend":"up"}]'::jsonb);
INSERT INTO public.metric_cards (id,project_id,title,description,category,sub_category,status,workflow,tracked_metric_id,position_x,position_y,created_by,data) VALUES ('24597490-7955-404a-8465-372bedee6846','34d5c80b-5b1a-4f27-9892-2cf1a5ab6715','Visitor→Lead %','','Data/Metric',NULL,NULL,'{}'::jsonb,NULL,-170,1200,'user_30uQARGezqSApAChPSGSwFyUy85','[{"period":"2026-01","value":7.9,"change_percent":0,"trend":"neutral"},{"period":"2026-02","value":8.5,"change_percent":7.6,"trend":"up"},{"period":"2026-03","value":9.1,"change_percent":7.1,"trend":"up"},{"period":"2026-04","value":9.6,"change_percent":5.5,"trend":"up"},{"period":"2026-05","value":10.1,"change_percent":5.2,"trend":"up"},{"period":"2026-06","value":10.6,"change_percent":5,"trend":"up"},{"period":"2026-07","value":11.3,"change_percent":6.6,"trend":"up"}]'::jsonb);
INSERT INTO public.metric_cards (id,project_id,title,description,category,sub_category,status,workflow,tracked_metric_id,position_x,position_y,created_by,data) VALUES ('8ac31496-be08-407b-bf02-13c154e6757a','34d5c80b-5b1a-4f27-9892-2cf1a5ab6715','Website Visitors','Sum of channels','Data/Metric',NULL,NULL,'{}'::jsonb,NULL,0,1400,'user_30uQARGezqSApAChPSGSwFyUy85','[{"period":"2026-01","value":85947,"change_percent":0,"trend":"neutral"},{"period":"2026-02","value":88200,"change_percent":2.6,"trend":"up"},{"period":"2026-03","value":93177,"change_percent":5.6,"trend":"up"},{"period":"2026-04","value":94825,"change_percent":1.8,"trend":"up"},{"period":"2026-05","value":99170,"change_percent":4.6,"trend":"up"},{"period":"2026-06","value":104780,"change_percent":5.7,"trend":"up"},{"period":"2026-07","value":110177,"change_percent":5.2,"trend":"up"}]'::jsonb);
INSERT INTO public.metric_cards (id,project_id,title,description,category,sub_category,status,workflow,tracked_metric_id,position_x,position_y,created_by,data) VALUES ('75d6fa38-24ea-4dc7-ba21-f19312e86f31','34d5c80b-5b1a-4f27-9892-2cf1a5ab6715','Organic / SEO Traffic','','Data/Metric',NULL,NULL,'{}'::jsonb,NULL,-850,1600,'user_30uQARGezqSApAChPSGSwFyUy85','[{"period":"2026-01","value":45142,"change_percent":0,"trend":"neutral"},{"period":"2026-02","value":47750,"change_percent":5.8,"trend":"up"},{"period":"2026-03","value":51140,"change_percent":7.1,"trend":"up"},{"period":"2026-04","value":53088,"change_percent":3.8,"trend":"up"},{"period":"2026-05","value":57113,"change_percent":7.6,"trend":"up"},{"period":"2026-06","value":60193,"change_percent":5.4,"trend":"up"},{"period":"2026-07","value":63539,"change_percent":5.6,"trend":"up"}]'::jsonb);
INSERT INTO public.metric_cards (id,project_id,title,description,category,sub_category,status,workflow,tracked_metric_id,position_x,position_y,created_by,data) VALUES ('011d9328-0e6c-4a2e-863d-32b17790a610','34d5c80b-5b1a-4f27-9892-2cf1a5ab6715','Paid Search Traffic','Ad Spend / CPC','Data/Metric',NULL,NULL,'{}'::jsonb,NULL,-510,1600,'user_30uQARGezqSApAChPSGSwFyUy85','[{"period":"2026-01","value":61929,"change_percent":0,"trend":"neutral"},{"period":"2026-02","value":66980,"change_percent":8.2,"trend":"up"},{"period":"2026-03","value":73353,"change_percent":9.5,"trend":"up"},{"period":"2026-04","value":78510,"change_percent":7,"trend":"up"},{"period":"2026-05","value":85808,"change_percent":9.3,"trend":"up"},{"period":"2026-06","value":91644,"change_percent":6.8,"trend":"up"},{"period":"2026-07","value":98271,"change_percent":7.2,"trend":"up"}]'::jsonb);
INSERT INTO public.metric_cards (id,project_id,title,description,category,sub_category,status,workflow,tracked_metric_id,position_x,position_y,created_by,data) VALUES ('968a9c1b-0e22-49ec-9e45-3d7cebb765af','34d5c80b-5b1a-4f27-9892-2cf1a5ab6715','Social Media Traffic','Reach × CTR','Data/Metric',NULL,NULL,'{}'::jsonb,NULL,-170,1600,'user_30uQARGezqSApAChPSGSwFyUy85','[{"period":"2026-01","value":6629,"change_percent":0,"trend":"neutral"},{"period":"2026-02","value":7001,"change_percent":5.6,"trend":"up"},{"period":"2026-03","value":7432,"change_percent":6.2,"trend":"up"},{"period":"2026-04","value":7881,"change_percent":6,"trend":"up"},{"period":"2026-05","value":8415,"change_percent":6.8,"trend":"up"},{"period":"2026-06","value":8767,"change_percent":4.2,"trend":"up"},{"period":"2026-07","value":9146,"change_percent":4.3,"trend":"up"}]'::jsonb);
INSERT INTO public.metric_cards (id,project_id,title,description,category,sub_category,status,workflow,tracked_metric_id,position_x,position_y,created_by,data) VALUES ('ceed2055-25ad-4108-a625-804b2456554f','34d5c80b-5b1a-4f27-9892-2cf1a5ab6715','Referral Traffic','','Data/Metric',NULL,NULL,'{}'::jsonb,NULL,170,1600,'user_30uQARGezqSApAChPSGSwFyUy85','[{"period":"2026-01","value":29782,"change_percent":0,"trend":"neutral"},{"period":"2026-02","value":31115,"change_percent":4.5,"trend":"up"},{"period":"2026-03","value":32533,"change_percent":4.6,"trend":"up"},{"period":"2026-04","value":34443,"change_percent":5.9,"trend":"up"},{"period":"2026-05","value":36544,"change_percent":6.1,"trend":"up"},{"period":"2026-06","value":38549,"change_percent":5.5,"trend":"up"},{"period":"2026-07","value":41116,"change_percent":6.7,"trend":"up"}]'::jsonb);
INSERT INTO public.metric_cards (id,project_id,title,description,category,sub_category,status,workflow,tracked_metric_id,position_x,position_y,created_by,data) VALUES ('d2626796-d7d0-4269-ae72-b44f03a3a0b9','34d5c80b-5b1a-4f27-9892-2cf1a5ab6715','Direct Traffic','','Data/Metric',NULL,NULL,'{}'::jsonb,NULL,510,1600,'user_30uQARGezqSApAChPSGSwFyUy85','[{"period":"2026-01","value":55799,"change_percent":0,"trend":"neutral"},{"period":"2026-02","value":58997,"change_percent":5.7,"trend":"up"},{"period":"2026-03","value":63667,"change_percent":7.9,"trend":"up"},{"period":"2026-04","value":67987,"change_percent":6.8,"trend":"up"},{"period":"2026-05","value":73569,"change_percent":8.2,"trend":"up"},{"period":"2026-06","value":79171,"change_percent":7.6,"trend":"up"},{"period":"2026-07","value":85785,"change_percent":8.4,"trend":"up"}]'::jsonb);
INSERT INTO public.metric_cards (id,project_id,title,description,category,sub_category,status,workflow,tracked_metric_id,position_x,position_y,created_by,data) VALUES ('8b4c7b42-ea20-4beb-b153-d291fb3806ad','34d5c80b-5b1a-4f27-9892-2cf1a5ab6715','Email Traffic','','Data/Metric',NULL,NULL,'{}'::jsonb,NULL,850,1600,'user_30uQARGezqSApAChPSGSwFyUy85','[{"period":"2026-01","value":64044,"change_percent":0,"trend":"neutral"},{"period":"2026-02","value":67854,"change_percent":5.9,"trend":"up"},{"period":"2026-03","value":69318,"change_percent":2.2,"trend":"up"},{"period":"2026-04","value":72261,"change_percent":4.2,"trend":"up"},{"period":"2026-05","value":74018,"change_percent":2.4,"trend":"up"},{"period":"2026-06","value":75106,"change_percent":1.5,"trend":"up"},{"period":"2026-07","value":76508,"change_percent":1.9,"trend":"up"}]'::jsonb);
INSERT INTO public.metric_cards (id,project_id,title,description,category,sub_category,status,workflow,tracked_metric_id,position_x,position_y,created_by,data) VALUES ('5d915b88-6141-4162-aef1-1c5f821205f6','34d5c80b-5b1a-4f27-9892-2cf1a5ab6715','Social Reach / Followers','','Data/Metric',NULL,NULL,'{}'::jsonb,NULL,-850,1800,'user_30uQARGezqSApAChPSGSwFyUy85','[{"period":"2026-01","value":73462,"change_percent":0,"trend":"neutral"},{"period":"2026-02","value":78269,"change_percent":6.5,"trend":"up"},{"period":"2026-03","value":83439,"change_percent":6.6,"trend":"up"},{"period":"2026-04","value":90205,"change_percent":8.1,"trend":"up"},{"period":"2026-05","value":96408,"change_percent":6.9,"trend":"up"},{"period":"2026-06","value":102592,"change_percent":6.4,"trend":"up"},{"period":"2026-07","value":109916,"change_percent":7.1,"trend":"up"}]'::jsonb);
INSERT INTO public.metric_cards (id,project_id,title,description,category,sub_category,status,workflow,tracked_metric_id,position_x,position_y,created_by,data) VALUES ('ac6d61b8-f366-4a3f-92c1-53269e13fcae','34d5c80b-5b1a-4f27-9892-2cf1a5ab6715','Social Engagement Rate','','Data/Metric',NULL,NULL,'{}'::jsonb,NULL,-510,1800,'user_30uQARGezqSApAChPSGSwFyUy85','[{"period":"2026-01","value":12.6,"change_percent":0,"trend":"neutral"},{"period":"2026-02","value":13,"change_percent":3.2,"trend":"up"},{"period":"2026-03","value":13.4,"change_percent":3.1,"trend":"up"},{"period":"2026-04","value":13.5,"change_percent":0.7,"trend":"neutral"},{"period":"2026-05","value":13.9,"change_percent":3,"trend":"up"},{"period":"2026-06","value":14.5,"change_percent":4.3,"trend":"up"},{"period":"2026-07","value":14.8,"change_percent":2.1,"trend":"up"}]'::jsonb);
INSERT INTO public.metric_cards (id,project_id,title,description,category,sub_category,status,workflow,tracked_metric_id,position_x,position_y,created_by,data) VALUES ('f2487d73-db5e-4a31-ae95-6ad0ea946528','34d5c80b-5b1a-4f27-9892-2cf1a5ab6715','Content Cadence (posts/wk)','','Data/Metric',NULL,NULL,'{}'::jsonb,NULL,0,2000,'user_30uQARGezqSApAChPSGSwFyUy85','[{"period":"2026-01","value":1467,"change_percent":0,"trend":"neutral"},{"period":"2026-02","value":1560,"change_percent":6.3,"trend":"up"},{"period":"2026-03","value":1623,"change_percent":4,"trend":"up"},{"period":"2026-04","value":1703,"change_percent":4.9,"trend":"up"},{"period":"2026-05","value":1786,"change_percent":4.9,"trend":"up"},{"period":"2026-06","value":1822,"change_percent":2,"trend":"up"},{"period":"2026-07","value":1916,"change_percent":5.2,"trend":"up"}]'::jsonb);
INSERT INTO public.metric_cards (id,project_id,title,description,category,sub_category,status,workflow,tracked_metric_id,position_x,position_y,created_by,data) VALUES ('b6d0fca5-a7f2-4a8b-8df8-28301b808cff','34d5c80b-5b1a-4f27-9892-2cf1a5ab6715','Ad Spend','','Data/Metric',NULL,NULL,'{}'::jsonb,NULL,-170,1800,'user_30uQARGezqSApAChPSGSwFyUy85','[{"period":"2026-01","value":126014,"change_percent":0,"trend":"neutral"},{"period":"2026-02","value":134738,"change_percent":6.9,"trend":"up"},{"period":"2026-03","value":140855,"change_percent":4.5,"trend":"up"},{"period":"2026-04","value":144794,"change_percent":2.8,"trend":"up"},{"period":"2026-05","value":154836,"change_percent":6.9,"trend":"up"},{"period":"2026-06","value":160237,"change_percent":3.5,"trend":"up"},{"period":"2026-07","value":168103,"change_percent":4.9,"trend":"up"}]'::jsonb);
INSERT INTO public.metric_cards (id,project_id,title,description,category,sub_category,status,workflow,tracked_metric_id,position_x,position_y,created_by,data) VALUES ('b8a82e51-e11b-4110-aaa2-b17530e548da','34d5c80b-5b1a-4f27-9892-2cf1a5ab6715','CPC','','Data/Metric',NULL,NULL,'{}'::jsonb,NULL,170,1800,'user_30uQARGezqSApAChPSGSwFyUy85','[{"period":"2026-01","value":3381,"change_percent":0,"trend":"neutral"},{"period":"2026-02","value":3577,"change_percent":5.8,"trend":"up"},{"period":"2026-03","value":3702,"change_percent":3.5,"trend":"up"},{"period":"2026-04","value":3771,"change_percent":1.9,"trend":"up"},{"period":"2026-05","value":3914,"change_percent":3.8,"trend":"up"},{"period":"2026-06","value":4037,"change_percent":3.1,"trend":"up"},{"period":"2026-07","value":4132,"change_percent":2.4,"trend":"up"}]'::jsonb);
INSERT INTO public.metric_cards (id,project_id,title,description,category,sub_category,status,workflow,tracked_metric_id,position_x,position_y,created_by,data) VALUES ('c4b261e4-1dc8-4554-9cbc-7939e6b9daa0','34d5c80b-5b1a-4f27-9892-2cf1a5ab6715','Customer Churn Rate','','Data/Metric',NULL,NULL,'{}'::jsonb,NULL,340,800,'user_30uQARGezqSApAChPSGSwFyUy85','[{"period":"2026-01","value":57.8,"change_percent":0,"trend":"neutral"},{"period":"2026-02","value":53.8,"change_percent":-6.9,"trend":"down"},{"period":"2026-03","value":50.7,"change_percent":-5.8,"trend":"down"},{"period":"2026-04","value":46.9,"change_percent":-7.5,"trend":"down"},{"period":"2026-05","value":42.9,"change_percent":-8.5,"trend":"down"},{"period":"2026-06","value":38.6,"change_percent":-10,"trend":"down"},{"period":"2026-07","value":35.4,"change_percent":-8.3,"trend":"down"}]'::jsonb);
INSERT INTO public.metric_cards (id,project_id,title,description,category,sub_category,status,workflow,tracked_metric_id,position_x,position_y,created_by,data) VALUES ('bbbc0ecc-eef1-448e-adab-1ca1241bbe86','34d5c80b-5b1a-4f27-9892-2cf1a5ab6715','Net Revenue Retention','','Data/Metric',NULL,NULL,'{}'::jsonb,NULL,-850,200,'user_30uQARGezqSApAChPSGSwFyUy85','[{"period":"2026-01","value":25.3,"change_percent":0,"trend":"neutral"},{"period":"2026-02","value":26.5,"change_percent":4.7,"trend":"up"},{"period":"2026-03","value":28.5,"change_percent":7.5,"trend":"up"},{"period":"2026-04","value":30.7,"change_percent":7.7,"trend":"up"},{"period":"2026-05","value":32.7,"change_percent":6.5,"trend":"up"},{"period":"2026-06","value":33.9,"change_percent":3.7,"trend":"up"},{"period":"2026-07","value":35.7,"change_percent":5.3,"trend":"up"}]'::jsonb);
INSERT INTO public.metric_cards (id,project_id,title,description,category,sub_category,status,workflow,tracked_metric_id,position_x,position_y,created_by,data) VALUES ('3b62bf31-f2f4-4048-9df9-4327d688af95','34d5c80b-5b1a-4f27-9892-2cf1a5ab6715','CAC','S&M / New Customers','Data/Metric',NULL,NULL,'{}'::jsonb,NULL,-510,200,'user_30uQARGezqSApAChPSGSwFyUy85','[{"period":"2026-01","value":788202,"change_percent":0,"trend":"neutral"},{"period":"2026-02","value":744720,"change_percent":-5.5,"trend":"down"},{"period":"2026-03","value":700537,"change_percent":-5.9,"trend":"down"},{"period":"2026-04","value":673049,"change_percent":-3.9,"trend":"down"},{"period":"2026-05","value":648682,"change_percent":-3.6,"trend":"down"},{"period":"2026-06","value":609957,"change_percent":-6,"trend":"down"},{"period":"2026-07","value":579231,"change_percent":-5,"trend":"down"}]'::jsonb);
INSERT INTO public.metric_cards (id,project_id,title,description,category,sub_category,status,workflow,tracked_metric_id,position_x,position_y,created_by,data) VALUES ('f5964a40-551b-4cac-8522-13e7c4049848','34d5c80b-5b1a-4f27-9892-2cf1a5ab6715','LTV','ARPA × GM% / churn','Data/Metric',NULL,NULL,'{}'::jsonb,NULL,-170,200,'user_30uQARGezqSApAChPSGSwFyUy85','[{"period":"2026-01","value":497544,"change_percent":0,"trend":"neutral"},{"period":"2026-02","value":528434,"change_percent":6.2,"trend":"up"},{"period":"2026-03","value":558434,"change_percent":5.7,"trend":"up"},{"period":"2026-04","value":599605,"change_percent":7.4,"trend":"up"},{"period":"2026-05","value":631902,"change_percent":5.4,"trend":"up"},{"period":"2026-06","value":675140,"change_percent":6.8,"trend":"up"},{"period":"2026-07","value":738114,"change_percent":9.3,"trend":"up"}]'::jsonb);
INSERT INTO public.metric_cards (id,project_id,title,description,category,sub_category,status,workflow,tracked_metric_id,position_x,position_y,created_by,data) VALUES ('b85bf1c5-f9fd-4684-b9a7-71a29a4f3890','34d5c80b-5b1a-4f27-9892-2cf1a5ab6715','LTV : CAC','','Data/Metric',NULL,NULL,'{}'::jsonb,NULL,170,200,'user_30uQARGezqSApAChPSGSwFyUy85','[{"period":"2026-01","value":426310,"change_percent":0,"trend":"neutral"},{"period":"2026-02","value":418755,"change_percent":-1.8,"trend":"down"},{"period":"2026-03","value":415973,"change_percent":-0.7,"trend":"neutral"},{"period":"2026-04","value":404939,"change_percent":-2.7,"trend":"down"},{"period":"2026-05","value":405536,"change_percent":0.1,"trend":"neutral"},{"period":"2026-06","value":403108,"change_percent":-0.6,"trend":"neutral"},{"period":"2026-07","value":395929,"change_percent":-1.8,"trend":"down"}]'::jsonb);
INSERT INTO public.metric_cards (id,project_id,title,description,category,sub_category,status,workflow,tracked_metric_id,position_x,position_y,created_by,data) VALUES ('e69eaf7b-6be5-47ba-9fc1-4e756f7f7778','34d5c80b-5b1a-4f27-9892-2cf1a5ab6715','CAC Payback (months)','','Data/Metric',NULL,NULL,'{}'::jsonb,NULL,510,200,'user_30uQARGezqSApAChPSGSwFyUy85','[{"period":"2026-01","value":481828,"change_percent":0,"trend":"neutral"},{"period":"2026-02","value":454992,"change_percent":-5.6,"trend":"down"},{"period":"2026-03","value":421703,"change_percent":-7.3,"trend":"down"},{"period":"2026-04","value":389028,"change_percent":-7.7,"trend":"down"},{"period":"2026-05","value":365104,"change_percent":-6.1,"trend":"down"},{"period":"2026-06","value":343409,"change_percent":-5.9,"trend":"down"},{"period":"2026-07","value":331301,"change_percent":-3.5,"trend":"down"}]'::jsonb);
INSERT INTO public.metric_cards (id,project_id,title,description,category,sub_category,status,workflow,tracked_metric_id,position_x,position_y,created_by,data) VALUES ('d5b9c60d-d8fe-4dd2-98e7-d8354c1d1ca2','34d5c80b-5b1a-4f27-9892-2cf1a5ab6715','Gross Margin %','','Data/Metric',NULL,NULL,'{}'::jsonb,NULL,850,200,'user_30uQARGezqSApAChPSGSwFyUy85','[{"period":"2026-01","value":26.6,"change_percent":0,"trend":"neutral"},{"period":"2026-02","value":28.1,"change_percent":5.6,"trend":"up"},{"period":"2026-03","value":29.9,"change_percent":6.4,"trend":"up"},{"period":"2026-04","value":32.3,"change_percent":8,"trend":"up"},{"period":"2026-05","value":35.1,"change_percent":8.7,"trend":"up"},{"period":"2026-06","value":37.8,"change_percent":7.7,"trend":"up"},{"period":"2026-07","value":40.3,"change_percent":6.6,"trend":"up"}]'::jsonb);
INSERT INTO public.metric_cards (id,project_id,title,description,category,sub_category,status,workflow,tracked_metric_id,position_x,position_y,created_by,data) VALUES ('8ec4e887-119f-48f4-b157-434829600788','34d5c80b-5b1a-4f27-9892-2cf1a5ab6715','Total Costs','COGS + S&M + R&D + G&A','Data/Metric',NULL,NULL,'{}'::jsonb,NULL,1190,200,'user_30uQARGezqSApAChPSGSwFyUy85','[{"period":"2026-01","value":234167,"change_percent":0,"trend":"neutral"},{"period":"2026-02","value":228029,"change_percent":-2.6,"trend":"down"},{"period":"2026-03","value":223364,"change_percent":-2,"trend":"down"},{"period":"2026-04","value":217572,"change_percent":-2.6,"trend":"down"},{"period":"2026-05","value":208011,"change_percent":-4.4,"trend":"down"},{"period":"2026-06","value":202357,"change_percent":-2.7,"trend":"down"},{"period":"2026-07","value":196462,"change_percent":-2.9,"trend":"down"}]'::jsonb);
INSERT INTO public.metric_cards (id,project_id,title,description,category,sub_category,status,workflow,tracked_metric_id,position_x,position_y,created_by,data) VALUES ('e8349eaf-a386-48a5-877b-c6f61dea5de1','34d5c80b-5b1a-4f27-9892-2cf1a5ab6715','COGS','Hosting + Support','Data/Metric',NULL,NULL,'{}'::jsonb,NULL,-340,400,'user_30uQARGezqSApAChPSGSwFyUy85','[{"period":"2026-01","value":193868,"change_percent":0,"trend":"neutral"},{"period":"2026-02","value":182511,"change_percent":-5.9,"trend":"down"},{"period":"2026-03","value":171645,"change_percent":-6,"trend":"down"},{"period":"2026-04","value":160500,"change_percent":-6.5,"trend":"down"},{"period":"2026-05","value":146831,"change_percent":-8.5,"trend":"down"},{"period":"2026-06","value":137699,"change_percent":-6.2,"trend":"down"},{"period":"2026-07","value":130470,"change_percent":-5.2,"trend":"down"}]'::jsonb);
INSERT INTO public.metric_cards (id,project_id,title,description,category,sub_category,status,workflow,tracked_metric_id,position_x,position_y,created_by,data) VALUES ('9f41d339-c507-45cb-87f4-3d76ef2d6928','34d5c80b-5b1a-4f27-9892-2cf1a5ab6715','Hosting / Infra','','Data/Metric',NULL,NULL,'{}'::jsonb,NULL,680,600,'user_30uQARGezqSApAChPSGSwFyUy85','[{"period":"2026-01","value":1351,"change_percent":0,"trend":"neutral"},{"period":"2026-02","value":1428,"change_percent":5.7,"trend":"up"},{"period":"2026-03","value":1493,"change_percent":4.6,"trend":"up"},{"period":"2026-04","value":1527,"change_percent":2.3,"trend":"up"},{"period":"2026-05","value":1576,"change_percent":3.2,"trend":"up"},{"period":"2026-06","value":1653,"change_percent":4.9,"trend":"up"},{"period":"2026-07","value":1700,"change_percent":2.8,"trend":"up"}]'::jsonb);
INSERT INTO public.metric_cards (id,project_id,title,description,category,sub_category,status,workflow,tracked_metric_id,position_x,position_y,created_by,data) VALUES ('e643682e-bdae-4c9c-975e-66f8c336cb8f','34d5c80b-5b1a-4f27-9892-2cf1a5ab6715','Support Cost','','Data/Metric',NULL,NULL,'{}'::jsonb,NULL,1020,600,'user_30uQARGezqSApAChPSGSwFyUy85','[{"period":"2026-01","value":349998,"change_percent":0,"trend":"neutral"},{"period":"2026-02","value":339669,"change_percent":-3,"trend":"down"},{"period":"2026-03","value":328654,"change_percent":-3.2,"trend":"down"},{"period":"2026-04","value":326259,"change_percent":-0.7,"trend":"neutral"},{"period":"2026-05","value":323017,"change_percent":-1,"trend":"neutral"},{"period":"2026-06","value":308853,"change_percent":-4.4,"trend":"down"},{"period":"2026-07","value":299840,"change_percent":-2.9,"trend":"down"}]'::jsonb);
INSERT INTO public.metric_cards (id,project_id,title,description,category,sub_category,status,workflow,tracked_metric_id,position_x,position_y,created_by,data) VALUES ('f4225c37-f4c2-4902-945a-4a4e93ccbe4e','34d5c80b-5b1a-4f27-9892-2cf1a5ab6715','Sales & Marketing','','Data/Metric',NULL,NULL,'{}'::jsonb,NULL,0,400,'user_30uQARGezqSApAChPSGSwFyUy85','[{"period":"2026-01","value":2678,"change_percent":0,"trend":"neutral"},{"period":"2026-02","value":2922,"change_percent":9.1,"trend":"up"},{"period":"2026-03","value":3099,"change_percent":6.1,"trend":"up"},{"period":"2026-04","value":3251,"change_percent":4.9,"trend":"up"},{"period":"2026-05","value":3425,"change_percent":5.4,"trend":"up"},{"period":"2026-06","value":3646,"change_percent":6.5,"trend":"up"},{"period":"2026-07","value":3836,"change_percent":5.2,"trend":"up"}]'::jsonb);
INSERT INTO public.metric_cards (id,project_id,title,description,category,sub_category,status,workflow,tracked_metric_id,position_x,position_y,created_by,data) VALUES ('90711e42-ef6a-4bc6-98d6-2c2093c10751','34d5c80b-5b1a-4f27-9892-2cf1a5ab6715','R&D','','Data/Metric',NULL,NULL,'{}'::jsonb,NULL,340,400,'user_30uQARGezqSApAChPSGSwFyUy85','[{"period":"2026-01","value":2826,"change_percent":0,"trend":"neutral"},{"period":"2026-02","value":2983,"change_percent":5.6,"trend":"up"},{"period":"2026-03","value":3189,"change_percent":6.9,"trend":"up"},{"period":"2026-04","value":3369,"change_percent":5.6,"trend":"up"},{"period":"2026-05","value":3583,"change_percent":6.4,"trend":"up"},{"period":"2026-06","value":3784,"change_percent":5.6,"trend":"up"},{"period":"2026-07","value":3935,"change_percent":4,"trend":"up"}]'::jsonb);
INSERT INTO public.metric_cards (id,project_id,title,description,category,sub_category,status,workflow,tracked_metric_id,position_x,position_y,created_by,data) VALUES ('1ccfc36f-426a-46a3-b1bc-5f754bc551eb','34d5c80b-5b1a-4f27-9892-2cf1a5ab6715','G&A','','Data/Metric',NULL,NULL,'{}'::jsonb,NULL,680,400,'user_30uQARGezqSApAChPSGSwFyUy85','[{"period":"2026-01","value":2081,"change_percent":0,"trend":"neutral"},{"period":"2026-02","value":2213,"change_percent":6.3,"trend":"up"},{"period":"2026-03","value":2306,"change_percent":4.2,"trend":"up"},{"period":"2026-04","value":2390,"change_percent":3.6,"trend":"up"},{"period":"2026-05","value":2541,"change_percent":6.3,"trend":"up"},{"period":"2026-06","value":2613,"change_percent":2.8,"trend":"up"},{"period":"2026-07","value":2699,"change_percent":3.3,"trend":"up"}]'::jsonb);
INSERT INTO public.metric_cards (id,project_id,title,description,category,sub_category,status,workflow,tracked_metric_id,position_x,position_y,created_by,data) VALUES ('8b9b9c22-7cdf-49c5-bf10-2dbcf7105731','34d5c80b-5b1a-4f27-9892-2cf1a5ab6715','Launch content/SEO program','','Work/Action','Experiment','in_progress','{"priority":"High","dueDate":"2026-07-17","effort":3}'::jsonb,NULL,510,1800,'user_30uQARGezqSApAChPSGSwFyUy85','[]'::jsonb);
INSERT INTO public.metric_cards (id,project_id,title,description,category,sub_category,status,workflow,tracked_metric_id,position_x,position_y,created_by,data) VALUES ('ccf5dd61-f7fb-416e-bc18-a97bb1567296','34d5c80b-5b1a-4f27-9892-2cf1a5ab6715','Improve onboarding flow','','Work/Action','Initiative','planning','{"priority":"Medium","dueDate":"2026-08-07","effort":7}'::jsonb,NULL,170,1200,'user_30uQARGezqSApAChPSGSwFyUy85','[]'::jsonb);
INSERT INTO public.metric_cards (id,project_id,title,description,category,sub_category,status,workflow,tracked_metric_id,position_x,position_y,created_by,data) VALUES ('50d04cef-0169-4e41-8124-998a88228838','34d5c80b-5b1a-4f27-9892-2cf1a5ab6715','Customer success program','','Work/Action','BAU','backlog','{"priority":"Low","dueDate":"2026-08-28","effort":11}'::jsonb,NULL,510,1000,'user_30uQARGezqSApAChPSGSwFyUy85','[]'::jsonb);
INSERT INTO public.metric_cards (id,project_id,title,description,category,sub_category,status,workflow,tracked_metric_id,position_x,position_y,created_by,data) VALUES ('0f12e43f-49fe-47f0-a7ee-0e3ae35c9f10','34d5c80b-5b1a-4f27-9892-2cf1a5ab6715','Referral program','','Work/Action','Experiment','done','{"priority":"High","dueDate":"2026-09-18","effort":15}'::jsonb,NULL,850,1800,'user_30uQARGezqSApAChPSGSwFyUy85','[]'::jsonb);
INSERT INTO public.metric_cards (id,project_id,title,description,category,sub_category,status,workflow,tracked_metric_id,position_x,position_y,created_by,data) VALUES ('29a9707d-d415-4ad7-817f-d25f758bfc27','34d5c80b-5b1a-4f27-9892-2cf1a5ab6715','Annual billing reduces churn','','Ideas/Hypothesis','Factor','backlog','{"confidence":"High","testable":true,"assumptions":["Annual billing reduces churn holds for the core segment"],"successCriteria":["Statistically significant lift within one quarter"]}'::jsonb,NULL,850,1000,'user_30uQARGezqSApAChPSGSwFyUy85','[]'::jsonb);
INSERT INTO public.metric_cards (id,project_id,title,description,category,sub_category,status,workflow,tracked_metric_id,position_x,position_y,created_by,data) VALUES ('a0eaae8e-02a8-4f83-b59a-4cae73cc0bfa','34d5c80b-5b1a-4f27-9892-2cf1a5ab6715','Self-serve trial lifts conversion','','Ideas/Hypothesis','Factor','planning','{"confidence":"Medium","testable":true,"assumptions":["Self-serve trial lifts conversion holds for the core segment"],"successCriteria":["Statistically significant lift within one quarter"]}'::jsonb,NULL,510,1200,'user_30uQARGezqSApAChPSGSwFyUy85','[]'::jsonb);
INSERT INTO public.metric_cards (id,project_id,title,description,category,sub_category,status,workflow,tracked_metric_id,position_x,position_y,created_by,data) VALUES ('35f19e9e-fc68-495e-a773-5b341091da8c','34d5c80b-5b1a-4f27-9892-2cf1a5ab6715','Acquire','Traffic → leads → trials','Core/Value','Journey Step',NULL,'{"businessImpact":"High","stakeholders":["Growth","Product"]}'::jsonb,NULL,-2160,-380,'user_30uQARGezqSApAChPSGSwFyUy85','[]'::jsonb);
INSERT INTO public.metric_cards (id,project_id,title,description,category,sub_category,status,workflow,tracked_metric_id,position_x,position_y,created_by,data) VALUES ('bdd19311-71a5-48ba-9c3c-a48b5b8e3323','34d5c80b-5b1a-4f27-9892-2cf1a5ab6715','Activate','Trials become paying customers','Core/Value','Journey Step',NULL,'{"businessImpact":"High","stakeholders":["Growth","Product"]}'::jsonb,NULL,-1440,-380,'user_30uQARGezqSApAChPSGSwFyUy85','[]'::jsonb);
INSERT INTO public.metric_cards (id,project_id,title,description,category,sub_category,status,workflow,tracked_metric_id,position_x,position_y,created_by,data) VALUES ('26ad8bc4-8dd2-4f7f-bd98-61a43f5b7d5f','34d5c80b-5b1a-4f27-9892-2cf1a5ab6715','Retain & Expand','Keep and grow accounts','Core/Value','Journey Step',NULL,'{"businessImpact":"Medium","stakeholders":["Growth","Product"]}'::jsonb,NULL,-720,-380,'user_30uQARGezqSApAChPSGSwFyUy85','[]'::jsonb);
INSERT INTO public.metric_cards (id,project_id,title,description,category,sub_category,status,workflow,tracked_metric_id,position_x,position_y,created_by,data) VALUES ('d43e529a-5268-4134-b1a2-3e7dfe6c9b3f','34d5c80b-5b1a-4f27-9892-2cf1a5ab6715','Revenue (ARR) — Projection','Operator output: Revenue (ARR) × 1.1 + live feed','Data/Metric',NULL,NULL,'{}'::jsonb,NULL,2430,0,'user_30uQARGezqSApAChPSGSwFyUy85','[{"period":"2026-01","value":211880,"change_percent":0,"trend":"neutral"},{"period":"2026-02","value":219315,"change_percent":3.5,"trend":"up"},{"period":"2026-03","value":229939,"change_percent":4.8,"trend":"up"},{"period":"2026-04","value":233975,"change_percent":1.8,"trend":"up"},{"period":"2026-05","value":242029,"change_percent":3.4,"trend":"up"},{"period":"2026-06","value":248845,"change_percent":2.8,"trend":"up"},{"period":"2026-07","value":256583,"change_percent":3.1,"trend":"up"}]'::jsonb);
INSERT INTO public.metric_values (id,tracked_metric_id,period,value,change_percent,trend,source,created_by) VALUES ('cd01ff80-07ef-4a76-acdd-a2c07c8979fa','dae8ffc8-8e3c-45f4-96a7-859f5ba22392','2026-01',182581,0,'neutral','seed','user_30uQARGezqSApAChPSGSwFyUy85');
INSERT INTO public.metric_values (id,tracked_metric_id,period,value,change_percent,trend,source,created_by) VALUES ('cd571641-22ac-4afb-89a6-d533a0bcd0ae','dae8ffc8-8e3c-45f4-96a7-859f5ba22392','2026-02',188938,3.5,'up','seed','user_30uQARGezqSApAChPSGSwFyUy85');
INSERT INTO public.metric_values (id,tracked_metric_id,period,value,change_percent,trend,source,created_by) VALUES ('b2677a74-69b3-4da4-97de-39ac58779f58','dae8ffc8-8e3c-45f4-96a7-859f5ba22392','2026-03',198195,4.9,'up','seed','user_30uQARGezqSApAChPSGSwFyUy85');
INSERT INTO public.metric_values (id,tracked_metric_id,period,value,change_percent,trend,source,created_by) VALUES ('5e2ead94-3086-41d5-9f78-3251d1041b35','dae8ffc8-8e3c-45f4-96a7-859f5ba22392','2026-04',201463,1.6,'up','seed','user_30uQARGezqSApAChPSGSwFyUy85');
INSERT INTO public.metric_values (id,tracked_metric_id,period,value,change_percent,trend,source,created_by) VALUES ('695d441d-cef4-4a4b-835a-7cd505d3a8b5','dae8ffc8-8e3c-45f4-96a7-859f5ba22392','2026-05',208383,3.4,'up','seed','user_30uQARGezqSApAChPSGSwFyUy85');
INSERT INTO public.metric_values (id,tracked_metric_id,period,value,change_percent,trend,source,created_by) VALUES ('e04c7bfb-b7d7-4d1d-9aaa-6a2ec2b2e53e','dae8ffc8-8e3c-45f4-96a7-859f5ba22392','2026-06',214178,2.8,'up','seed','user_30uQARGezqSApAChPSGSwFyUy85');
INSERT INTO public.metric_values (id,tracked_metric_id,period,value,change_percent,trend,source,created_by) VALUES ('eeae8a3d-a170-4869-946b-527d12a886df','dae8ffc8-8e3c-45f4-96a7-859f5ba22392','2026-07',220811,3.1,'up','seed','user_30uQARGezqSApAChPSGSwFyUy85');
INSERT INTO public.relationships (id,project_id,source_id,target_id,type,confidence,weight,created_by) VALUES ('d389a26b-5f88-4719-965b-41cd3625ad50','34d5c80b-5b1a-4f27-9892-2cf1a5ab6715','3d7fa261-0426-402e-b676-e09523b0ccfc','561abd00-9879-49a7-9341-8fad51240022','Compositional','High',95,'user_30uQARGezqSApAChPSGSwFyUy85');
INSERT INTO public.relationships (id,project_id,source_id,target_id,type,confidence,weight,created_by) VALUES ('24cbfe4d-5b4c-4d47-8e83-269b07f77dc4','34d5c80b-5b1a-4f27-9892-2cf1a5ab6715','8ec4e887-119f-48f4-b157-434829600788','561abd00-9879-49a7-9341-8fad51240022','Compositional','High',90,'user_30uQARGezqSApAChPSGSwFyUy85');
INSERT INTO public.relationships (id,project_id,source_id,target_id,type,confidence,weight,created_by) VALUES ('41adc362-4c5e-4d7d-8186-2ffdf3fce77f','34d5c80b-5b1a-4f27-9892-2cf1a5ab6715','d5b9c60d-d8fe-4dd2-98e7-d8354c1d1ca2','561abd00-9879-49a7-9341-8fad51240022','Causal','High',70,'user_30uQARGezqSApAChPSGSwFyUy85');
INSERT INTO public.relationships (id,project_id,source_id,target_id,type,confidence,weight,created_by) VALUES ('cd20b4b7-0b7d-4476-bae9-76ea69bf2df7','34d5c80b-5b1a-4f27-9892-2cf1a5ab6715','5446b9e7-f476-40be-a2cf-d2cf3ddc4d92','3d7fa261-0426-402e-b676-e09523b0ccfc','Deterministic','High',95,'user_30uQARGezqSApAChPSGSwFyUy85');
INSERT INTO public.relationships (id,project_id,source_id,target_id,type,confidence,weight,created_by) VALUES ('6ad81eb8-8fb0-402c-a846-897c476f509a','34d5c80b-5b1a-4f27-9892-2cf1a5ab6715','69f8c8c8-2808-4abc-a40d-b74fbc55a9bf','5446b9e7-f476-40be-a2cf-d2cf3ddc4d92','Compositional','High',80,'user_30uQARGezqSApAChPSGSwFyUy85');
INSERT INTO public.relationships (id,project_id,source_id,target_id,type,confidence,weight,created_by) VALUES ('74dd3923-e038-43c5-a19b-7c998c3882e3','34d5c80b-5b1a-4f27-9892-2cf1a5ab6715','e5d0fe55-b4dc-49d0-8a66-886602726a3c','5446b9e7-f476-40be-a2cf-d2cf3ddc4d92','Compositional','High',70,'user_30uQARGezqSApAChPSGSwFyUy85');
INSERT INTO public.relationships (id,project_id,source_id,target_id,type,confidence,weight,created_by) VALUES ('7ea32cac-d8b8-4da4-8ddf-2bdfbd26f60b','34d5c80b-5b1a-4f27-9892-2cf1a5ab6715','328b60e5-427f-4da8-acc8-d98386af0704','5446b9e7-f476-40be-a2cf-d2cf3ddc4d92','Compositional','High',40,'user_30uQARGezqSApAChPSGSwFyUy85');
INSERT INTO public.relationships (id,project_id,source_id,target_id,type,confidence,weight,created_by) VALUES ('c992d23e-2773-468d-ae90-69f2e2ad5e9d','34d5c80b-5b1a-4f27-9892-2cf1a5ab6715','76bcf4c6-065a-48cf-a5f9-c51a375332a2','5446b9e7-f476-40be-a2cf-d2cf3ddc4d92','Compositional','High',75,'user_30uQARGezqSApAChPSGSwFyUy85');
INSERT INTO public.relationships (id,project_id,source_id,target_id,type,confidence,weight,created_by) VALUES ('b4b0f769-928d-4cab-9cf4-45cff4132278','34d5c80b-5b1a-4f27-9892-2cf1a5ab6715','85103420-7f6e-40a2-a0f8-4c273c70bba7','5446b9e7-f476-40be-a2cf-d2cf3ddc4d92','Compositional','High',50,'user_30uQARGezqSApAChPSGSwFyUy85');
INSERT INTO public.relationships (id,project_id,source_id,target_id,type,confidence,weight,created_by) VALUES ('b893aa32-6a72-4ec1-9962-49d5130abf7b','34d5c80b-5b1a-4f27-9892-2cf1a5ab6715','01ae2b27-ec40-4ebc-a50e-087b843f04f6','69f8c8c8-2808-4abc-a40d-b74fbc55a9bf','Deterministic','High',90,'user_30uQARGezqSApAChPSGSwFyUy85');
INSERT INTO public.relationships (id,project_id,source_id,target_id,type,confidence,weight,created_by) VALUES ('aa0855d4-f5a7-49f7-b645-8b4d42cc9c9b','34d5c80b-5b1a-4f27-9892-2cf1a5ab6715','e69c23e1-96d2-4dd8-aaaa-0f236ebd119f','69f8c8c8-2808-4abc-a40d-b74fbc55a9bf','Deterministic','High',80,'user_30uQARGezqSApAChPSGSwFyUy85');
INSERT INTO public.relationships (id,project_id,source_id,target_id,type,confidence,weight,created_by) VALUES ('9a2563e9-0f32-429b-86c7-412095f024d9','34d5c80b-5b1a-4f27-9892-2cf1a5ab6715','f0bc45b0-7b49-4ef6-a76a-d010cc1fd94a','e69c23e1-96d2-4dd8-aaaa-0f236ebd119f','Deterministic','High',80,'user_30uQARGezqSApAChPSGSwFyUy85');
INSERT INTO public.relationships (id,project_id,source_id,target_id,type,confidence,weight,created_by) VALUES ('2bae8810-a374-4a3c-9376-52b6bccc4a85','34d5c80b-5b1a-4f27-9892-2cf1a5ab6715','a373d192-4ab1-4668-b2ec-3462cfe4cd0b','e69c23e1-96d2-4dd8-aaaa-0f236ebd119f','Deterministic','High',70,'user_30uQARGezqSApAChPSGSwFyUy85');
INSERT INTO public.relationships (id,project_id,source_id,target_id,type,confidence,weight,created_by) VALUES ('1be61c18-3a30-4b6e-a649-19f6655009dd','34d5c80b-5b1a-4f27-9892-2cf1a5ab6715','04d9bb7f-48cc-4fa4-bafe-c27c3a2d4413','01ae2b27-ec40-4ebc-a50e-087b843f04f6','Deterministic','High',85,'user_30uQARGezqSApAChPSGSwFyUy85');
INSERT INTO public.relationships (id,project_id,source_id,target_id,type,confidence,weight,created_by) VALUES ('d42ef2d5-fbe8-4bbb-b60b-e912f713cf1e','34d5c80b-5b1a-4f27-9892-2cf1a5ab6715','97c5d812-70ad-46f6-a8a4-a18c85e45825','01ae2b27-ec40-4ebc-a50e-087b843f04f6','Probabilistic','High',80,'user_30uQARGezqSApAChPSGSwFyUy85');
INSERT INTO public.relationships (id,project_id,source_id,target_id,type,confidence,weight,created_by) VALUES ('fe30f964-db49-4e61-a472-766dc0fc2f9a','34d5c80b-5b1a-4f27-9892-2cf1a5ab6715','ed24ca42-1b80-4391-9525-461352c1ac75','04d9bb7f-48cc-4fa4-bafe-c27c3a2d4413','Deterministic','High',80,'user_30uQARGezqSApAChPSGSwFyUy85');
INSERT INTO public.relationships (id,project_id,source_id,target_id,type,confidence,weight,created_by) VALUES ('f7d2bbe2-8397-4bd2-8c68-f218e5184ca6','34d5c80b-5b1a-4f27-9892-2cf1a5ab6715','24597490-7955-404a-8465-372bedee6846','04d9bb7f-48cc-4fa4-bafe-c27c3a2d4413','Probabilistic','High',70,'user_30uQARGezqSApAChPSGSwFyUy85');
INSERT INTO public.relationships (id,project_id,source_id,target_id,type,confidence,weight,created_by) VALUES ('7f8740d6-819d-43c1-a5fa-dffcd7c9eb16','34d5c80b-5b1a-4f27-9892-2cf1a5ab6715','8ac31496-be08-407b-bf02-13c154e6757a','ed24ca42-1b80-4391-9525-461352c1ac75','Deterministic','High',85,'user_30uQARGezqSApAChPSGSwFyUy85');
INSERT INTO public.relationships (id,project_id,source_id,target_id,type,confidence,weight,created_by) VALUES ('4bd01d22-0278-4809-8c0f-998a5f370532','34d5c80b-5b1a-4f27-9892-2cf1a5ab6715','75d6fa38-24ea-4dc7-ba21-f19312e86f31','8ac31496-be08-407b-bf02-13c154e6757a','Compositional','High',70,'user_30uQARGezqSApAChPSGSwFyUy85');
INSERT INTO public.relationships (id,project_id,source_id,target_id,type,confidence,weight,created_by) VALUES ('bb35e55a-9dce-4aa9-bbac-820521069a39','34d5c80b-5b1a-4f27-9892-2cf1a5ab6715','011d9328-0e6c-4a2e-863d-32b17790a610','8ac31496-be08-407b-bf02-13c154e6757a','Compositional','High',65,'user_30uQARGezqSApAChPSGSwFyUy85');
INSERT INTO public.relationships (id,project_id,source_id,target_id,type,confidence,weight,created_by) VALUES ('1c1a007a-cbae-4960-9f24-3a383ee00651','34d5c80b-5b1a-4f27-9892-2cf1a5ab6715','968a9c1b-0e22-49ec-9e45-3d7cebb765af','8ac31496-be08-407b-bf02-13c154e6757a','Compositional','High',55,'user_30uQARGezqSApAChPSGSwFyUy85');
INSERT INTO public.relationships (id,project_id,source_id,target_id,type,confidence,weight,created_by) VALUES ('70eb1c7e-4da3-43bd-99a1-14398e906e51','34d5c80b-5b1a-4f27-9892-2cf1a5ab6715','ceed2055-25ad-4108-a625-804b2456554f','8ac31496-be08-407b-bf02-13c154e6757a','Compositional','High',45,'user_30uQARGezqSApAChPSGSwFyUy85');
INSERT INTO public.relationships (id,project_id,source_id,target_id,type,confidence,weight,created_by) VALUES ('d7ad41a7-d0d3-47a7-b1e5-680870c30f77','34d5c80b-5b1a-4f27-9892-2cf1a5ab6715','d2626796-d7d0-4269-ae72-b44f03a3a0b9','8ac31496-be08-407b-bf02-13c154e6757a','Compositional','High',50,'user_30uQARGezqSApAChPSGSwFyUy85');
INSERT INTO public.relationships (id,project_id,source_id,target_id,type,confidence,weight,created_by) VALUES ('3f6a51d0-8ce9-4103-a4aa-9c23c5077145','34d5c80b-5b1a-4f27-9892-2cf1a5ab6715','8b4c7b42-ea20-4beb-b153-d291fb3806ad','8ac31496-be08-407b-bf02-13c154e6757a','Compositional','High',50,'user_30uQARGezqSApAChPSGSwFyUy85');
INSERT INTO public.relationships (id,project_id,source_id,target_id,type,confidence,weight,created_by) VALUES ('dae4b74f-b4fb-4c96-87f6-cbfe857fa52e','34d5c80b-5b1a-4f27-9892-2cf1a5ab6715','5d915b88-6141-4162-aef1-1c5f821205f6','968a9c1b-0e22-49ec-9e45-3d7cebb765af','Causal','High',70,'user_30uQARGezqSApAChPSGSwFyUy85');
INSERT INTO public.relationships (id,project_id,source_id,target_id,type,confidence,weight,created_by) VALUES ('84330f18-e7fb-4a92-8f40-f3ce84a9b75b','34d5c80b-5b1a-4f27-9892-2cf1a5ab6715','ac6d61b8-f366-4a3f-92c1-53269e13fcae','968a9c1b-0e22-49ec-9e45-3d7cebb765af','Causal','High',60,'user_30uQARGezqSApAChPSGSwFyUy85');
INSERT INTO public.relationships (id,project_id,source_id,target_id,type,confidence,weight,created_by) VALUES ('3cd00996-d74d-48e6-a169-13ec62b5baac','34d5c80b-5b1a-4f27-9892-2cf1a5ab6715','f2487d73-db5e-4a31-ae95-6ad0ea946528','5d915b88-6141-4162-aef1-1c5f821205f6','Causal','High',55,'user_30uQARGezqSApAChPSGSwFyUy85');
INSERT INTO public.relationships (id,project_id,source_id,target_id,type,confidence,weight,created_by) VALUES ('ac5c2ccc-b495-4a34-bb77-d85c42cf2f2f','34d5c80b-5b1a-4f27-9892-2cf1a5ab6715','b6d0fca5-a7f2-4a8b-8df8-28301b808cff','011d9328-0e6c-4a2e-863d-32b17790a610','Deterministic','High',80,'user_30uQARGezqSApAChPSGSwFyUy85');
INSERT INTO public.relationships (id,project_id,source_id,target_id,type,confidence,weight,created_by) VALUES ('5c7c6c12-c08a-4a29-9e01-2e0c8fdec77d','34d5c80b-5b1a-4f27-9892-2cf1a5ab6715','b8a82e51-e11b-4110-aaa2-b17530e548da','011d9328-0e6c-4a2e-863d-32b17790a610','Deterministic','High',70,'user_30uQARGezqSApAChPSGSwFyUy85');
INSERT INTO public.relationships (id,project_id,source_id,target_id,type,confidence,weight,created_by) VALUES ('048049ef-8277-47f0-a0d1-fa453cd00c42','34d5c80b-5b1a-4f27-9892-2cf1a5ab6715','c4b261e4-1dc8-4554-9cbc-7939e6b9daa0','76bcf4c6-065a-48cf-a5f9-c51a375332a2','Causal','High',85,'user_30uQARGezqSApAChPSGSwFyUy85');
INSERT INTO public.relationships (id,project_id,source_id,target_id,type,confidence,weight,created_by) VALUES ('fe36fa27-77e5-4402-bbc8-b875227d91d9','34d5c80b-5b1a-4f27-9892-2cf1a5ab6715','c4b261e4-1dc8-4554-9cbc-7939e6b9daa0','bbbc0ecc-eef1-448e-adab-1ca1241bbe86','Causal','High',70,'user_30uQARGezqSApAChPSGSwFyUy85');
INSERT INTO public.relationships (id,project_id,source_id,target_id,type,confidence,weight,created_by) VALUES ('8d7d35c4-2a4e-4ff6-91f6-5c9ffc642e35','34d5c80b-5b1a-4f27-9892-2cf1a5ab6715','f4225c37-f4c2-4902-945a-4a4e93ccbe4e','3b62bf31-f2f4-4048-9df9-4327d688af95','Deterministic','High',85,'user_30uQARGezqSApAChPSGSwFyUy85');
INSERT INTO public.relationships (id,project_id,source_id,target_id,type,confidence,weight,created_by) VALUES ('f3477b60-d44c-43ca-9180-4c4a2ff3cc80','34d5c80b-5b1a-4f27-9892-2cf1a5ab6715','01ae2b27-ec40-4ebc-a50e-087b843f04f6','3b62bf31-f2f4-4048-9df9-4327d688af95','Deterministic','High',80,'user_30uQARGezqSApAChPSGSwFyUy85');
INSERT INTO public.relationships (id,project_id,source_id,target_id,type,confidence,weight,created_by) VALUES ('adabdbff-6c5e-4758-a032-3981def12b46','34d5c80b-5b1a-4f27-9892-2cf1a5ab6715','e69c23e1-96d2-4dd8-aaaa-0f236ebd119f','f5964a40-551b-4cac-8522-13e7c4049848','Deterministic','High',75,'user_30uQARGezqSApAChPSGSwFyUy85');
INSERT INTO public.relationships (id,project_id,source_id,target_id,type,confidence,weight,created_by) VALUES ('f0f58f1f-4a34-4714-bc0a-b7732a24d639','34d5c80b-5b1a-4f27-9892-2cf1a5ab6715','c4b261e4-1dc8-4554-9cbc-7939e6b9daa0','f5964a40-551b-4cac-8522-13e7c4049848','Causal','High',80,'user_30uQARGezqSApAChPSGSwFyUy85');
INSERT INTO public.relationships (id,project_id,source_id,target_id,type,confidence,weight,created_by) VALUES ('cfd7f6b7-1ff1-4df3-a3ea-50478d9e8d22','34d5c80b-5b1a-4f27-9892-2cf1a5ab6715','f5964a40-551b-4cac-8522-13e7c4049848','b85bf1c5-f9fd-4684-b9a7-71a29a4f3890','Deterministic','High',80,'user_30uQARGezqSApAChPSGSwFyUy85');
INSERT INTO public.relationships (id,project_id,source_id,target_id,type,confidence,weight,created_by) VALUES ('16753b2a-1c27-44ec-b718-1460bec24692','34d5c80b-5b1a-4f27-9892-2cf1a5ab6715','3b62bf31-f2f4-4048-9df9-4327d688af95','b85bf1c5-f9fd-4684-b9a7-71a29a4f3890','Deterministic','High',80,'user_30uQARGezqSApAChPSGSwFyUy85');
INSERT INTO public.relationships (id,project_id,source_id,target_id,type,confidence,weight,created_by) VALUES ('320b7e4d-3353-4ed9-ab5d-1d7c29ddaabe','34d5c80b-5b1a-4f27-9892-2cf1a5ab6715','3b62bf31-f2f4-4048-9df9-4327d688af95','e69eaf7b-6be5-47ba-9fc1-4e756f7f7778','Deterministic','High',70,'user_30uQARGezqSApAChPSGSwFyUy85');
INSERT INTO public.relationships (id,project_id,source_id,target_id,type,confidence,weight,created_by) VALUES ('a25f6795-92f8-4630-b2fc-5373bb1aee56','34d5c80b-5b1a-4f27-9892-2cf1a5ab6715','e8349eaf-a386-48a5-877b-c6f61dea5de1','8ec4e887-119f-48f4-b157-434829600788','Compositional','High',80,'user_30uQARGezqSApAChPSGSwFyUy85');
INSERT INTO public.relationships (id,project_id,source_id,target_id,type,confidence,weight,created_by) VALUES ('dbe142d1-b0c7-4720-9a1d-e0ef950a5779','34d5c80b-5b1a-4f27-9892-2cf1a5ab6715','f4225c37-f4c2-4902-945a-4a4e93ccbe4e','8ec4e887-119f-48f4-b157-434829600788','Compositional','High',80,'user_30uQARGezqSApAChPSGSwFyUy85');
INSERT INTO public.relationships (id,project_id,source_id,target_id,type,confidence,weight,created_by) VALUES ('78f97799-faca-40c8-95ca-12f29f833f1e','34d5c80b-5b1a-4f27-9892-2cf1a5ab6715','90711e42-ef6a-4bc6-98d6-2c2093c10751','8ec4e887-119f-48f4-b157-434829600788','Compositional','High',70,'user_30uQARGezqSApAChPSGSwFyUy85');
INSERT INTO public.relationships (id,project_id,source_id,target_id,type,confidence,weight,created_by) VALUES ('65c94771-800f-46ee-b442-d12ac758510e','34d5c80b-5b1a-4f27-9892-2cf1a5ab6715','1ccfc36f-426a-46a3-b1bc-5f754bc551eb','8ec4e887-119f-48f4-b157-434829600788','Compositional','High',60,'user_30uQARGezqSApAChPSGSwFyUy85');
INSERT INTO public.relationships (id,project_id,source_id,target_id,type,confidence,weight,created_by) VALUES ('94e80636-c430-4a1f-89be-5e7bd9ed9662','34d5c80b-5b1a-4f27-9892-2cf1a5ab6715','9f41d339-c507-45cb-87f4-3d76ef2d6928','e8349eaf-a386-48a5-877b-c6f61dea5de1','Compositional','High',70,'user_30uQARGezqSApAChPSGSwFyUy85');
INSERT INTO public.relationships (id,project_id,source_id,target_id,type,confidence,weight,created_by) VALUES ('2bb05692-e0fd-4b29-815b-3fd267503671','34d5c80b-5b1a-4f27-9892-2cf1a5ab6715','e643682e-bdae-4c9c-975e-66f8c336cb8f','e8349eaf-a386-48a5-877b-c6f61dea5de1','Compositional','High',60,'user_30uQARGezqSApAChPSGSwFyUy85');
INSERT INTO public.relationships (id,project_id,source_id,target_id,type,confidence,weight,created_by) VALUES ('97c5591f-5a87-4f04-9954-ef794ece6bab','34d5c80b-5b1a-4f27-9892-2cf1a5ab6715','e8349eaf-a386-48a5-877b-c6f61dea5de1','d5b9c60d-d8fe-4dd2-98e7-d8354c1d1ca2','Causal','High',70,'user_30uQARGezqSApAChPSGSwFyUy85');
INSERT INTO public.relationships (id,project_id,source_id,target_id,type,confidence,weight,created_by) VALUES ('ab6bb722-5c52-4d56-9d88-8b5d4466de68','34d5c80b-5b1a-4f27-9892-2cf1a5ab6715','b6d0fca5-a7f2-4a8b-8df8-28301b808cff','f4225c37-f4c2-4902-945a-4a4e93ccbe4e','Compositional','High',70,'user_30uQARGezqSApAChPSGSwFyUy85');
INSERT INTO public.relationships (id,project_id,source_id,target_id,type,confidence,weight,created_by) VALUES ('7042daa7-10f5-4ee1-8f71-d713efbd5ec2','34d5c80b-5b1a-4f27-9892-2cf1a5ab6715','8b9b9c22-7cdf-49c5-bf10-2dbcf7105731','75d6fa38-24ea-4dc7-ba21-f19312e86f31','Causal','High',70,'user_30uQARGezqSApAChPSGSwFyUy85');
INSERT INTO public.relationships (id,project_id,source_id,target_id,type,confidence,weight,created_by) VALUES ('632b2897-d771-4f9a-bcc5-2be4a2fa9ad3','34d5c80b-5b1a-4f27-9892-2cf1a5ab6715','ccf5dd61-f7fb-416e-bc18-a97bb1567296','97c5d812-70ad-46f6-a8a4-a18c85e45825','Causal','High',75,'user_30uQARGezqSApAChPSGSwFyUy85');
INSERT INTO public.relationships (id,project_id,source_id,target_id,type,confidence,weight,created_by) VALUES ('4f409ebf-97df-489a-a3bc-b97481bd78f5','34d5c80b-5b1a-4f27-9892-2cf1a5ab6715','50d04cef-0169-4e41-8124-998a88228838','c4b261e4-1dc8-4554-9cbc-7939e6b9daa0','Causal','High',70,'user_30uQARGezqSApAChPSGSwFyUy85');
INSERT INTO public.relationships (id,project_id,source_id,target_id,type,confidence,weight,created_by) VALUES ('5834b90e-c8dd-42ea-bdbf-14621e033f9b','34d5c80b-5b1a-4f27-9892-2cf1a5ab6715','0f12e43f-49fe-47f0-a7ee-0e3ae35c9f10','ceed2055-25ad-4108-a625-804b2456554f','Causal','High',70,'user_30uQARGezqSApAChPSGSwFyUy85');
INSERT INTO public.relationships (id,project_id,source_id,target_id,type,confidence,weight,created_by) VALUES ('61240819-21a3-44f5-868e-c019bf86b670','34d5c80b-5b1a-4f27-9892-2cf1a5ab6715','29a9707d-d415-4ad7-817f-d25f758bfc27','c4b261e4-1dc8-4554-9cbc-7939e6b9daa0','Probabilistic','High',50,'user_30uQARGezqSApAChPSGSwFyUy85');
INSERT INTO public.relationships (id,project_id,source_id,target_id,type,confidence,weight,created_by) VALUES ('e850ac4f-c7a5-44fc-9bdb-d3343d12a55a','34d5c80b-5b1a-4f27-9892-2cf1a5ab6715','a0eaae8e-02a8-4f83-b59a-4cae73cc0bfa','97c5d812-70ad-46f6-a8a4-a18c85e45825','Probabilistic','High',50,'user_30uQARGezqSApAChPSGSwFyUy85');
INSERT INTO public.relationships (id,project_id,source_id,target_id,type,confidence,weight,created_by) VALUES ('0263a122-92f4-4360-bce0-f5bfe5693ee7','34d5c80b-5b1a-4f27-9892-2cf1a5ab6715','8ac31496-be08-407b-bf02-13c154e6757a','35f19e9e-fc68-495e-a773-5b341091da8c','Compositional','High',70,'user_30uQARGezqSApAChPSGSwFyUy85');
INSERT INTO public.relationships (id,project_id,source_id,target_id,type,confidence,weight,created_by) VALUES ('85fb20a7-2152-4d5a-8ebf-e226279e75a5','34d5c80b-5b1a-4f27-9892-2cf1a5ab6715','ed24ca42-1b80-4391-9525-461352c1ac75','35f19e9e-fc68-495e-a773-5b341091da8c','Compositional','High',70,'user_30uQARGezqSApAChPSGSwFyUy85');
INSERT INTO public.relationships (id,project_id,source_id,target_id,type,confidence,weight,created_by) VALUES ('9152ac94-265b-452a-b1da-02685973ce44','34d5c80b-5b1a-4f27-9892-2cf1a5ab6715','8b9b9c22-7cdf-49c5-bf10-2dbcf7105731','35f19e9e-fc68-495e-a773-5b341091da8c','Causal','Medium',60,'user_30uQARGezqSApAChPSGSwFyUy85');
INSERT INTO public.relationships (id,project_id,source_id,target_id,type,confidence,weight,created_by) VALUES ('5e3e33ba-bbcd-4dc7-bff2-197ccc7a543a','34d5c80b-5b1a-4f27-9892-2cf1a5ab6715','04d9bb7f-48cc-4fa4-bafe-c27c3a2d4413','bdd19311-71a5-48ba-9c3c-a48b5b8e3323','Compositional','High',70,'user_30uQARGezqSApAChPSGSwFyUy85');
INSERT INTO public.relationships (id,project_id,source_id,target_id,type,confidence,weight,created_by) VALUES ('2301f790-88f5-4f42-aec4-045c2be2ade7','34d5c80b-5b1a-4f27-9892-2cf1a5ab6715','97c5d812-70ad-46f6-a8a4-a18c85e45825','bdd19311-71a5-48ba-9c3c-a48b5b8e3323','Compositional','High',70,'user_30uQARGezqSApAChPSGSwFyUy85');
INSERT INTO public.relationships (id,project_id,source_id,target_id,type,confidence,weight,created_by) VALUES ('6eaee968-fd3a-43ce-91e4-e8a2ca2ae3e2','34d5c80b-5b1a-4f27-9892-2cf1a5ab6715','ccf5dd61-f7fb-416e-bc18-a97bb1567296','bdd19311-71a5-48ba-9c3c-a48b5b8e3323','Causal','Medium',60,'user_30uQARGezqSApAChPSGSwFyUy85');
INSERT INTO public.relationships (id,project_id,source_id,target_id,type,confidence,weight,created_by) VALUES ('f964126f-cece-4451-a7ab-ef6597bb0219','34d5c80b-5b1a-4f27-9892-2cf1a5ab6715','a0eaae8e-02a8-4f83-b59a-4cae73cc0bfa','bdd19311-71a5-48ba-9c3c-a48b5b8e3323','Causal','Medium',60,'user_30uQARGezqSApAChPSGSwFyUy85');
INSERT INTO public.relationships (id,project_id,source_id,target_id,type,confidence,weight,created_by) VALUES ('664ffc6d-a767-4ca4-aa10-600968ac93ae','34d5c80b-5b1a-4f27-9892-2cf1a5ab6715','c4b261e4-1dc8-4554-9cbc-7939e6b9daa0','26ad8bc4-8dd2-4f7f-bd98-61a43f5b7d5f','Compositional','High',70,'user_30uQARGezqSApAChPSGSwFyUy85');
INSERT INTO public.relationships (id,project_id,source_id,target_id,type,confidence,weight,created_by) VALUES ('fe5ba1bf-e88b-4fe5-8eab-a3e5a8908dc4','34d5c80b-5b1a-4f27-9892-2cf1a5ab6715','bbbc0ecc-eef1-448e-adab-1ca1241bbe86','26ad8bc4-8dd2-4f7f-bd98-61a43f5b7d5f','Compositional','High',70,'user_30uQARGezqSApAChPSGSwFyUy85');
INSERT INTO public.relationships (id,project_id,source_id,target_id,type,confidence,weight,created_by) VALUES ('184f0197-4b10-4c90-82a4-73a19dabdda7','34d5c80b-5b1a-4f27-9892-2cf1a5ab6715','e5d0fe55-b4dc-49d0-8a66-886602726a3c','26ad8bc4-8dd2-4f7f-bd98-61a43f5b7d5f','Compositional','High',70,'user_30uQARGezqSApAChPSGSwFyUy85');
INSERT INTO public.relationships (id,project_id,source_id,target_id,type,confidence,weight,created_by) VALUES ('b3a7e776-0dce-4ff5-8fd4-d7916a2e3d56','34d5c80b-5b1a-4f27-9892-2cf1a5ab6715','50d04cef-0169-4e41-8124-998a88228838','26ad8bc4-8dd2-4f7f-bd98-61a43f5b7d5f','Causal','Medium',60,'user_30uQARGezqSApAChPSGSwFyUy85');
INSERT INTO public.relationships (id,project_id,source_id,target_id,type,confidence,weight,created_by) VALUES ('a442686a-234c-4a79-8056-c0fe30eb7680','34d5c80b-5b1a-4f27-9892-2cf1a5ab6715','29a9707d-d415-4ad7-817f-d25f758bfc27','26ad8bc4-8dd2-4f7f-bd98-61a43f5b7d5f','Causal','Medium',60,'user_30uQARGezqSApAChPSGSwFyUy85');
INSERT INTO public.evidence_items (id,relationship_id,title,type,date,summary,hypothesis,link,impact_on_confidence,owner_id,created_by) VALUES ('045a9115-6baf-402b-8213-462d71758653','048049ef-8277-47f0-a0d1-fa453cd00c42','Experiment: Customer Churn Rate → Churned MRR','Experiment','2026-06-26','Observed a consistent relationship between Customer Churn Rate and Churned MRR over the last two quarters; effect size supports the current high-confidence rating.','Customer Churn Rate is a leading driver of Churned MRR',NULL,'Increases confidence','user_30uQARGezqSApAChPSGSwFyUy85','user_30uQARGezqSApAChPSGSwFyUy85');
INSERT INTO public.evidence_items (id,relationship_id,title,type,date,summary,hypothesis,link,impact_on_confidence,owner_id,created_by) VALUES ('2af091fd-ab68-4b39-8f8d-88f0ee903aa1','d42ef2d5-fbe8-4bbb-b60b-e912f713cf1e','Analysis: Trial→Paid Conversion % → New Customers','Analysis','2026-06-19','Observed a consistent relationship between Trial→Paid Conversion % and New Customers over the last two quarters; effect size supports the current high-confidence rating.','Trial→Paid Conversion % is a leading driver of New Customers',NULL,'Supports current rating','user_30uQARGezqSApAChPSGSwFyUy85','user_30uQARGezqSApAChPSGSwFyUy85');
INSERT INTO public.evidence_items (id,relationship_id,title,type,date,summary,hypothesis,link,impact_on_confidence,owner_id,created_by) VALUES ('b4971abe-f531-483f-8baf-48e7edea2f5d','f0f58f1f-4a34-4714-bc0a-b7732a24d639','External Research: Customer Churn Rate → LTV','External Research','2026-06-12','Observed a consistent relationship between Customer Churn Rate and LTV over the last two quarters; effect size supports the current high-confidence rating.','Customer Churn Rate is a leading driver of LTV',NULL,'Supports current rating','user_30uQARGezqSApAChPSGSwFyUy85','user_30uQARGezqSApAChPSGSwFyUy85');
INSERT INTO public.groups (id,project_id,name,color,node_ids,position_x,position_y,width,height,created_by) VALUES ('7c732bbf-3171-42b1-9104-9365677a7363','34d5c80b-5b1a-4f27-9892-2cf1a5ab6715','Acquisition Funnel','#3b82f6',ARRAY['8ac31496-be08-407b-bf02-13c154e6757a','75d6fa38-24ea-4dc7-ba21-f19312e86f31','011d9328-0e6c-4a2e-863d-32b17790a610','968a9c1b-0e22-49ec-9e45-3d7cebb765af','ceed2055-25ad-4108-a625-804b2456554f','d2626796-d7d0-4269-ae72-b44f03a3a0b9','8b4c7b42-ea20-4beb-b153-d291fb3806ad','5d915b88-6141-4162-aef1-1c5f821205f6','ac6d61b8-f366-4a3f-92c1-53269e13fcae','f2487d73-db5e-4a31-ae95-6ad0ea946528','b6d0fca5-a7f2-4a8b-8df8-28301b808cff','b8a82e51-e11b-4110-aaa2-b17530e548da','ed24ca42-1b80-4391-9525-461352c1ac75','24597490-7955-404a-8465-372bedee6846','04d9bb7f-48cc-4fa4-bafe-c27c3a2d4413','97c5d812-70ad-46f6-a8a4-a18c85e45825','01ae2b27-ec40-4ebc-a50e-087b843f04f6']::uuid[],-880,714,2040,1486,'user_30uQARGezqSApAChPSGSwFyUy85');
INSERT INTO public.groups (id,project_id,name,color,node_ids,position_x,position_y,width,height,created_by) VALUES ('8f4f1f5d-61d9-4912-9989-ba3994b85b59','34d5c80b-5b1a-4f27-9892-2cf1a5ab6715','Revenue & MRR','#22c55e',ARRAY['3d7fa261-0426-402e-b676-e09523b0ccfc','5446b9e7-f476-40be-a2cf-d2cf3ddc4d92','69f8c8c8-2808-4abc-a40d-b74fbc55a9bf','e5d0fe55-b4dc-49d0-8a66-886602726a3c','328b60e5-427f-4da8-acc8-d98386af0704','76bcf4c6-065a-48cf-a5f9-c51a375332a2','85103420-7f6e-40a2-a0f8-4c273c70bba7','e69c23e1-96d2-4dd8-aaaa-0f236ebd119f','f0bc45b0-7b49-4ef6-a76a-d010cc1fd94a','a373d192-4ab1-4668-b2ec-3462cfe4cd0b']::uuid[],-1220,114,1870,1086,'user_30uQARGezqSApAChPSGSwFyUy85');
INSERT INTO public.groups (id,project_id,name,color,node_ids,position_x,position_y,width,height,created_by) VALUES ('b0413dcd-cfe5-486b-9a23-7c72b698e234','34d5c80b-5b1a-4f27-9892-2cf1a5ab6715','Unit Economics','#f59e0b',ARRAY['3b62bf31-f2f4-4048-9df9-4327d688af95','f5964a40-551b-4cac-8522-13e7c4049848','b85bf1c5-f9fd-4684-b9a7-71a29a4f3890','e69eaf7b-6be5-47ba-9fc1-4e756f7f7778','c4b261e4-1dc8-4554-9cbc-7939e6b9daa0','bbbc0ecc-eef1-448e-adab-1ca1241bbe86']::uuid[],-880,114,1700,886,'user_30uQARGezqSApAChPSGSwFyUy85');
INSERT INTO public.groups (id,project_id,name,color,node_ids,position_x,position_y,width,height,created_by) VALUES ('d7620fc2-a3a2-4e36-9e0e-bfc407b38181','34d5c80b-5b1a-4f27-9892-2cf1a5ab6715','Cost Structure','#a855f7',ARRAY['8ec4e887-119f-48f4-b157-434829600788','e8349eaf-a386-48a5-877b-c6f61dea5de1','9f41d339-c507-45cb-87f4-3d76ef2d6928','e643682e-bdae-4c9c-975e-66f8c336cb8f','f4225c37-f4c2-4902-945a-4a4e93ccbe4e','90711e42-ef6a-4bc6-98d6-2c2093c10751','1ccfc36f-426a-46a3-b1bc-5f754bc551eb','d5b9c60d-d8fe-4dd2-98e7-d8354c1d1ca2']::uuid[],-370,114,1870,686,'user_30uQARGezqSApAChPSGSwFyUy85');
INSERT INTO public.groups (id,project_id,name,color,node_ids,position_x,position_y,width,height,created_by) VALUES ('4d4904cd-071c-4c11-bfc7-c6517eb858f2','34d5c80b-5b1a-4f27-9892-2cf1a5ab6715','Strategy — Levers & Bets','#ec4899',ARRAY['8b9b9c22-7cdf-49c5-bf10-2dbcf7105731','ccf5dd61-f7fb-416e-bc18-a97bb1567296','50d04cef-0169-4e41-8124-998a88228838','0f12e43f-49fe-47f0-a7ee-0e3ae35c9f10','29a9707d-d415-4ad7-817f-d25f758bfc27','a0eaae8e-02a8-4f83-b59a-4cae73cc0bfa']::uuid[],140,914,1020,1086,'user_30uQARGezqSApAChPSGSwFyUy85');
INSERT INTO public.canvas_nodes (id,project_id,node_type,title,position_x,position_y,data,created_by) VALUES ('2a06ce9f-19cf-463c-aa33-694a941a3099','34d5c80b-5b1a-4f27-9892-2cf1a5ab6715','whiteboardNode','Label',1710,-170,'{"shape":"text","text":"📊 Live Data Pipeline","fontSize":18,"width":300,"height":96,"fill":"#eef2ff","stroke":"#6366f1"}'::jsonb,'user_30uQARGezqSApAChPSGSwFyUy85');
INSERT INTO public.canvas_nodes (id,project_id,node_type,title,position_x,position_y,data,created_by) VALUES ('400c9810-21f8-4e1b-8c36-826534e6b11e','34d5c80b-5b1a-4f27-9892-2cf1a5ab6715','sourceNode','Live Feed',1710,0,'{"title":"Live Feed (new bookings)","config":{"origin":"manual","rows":[{"period":"2026-01","value":11041},{"period":"2026-02","value":11483},{"period":"2026-03","value":11924},{"period":"2026-04","value":12366},{"period":"2026-05","value":12808},{"period":"2026-06","value":13249},{"period":"2026-07","value":13691}]},"series":[{"period":"2026-01","value":11041,"change_percent":0,"trend":"neutral"},{"period":"2026-02","value":11483,"change_percent":4,"trend":"up"},{"period":"2026-03","value":11924,"change_percent":3.8,"trend":"up"},{"period":"2026-04","value":12366,"change_percent":3.7,"trend":"up"},{"period":"2026-05","value":12808,"change_percent":3.6,"trend":"up"},{"period":"2026-06","value":13249,"change_percent":3.4,"trend":"up"},{"period":"2026-07","value":13691,"change_percent":3.3,"trend":"up"}],"refreshedAt":"2026-07-03T13:57:29.556Z"}'::jsonb,'user_30uQARGezqSApAChPSGSwFyUy85');
INSERT INTO public.canvas_nodes (id,project_id,node_type,title,position_x,position_y,data,created_by) VALUES ('4d09dff7-d6b1-4629-85ff-da9848dddfac','34d5c80b-5b1a-4f27-9892-2cf1a5ab6715','operatorNode','Projection',2070,0,'{"label":"Projection (a × 1.1 + feed)","operationType":"formula","isActive":true,"formula":"a * 1.1 + b","inputs":[{"key":"a","sourceId":"3d7fa261-0426-402e-b676-e09523b0ccfc","label":"Revenue (ARR)"},{"key":"b","sourceId":"400c9810-21f8-4e1b-8c36-826534e6b11e","label":"Live feed"}]}'::jsonb,'user_30uQARGezqSApAChPSGSwFyUy85');
INSERT INTO public.canvas_nodes (id,project_id,node_type,title,position_x,position_y,data,created_by) VALUES ('e8bd8b07-b40f-4b3d-84c3-d4de450c2c18','34d5c80b-5b1a-4f27-9892-2cf1a5ab6715','chartNode','Actual vs Projection',2810,0,'{"chartType":"area","title":"Actual vs Projection","seriesCardIds":["3d7fa261-0426-402e-b676-e09523b0ccfc","d43e529a-5268-4134-b1a2-3e7dfe6c9b3f"],"showLegend":true}'::jsonb,'user_30uQARGezqSApAChPSGSwFyUy85');
INSERT INTO public.canvas_nodes (id,project_id,node_type,title,position_x,position_y,data,created_by) VALUES ('c0997200-2047-4953-9791-2a73534fa5d9','34d5c80b-5b1a-4f27-9892-2cf1a5ab6715','commentNode','Pipeline',1710,260,'{"title":"Live pipeline: Source → Operator → Card → Chart. Edit the Source, then Run Simulation.","projectId":"34d5c80b-5b1a-4f27-9892-2cf1a5ab6715"}'::jsonb,'user_30uQARGezqSApAChPSGSwFyUy85');
INSERT INTO public.comment_threads (id,project_id,source,context,is_resolved,created_by) VALUES ('2f730633-31b7-4b5a-af1e-c2d4c73c6e63','34d5c80b-5b1a-4f27-9892-2cf1a5ab6715','node','{"cardId":"3d7fa261-0426-402e-b676-e09523b0ccfc"}'::jsonb,false,'user_30uQARGezqSApAChPSGSwFyUy85');
INSERT INTO public.comment_threads (id,project_id,source,context,is_resolved,created_by) VALUES ('ea712c1a-8a12-4c48-8f04-3047489ef714','34d5c80b-5b1a-4f27-9892-2cf1a5ab6715','canvas',NULL,true,'user_30uQARGezqSApAChPSGSwFyUy85');
INSERT INTO public.comments (id,thread_id,author_id,content,resolved) VALUES ('3ffcff64-dad1-43a0-94da-de696297dd01','2f730633-31b7-4b5a-af1e-c2d4c73c6e63','user_30uQARGezqSApAChPSGSwFyUy85','Revenue (ARR) is our anchor metric — the operator projection to the right recomputes it live. Does the seasonality here look right?',false);
INSERT INTO public.comments (id,thread_id,author_id,content,resolved) VALUES ('ea7d1914-fb47-42fb-b2ba-976e30af5212','2f730633-31b7-4b5a-af1e-c2d4c73c6e63','user_30uQARGezqSApAChPSGSwFyUy85','Compared it against the tracked-metric series in the catalog — trends match. Leaving this open until we wire the warehouse source.',false);
INSERT INTO public.comments (id,thread_id,author_id,content,resolved) VALUES ('b4733f1e-78ac-4b03-b151-ee30bf3c4724','ea712c1a-8a12-4c48-8f04-3047489ef714','user_30uQARGezqSApAChPSGSwFyUy85','Grouped the levers & bets into a Strategy group — check the Strategy page for the kanban view.',true);
INSERT INTO public.dashboard_widgets (id,project_id,title,widget_type,config,layout,sort_index,created_by) VALUES ('daf60359-e127-440a-8a5d-90f617df2628','34d5c80b-5b1a-4f27-9892-2cf1a5ab6715','Revenue (ARR) — SaaS','kpi','{"source":"tracked","trackedMetricIds":["dae8ffc8-8e3c-45f4-96a7-859f5ba22392"]}'::jsonb,'{"x":0,"y":0,"w":3,"h":4}'::jsonb,0,'user_30uQARGezqSApAChPSGSwFyUy85');
INSERT INTO public.dashboard_widgets (id,project_id,title,widget_type,config,layout,sort_index,created_by) VALUES ('74ad67c3-b474-4319-8b06-34d8299c64c7','34d5c80b-5b1a-4f27-9892-2cf1a5ab6715','Revenue (ARR) & drivers','area','{"source":"card","cardIds":["3d7fa261-0426-402e-b676-e09523b0ccfc","d43e529a-5268-4134-b1a2-3e7dfe6c9b3f","5446b9e7-f476-40be-a2cf-d2cf3ddc4d92","69f8c8c8-2808-4abc-a40d-b74fbc55a9bf"],"display":{"showLegend":true}}'::jsonb,'{"x":3,"y":0,"w":9,"h":8}'::jsonb,1,'user_30uQARGezqSApAChPSGSwFyUy85');
INSERT INTO public.dashboard_widgets (id,project_id,title,widget_type,config,layout,sort_index,created_by) VALUES ('c025bf70-2401-43e8-b802-20a343e91dc4','34d5c80b-5b1a-4f27-9892-2cf1a5ab6715','Key metrics','table','{"source":"card","cardIds":["3d7fa261-0426-402e-b676-e09523b0ccfc","d43e529a-5268-4134-b1a2-3e7dfe6c9b3f","5446b9e7-f476-40be-a2cf-d2cf3ddc4d92","69f8c8c8-2808-4abc-a40d-b74fbc55a9bf"]}'::jsonb,'{"x":0,"y":4,"w":3,"h":8}'::jsonb,2,'user_30uQARGezqSApAChPSGSwFyUy85');
INSERT INTO public.alert_rules (id,project_id,card_id,name,rule_type,config,enabled,created_by) VALUES ('bd6bd520-fe56-492a-ae99-ce47abce3043','34d5c80b-5b1a-4f27-9892-2cf1a5ab6715','3d7fa261-0426-402e-b676-e09523b0ccfc','Revenue (ARR) floor','threshold','{"comparator":"lte","value":187689}'::jsonb,true,'user_30uQARGezqSApAChPSGSwFyUy85');
INSERT INTO public.alert_rules (id,project_id,card_id,name,rule_type,config,enabled,created_by) VALUES ('88f4205f-9a77-46ee-982e-e650815042f0','34d5c80b-5b1a-4f27-9892-2cf1a5ab6715','3d7fa261-0426-402e-b676-e09523b0ccfc','Revenue (ARR) sudden drop','change','{"direction":"down","pct":10}'::jsonb,true,'user_30uQARGezqSApAChPSGSwFyUy85');

DELETE FROM public.projects WHERE created_by='user_30uQARGezqSApAChPSGSwFyUy85' AND name='E-commerce — Example Metric Tree';
DELETE FROM public.tracked_metrics WHERE created_by='user_30uQARGezqSApAChPSGSwFyUy85' AND name='Revenue — E-commerce';
INSERT INTO public.projects (id,name,description,created_by,last_modified_by,is_public,tags,settings) VALUES ('3363d24d-9c86-499c-ac77-2012538eb71b','E-commerce — Example Metric Tree','Decomposition of profit for an online store: orders = sessions × conversion, AOV, channel mix (incl. social/email), retention, and cost structure.','user_30uQARGezqSApAChPSGSwFyUy85','user_30uQARGezqSApAChPSGSwFyUy85',true,ARRAY['example','template'],'{"dataFlowEdges":[{"id":"a40e0aa8-4df9-435f-a2bc-39f20fb807b3","source":"13ef4351-08dc-46dc-9b3e-bc29067ca188","target":"bfb98b89-4635-4ae7-b957-603c01d1eb79","type":"dataFlow"},{"id":"ff81a21d-65b4-4e89-8fb1-3830834824a1","source":"b56faea9-530c-4813-b179-98dd04d5c081","target":"bfb98b89-4635-4ae7-b957-603c01d1eb79","type":"dataFlow"},{"id":"e7df4205-3563-49c1-9b27-ecbcf2ddc51e","source":"bfb98b89-4635-4ae7-b957-603c01d1eb79","target":"271d2039-e521-40b8-ac1c-b33f18da67a8","type":"dataFlow"},{"id":"598c0373-4e58-4501-aaf5-c8fa6c1542b5","source":"b56faea9-530c-4813-b179-98dd04d5c081","target":"171ea7ed-a2d1-4686-94ff-7a60a779e2d4","type":"dataFlow"},{"id":"79620412-6d41-4eaa-94ce-1d82896b5d32","source":"271d2039-e521-40b8-ac1c-b33f18da67a8","target":"171ea7ed-a2d1-4686-94ff-7a60a779e2d4","type":"dataFlow"}]}'::jsonb);
INSERT INTO public.tracked_metrics (id,name,state,unit,formula,owner_label,source_kind,origin_card_id,origin_project_id,created_by) VALUES ('fb7813d6-36fb-4623-8e68-866891be5c8a','Revenue — E-commerce','tracked','USD',NULL,'Growth','manual','b56faea9-530c-4813-b179-98dd04d5c081','3363d24d-9c86-499c-ac77-2012538eb71b','user_30uQARGezqSApAChPSGSwFyUy85');
INSERT INTO public.metric_cards (id,project_id,title,description,category,sub_category,status,workflow,tracked_metric_id,position_x,position_y,created_by,data) VALUES ('b2a582d1-5310-45ee-8a6b-e684f84330dd','3363d24d-9c86-499c-ac77-2012538eb71b','Profit','Revenue − Total Costs','Core/Value','Critical Path',NULL,'{"businessImpact":"High"}'::jsonb,NULL,0,0,'user_30uQARGezqSApAChPSGSwFyUy85','[{"period":"2026-01","value":211577,"change_percent":0,"trend":"neutral"},{"period":"2026-02","value":229621,"change_percent":8.5,"trend":"up"},{"period":"2026-03","value":243427,"change_percent":6,"trend":"up"},{"period":"2026-04","value":265208,"change_percent":8.9,"trend":"up"},{"period":"2026-05","value":286163,"change_percent":7.9,"trend":"up"},{"period":"2026-06","value":304549,"change_percent":6.4,"trend":"up"},{"period":"2026-07","value":333981,"change_percent":9.7,"trend":"up"}]'::jsonb);
INSERT INTO public.metric_cards (id,project_id,title,description,category,sub_category,status,workflow,tracked_metric_id,position_x,position_y,created_by,data) VALUES ('b56faea9-530c-4813-b179-98dd04d5c081','3363d24d-9c86-499c-ac77-2012538eb71b','Revenue','Orders × AOV','Data/Metric',NULL,NULL,'{}'::jsonb,'fb7813d6-36fb-4623-8e68-866891be5c8a',-1020,200,'user_30uQARGezqSApAChPSGSwFyUy85','[{"period":"2026-01","value":148908,"change_percent":0,"trend":"neutral"},{"period":"2026-02","value":153869,"change_percent":3.3,"trend":"up"},{"period":"2026-03","value":154834,"change_percent":0.6,"trend":"neutral"},{"period":"2026-04","value":161707,"change_percent":4.4,"trend":"up"},{"period":"2026-05","value":165135,"change_percent":2.1,"trend":"up"},{"period":"2026-06","value":165509,"change_percent":0.2,"trend":"neutral"},{"period":"2026-07","value":170232,"change_percent":2.9,"trend":"up"}]'::jsonb);
INSERT INTO public.metric_cards (id,project_id,title,description,category,sub_category,status,workflow,tracked_metric_id,position_x,position_y,created_by,data) VALUES ('ddf5532d-83e8-4ae3-9760-4fca77c8e847','3363d24d-9c86-499c-ac77-2012538eb71b','Orders','Sessions × Conversion','Data/Metric',NULL,NULL,'{}'::jsonb,NULL,-1190,400,'user_30uQARGezqSApAChPSGSwFyUy85','[{"period":"2026-01","value":774,"change_percent":0,"trend":"neutral"},{"period":"2026-02","value":811,"change_percent":4.8,"trend":"up"},{"period":"2026-03","value":843,"change_percent":3.9,"trend":"up"},{"period":"2026-04","value":866,"change_percent":2.7,"trend":"up"},{"period":"2026-05","value":905,"change_percent":4.5,"trend":"up"},{"period":"2026-06","value":940,"change_percent":3.9,"trend":"up"},{"period":"2026-07","value":955,"change_percent":1.6,"trend":"up"}]'::jsonb);
INSERT INTO public.metric_cards (id,project_id,title,description,category,sub_category,status,workflow,tracked_metric_id,position_x,position_y,created_by,data) VALUES ('1d6fc74a-8608-4802-87b7-cf146bc1d13e','3363d24d-9c86-499c-ac77-2012538eb71b','Average Order Value','Items × Avg item price','Data/Metric',NULL,NULL,'{}'::jsonb,NULL,-850,400,'user_30uQARGezqSApAChPSGSwFyUy85','[{"period":"2026-01","value":796903,"change_percent":0,"trend":"neutral"},{"period":"2026-02","value":859344,"change_percent":7.8,"trend":"up"},{"period":"2026-03","value":927851,"change_percent":8,"trend":"up"},{"period":"2026-04","value":988687,"change_percent":6.6,"trend":"up"},{"period":"2026-05","value":1024333,"change_percent":3.6,"trend":"up"},{"period":"2026-06","value":1069675,"change_percent":4.4,"trend":"up"},{"period":"2026-07","value":1139521,"change_percent":6.5,"trend":"up"}]'::jsonb);
INSERT INTO public.metric_cards (id,project_id,title,description,category,sub_category,status,workflow,tracked_metric_id,position_x,position_y,created_by,data) VALUES ('a2d28056-2fc7-4a50-aec6-1b9c3bf534df','3363d24d-9c86-499c-ac77-2012538eb71b','Sessions','Sum of channels','Data/Metric',NULL,NULL,'{}'::jsonb,NULL,-1360,600,'user_30uQARGezqSApAChPSGSwFyUy85','[{"period":"2026-01","value":70065,"change_percent":0,"trend":"neutral"},{"period":"2026-02","value":72150,"change_percent":3,"trend":"up"},{"period":"2026-03","value":76263,"change_percent":5.7,"trend":"up"},{"period":"2026-04","value":79836,"change_percent":4.7,"trend":"up"},{"period":"2026-05","value":84638,"change_percent":6,"trend":"up"},{"period":"2026-06","value":89559,"change_percent":5.8,"trend":"up"},{"period":"2026-07","value":92550,"change_percent":3.3,"trend":"up"}]'::jsonb);
INSERT INTO public.metric_cards (id,project_id,title,description,category,sub_category,status,workflow,tracked_metric_id,position_x,position_y,created_by,data) VALUES ('1ddfcbde-7ed0-404b-b673-2f55575ef5dd','3363d24d-9c86-499c-ac77-2012538eb71b','Conversion Rate','','Data/Metric',NULL,NULL,'{}'::jsonb,NULL,-1020,600,'user_30uQARGezqSApAChPSGSwFyUy85','[{"period":"2026-01","value":43.4,"change_percent":0,"trend":"neutral"},{"period":"2026-02","value":43.7,"change_percent":0.7,"trend":"neutral"},{"period":"2026-03","value":44.8,"change_percent":2.5,"trend":"up"},{"period":"2026-04","value":46.1,"change_percent":2.9,"trend":"up"},{"period":"2026-05","value":47.9,"change_percent":3.9,"trend":"up"},{"period":"2026-06","value":49.8,"change_percent":4,"trend":"up"},{"period":"2026-07","value":50.1,"change_percent":0.6,"trend":"neutral"}]'::jsonb);
INSERT INTO public.metric_cards (id,project_id,title,description,category,sub_category,status,workflow,tracked_metric_id,position_x,position_y,created_by,data) VALUES ('b3c7811d-08f6-428e-811d-f3d9278ca56f','3363d24d-9c86-499c-ac77-2012538eb71b','Items per Order','','Data/Metric',NULL,NULL,'{}'::jsonb,NULL,-680,600,'user_30uQARGezqSApAChPSGSwFyUy85','[{"period":"2026-01","value":26344,"change_percent":0,"trend":"neutral"},{"period":"2026-02","value":28724,"change_percent":9,"trend":"up"},{"period":"2026-03","value":31033,"change_percent":8,"trend":"up"},{"period":"2026-04","value":33282,"change_percent":7.2,"trend":"up"},{"period":"2026-05","value":35530,"change_percent":6.8,"trend":"up"},{"period":"2026-06","value":38465,"change_percent":8.3,"trend":"up"},{"period":"2026-07","value":41689,"change_percent":8.4,"trend":"up"}]'::jsonb);
INSERT INTO public.metric_cards (id,project_id,title,description,category,sub_category,status,workflow,tracked_metric_id,position_x,position_y,created_by,data) VALUES ('aaa9dccb-46e0-4c2e-870c-fe2e945b0a65','3363d24d-9c86-499c-ac77-2012538eb71b','Avg Item Price','','Data/Metric',NULL,NULL,'{}'::jsonb,NULL,-340,600,'user_30uQARGezqSApAChPSGSwFyUy85','[{"period":"2026-01","value":36118,"change_percent":0,"trend":"neutral"},{"period":"2026-02","value":38175,"change_percent":5.7,"trend":"up"},{"period":"2026-03","value":39492,"change_percent":3.4,"trend":"up"},{"period":"2026-04","value":40155,"change_percent":1.7,"trend":"up"},{"period":"2026-05","value":42096,"change_percent":4.8,"trend":"up"},{"period":"2026-06","value":44042,"change_percent":4.6,"trend":"up"},{"period":"2026-07","value":45443,"change_percent":3.2,"trend":"up"}]'::jsonb);
INSERT INTO public.metric_cards (id,project_id,title,description,category,sub_category,status,workflow,tracked_metric_id,position_x,position_y,created_by,data) VALUES ('e77cc5c1-edf3-4409-a1b2-e8cb847434e8','3363d24d-9c86-499c-ac77-2012538eb71b','Cross-sell Rate','','Data/Metric',NULL,NULL,'{}'::jsonb,NULL,0,600,'user_30uQARGezqSApAChPSGSwFyUy85','[{"period":"2026-01","value":58,"change_percent":0,"trend":"neutral"},{"period":"2026-02","value":61.5,"change_percent":6,"trend":"up"},{"period":"2026-03","value":66.9,"change_percent":8.8,"trend":"up"},{"period":"2026-04","value":70.6,"change_percent":5.5,"trend":"up"},{"period":"2026-05","value":76.6,"change_percent":8.5,"trend":"up"},{"period":"2026-06","value":81.4,"change_percent":6.3,"trend":"up"},{"period":"2026-07","value":87.4,"change_percent":7.4,"trend":"up"}]'::jsonb);
INSERT INTO public.metric_cards (id,project_id,title,description,category,sub_category,status,workflow,tracked_metric_id,position_x,position_y,created_by,data) VALUES ('8bf8db66-f643-4235-b99f-abc7ab57c5be','3363d24d-9c86-499c-ac77-2012538eb71b','Upsell Rate','','Data/Metric',NULL,NULL,'{}'::jsonb,NULL,340,600,'user_30uQARGezqSApAChPSGSwFyUy85','[{"period":"2026-01","value":10.1,"change_percent":0,"trend":"neutral"},{"period":"2026-02","value":10.8,"change_percent":6.9,"trend":"up"},{"period":"2026-03","value":11.5,"change_percent":6.5,"trend":"up"},{"period":"2026-04","value":12.3,"change_percent":7,"trend":"up"},{"period":"2026-05","value":13.2,"change_percent":7.3,"trend":"up"},{"period":"2026-06","value":14.1,"change_percent":6.8,"trend":"up"},{"period":"2026-07","value":15,"change_percent":6.4,"trend":"up"}]'::jsonb);
INSERT INTO public.metric_cards (id,project_id,title,description,category,sub_category,status,workflow,tracked_metric_id,position_x,position_y,created_by,data) VALUES ('5ab1de36-0ad5-461b-bf56-8f654c770b16','3363d24d-9c86-499c-ac77-2012538eb71b','Organic Sessions','','Data/Metric',NULL,NULL,'{}'::jsonb,NULL,-1360,800,'user_30uQARGezqSApAChPSGSwFyUy85','[{"period":"2026-01","value":31989,"change_percent":0,"trend":"neutral"},{"period":"2026-02","value":32976,"change_percent":3.1,"trend":"up"},{"period":"2026-03","value":34129,"change_percent":3.5,"trend":"up"},{"period":"2026-04","value":34989,"change_percent":2.5,"trend":"up"},{"period":"2026-05","value":36304,"change_percent":3.8,"trend":"up"},{"period":"2026-06","value":38816,"change_percent":6.9,"trend":"up"},{"period":"2026-07","value":41483,"change_percent":6.9,"trend":"up"}]'::jsonb);
INSERT INTO public.metric_cards (id,project_id,title,description,category,sub_category,status,workflow,tracked_metric_id,position_x,position_y,created_by,data) VALUES ('4741e100-238d-4833-b5b4-6ced0ae0f658','3363d24d-9c86-499c-ac77-2012538eb71b','Paid Sessions','Ad Spend / CPC','Data/Metric',NULL,NULL,'{}'::jsonb,NULL,-1020,800,'user_30uQARGezqSApAChPSGSwFyUy85','[{"period":"2026-01","value":36910,"change_percent":0,"trend":"neutral"},{"period":"2026-02","value":38015,"change_percent":3,"trend":"up"},{"period":"2026-03","value":38835,"change_percent":2.2,"trend":"up"},{"period":"2026-04","value":39439,"change_percent":1.6,"trend":"up"},{"period":"2026-05","value":41815,"change_percent":6,"trend":"up"},{"period":"2026-06","value":43755,"change_percent":4.6,"trend":"up"},{"period":"2026-07","value":44640,"change_percent":2,"trend":"up"}]'::jsonb);
INSERT INTO public.metric_cards (id,project_id,title,description,category,sub_category,status,workflow,tracked_metric_id,position_x,position_y,created_by,data) VALUES ('3317a706-f6cf-4b5c-8069-1d786ebdd15f','3363d24d-9c86-499c-ac77-2012538eb71b','Social Sessions','Reach × CTR','Data/Metric',NULL,NULL,'{}'::jsonb,NULL,-680,800,'user_30uQARGezqSApAChPSGSwFyUy85','[{"period":"2026-01","value":40465,"change_percent":0,"trend":"neutral"},{"period":"2026-02","value":41956,"change_percent":3.7,"trend":"up"},{"period":"2026-03","value":44614,"change_percent":6.3,"trend":"up"},{"period":"2026-04","value":46637,"change_percent":4.5,"trend":"up"},{"period":"2026-05","value":48728,"change_percent":4.5,"trend":"up"},{"period":"2026-06","value":49670,"change_percent":1.9,"trend":"up"},{"period":"2026-07","value":50510,"change_percent":1.7,"trend":"up"}]'::jsonb);
INSERT INTO public.metric_cards (id,project_id,title,description,category,sub_category,status,workflow,tracked_metric_id,position_x,position_y,created_by,data) VALUES ('3386b193-5739-4b30-8f59-2fa7259afacd','3363d24d-9c86-499c-ac77-2012538eb71b','Email Sessions','List × Open × CTR','Data/Metric',NULL,NULL,'{}'::jsonb,NULL,-340,800,'user_30uQARGezqSApAChPSGSwFyUy85','[{"period":"2026-01","value":2713,"change_percent":0,"trend":"neutral"},{"period":"2026-02","value":2897,"change_percent":6.8,"trend":"up"},{"period":"2026-03","value":3045,"change_percent":5.1,"trend":"up"},{"period":"2026-04","value":3122,"change_percent":2.5,"trend":"up"},{"period":"2026-05","value":3302,"change_percent":5.8,"trend":"up"},{"period":"2026-06","value":3527,"change_percent":6.8,"trend":"up"},{"period":"2026-07","value":3637,"change_percent":3.1,"trend":"up"}]'::jsonb);
INSERT INTO public.metric_cards (id,project_id,title,description,category,sub_category,status,workflow,tracked_metric_id,position_x,position_y,created_by,data) VALUES ('a458ad2d-bb3c-48d6-afb9-43d34ef9d97e','3363d24d-9c86-499c-ac77-2012538eb71b','Direct Sessions','','Data/Metric',NULL,NULL,'{}'::jsonb,NULL,0,800,'user_30uQARGezqSApAChPSGSwFyUy85','[{"period":"2026-01","value":44962,"change_percent":0,"trend":"neutral"},{"period":"2026-02","value":48158,"change_percent":7.1,"trend":"up"},{"period":"2026-03","value":51108,"change_percent":6.1,"trend":"up"},{"period":"2026-04","value":52332,"change_percent":2.4,"trend":"up"},{"period":"2026-05","value":54178,"change_percent":3.5,"trend":"up"},{"period":"2026-06","value":58010,"change_percent":7.1,"trend":"up"},{"period":"2026-07","value":60699,"change_percent":4.6,"trend":"up"}]'::jsonb);
INSERT INTO public.metric_cards (id,project_id,title,description,category,sub_category,status,workflow,tracked_metric_id,position_x,position_y,created_by,data) VALUES ('233b962c-c2ba-46df-a420-a84b8f299f9a','3363d24d-9c86-499c-ac77-2012538eb71b','Affiliate Sessions','','Data/Metric',NULL,NULL,'{}'::jsonb,NULL,340,800,'user_30uQARGezqSApAChPSGSwFyUy85','[{"period":"2026-01","value":9008,"change_percent":0,"trend":"neutral"},{"period":"2026-02","value":9448,"change_percent":4.9,"trend":"up"},{"period":"2026-03","value":10132,"change_percent":7.2,"trend":"up"},{"period":"2026-04","value":10659,"change_percent":5.2,"trend":"up"},{"period":"2026-05","value":11391,"change_percent":6.9,"trend":"up"},{"period":"2026-06","value":12086,"change_percent":6.1,"trend":"up"},{"period":"2026-07","value":13041,"change_percent":7.9,"trend":"up"}]'::jsonb);
INSERT INTO public.metric_cards (id,project_id,title,description,category,sub_category,status,workflow,tracked_metric_id,position_x,position_y,created_by,data) VALUES ('8d45403d-2989-47b5-aa84-16131b1ed89a','3363d24d-9c86-499c-ac77-2012538eb71b','Social Reach / Followers','','Data/Metric',NULL,NULL,'{}'::jsonb,NULL,-1360,1000,'user_30uQARGezqSApAChPSGSwFyUy85','[{"period":"2026-01","value":15943,"change_percent":0,"trend":"neutral"},{"period":"2026-02","value":16581,"change_percent":4,"trend":"up"},{"period":"2026-03","value":17074,"change_percent":3,"trend":"up"},{"period":"2026-04","value":17699,"change_percent":3.7,"trend":"up"},{"period":"2026-05","value":18237,"change_percent":3,"trend":"up"},{"period":"2026-06","value":19252,"change_percent":5.6,"trend":"up"},{"period":"2026-07","value":20517,"change_percent":6.6,"trend":"up"}]'::jsonb);
INSERT INTO public.metric_cards (id,project_id,title,description,category,sub_category,status,workflow,tracked_metric_id,position_x,position_y,created_by,data) VALUES ('e0ddcb5b-7b71-4751-9ac7-b0be5f097a3b','3363d24d-9c86-499c-ac77-2012538eb71b','Social CTR','','Data/Metric',NULL,NULL,'{}'::jsonb,NULL,-1020,1000,'user_30uQARGezqSApAChPSGSwFyUy85','[{"period":"2026-01","value":2831,"change_percent":0,"trend":"neutral"},{"period":"2026-02","value":2890,"change_percent":2.1,"trend":"up"},{"period":"2026-03","value":2986,"change_percent":3.3,"trend":"up"},{"period":"2026-04","value":3028,"change_percent":1.4,"trend":"up"},{"period":"2026-05","value":3054,"change_percent":0.9,"trend":"neutral"},{"period":"2026-06","value":3191,"change_percent":4.5,"trend":"up"},{"period":"2026-07","value":3366,"change_percent":5.5,"trend":"up"}]'::jsonb);
INSERT INTO public.metric_cards (id,project_id,title,description,category,sub_category,status,workflow,tracked_metric_id,position_x,position_y,created_by,data) VALUES ('5d8a072b-139b-437e-bedc-4ff7c39772dc','3363d24d-9c86-499c-ac77-2012538eb71b','Content Cadence','','Data/Metric',NULL,NULL,'{}'::jsonb,NULL,-340,1200,'user_30uQARGezqSApAChPSGSwFyUy85','[{"period":"2026-01","value":3543,"change_percent":0,"trend":"neutral"},{"period":"2026-02","value":3625,"change_percent":2.3,"trend":"up"},{"period":"2026-03","value":3737,"change_percent":3.1,"trend":"up"},{"period":"2026-04","value":3977,"change_percent":6.4,"trend":"up"},{"period":"2026-05","value":4195,"change_percent":5.5,"trend":"up"},{"period":"2026-06","value":4322,"change_percent":3,"trend":"up"},{"period":"2026-07","value":4489,"change_percent":3.9,"trend":"up"}]'::jsonb);
INSERT INTO public.metric_cards (id,project_id,title,description,category,sub_category,status,workflow,tracked_metric_id,position_x,position_y,created_by,data) VALUES ('cf880dbd-8aff-49f0-891d-948fd6ddf532','3363d24d-9c86-499c-ac77-2012538eb71b','Email List Size','','Data/Metric',NULL,NULL,'{}'::jsonb,NULL,-680,1000,'user_30uQARGezqSApAChPSGSwFyUy85','[{"period":"2026-01","value":48602,"change_percent":0,"trend":"neutral"},{"period":"2026-02","value":51765,"change_percent":6.5,"trend":"up"},{"period":"2026-03","value":54507,"change_percent":5.3,"trend":"up"},{"period":"2026-04","value":57804,"change_percent":6,"trend":"up"},{"period":"2026-05","value":60374,"change_percent":4.4,"trend":"up"},{"period":"2026-06","value":62563,"change_percent":3.6,"trend":"up"},{"period":"2026-07","value":67055,"change_percent":7.2,"trend":"up"}]'::jsonb);
INSERT INTO public.metric_cards (id,project_id,title,description,category,sub_category,status,workflow,tracked_metric_id,position_x,position_y,created_by,data) VALUES ('e6b03c20-c7cd-4273-83af-ae6eaf18f7a3','3363d24d-9c86-499c-ac77-2012538eb71b','Email Open Rate','','Data/Metric',NULL,NULL,'{}'::jsonb,NULL,-340,1000,'user_30uQARGezqSApAChPSGSwFyUy85','[{"period":"2026-01","value":27.3,"change_percent":0,"trend":"neutral"},{"period":"2026-02","value":28.3,"change_percent":3.7,"trend":"up"},{"period":"2026-03","value":28.9,"change_percent":2.1,"trend":"up"},{"period":"2026-04","value":29.4,"change_percent":1.7,"trend":"up"},{"period":"2026-05","value":30.7,"change_percent":4.4,"trend":"up"},{"period":"2026-06","value":32,"change_percent":4.2,"trend":"up"},{"period":"2026-07","value":32.4,"change_percent":1.2,"trend":"up"}]'::jsonb);
INSERT INTO public.metric_cards (id,project_id,title,description,category,sub_category,status,workflow,tracked_metric_id,position_x,position_y,created_by,data) VALUES ('dbee1399-6689-49e5-8089-bca2236211a3','3363d24d-9c86-499c-ac77-2012538eb71b','Ad Spend','','Data/Metric',NULL,NULL,'{}'::jsonb,NULL,0,1000,'user_30uQARGezqSApAChPSGSwFyUy85','[{"period":"2026-01","value":756351,"change_percent":0,"trend":"neutral"},{"period":"2026-02","value":763348,"change_percent":0.9,"trend":"neutral"},{"period":"2026-03","value":784625,"change_percent":2.8,"trend":"up"},{"period":"2026-04","value":810875,"change_percent":3.3,"trend":"up"},{"period":"2026-05","value":832235,"change_percent":2.6,"trend":"up"},{"period":"2026-06","value":857932,"change_percent":3.1,"trend":"up"},{"period":"2026-07","value":876455,"change_percent":2.2,"trend":"up"}]'::jsonb);
INSERT INTO public.metric_cards (id,project_id,title,description,category,sub_category,status,workflow,tracked_metric_id,position_x,position_y,created_by,data) VALUES ('979e053d-1ad8-4649-8686-4f1710824962','3363d24d-9c86-499c-ac77-2012538eb71b','CPC','','Data/Metric',NULL,NULL,'{}'::jsonb,NULL,340,1000,'user_30uQARGezqSApAChPSGSwFyUy85','[{"period":"2026-01","value":1798,"change_percent":0,"trend":"neutral"},{"period":"2026-02","value":1875,"change_percent":4.3,"trend":"up"},{"period":"2026-03","value":2007,"change_percent":7,"trend":"up"},{"period":"2026-04","value":2093,"change_percent":4.3,"trend":"up"},{"period":"2026-05","value":2172,"change_percent":3.8,"trend":"up"},{"period":"2026-06","value":2297,"change_percent":5.8,"trend":"up"},{"period":"2026-07","value":2452,"change_percent":6.7,"trend":"up"}]'::jsonb);
INSERT INTO public.metric_cards (id,project_id,title,description,category,sub_category,status,workflow,tracked_metric_id,position_x,position_y,created_by,data) VALUES ('b0257a5a-b5de-46d6-a3d0-521b9bf53154','3363d24d-9c86-499c-ac77-2012538eb71b','Product Page CVR','','Data/Metric',NULL,NULL,'{}'::jsonb,NULL,680,800,'user_30uQARGezqSApAChPSGSwFyUy85','[{"period":"2026-01","value":3170,"change_percent":0,"trend":"neutral"},{"period":"2026-02","value":3227,"change_percent":1.8,"trend":"up"},{"period":"2026-03","value":3286,"change_percent":1.8,"trend":"up"},{"period":"2026-04","value":3284,"change_percent":-0.1,"trend":"neutral"},{"period":"2026-05","value":3338,"change_percent":1.6,"trend":"up"},{"period":"2026-06","value":3395,"change_percent":1.7,"trend":"up"},{"period":"2026-07","value":3452,"change_percent":1.7,"trend":"up"}]'::jsonb);
INSERT INTO public.metric_cards (id,project_id,title,description,category,sub_category,status,workflow,tracked_metric_id,position_x,position_y,created_by,data) VALUES ('c7871d9f-21b6-4ea1-8a3f-c382393a268c','3363d24d-9c86-499c-ac77-2012538eb71b','Add-to-Cart Rate','','Data/Metric',NULL,NULL,'{}'::jsonb,NULL,1020,800,'user_30uQARGezqSApAChPSGSwFyUy85','[{"period":"2026-01","value":22.8,"change_percent":0,"trend":"neutral"},{"period":"2026-02","value":23.1,"change_percent":1.3,"trend":"up"},{"period":"2026-03","value":23.6,"change_percent":2.2,"trend":"up"},{"period":"2026-04","value":24.1,"change_percent":2.1,"trend":"up"},{"period":"2026-05","value":24.3,"change_percent":0.8,"trend":"neutral"},{"period":"2026-06","value":25,"change_percent":2.9,"trend":"up"},{"period":"2026-07","value":25.2,"change_percent":0.8,"trend":"neutral"}]'::jsonb);
INSERT INTO public.metric_cards (id,project_id,title,description,category,sub_category,status,workflow,tracked_metric_id,position_x,position_y,created_by,data) VALUES ('7e0cfc93-22d6-42cc-952f-19c7ee5b4048','3363d24d-9c86-499c-ac77-2012538eb71b','Cart Abandonment Rate','','Data/Metric',NULL,NULL,'{}'::jsonb,NULL,680,1000,'user_30uQARGezqSApAChPSGSwFyUy85','[{"period":"2026-01","value":28.1,"change_percent":0,"trend":"neutral"},{"period":"2026-02","value":26.9,"change_percent":-4.3,"trend":"down"},{"period":"2026-03","value":26,"change_percent":-3.3,"trend":"down"},{"period":"2026-04","value":24.3,"change_percent":-6.5,"trend":"down"},{"period":"2026-05","value":22.9,"change_percent":-5.8,"trend":"down"},{"period":"2026-06","value":21.9,"change_percent":-4.4,"trend":"down"},{"period":"2026-07","value":20.8,"change_percent":-5,"trend":"down"}]'::jsonb);
INSERT INTO public.metric_cards (id,project_id,title,description,category,sub_category,status,workflow,tracked_metric_id,position_x,position_y,created_by,data) VALUES ('0d9a69c6-814a-4bb9-bce5-ce3f9098bb4c','3363d24d-9c86-499c-ac77-2012538eb71b','Checkout Completion %','','Data/Metric',NULL,NULL,'{}'::jsonb,NULL,1360,800,'user_30uQARGezqSApAChPSGSwFyUy85','[{"period":"2026-01","value":24,"change_percent":0,"trend":"neutral"},{"period":"2026-02","value":25.3,"change_percent":5.4,"trend":"up"},{"period":"2026-03","value":27.3,"change_percent":7.9,"trend":"up"},{"period":"2026-04","value":29.2,"change_percent":7,"trend":"up"},{"period":"2026-05","value":30.8,"change_percent":5.5,"trend":"up"},{"period":"2026-06","value":33.1,"change_percent":7.5,"trend":"up"},{"period":"2026-07","value":35.3,"change_percent":6.6,"trend":"up"}]'::jsonb);
INSERT INTO public.metric_cards (id,project_id,title,description,category,sub_category,status,workflow,tracked_metric_id,position_x,position_y,created_by,data) VALUES ('85109c4f-1517-4905-b681-eec2c66b4e27','3363d24d-9c86-499c-ac77-2012538eb71b','New Customers','','Data/Metric',NULL,NULL,'{}'::jsonb,NULL,680,600,'user_30uQARGezqSApAChPSGSwFyUy85','[{"period":"2026-01","value":71780,"change_percent":0,"trend":"neutral"},{"period":"2026-02","value":73982,"change_percent":3.1,"trend":"up"},{"period":"2026-03","value":77046,"change_percent":4.1,"trend":"up"},{"period":"2026-04","value":79332,"change_percent":3,"trend":"up"},{"period":"2026-05","value":79860,"change_percent":0.7,"trend":"neutral"},{"period":"2026-06","value":83193,"change_percent":4.2,"trend":"up"},{"period":"2026-07","value":83189,"change_percent":0,"trend":"neutral"}]'::jsonb);
INSERT INTO public.metric_cards (id,project_id,title,description,category,sub_category,status,workflow,tracked_metric_id,position_x,position_y,created_by,data) VALUES ('a3bb75a3-6873-44bc-9a41-f3a7b57d908f','3363d24d-9c86-499c-ac77-2012538eb71b','Repeat Purchase Rate','','Data/Metric',NULL,NULL,'{}'::jsonb,NULL,-680,200,'user_30uQARGezqSApAChPSGSwFyUy85','[{"period":"2026-01","value":24.2,"change_percent":0,"trend":"neutral"},{"period":"2026-02","value":25.2,"change_percent":4.1,"trend":"up"},{"period":"2026-03","value":27.1,"change_percent":7.5,"trend":"up"},{"period":"2026-04","value":28.9,"change_percent":6.6,"trend":"up"},{"period":"2026-05","value":30.5,"change_percent":5.5,"trend":"up"},{"period":"2026-06","value":31.7,"change_percent":3.9,"trend":"up"},{"period":"2026-07","value":34,"change_percent":7.3,"trend":"up"}]'::jsonb);
INSERT INTO public.metric_cards (id,project_id,title,description,category,sub_category,status,workflow,tracked_metric_id,position_x,position_y,created_by,data) VALUES ('8bb6ca50-c98f-4544-bdb2-afd3415f2311','3363d24d-9c86-499c-ac77-2012538eb71b','Purchase Frequency','','Data/Metric',NULL,NULL,'{}'::jsonb,NULL,-340,200,'user_30uQARGezqSApAChPSGSwFyUy85','[{"period":"2026-01","value":3780,"change_percent":0,"trend":"neutral"},{"period":"2026-02","value":3985,"change_percent":5.4,"trend":"up"},{"period":"2026-03","value":4226,"change_percent":6,"trend":"up"},{"period":"2026-04","value":4365,"change_percent":3.3,"trend":"up"},{"period":"2026-05","value":4492,"change_percent":2.9,"trend":"up"},{"period":"2026-06","value":4674,"change_percent":4.1,"trend":"up"},{"period":"2026-07","value":4781,"change_percent":2.3,"trend":"up"}]'::jsonb);
INSERT INTO public.metric_cards (id,project_id,title,description,category,sub_category,status,workflow,tracked_metric_id,position_x,position_y,created_by,data) VALUES ('dedadf3d-71da-43c0-ab5f-6af19084c959','3363d24d-9c86-499c-ac77-2012538eb71b','Customer LTV','','Data/Metric',NULL,NULL,'{}'::jsonb,NULL,0,200,'user_30uQARGezqSApAChPSGSwFyUy85','[{"period":"2026-01","value":135760,"change_percent":0,"trend":"neutral"},{"period":"2026-02","value":144755,"change_percent":6.6,"trend":"up"},{"period":"2026-03","value":157621,"change_percent":8.9,"trend":"up"},{"period":"2026-04","value":170841,"change_percent":8.4,"trend":"up"},{"period":"2026-05","value":183842,"change_percent":7.6,"trend":"up"},{"period":"2026-06","value":199638,"change_percent":8.6,"trend":"up"},{"period":"2026-07","value":212362,"change_percent":6.4,"trend":"up"}]'::jsonb);
INSERT INTO public.metric_cards (id,project_id,title,description,category,sub_category,status,workflow,tracked_metric_id,position_x,position_y,created_by,data) VALUES ('0a3e6e2d-d80c-4f06-99ee-f7b4170faba0','3363d24d-9c86-499c-ac77-2012538eb71b','CAC','','Data/Metric',NULL,NULL,'{}'::jsonb,NULL,340,200,'user_30uQARGezqSApAChPSGSwFyUy85','[{"period":"2026-01","value":489239,"change_percent":0,"trend":"neutral"},{"period":"2026-02","value":448777,"change_percent":-8.3,"trend":"down"},{"period":"2026-03","value":418227,"change_percent":-6.8,"trend":"down"},{"period":"2026-04","value":393324,"change_percent":-6,"trend":"down"},{"period":"2026-05","value":366943,"change_percent":-6.7,"trend":"down"},{"period":"2026-06","value":342085,"change_percent":-6.8,"trend":"down"},{"period":"2026-07","value":316396,"change_percent":-7.5,"trend":"down"}]'::jsonb);
INSERT INTO public.metric_cards (id,project_id,title,description,category,sub_category,status,workflow,tracked_metric_id,position_x,position_y,created_by,data) VALUES ('fea5e960-1f91-4314-a5a5-8242b9a79543','3363d24d-9c86-499c-ac77-2012538eb71b','Total Costs','','Data/Metric',NULL,NULL,'{}'::jsonb,NULL,680,200,'user_30uQARGezqSApAChPSGSwFyUy85','[{"period":"2026-01","value":249469,"change_percent":0,"trend":"neutral"},{"period":"2026-02","value":235784,"change_percent":-5.5,"trend":"down"},{"period":"2026-03","value":216818,"change_percent":-8,"trend":"down"},{"period":"2026-04","value":196543,"change_percent":-9.4,"trend":"down"},{"period":"2026-05","value":183648,"change_percent":-6.6,"trend":"down"},{"period":"2026-06","value":169630,"change_percent":-7.6,"trend":"down"},{"period":"2026-07","value":160956,"change_percent":-5.1,"trend":"down"}]'::jsonb);
INSERT INTO public.metric_cards (id,project_id,title,description,category,sub_category,status,workflow,tracked_metric_id,position_x,position_y,created_by,data) VALUES ('4ba5cdff-efc2-4006-85e7-19f6b7997cff','3363d24d-9c86-499c-ac77-2012538eb71b','COGS','','Data/Metric',NULL,NULL,'{}'::jsonb,NULL,-510,400,'user_30uQARGezqSApAChPSGSwFyUy85','[{"period":"2026-01","value":765043,"change_percent":0,"trend":"neutral"},{"period":"2026-02","value":718611,"change_percent":-6.1,"trend":"down"},{"period":"2026-03","value":676321,"change_percent":-5.9,"trend":"down"},{"period":"2026-04","value":636756,"change_percent":-5.9,"trend":"down"},{"period":"2026-05","value":572934,"change_percent":-10,"trend":"down"},{"period":"2026-06","value":519579,"change_percent":-9.3,"trend":"down"},{"period":"2026-07","value":478977,"change_percent":-7.8,"trend":"down"}]'::jsonb);
INSERT INTO public.metric_cards (id,project_id,title,description,category,sub_category,status,workflow,tracked_metric_id,position_x,position_y,created_by,data) VALUES ('2de4dca2-52fb-4070-b1cc-93e134b95c7d','3363d24d-9c86-499c-ac77-2012538eb71b','Gross Margin %','','Data/Metric',NULL,NULL,'{}'::jsonb,NULL,1020,200,'user_30uQARGezqSApAChPSGSwFyUy85','[{"period":"2026-01","value":36.2,"change_percent":0,"trend":"neutral"},{"period":"2026-02","value":37.1,"change_percent":2.5,"trend":"up"},{"period":"2026-03","value":37.8,"change_percent":1.9,"trend":"up"},{"period":"2026-04","value":39.9,"change_percent":5.6,"trend":"up"},{"period":"2026-05","value":40.7,"change_percent":2,"trend":"up"},{"period":"2026-06","value":41.8,"change_percent":2.7,"trend":"up"},{"period":"2026-07","value":44.2,"change_percent":5.7,"trend":"up"}]'::jsonb);
INSERT INTO public.metric_cards (id,project_id,title,description,category,sub_category,status,workflow,tracked_metric_id,position_x,position_y,created_by,data) VALUES ('1dff23b1-07a7-4862-af89-33c06acb071e','3363d24d-9c86-499c-ac77-2012538eb71b','Shipping Cost','','Data/Metric',NULL,NULL,'{}'::jsonb,NULL,-170,400,'user_30uQARGezqSApAChPSGSwFyUy85','[{"period":"2026-01","value":557506,"change_percent":0,"trend":"neutral"},{"period":"2026-02","value":512740,"change_percent":-8,"trend":"down"},{"period":"2026-03","value":466389,"change_percent":-9,"trend":"down"},{"period":"2026-04","value":425013,"change_percent":-8.9,"trend":"down"},{"period":"2026-05","value":390978,"change_percent":-8,"trend":"down"},{"period":"2026-06","value":358232,"change_percent":-8.4,"trend":"down"},{"period":"2026-07","value":323356,"change_percent":-9.7,"trend":"down"}]'::jsonb);
INSERT INTO public.metric_cards (id,project_id,title,description,category,sub_category,status,workflow,tracked_metric_id,position_x,position_y,created_by,data) VALUES ('9bca53a3-8f86-452d-a566-31c5bc7c72ec','3363d24d-9c86-499c-ac77-2012538eb71b','Returns Rate','','Data/Metric',NULL,NULL,'{}'::jsonb,NULL,170,400,'user_30uQARGezqSApAChPSGSwFyUy85','[{"period":"2026-01","value":12.6,"change_percent":0,"trend":"neutral"},{"period":"2026-02","value":11.4,"change_percent":-9.5,"trend":"down"},{"period":"2026-03","value":10.3,"change_percent":-9.6,"trend":"down"},{"period":"2026-04","value":9.6,"change_percent":-6.8,"trend":"down"},{"period":"2026-05","value":8.7,"change_percent":-9.4,"trend":"down"},{"period":"2026-06","value":8.1,"change_percent":-6.9,"trend":"down"},{"period":"2026-07","value":7.4,"change_percent":-8.6,"trend":"down"}]'::jsonb);
INSERT INTO public.metric_cards (id,project_id,title,description,category,sub_category,status,workflow,tracked_metric_id,position_x,position_y,created_by,data) VALUES ('c1a2de6e-f1b2-4788-9751-25bfa6ae5b9d','3363d24d-9c86-499c-ac77-2012538eb71b','Marketing Spend','','Data/Metric',NULL,NULL,'{}'::jsonb,NULL,510,400,'user_30uQARGezqSApAChPSGSwFyUy85','[{"period":"2026-01","value":505881,"change_percent":0,"trend":"neutral"},{"period":"2026-02","value":529761,"change_percent":4.7,"trend":"up"},{"period":"2026-03","value":571489,"change_percent":7.9,"trend":"up"},{"period":"2026-04","value":595788,"change_percent":4.3,"trend":"up"},{"period":"2026-05","value":643610,"change_percent":8,"trend":"up"},{"period":"2026-06","value":690687,"change_percent":7.3,"trend":"up"},{"period":"2026-07","value":732913,"change_percent":6.1,"trend":"up"}]'::jsonb);
INSERT INTO public.metric_cards (id,project_id,title,description,category,sub_category,status,workflow,tracked_metric_id,position_x,position_y,created_by,data) VALUES ('b194fb15-39a1-484b-818b-7f6096603dfc','3363d24d-9c86-499c-ac77-2012538eb71b','Payment Fees','','Data/Metric',NULL,NULL,'{}'::jsonb,NULL,850,400,'user_30uQARGezqSApAChPSGSwFyUy85','[{"period":"2026-01","value":554859,"change_percent":0,"trend":"neutral"},{"period":"2026-02","value":596196,"change_percent":7.5,"trend":"up"},{"period":"2026-03","value":635997,"change_percent":6.7,"trend":"up"},{"period":"2026-04","value":655231,"change_percent":3,"trend":"up"},{"period":"2026-05","value":686340,"change_percent":4.7,"trend":"up"},{"period":"2026-06","value":738975,"change_percent":7.7,"trend":"up"},{"period":"2026-07","value":761957,"change_percent":3.1,"trend":"up"}]'::jsonb);
INSERT INTO public.metric_cards (id,project_id,title,description,category,sub_category,status,workflow,tracked_metric_id,position_x,position_y,created_by,data) VALUES ('b1d1206e-d148-45ae-bfaf-be154741d4de','3363d24d-9c86-499c-ac77-2012538eb71b','Fulfilment / Ops','','Data/Metric',NULL,NULL,'{}'::jsonb,NULL,1190,400,'user_30uQARGezqSApAChPSGSwFyUy85','[{"period":"2026-01","value":1754,"change_percent":0,"trend":"neutral"},{"period":"2026-02","value":1813,"change_percent":3.4,"trend":"up"},{"period":"2026-03","value":1870,"change_percent":3.1,"trend":"up"},{"period":"2026-04","value":1965,"change_percent":5.1,"trend":"up"},{"period":"2026-05","value":2067,"change_percent":5.2,"trend":"up"},{"period":"2026-06","value":2138,"change_percent":3.4,"trend":"up"},{"period":"2026-07","value":2212,"change_percent":3.5,"trend":"up"}]'::jsonb);
INSERT INTO public.metric_cards (id,project_id,title,description,category,sub_category,status,workflow,tracked_metric_id,position_x,position_y,created_by,data) VALUES ('79573755-6fdd-4770-a10c-f87e64b52c85','3363d24d-9c86-499c-ac77-2012538eb71b','Retargeting campaign','','Work/Action','Experiment','in_progress','{"priority":"High","dueDate":"2026-07-17","effort":3}'::jsonb,NULL,1020,1000,'user_30uQARGezqSApAChPSGSwFyUy85','[]'::jsonb);
INSERT INTO public.metric_cards (id,project_id,title,description,category,sub_category,status,workflow,tracked_metric_id,position_x,position_y,created_by,data) VALUES ('51d23fe3-7709-4448-b174-dae8c5c8ef02','3363d24d-9c86-499c-ac77-2012538eb71b','Abandoned-cart email flow','','Work/Action','Initiative','planning','{"priority":"Medium","dueDate":"2026-08-07","effort":7}'::jsonb,NULL,0,1200,'user_30uQARGezqSApAChPSGSwFyUy85','[]'::jsonb);
INSERT INTO public.metric_cards (id,project_id,title,description,category,sub_category,status,workflow,tracked_metric_id,position_x,position_y,created_by,data) VALUES ('de96dcfb-a731-473e-ab88-0fac9c5f6d04','3363d24d-9c86-499c-ac77-2012538eb71b','Product bundles','','Work/Action','BAU','backlog','{"priority":"Low","dueDate":"2026-08-28","effort":11}'::jsonb,NULL,1020,600,'user_30uQARGezqSApAChPSGSwFyUy85','[]'::jsonb);
INSERT INTO public.metric_cards (id,project_id,title,description,category,sub_category,status,workflow,tracked_metric_id,position_x,position_y,created_by,data) VALUES ('1efab681-550c-439e-87be-31a001832a60','3363d24d-9c86-499c-ac77-2012538eb71b','UGC / influencer social','','Work/Action','Experiment','done','{"priority":"High","dueDate":"2026-09-18","effort":15}'::jsonb,NULL,340,1200,'user_30uQARGezqSApAChPSGSwFyUy85','[]'::jsonb);
INSERT INTO public.metric_cards (id,project_id,title,description,category,sub_category,status,workflow,tracked_metric_id,position_x,position_y,created_by,data) VALUES ('6cfb027c-3418-4311-be27-db281834f0ec','3363d24d-9c86-499c-ac77-2012538eb71b','Free-ship threshold lifts AOV','','Ideas/Hypothesis','Factor','backlog','{"confidence":"High","testable":true,"assumptions":["Free-ship threshold lifts AOV holds for the core segment"],"successCriteria":["Statistically significant lift within one quarter"]}'::jsonb,NULL,1360,600,'user_30uQARGezqSApAChPSGSwFyUy85','[]'::jsonb);
INSERT INTO public.metric_cards (id,project_id,title,description,category,sub_category,status,workflow,tracked_metric_id,position_x,position_y,created_by,data) VALUES ('58ec7864-9571-466f-aa94-77ac8b303803','3363d24d-9c86-499c-ac77-2012538eb71b','Reviews lift product-page CVR','','Ideas/Hypothesis','Factor','planning','{"confidence":"Medium","testable":true,"assumptions":["Reviews lift product-page CVR holds for the core segment"],"successCriteria":["Statistically significant lift within one quarter"]}'::jsonb,NULL,1360,1000,'user_30uQARGezqSApAChPSGSwFyUy85','[]'::jsonb);
INSERT INTO public.metric_cards (id,project_id,title,description,category,sub_category,status,workflow,tracked_metric_id,position_x,position_y,created_by,data) VALUES ('4236e378-4c94-4a23-9a82-02c41a82561c','3363d24d-9c86-499c-ac77-2012538eb71b','Discover','Shoppers find the store','Core/Value','Journey Step',NULL,'{"businessImpact":"High","stakeholders":["Growth","Product"]}'::jsonb,NULL,-2160,-380,'user_30uQARGezqSApAChPSGSwFyUy85','[]'::jsonb);
INSERT INTO public.metric_cards (id,project_id,title,description,category,sub_category,status,workflow,tracked_metric_id,position_x,position_y,created_by,data) VALUES ('0c391ffc-0017-471a-813d-d64c7f4207a1','3363d24d-9c86-499c-ac77-2012538eb71b','Purchase','Visit converts to an order','Core/Value','Journey Step',NULL,'{"businessImpact":"High","stakeholders":["Growth","Product"]}'::jsonb,NULL,-1440,-380,'user_30uQARGezqSApAChPSGSwFyUy85','[]'::jsonb);
INSERT INTO public.metric_cards (id,project_id,title,description,category,sub_category,status,workflow,tracked_metric_id,position_x,position_y,created_by,data) VALUES ('20fd9ba2-6ac3-49b8-b1b7-c082aaf002b3','3363d24d-9c86-499c-ac77-2012538eb71b','Repeat & Grow','Customers come back for more','Core/Value','Journey Step',NULL,'{"businessImpact":"Medium","stakeholders":["Growth","Product"]}'::jsonb,NULL,-720,-380,'user_30uQARGezqSApAChPSGSwFyUy85','[]'::jsonb);
INSERT INTO public.metric_cards (id,project_id,title,description,category,sub_category,status,workflow,tracked_metric_id,position_x,position_y,created_by,data) VALUES ('271d2039-e521-40b8-ac1c-b33f18da67a8','3363d24d-9c86-499c-ac77-2012538eb71b','Revenue — Projection','Operator output: Revenue × 1.1 + live feed','Data/Metric',NULL,NULL,'{}'::jsonb,NULL,2600,0,'user_30uQARGezqSApAChPSGSwFyUy85','[{"period":"2026-01","value":172311,"change_percent":0,"trend":"neutral"},{"period":"2026-02","value":178108,"change_percent":3.4,"trend":"up"},{"period":"2026-03","value":179510,"change_percent":0.8,"trend":"neutral"},{"period":"2026-04","value":187411,"change_percent":4.4,"trend":"up"},{"period":"2026-05","value":191523,"change_percent":2.2,"trend":"up"},{"period":"2026-06","value":192274,"change_percent":0.4,"trend":"neutral"},{"period":"2026-07","value":197810,"change_percent":2.9,"trend":"up"}]'::jsonb);
INSERT INTO public.metric_values (id,tracked_metric_id,period,value,change_percent,trend,source,created_by) VALUES ('22fa7a0a-7bb4-4a73-8569-f6940cd5e82a','fb7813d6-36fb-4623-8e68-866891be5c8a','2026-01',148908,0,'neutral','seed','user_30uQARGezqSApAChPSGSwFyUy85');
INSERT INTO public.metric_values (id,tracked_metric_id,period,value,change_percent,trend,source,created_by) VALUES ('e5a75cd4-6393-473d-9463-4821d11c623a','fb7813d6-36fb-4623-8e68-866891be5c8a','2026-02',153869,3.3,'up','seed','user_30uQARGezqSApAChPSGSwFyUy85');
INSERT INTO public.metric_values (id,tracked_metric_id,period,value,change_percent,trend,source,created_by) VALUES ('79b6ce77-b33a-47a3-838b-261dace2c824','fb7813d6-36fb-4623-8e68-866891be5c8a','2026-03',154834,0.6,'neutral','seed','user_30uQARGezqSApAChPSGSwFyUy85');
INSERT INTO public.metric_values (id,tracked_metric_id,period,value,change_percent,trend,source,created_by) VALUES ('f65a58cf-f4c6-4de8-a6aa-6194b273d844','fb7813d6-36fb-4623-8e68-866891be5c8a','2026-04',161707,4.4,'up','seed','user_30uQARGezqSApAChPSGSwFyUy85');
INSERT INTO public.metric_values (id,tracked_metric_id,period,value,change_percent,trend,source,created_by) VALUES ('4a3a75b4-5359-4954-8b0d-1db062d31cfd','fb7813d6-36fb-4623-8e68-866891be5c8a','2026-05',165135,2.1,'up','seed','user_30uQARGezqSApAChPSGSwFyUy85');
INSERT INTO public.metric_values (id,tracked_metric_id,period,value,change_percent,trend,source,created_by) VALUES ('ffa49ae4-7b37-4fe1-999c-78b5c1e5244d','fb7813d6-36fb-4623-8e68-866891be5c8a','2026-06',165509,0.2,'neutral','seed','user_30uQARGezqSApAChPSGSwFyUy85');
INSERT INTO public.metric_values (id,tracked_metric_id,period,value,change_percent,trend,source,created_by) VALUES ('6fd55126-e991-4d3e-b13f-e6d57460d0c2','fb7813d6-36fb-4623-8e68-866891be5c8a','2026-07',170232,2.9,'up','seed','user_30uQARGezqSApAChPSGSwFyUy85');
INSERT INTO public.relationships (id,project_id,source_id,target_id,type,confidence,weight,created_by) VALUES ('62dab9a8-8cf4-4269-9a67-d3c4faa8eeb1','3363d24d-9c86-499c-ac77-2012538eb71b','b56faea9-530c-4813-b179-98dd04d5c081','b2a582d1-5310-45ee-8a6b-e684f84330dd','Compositional','High',95,'user_30uQARGezqSApAChPSGSwFyUy85');
INSERT INTO public.relationships (id,project_id,source_id,target_id,type,confidence,weight,created_by) VALUES ('3749b83a-e9d8-42b0-9632-7ced78de6101','3363d24d-9c86-499c-ac77-2012538eb71b','fea5e960-1f91-4314-a5a5-8242b9a79543','b2a582d1-5310-45ee-8a6b-e684f84330dd','Compositional','High',90,'user_30uQARGezqSApAChPSGSwFyUy85');
INSERT INTO public.relationships (id,project_id,source_id,target_id,type,confidence,weight,created_by) VALUES ('3c04fbda-c19c-45f5-9e61-9011fea6ac2f','3363d24d-9c86-499c-ac77-2012538eb71b','2de4dca2-52fb-4070-b1cc-93e134b95c7d','b2a582d1-5310-45ee-8a6b-e684f84330dd','Causal','High',70,'user_30uQARGezqSApAChPSGSwFyUy85');
INSERT INTO public.relationships (id,project_id,source_id,target_id,type,confidence,weight,created_by) VALUES ('7006318d-36c5-4148-919f-24a428623868','3363d24d-9c86-499c-ac77-2012538eb71b','ddf5532d-83e8-4ae3-9760-4fca77c8e847','b56faea9-530c-4813-b179-98dd04d5c081','Deterministic','High',95,'user_30uQARGezqSApAChPSGSwFyUy85');
INSERT INTO public.relationships (id,project_id,source_id,target_id,type,confidence,weight,created_by) VALUES ('d4b1a490-6b7d-40d6-8115-1352d5d1b89e','3363d24d-9c86-499c-ac77-2012538eb71b','1d6fc74a-8608-4802-87b7-cf146bc1d13e','b56faea9-530c-4813-b179-98dd04d5c081','Deterministic','High',90,'user_30uQARGezqSApAChPSGSwFyUy85');
INSERT INTO public.relationships (id,project_id,source_id,target_id,type,confidence,weight,created_by) VALUES ('9f762a7a-243b-4bcd-8fc6-b5b88844a2ce','3363d24d-9c86-499c-ac77-2012538eb71b','a2d28056-2fc7-4a50-aec6-1b9c3bf534df','ddf5532d-83e8-4ae3-9760-4fca77c8e847','Deterministic','High',90,'user_30uQARGezqSApAChPSGSwFyUy85');
INSERT INTO public.relationships (id,project_id,source_id,target_id,type,confidence,weight,created_by) VALUES ('a14d13ae-20c8-42c8-aef4-e2bdc34303cc','3363d24d-9c86-499c-ac77-2012538eb71b','1ddfcbde-7ed0-404b-b673-2f55575ef5dd','ddf5532d-83e8-4ae3-9760-4fca77c8e847','Probabilistic','High',85,'user_30uQARGezqSApAChPSGSwFyUy85');
INSERT INTO public.relationships (id,project_id,source_id,target_id,type,confidence,weight,created_by) VALUES ('196bee5d-1232-4e73-8add-03cb138dbd77','3363d24d-9c86-499c-ac77-2012538eb71b','b3c7811d-08f6-428e-811d-f3d9278ca56f','1d6fc74a-8608-4802-87b7-cf146bc1d13e','Deterministic','High',80,'user_30uQARGezqSApAChPSGSwFyUy85');
INSERT INTO public.relationships (id,project_id,source_id,target_id,type,confidence,weight,created_by) VALUES ('4d84925c-0099-4d0f-8b2b-a589948ae851','3363d24d-9c86-499c-ac77-2012538eb71b','aaa9dccb-46e0-4c2e-870c-fe2e945b0a65','1d6fc74a-8608-4802-87b7-cf146bc1d13e','Deterministic','High',75,'user_30uQARGezqSApAChPSGSwFyUy85');
INSERT INTO public.relationships (id,project_id,source_id,target_id,type,confidence,weight,created_by) VALUES ('241a4cee-4593-4f64-8b65-5e2ffaa1b9fd','3363d24d-9c86-499c-ac77-2012538eb71b','e77cc5c1-edf3-4409-a1b2-e8cb847434e8','1d6fc74a-8608-4802-87b7-cf146bc1d13e','Causal','High',60,'user_30uQARGezqSApAChPSGSwFyUy85');
INSERT INTO public.relationships (id,project_id,source_id,target_id,type,confidence,weight,created_by) VALUES ('d40cba8a-9b58-4d70-9a53-1948c6984e31','3363d24d-9c86-499c-ac77-2012538eb71b','8bf8db66-f643-4235-b99f-abc7ab57c5be','1d6fc74a-8608-4802-87b7-cf146bc1d13e','Causal','High',60,'user_30uQARGezqSApAChPSGSwFyUy85');
INSERT INTO public.relationships (id,project_id,source_id,target_id,type,confidence,weight,created_by) VALUES ('1149fc59-b97d-42be-801b-7d4671a484b1','3363d24d-9c86-499c-ac77-2012538eb71b','5ab1de36-0ad5-461b-bf56-8f654c770b16','a2d28056-2fc7-4a50-aec6-1b9c3bf534df','Compositional','High',70,'user_30uQARGezqSApAChPSGSwFyUy85');
INSERT INTO public.relationships (id,project_id,source_id,target_id,type,confidence,weight,created_by) VALUES ('2192e3b8-670b-4bff-a058-8d4bb9e32efc','3363d24d-9c86-499c-ac77-2012538eb71b','4741e100-238d-4833-b5b4-6ced0ae0f658','a2d28056-2fc7-4a50-aec6-1b9c3bf534df','Compositional','High',70,'user_30uQARGezqSApAChPSGSwFyUy85');
INSERT INTO public.relationships (id,project_id,source_id,target_id,type,confidence,weight,created_by) VALUES ('10eed741-8ed7-48d2-b3fa-14314bde66f7','3363d24d-9c86-499c-ac77-2012538eb71b','3317a706-f6cf-4b5c-8069-1d786ebdd15f','a2d28056-2fc7-4a50-aec6-1b9c3bf534df','Compositional','High',60,'user_30uQARGezqSApAChPSGSwFyUy85');
INSERT INTO public.relationships (id,project_id,source_id,target_id,type,confidence,weight,created_by) VALUES ('1544c25e-bf69-4f65-8efc-73f65a7993c5','3363d24d-9c86-499c-ac77-2012538eb71b','3386b193-5739-4b30-8f59-2fa7259afacd','a2d28056-2fc7-4a50-aec6-1b9c3bf534df','Compositional','High',60,'user_30uQARGezqSApAChPSGSwFyUy85');
INSERT INTO public.relationships (id,project_id,source_id,target_id,type,confidence,weight,created_by) VALUES ('a60fab04-7331-4249-9df0-b05c80a78505','3363d24d-9c86-499c-ac77-2012538eb71b','a458ad2d-bb3c-48d6-afb9-43d34ef9d97e','a2d28056-2fc7-4a50-aec6-1b9c3bf534df','Compositional','High',50,'user_30uQARGezqSApAChPSGSwFyUy85');
INSERT INTO public.relationships (id,project_id,source_id,target_id,type,confidence,weight,created_by) VALUES ('c7906171-cc85-4687-bd33-5345652a582c','3363d24d-9c86-499c-ac77-2012538eb71b','233b962c-c2ba-46df-a420-a84b8f299f9a','a2d28056-2fc7-4a50-aec6-1b9c3bf534df','Compositional','High',45,'user_30uQARGezqSApAChPSGSwFyUy85');
INSERT INTO public.relationships (id,project_id,source_id,target_id,type,confidence,weight,created_by) VALUES ('1cdebc00-758a-4fbb-bc58-184d2a36282c','3363d24d-9c86-499c-ac77-2012538eb71b','8d45403d-2989-47b5-aa84-16131b1ed89a','3317a706-f6cf-4b5c-8069-1d786ebdd15f','Causal','High',70,'user_30uQARGezqSApAChPSGSwFyUy85');
INSERT INTO public.relationships (id,project_id,source_id,target_id,type,confidence,weight,created_by) VALUES ('a0fe7ecb-7e27-4261-bbdc-4e265aac819c','3363d24d-9c86-499c-ac77-2012538eb71b','e0ddcb5b-7b71-4751-9ac7-b0be5f097a3b','3317a706-f6cf-4b5c-8069-1d786ebdd15f','Causal','High',65,'user_30uQARGezqSApAChPSGSwFyUy85');
INSERT INTO public.relationships (id,project_id,source_id,target_id,type,confidence,weight,created_by) VALUES ('207633e2-93db-4fd1-9dbd-a826e1db584a','3363d24d-9c86-499c-ac77-2012538eb71b','5d8a072b-139b-437e-bedc-4ff7c39772dc','8d45403d-2989-47b5-aa84-16131b1ed89a','Causal','High',55,'user_30uQARGezqSApAChPSGSwFyUy85');
INSERT INTO public.relationships (id,project_id,source_id,target_id,type,confidence,weight,created_by) VALUES ('0716030a-0ded-4eb1-a4ff-3196f05b4fa3','3363d24d-9c86-499c-ac77-2012538eb71b','cf880dbd-8aff-49f0-891d-948fd6ddf532','3386b193-5739-4b30-8f59-2fa7259afacd','Deterministic','High',70,'user_30uQARGezqSApAChPSGSwFyUy85');
INSERT INTO public.relationships (id,project_id,source_id,target_id,type,confidence,weight,created_by) VALUES ('d3fa081a-fb6d-4a35-8d38-1df0d5f9a6a0','3363d24d-9c86-499c-ac77-2012538eb71b','e6b03c20-c7cd-4273-83af-ae6eaf18f7a3','3386b193-5739-4b30-8f59-2fa7259afacd','Probabilistic','High',65,'user_30uQARGezqSApAChPSGSwFyUy85');
INSERT INTO public.relationships (id,project_id,source_id,target_id,type,confidence,weight,created_by) VALUES ('35990231-d48c-4a8b-bae3-86e0687b8543','3363d24d-9c86-499c-ac77-2012538eb71b','dbee1399-6689-49e5-8089-bca2236211a3','4741e100-238d-4833-b5b4-6ced0ae0f658','Deterministic','High',80,'user_30uQARGezqSApAChPSGSwFyUy85');
INSERT INTO public.relationships (id,project_id,source_id,target_id,type,confidence,weight,created_by) VALUES ('76dfdba3-9ad2-4e38-8d77-83772524ac13','3363d24d-9c86-499c-ac77-2012538eb71b','979e053d-1ad8-4649-8686-4f1710824962','4741e100-238d-4833-b5b4-6ced0ae0f658','Deterministic','High',70,'user_30uQARGezqSApAChPSGSwFyUy85');
INSERT INTO public.relationships (id,project_id,source_id,target_id,type,confidence,weight,created_by) VALUES ('f9b3989d-ed22-495b-a871-ec66e4a5fcf7','3363d24d-9c86-499c-ac77-2012538eb71b','b0257a5a-b5de-46d6-a3d0-521b9bf53154','1ddfcbde-7ed0-404b-b673-2f55575ef5dd','Causal','High',75,'user_30uQARGezqSApAChPSGSwFyUy85');
INSERT INTO public.relationships (id,project_id,source_id,target_id,type,confidence,weight,created_by) VALUES ('08858ec6-bd01-4078-90e2-742c9a4ebbe6','3363d24d-9c86-499c-ac77-2012538eb71b','c7871d9f-21b6-4ea1-8a3f-c382393a268c','1ddfcbde-7ed0-404b-b673-2f55575ef5dd','Causal','High',75,'user_30uQARGezqSApAChPSGSwFyUy85');
INSERT INTO public.relationships (id,project_id,source_id,target_id,type,confidence,weight,created_by) VALUES ('2e5fcebf-201c-4468-9877-0a316f727fb8','3363d24d-9c86-499c-ac77-2012538eb71b','7e0cfc93-22d6-42cc-952f-19c7ee5b4048','0d9a69c6-814a-4bb9-bce5-ce3f9098bb4c','Causal','High',80,'user_30uQARGezqSApAChPSGSwFyUy85');
INSERT INTO public.relationships (id,project_id,source_id,target_id,type,confidence,weight,created_by) VALUES ('31fb7f34-1ce0-4159-91f2-d847e4f08805','3363d24d-9c86-499c-ac77-2012538eb71b','0d9a69c6-814a-4bb9-bce5-ce3f9098bb4c','1ddfcbde-7ed0-404b-b673-2f55575ef5dd','Deterministic','High',80,'user_30uQARGezqSApAChPSGSwFyUy85');
INSERT INTO public.relationships (id,project_id,source_id,target_id,type,confidence,weight,created_by) VALUES ('f80ccfc7-cbb2-4efe-9bcf-d5a960dc580f','3363d24d-9c86-499c-ac77-2012538eb71b','85109c4f-1517-4905-b681-eec2c66b4e27','ddf5532d-83e8-4ae3-9760-4fca77c8e847','Causal','High',55,'user_30uQARGezqSApAChPSGSwFyUy85');
INSERT INTO public.relationships (id,project_id,source_id,target_id,type,confidence,weight,created_by) VALUES ('47b8754f-4764-4145-9666-0207e4a491c6','3363d24d-9c86-499c-ac77-2012538eb71b','a3bb75a3-6873-44bc-9a41-f3a7b57d908f','8bb6ca50-c98f-4544-bdb2-afd3415f2311','Causal','High',70,'user_30uQARGezqSApAChPSGSwFyUy85');
INSERT INTO public.relationships (id,project_id,source_id,target_id,type,confidence,weight,created_by) VALUES ('a40c14c0-0c9b-4517-86e8-cf2f98df913e','3363d24d-9c86-499c-ac77-2012538eb71b','8bb6ca50-c98f-4544-bdb2-afd3415f2311','dedadf3d-71da-43c0-ab5f-6af19084c959','Deterministic','High',75,'user_30uQARGezqSApAChPSGSwFyUy85');
INSERT INTO public.relationships (id,project_id,source_id,target_id,type,confidence,weight,created_by) VALUES ('d636c679-4a1a-431f-a119-2cd94f973e59','3363d24d-9c86-499c-ac77-2012538eb71b','1d6fc74a-8608-4802-87b7-cf146bc1d13e','dedadf3d-71da-43c0-ab5f-6af19084c959','Causal','High',60,'user_30uQARGezqSApAChPSGSwFyUy85');
INSERT INTO public.relationships (id,project_id,source_id,target_id,type,confidence,weight,created_by) VALUES ('2a6689e7-3da4-4ed0-b41b-0f99851a877c','3363d24d-9c86-499c-ac77-2012538eb71b','c1a2de6e-f1b2-4788-9751-25bfa6ae5b9d','0a3e6e2d-d80c-4f06-99ee-f7b4170faba0','Deterministic','High',80,'user_30uQARGezqSApAChPSGSwFyUy85');
INSERT INTO public.relationships (id,project_id,source_id,target_id,type,confidence,weight,created_by) VALUES ('8a2a10aa-3871-45af-84fd-b48681565003','3363d24d-9c86-499c-ac77-2012538eb71b','85109c4f-1517-4905-b681-eec2c66b4e27','0a3e6e2d-d80c-4f06-99ee-f7b4170faba0','Deterministic','High',75,'user_30uQARGezqSApAChPSGSwFyUy85');
INSERT INTO public.relationships (id,project_id,source_id,target_id,type,confidence,weight,created_by) VALUES ('cd9849c1-343a-4a16-86dd-3fdd1c5a36bd','3363d24d-9c86-499c-ac77-2012538eb71b','4ba5cdff-efc2-4006-85e7-19f6b7997cff','fea5e960-1f91-4314-a5a5-8242b9a79543','Compositional','High',80,'user_30uQARGezqSApAChPSGSwFyUy85');
INSERT INTO public.relationships (id,project_id,source_id,target_id,type,confidence,weight,created_by) VALUES ('50f13b35-0c8d-4ad1-8ed4-be90b6eebd96','3363d24d-9c86-499c-ac77-2012538eb71b','1dff23b1-07a7-4862-af89-33c06acb071e','fea5e960-1f91-4314-a5a5-8242b9a79543','Compositional','High',65,'user_30uQARGezqSApAChPSGSwFyUy85');
INSERT INTO public.relationships (id,project_id,source_id,target_id,type,confidence,weight,created_by) VALUES ('ccbe1a88-df07-4f6a-a8a3-a94dae11730c','3363d24d-9c86-499c-ac77-2012538eb71b','c1a2de6e-f1b2-4788-9751-25bfa6ae5b9d','fea5e960-1f91-4314-a5a5-8242b9a79543','Compositional','High',70,'user_30uQARGezqSApAChPSGSwFyUy85');
INSERT INTO public.relationships (id,project_id,source_id,target_id,type,confidence,weight,created_by) VALUES ('4a8fc06c-9c58-48b4-9b85-7508deb13f7f','3363d24d-9c86-499c-ac77-2012538eb71b','9bca53a3-8f86-452d-a566-31c5bc7c72ec','fea5e960-1f91-4314-a5a5-8242b9a79543','Causal','High',60,'user_30uQARGezqSApAChPSGSwFyUy85');
INSERT INTO public.relationships (id,project_id,source_id,target_id,type,confidence,weight,created_by) VALUES ('7221cd53-c490-480a-b21e-bbe5048fc75f','3363d24d-9c86-499c-ac77-2012538eb71b','b194fb15-39a1-484b-818b-7f6096603dfc','fea5e960-1f91-4314-a5a5-8242b9a79543','Compositional','High',50,'user_30uQARGezqSApAChPSGSwFyUy85');
INSERT INTO public.relationships (id,project_id,source_id,target_id,type,confidence,weight,created_by) VALUES ('6b3280ce-261f-4be5-bd8e-7081944dda31','3363d24d-9c86-499c-ac77-2012538eb71b','b1d1206e-d148-45ae-bfaf-be154741d4de','fea5e960-1f91-4314-a5a5-8242b9a79543','Compositional','High',60,'user_30uQARGezqSApAChPSGSwFyUy85');
INSERT INTO public.relationships (id,project_id,source_id,target_id,type,confidence,weight,created_by) VALUES ('1073d4ba-e266-41de-905b-c0beb11e46af','3363d24d-9c86-499c-ac77-2012538eb71b','4ba5cdff-efc2-4006-85e7-19f6b7997cff','2de4dca2-52fb-4070-b1cc-93e134b95c7d','Causal','High',75,'user_30uQARGezqSApAChPSGSwFyUy85');
INSERT INTO public.relationships (id,project_id,source_id,target_id,type,confidence,weight,created_by) VALUES ('07c2f848-cf58-4ce9-849d-529ac156db4d','3363d24d-9c86-499c-ac77-2012538eb71b','dbee1399-6689-49e5-8089-bca2236211a3','c1a2de6e-f1b2-4788-9751-25bfa6ae5b9d','Compositional','High',70,'user_30uQARGezqSApAChPSGSwFyUy85');
INSERT INTO public.relationships (id,project_id,source_id,target_id,type,confidence,weight,created_by) VALUES ('d6bd72a9-2669-491a-9dc5-f1029e7bd018','3363d24d-9c86-499c-ac77-2012538eb71b','79573755-6fdd-4770-a10c-f87e64b52c85','4741e100-238d-4833-b5b4-6ced0ae0f658','Causal','High',60,'user_30uQARGezqSApAChPSGSwFyUy85');
INSERT INTO public.relationships (id,project_id,source_id,target_id,type,confidence,weight,created_by) VALUES ('d49d21a5-7f79-4bce-8614-c98defcb7e8e','3363d24d-9c86-499c-ac77-2012538eb71b','51d23fe3-7709-4448-b174-dae8c5c8ef02','7e0cfc93-22d6-42cc-952f-19c7ee5b4048','Causal','High',70,'user_30uQARGezqSApAChPSGSwFyUy85');
INSERT INTO public.relationships (id,project_id,source_id,target_id,type,confidence,weight,created_by) VALUES ('d0c63d35-b6b5-45d9-aa3b-721480102795','3363d24d-9c86-499c-ac77-2012538eb71b','de96dcfb-a731-473e-ab88-0fac9c5f6d04','1d6fc74a-8608-4802-87b7-cf146bc1d13e','Causal','High',65,'user_30uQARGezqSApAChPSGSwFyUy85');
INSERT INTO public.relationships (id,project_id,source_id,target_id,type,confidence,weight,created_by) VALUES ('76f3b122-f648-4c60-96de-513aac9d191f','3363d24d-9c86-499c-ac77-2012538eb71b','1efab681-550c-439e-87be-31a001832a60','8d45403d-2989-47b5-aa84-16131b1ed89a','Causal','High',60,'user_30uQARGezqSApAChPSGSwFyUy85');
INSERT INTO public.relationships (id,project_id,source_id,target_id,type,confidence,weight,created_by) VALUES ('d0e19af3-c6fc-4de1-af83-5c13a4e18be6','3363d24d-9c86-499c-ac77-2012538eb71b','6cfb027c-3418-4311-be27-db281834f0ec','1d6fc74a-8608-4802-87b7-cf146bc1d13e','Probabilistic','High',50,'user_30uQARGezqSApAChPSGSwFyUy85');
INSERT INTO public.relationships (id,project_id,source_id,target_id,type,confidence,weight,created_by) VALUES ('2d2ec04d-e33c-41f7-a4b4-f93a6fc8da6b','3363d24d-9c86-499c-ac77-2012538eb71b','58ec7864-9571-466f-aa94-77ac8b303803','b0257a5a-b5de-46d6-a3d0-521b9bf53154','Probabilistic','High',50,'user_30uQARGezqSApAChPSGSwFyUy85');
INSERT INTO public.relationships (id,project_id,source_id,target_id,type,confidence,weight,created_by) VALUES ('9934e31a-7e68-497c-b7e1-cd3cddfc1092','3363d24d-9c86-499c-ac77-2012538eb71b','a2d28056-2fc7-4a50-aec6-1b9c3bf534df','4236e378-4c94-4a23-9a82-02c41a82561c','Compositional','High',70,'user_30uQARGezqSApAChPSGSwFyUy85');
INSERT INTO public.relationships (id,project_id,source_id,target_id,type,confidence,weight,created_by) VALUES ('47605399-97c1-498d-8e31-1da592b81b90','3363d24d-9c86-499c-ac77-2012538eb71b','8d45403d-2989-47b5-aa84-16131b1ed89a','4236e378-4c94-4a23-9a82-02c41a82561c','Compositional','High',70,'user_30uQARGezqSApAChPSGSwFyUy85');
INSERT INTO public.relationships (id,project_id,source_id,target_id,type,confidence,weight,created_by) VALUES ('70ca8ce6-a9ad-4057-b9db-d9e2ba699423','3363d24d-9c86-499c-ac77-2012538eb71b','1efab681-550c-439e-87be-31a001832a60','4236e378-4c94-4a23-9a82-02c41a82561c','Causal','Medium',60,'user_30uQARGezqSApAChPSGSwFyUy85');
INSERT INTO public.relationships (id,project_id,source_id,target_id,type,confidence,weight,created_by) VALUES ('e1f1f5c4-c352-4ff6-9b50-b8a8b4c3f7a9','3363d24d-9c86-499c-ac77-2012538eb71b','1ddfcbde-7ed0-404b-b673-2f55575ef5dd','0c391ffc-0017-471a-813d-d64c7f4207a1','Compositional','High',70,'user_30uQARGezqSApAChPSGSwFyUy85');
INSERT INTO public.relationships (id,project_id,source_id,target_id,type,confidence,weight,created_by) VALUES ('724cd2d2-baa5-4b19-a2b8-e03290c25b58','3363d24d-9c86-499c-ac77-2012538eb71b','0d9a69c6-814a-4bb9-bce5-ce3f9098bb4c','0c391ffc-0017-471a-813d-d64c7f4207a1','Compositional','High',70,'user_30uQARGezqSApAChPSGSwFyUy85');
INSERT INTO public.relationships (id,project_id,source_id,target_id,type,confidence,weight,created_by) VALUES ('ec17faa6-640f-4907-b30d-d51583fa804b','3363d24d-9c86-499c-ac77-2012538eb71b','51d23fe3-7709-4448-b174-dae8c5c8ef02','0c391ffc-0017-471a-813d-d64c7f4207a1','Causal','Medium',60,'user_30uQARGezqSApAChPSGSwFyUy85');
INSERT INTO public.relationships (id,project_id,source_id,target_id,type,confidence,weight,created_by) VALUES ('46c8925b-d035-4d89-b636-37d637ba84b4','3363d24d-9c86-499c-ac77-2012538eb71b','58ec7864-9571-466f-aa94-77ac8b303803','0c391ffc-0017-471a-813d-d64c7f4207a1','Causal','Medium',60,'user_30uQARGezqSApAChPSGSwFyUy85');
INSERT INTO public.relationships (id,project_id,source_id,target_id,type,confidence,weight,created_by) VALUES ('1b46cc3e-02e9-48f0-815b-9fa47f0779ee','3363d24d-9c86-499c-ac77-2012538eb71b','a3bb75a3-6873-44bc-9a41-f3a7b57d908f','20fd9ba2-6ac3-49b8-b1b7-c082aaf002b3','Compositional','High',70,'user_30uQARGezqSApAChPSGSwFyUy85');
INSERT INTO public.relationships (id,project_id,source_id,target_id,type,confidence,weight,created_by) VALUES ('03638aa9-0370-4822-b8f4-1257c40fa948','3363d24d-9c86-499c-ac77-2012538eb71b','dedadf3d-71da-43c0-ab5f-6af19084c959','20fd9ba2-6ac3-49b8-b1b7-c082aaf002b3','Compositional','High',70,'user_30uQARGezqSApAChPSGSwFyUy85');
INSERT INTO public.relationships (id,project_id,source_id,target_id,type,confidence,weight,created_by) VALUES ('754740bc-2f88-4af4-b263-5e1c079ad566','3363d24d-9c86-499c-ac77-2012538eb71b','de96dcfb-a731-473e-ab88-0fac9c5f6d04','20fd9ba2-6ac3-49b8-b1b7-c082aaf002b3','Causal','Medium',60,'user_30uQARGezqSApAChPSGSwFyUy85');
INSERT INTO public.relationships (id,project_id,source_id,target_id,type,confidence,weight,created_by) VALUES ('b12aeefa-1c53-4fdb-9ffb-f3418a5904e2','3363d24d-9c86-499c-ac77-2012538eb71b','6cfb027c-3418-4311-be27-db281834f0ec','20fd9ba2-6ac3-49b8-b1b7-c082aaf002b3','Causal','Medium',60,'user_30uQARGezqSApAChPSGSwFyUy85');
INSERT INTO public.evidence_items (id,relationship_id,title,type,date,summary,hypothesis,link,impact_on_confidence,owner_id,created_by) VALUES ('cec38658-ef1b-4aa6-a8a1-19f224bcf092','a14d13ae-20c8-42c8-aef4-e2bdc34303cc','Experiment: Conversion Rate → Orders','Experiment','2026-06-26','Observed a consistent relationship between Conversion Rate and Orders over the last two quarters; effect size supports the current high-confidence rating.','Conversion Rate is a leading driver of Orders',NULL,'Increases confidence','user_30uQARGezqSApAChPSGSwFyUy85','user_30uQARGezqSApAChPSGSwFyUy85');
INSERT INTO public.evidence_items (id,relationship_id,title,type,date,summary,hypothesis,link,impact_on_confidence,owner_id,created_by) VALUES ('e8578cf7-e10b-41e6-a46b-3db42e24d329','2e5fcebf-201c-4468-9877-0a316f727fb8','Analysis: Cart Abandonment Rate → Checkout Completion %','Analysis','2026-06-19','Observed a consistent relationship between Cart Abandonment Rate and Checkout Completion % over the last two quarters; effect size supports the current high-confidence rating.','Cart Abandonment Rate is a leading driver of Checkout Completion %',NULL,'Supports current rating','user_30uQARGezqSApAChPSGSwFyUy85','user_30uQARGezqSApAChPSGSwFyUy85');
INSERT INTO public.evidence_items (id,relationship_id,title,type,date,summary,hypothesis,link,impact_on_confidence,owner_id,created_by) VALUES ('afdd3c75-79fc-43a0-8464-34339c4e5797','f9b3989d-ed22-495b-a871-ec66e4a5fcf7','External Research: Product Page CVR → Conversion Rate','External Research','2026-06-12','Observed a consistent relationship between Product Page CVR and Conversion Rate over the last two quarters; effect size supports the current high-confidence rating.','Product Page CVR is a leading driver of Conversion Rate',NULL,'Supports current rating','user_30uQARGezqSApAChPSGSwFyUy85','user_30uQARGezqSApAChPSGSwFyUy85');
INSERT INTO public.groups (id,project_id,name,color,node_ids,position_x,position_y,width,height,created_by) VALUES ('f3159b7a-3821-42c8-a070-218ae9e6f8ea','3363d24d-9c86-499c-ac77-2012538eb71b','Traffic & Channels','#3b82f6',ARRAY['a2d28056-2fc7-4a50-aec6-1b9c3bf534df','5ab1de36-0ad5-461b-bf56-8f654c770b16','4741e100-238d-4833-b5b4-6ced0ae0f658','3317a706-f6cf-4b5c-8069-1d786ebdd15f','3386b193-5739-4b30-8f59-2fa7259afacd','a458ad2d-bb3c-48d6-afb9-43d34ef9d97e','233b962c-c2ba-46df-a420-a84b8f299f9a','8d45403d-2989-47b5-aa84-16131b1ed89a','e0ddcb5b-7b71-4751-9ac7-b0be5f097a3b','5d8a072b-139b-437e-bedc-4ff7c39772dc','cf880dbd-8aff-49f0-891d-948fd6ddf532','e6b03c20-c7cd-4273-83af-ae6eaf18f7a3','dbee1399-6689-49e5-8089-bca2236211a3','979e053d-1ad8-4649-8686-4f1710824962']::uuid[],-1390,514,2040,886,'user_30uQARGezqSApAChPSGSwFyUy85');
INSERT INTO public.groups (id,project_id,name,color,node_ids,position_x,position_y,width,height,created_by) VALUES ('64483501-4983-4841-afcf-e2c57e33e8fc','3363d24d-9c86-499c-ac77-2012538eb71b','Conversion & Orders','#22c55e',ARRAY['ddf5532d-83e8-4ae3-9760-4fca77c8e847','1ddfcbde-7ed0-404b-b673-2f55575ef5dd','b0257a5a-b5de-46d6-a3d0-521b9bf53154','c7871d9f-21b6-4ea1-8a3f-c382393a268c','7e0cfc93-22d6-42cc-952f-19c7ee5b4048','0d9a69c6-814a-4bb9-bce5-ce3f9098bb4c','85109c4f-1517-4905-b681-eec2c66b4e27']::uuid[],-1220,314,2890,886,'user_30uQARGezqSApAChPSGSwFyUy85');
INSERT INTO public.groups (id,project_id,name,color,node_ids,position_x,position_y,width,height,created_by) VALUES ('768aac36-bec6-4726-9bc0-82015c53c927','3363d24d-9c86-499c-ac77-2012538eb71b','AOV & Retention','#f59e0b',ARRAY['1d6fc74a-8608-4802-87b7-cf146bc1d13e','b3c7811d-08f6-428e-811d-f3d9278ca56f','aaa9dccb-46e0-4c2e-870c-fe2e945b0a65','e77cc5c1-edf3-4409-a1b2-e8cb847434e8','8bf8db66-f643-4235-b99f-abc7ab57c5be','a3bb75a3-6873-44bc-9a41-f3a7b57d908f','8bb6ca50-c98f-4544-bdb2-afd3415f2311','dedadf3d-71da-43c0-ab5f-6af19084c959']::uuid[],-880,114,1530,686,'user_30uQARGezqSApAChPSGSwFyUy85');
INSERT INTO public.groups (id,project_id,name,color,node_ids,position_x,position_y,width,height,created_by) VALUES ('290709e3-d091-47f3-91cd-dd9e9a84a730','3363d24d-9c86-499c-ac77-2012538eb71b','Cost Structure','#a855f7',ARRAY['fea5e960-1f91-4314-a5a5-8242b9a79543','4ba5cdff-efc2-4006-85e7-19f6b7997cff','2de4dca2-52fb-4070-b1cc-93e134b95c7d','1dff23b1-07a7-4862-af89-33c06acb071e','9bca53a3-8f86-452d-a566-31c5bc7c72ec','c1a2de6e-f1b2-4788-9751-25bfa6ae5b9d','b194fb15-39a1-484b-818b-7f6096603dfc','b1d1206e-d148-45ae-bfaf-be154741d4de','0a3e6e2d-d80c-4f06-99ee-f7b4170faba0']::uuid[],-540,114,2040,486,'user_30uQARGezqSApAChPSGSwFyUy85');
INSERT INTO public.groups (id,project_id,name,color,node_ids,position_x,position_y,width,height,created_by) VALUES ('47f12fbe-9093-4351-a03a-a36c2484a4b7','3363d24d-9c86-499c-ac77-2012538eb71b','Strategy — Levers & Bets','#ec4899',ARRAY['79573755-6fdd-4770-a10c-f87e64b52c85','51d23fe3-7709-4448-b174-dae8c5c8ef02','de96dcfb-a731-473e-ab88-0fac9c5f6d04','1efab681-550c-439e-87be-31a001832a60','6cfb027c-3418-4311-be27-db281834f0ec','58ec7864-9571-466f-aa94-77ac8b303803']::uuid[],-30,514,1700,886,'user_30uQARGezqSApAChPSGSwFyUy85');
INSERT INTO public.canvas_nodes (id,project_id,node_type,title,position_x,position_y,data,created_by) VALUES ('7fe5a1d9-bd65-49f0-b4f6-012cdce65148','3363d24d-9c86-499c-ac77-2012538eb71b','whiteboardNode','Label',1880,-170,'{"shape":"text","text":"📊 Live Data Pipeline","fontSize":18,"width":300,"height":96,"fill":"#eef2ff","stroke":"#6366f1"}'::jsonb,'user_30uQARGezqSApAChPSGSwFyUy85');
INSERT INTO public.canvas_nodes (id,project_id,node_type,title,position_x,position_y,data,created_by) VALUES ('13ef4351-08dc-46dc-9b3e-bc29067ca188','3363d24d-9c86-499c-ac77-2012538eb71b','sourceNode','Live Feed',1880,0,'{"title":"Live Feed (new bookings)","config":{"origin":"manual","rows":[{"period":"2026-01","value":8512},{"period":"2026-02","value":8852},{"period":"2026-03","value":9193},{"period":"2026-04","value":9533},{"period":"2026-05","value":9874},{"period":"2026-06","value":10214},{"period":"2026-07","value":10555}]},"series":[{"period":"2026-01","value":8512,"change_percent":0,"trend":"neutral"},{"period":"2026-02","value":8852,"change_percent":4,"trend":"up"},{"period":"2026-03","value":9193,"change_percent":3.9,"trend":"up"},{"period":"2026-04","value":9533,"change_percent":3.7,"trend":"up"},{"period":"2026-05","value":9874,"change_percent":3.6,"trend":"up"},{"period":"2026-06","value":10214,"change_percent":3.4,"trend":"up"},{"period":"2026-07","value":10555,"change_percent":3.3,"trend":"up"}],"refreshedAt":"2026-07-03T13:57:29.557Z"}'::jsonb,'user_30uQARGezqSApAChPSGSwFyUy85');
INSERT INTO public.canvas_nodes (id,project_id,node_type,title,position_x,position_y,data,created_by) VALUES ('bfb98b89-4635-4ae7-b957-603c01d1eb79','3363d24d-9c86-499c-ac77-2012538eb71b','operatorNode','Projection',2240,0,'{"label":"Projection (a × 1.1 + feed)","operationType":"formula","isActive":true,"formula":"a * 1.1 + b","inputs":[{"key":"a","sourceId":"b56faea9-530c-4813-b179-98dd04d5c081","label":"Revenue"},{"key":"b","sourceId":"13ef4351-08dc-46dc-9b3e-bc29067ca188","label":"Live feed"}]}'::jsonb,'user_30uQARGezqSApAChPSGSwFyUy85');
INSERT INTO public.canvas_nodes (id,project_id,node_type,title,position_x,position_y,data,created_by) VALUES ('171ea7ed-a2d1-4686-94ff-7a60a779e2d4','3363d24d-9c86-499c-ac77-2012538eb71b','chartNode','Actual vs Projection',2980,0,'{"chartType":"area","title":"Actual vs Projection","seriesCardIds":["b56faea9-530c-4813-b179-98dd04d5c081","271d2039-e521-40b8-ac1c-b33f18da67a8"],"showLegend":true}'::jsonb,'user_30uQARGezqSApAChPSGSwFyUy85');
INSERT INTO public.canvas_nodes (id,project_id,node_type,title,position_x,position_y,data,created_by) VALUES ('a046d4ce-6bbd-4c9f-885a-c3ae1625a1a1','3363d24d-9c86-499c-ac77-2012538eb71b','commentNode','Pipeline',1880,260,'{"title":"Live pipeline: Source → Operator → Card → Chart. Edit the Source, then Run Simulation.","projectId":"3363d24d-9c86-499c-ac77-2012538eb71b"}'::jsonb,'user_30uQARGezqSApAChPSGSwFyUy85');
INSERT INTO public.comment_threads (id,project_id,source,context,is_resolved,created_by) VALUES ('3c806c21-47b4-461b-b911-8ce213d55912','3363d24d-9c86-499c-ac77-2012538eb71b','node','{"cardId":"b56faea9-530c-4813-b179-98dd04d5c081"}'::jsonb,false,'user_30uQARGezqSApAChPSGSwFyUy85');
INSERT INTO public.comment_threads (id,project_id,source,context,is_resolved,created_by) VALUES ('9c669a9a-4fce-4cfc-b612-146d4da27d1d','3363d24d-9c86-499c-ac77-2012538eb71b','canvas',NULL,true,'user_30uQARGezqSApAChPSGSwFyUy85');
INSERT INTO public.comments (id,thread_id,author_id,content,resolved) VALUES ('eefe16a4-fa2e-4cc4-bb45-b0143808bb36','3c806c21-47b4-461b-b911-8ce213d55912','user_30uQARGezqSApAChPSGSwFyUy85','Revenue is our anchor metric — the operator projection to the right recomputes it live. Does the seasonality here look right?',false);
INSERT INTO public.comments (id,thread_id,author_id,content,resolved) VALUES ('5fb91212-6d98-4de3-827a-c0f713b183bb','3c806c21-47b4-461b-b911-8ce213d55912','user_30uQARGezqSApAChPSGSwFyUy85','Compared it against the tracked-metric series in the catalog — trends match. Leaving this open until we wire the warehouse source.',false);
INSERT INTO public.comments (id,thread_id,author_id,content,resolved) VALUES ('9944520b-6c85-46d5-ad79-d049a3f3e51a','9c669a9a-4fce-4cfc-b612-146d4da27d1d','user_30uQARGezqSApAChPSGSwFyUy85','Grouped the levers & bets into a Strategy group — check the Strategy page for the kanban view.',true);
INSERT INTO public.dashboard_widgets (id,project_id,title,widget_type,config,layout,sort_index,created_by) VALUES ('8fec4191-dbcc-4fd8-a376-83ea20f1b284','3363d24d-9c86-499c-ac77-2012538eb71b','Revenue — E-commerce','kpi','{"source":"tracked","trackedMetricIds":["fb7813d6-36fb-4623-8e68-866891be5c8a"]}'::jsonb,'{"x":0,"y":0,"w":3,"h":4}'::jsonb,0,'user_30uQARGezqSApAChPSGSwFyUy85');
INSERT INTO public.dashboard_widgets (id,project_id,title,widget_type,config,layout,sort_index,created_by) VALUES ('3f6d9714-2892-4cfc-a28d-6a0191bac2dd','3363d24d-9c86-499c-ac77-2012538eb71b','Revenue & drivers','area','{"source":"card","cardIds":["b56faea9-530c-4813-b179-98dd04d5c081","271d2039-e521-40b8-ac1c-b33f18da67a8","ddf5532d-83e8-4ae3-9760-4fca77c8e847","1d6fc74a-8608-4802-87b7-cf146bc1d13e"],"display":{"showLegend":true}}'::jsonb,'{"x":3,"y":0,"w":9,"h":8}'::jsonb,1,'user_30uQARGezqSApAChPSGSwFyUy85');
INSERT INTO public.dashboard_widgets (id,project_id,title,widget_type,config,layout,sort_index,created_by) VALUES ('b2f46676-6b92-4733-aee0-33ed169255ce','3363d24d-9c86-499c-ac77-2012538eb71b','Key metrics','table','{"source":"card","cardIds":["b56faea9-530c-4813-b179-98dd04d5c081","271d2039-e521-40b8-ac1c-b33f18da67a8","ddf5532d-83e8-4ae3-9760-4fca77c8e847","1d6fc74a-8608-4802-87b7-cf146bc1d13e"]}'::jsonb,'{"x":0,"y":4,"w":3,"h":8}'::jsonb,2,'user_30uQARGezqSApAChPSGSwFyUy85');
INSERT INTO public.alert_rules (id,project_id,card_id,name,rule_type,config,enabled,created_by) VALUES ('4cad8909-7671-4b91-a1f3-505cd8e9a58d','3363d24d-9c86-499c-ac77-2012538eb71b','b56faea9-530c-4813-b179-98dd04d5c081','Revenue floor','threshold','{"comparator":"lte","value":144697}'::jsonb,true,'user_30uQARGezqSApAChPSGSwFyUy85');
INSERT INTO public.alert_rules (id,project_id,card_id,name,rule_type,config,enabled,created_by) VALUES ('fe5cd947-254c-4e7f-9945-071b4483a189','3363d24d-9c86-499c-ac77-2012538eb71b','b56faea9-530c-4813-b179-98dd04d5c081','Revenue sudden drop','change','{"direction":"down","pct":10}'::jsonb,true,'user_30uQARGezqSApAChPSGSwFyUy85');

DELETE FROM public.projects WHERE created_by='user_30uQARGezqSApAChPSGSwFyUy85' AND name='Retail (Walk-in) — Example Metric Tree';
DELETE FROM public.tracked_metrics WHERE created_by='user_30uQARGezqSApAChPSGSwFyUy85' AND name='Revenue — Retail (Walk-in)';
INSERT INTO public.projects (id,name,description,created_by,last_modified_by,is_public,tags,settings) VALUES ('7b39fcee-1fc3-4324-ba0a-41249eca666b','Retail (Walk-in) — Example Metric Tree','Decomposition of profit for a physical store: transactions = foot traffic × conversion, basket size, footfall drivers (incl. local social), and store cost structure.','user_30uQARGezqSApAChPSGSwFyUy85','user_30uQARGezqSApAChPSGSwFyUy85',true,ARRAY['example','template'],'{"dataFlowEdges":[{"id":"f1bbc6d3-3b42-463f-a1aa-ee196996511e","source":"99587375-8663-44e6-ad04-8aa4465ecf6c","target":"c098d183-be63-4ac9-bd47-9386c53dd25d","type":"dataFlow"},{"id":"ca91b570-5e01-4b5e-9caf-718172b7dcd0","source":"d523c1e1-4023-479a-862d-32933d7f49a3","target":"c098d183-be63-4ac9-bd47-9386c53dd25d","type":"dataFlow"},{"id":"17de3c32-9289-4a0b-9578-1b36626ec0eb","source":"c098d183-be63-4ac9-bd47-9386c53dd25d","target":"f848e602-6aff-4fba-a113-19753a0618b9","type":"dataFlow"},{"id":"ade3fba4-0b40-47c8-82c4-7bdbeedc8092","source":"d523c1e1-4023-479a-862d-32933d7f49a3","target":"d9697028-6c4b-4220-a22a-498bb300eec9","type":"dataFlow"},{"id":"48091a02-07d4-46d3-861c-87ddd98ee73f","source":"f848e602-6aff-4fba-a113-19753a0618b9","target":"d9697028-6c4b-4220-a22a-498bb300eec9","type":"dataFlow"}]}'::jsonb);
INSERT INTO public.tracked_metrics (id,name,state,unit,formula,owner_label,source_kind,origin_card_id,origin_project_id,created_by) VALUES ('a56ca618-9628-4602-a524-e165164addbe','Revenue — Retail (Walk-in)','tracked','USD',NULL,'Growth','manual','d523c1e1-4023-479a-862d-32933d7f49a3','7b39fcee-1fc3-4324-ba0a-41249eca666b','user_30uQARGezqSApAChPSGSwFyUy85');
INSERT INTO public.metric_cards (id,project_id,title,description,category,sub_category,status,workflow,tracked_metric_id,position_x,position_y,created_by,data) VALUES ('d9fe8863-9f41-4f71-9c30-723ac74ae201','7b39fcee-1fc3-4324-ba0a-41249eca666b','Profit','Revenue − Total Costs','Core/Value','Critical Path',NULL,'{"businessImpact":"High"}'::jsonb,NULL,0,0,'user_30uQARGezqSApAChPSGSwFyUy85','[{"period":"2026-01","value":591020,"change_percent":0,"trend":"neutral"},{"period":"2026-02","value":627926,"change_percent":6.2,"trend":"up"},{"period":"2026-03","value":671889,"change_percent":7,"trend":"up"},{"period":"2026-04","value":703562,"change_percent":4.7,"trend":"up"},{"period":"2026-05","value":757171,"change_percent":7.6,"trend":"up"},{"period":"2026-06","value":797854,"change_percent":5.4,"trend":"up"},{"period":"2026-07","value":848528,"change_percent":6.4,"trend":"up"}]'::jsonb);
INSERT INTO public.metric_cards (id,project_id,title,description,category,sub_category,status,workflow,tracked_metric_id,position_x,position_y,created_by,data) VALUES ('d523c1e1-4023-479a-862d-32933d7f49a3','7b39fcee-1fc3-4324-ba0a-41249eca666b','Revenue','Transactions × Avg Basket','Data/Metric',NULL,NULL,'{}'::jsonb,'a56ca618-9628-4602-a524-e165164addbe',-340,200,'user_30uQARGezqSApAChPSGSwFyUy85','[{"period":"2026-01","value":538631,"change_percent":0,"trend":"neutral"},{"period":"2026-02","value":578634,"change_percent":7.4,"trend":"up"},{"period":"2026-03","value":628277,"change_percent":8.6,"trend":"up"},{"period":"2026-04","value":681375,"change_percent":8.5,"trend":"up"},{"period":"2026-05","value":738337,"change_percent":8.4,"trend":"up"},{"period":"2026-06","value":803601,"change_percent":8.8,"trend":"up"},{"period":"2026-07","value":864848,"change_percent":7.6,"trend":"up"}]'::jsonb);
INSERT INTO public.metric_cards (id,project_id,title,description,category,sub_category,status,workflow,tracked_metric_id,position_x,position_y,created_by,data) VALUES ('fea94d22-ca11-49cd-bf95-e2a9553be12b','7b39fcee-1fc3-4324-ba0a-41249eca666b','Transactions','Foot traffic × Conversion','Data/Metric',NULL,NULL,'{}'::jsonb,NULL,-1190,400,'user_30uQARGezqSApAChPSGSwFyUy85','[{"period":"2026-01","value":8712,"change_percent":0,"trend":"neutral"},{"period":"2026-02","value":9188,"change_percent":5.5,"trend":"up"},{"period":"2026-03","value":9319,"change_percent":1.4,"trend":"up"},{"period":"2026-04","value":9432,"change_percent":1.2,"trend":"up"},{"period":"2026-05","value":9678,"change_percent":2.6,"trend":"up"},{"period":"2026-06","value":10212,"change_percent":5.5,"trend":"up"},{"period":"2026-07","value":10596,"change_percent":3.8,"trend":"up"}]'::jsonb);
INSERT INTO public.metric_cards (id,project_id,title,description,category,sub_category,status,workflow,tracked_metric_id,position_x,position_y,created_by,data) VALUES ('dbb422aa-51dc-4266-914e-6381917dc01a','7b39fcee-1fc3-4324-ba0a-41249eca666b','Average Basket Value','Items × Avg item price','Data/Metric',NULL,NULL,'{}'::jsonb,NULL,-850,400,'user_30uQARGezqSApAChPSGSwFyUy85','[{"period":"2026-01","value":747120,"change_percent":0,"trend":"neutral"},{"period":"2026-02","value":775341,"change_percent":3.8,"trend":"up"},{"period":"2026-03","value":825059,"change_percent":6.4,"trend":"up"},{"period":"2026-04","value":861279,"change_percent":4.4,"trend":"up"},{"period":"2026-05","value":920608,"change_percent":6.9,"trend":"up"},{"period":"2026-06","value":993796,"change_percent":7.9,"trend":"up"},{"period":"2026-07","value":1043045,"change_percent":5,"trend":"up"}]'::jsonb);
INSERT INTO public.metric_cards (id,project_id,title,description,category,sub_category,status,workflow,tracked_metric_id,position_x,position_y,created_by,data) VALUES ('c4bc679f-f912-4f8a-9718-f6543e71371d','7b39fcee-1fc3-4324-ba0a-41249eca666b','Foot Traffic','Passersby × Capture rate','Data/Metric',NULL,NULL,'{}'::jsonb,NULL,-850,600,'user_30uQARGezqSApAChPSGSwFyUy85','[{"period":"2026-01","value":62790,"change_percent":0,"trend":"neutral"},{"period":"2026-02","value":64832,"change_percent":3.3,"trend":"up"},{"period":"2026-03","value":65291,"change_percent":0.7,"trend":"neutral"},{"period":"2026-04","value":65755,"change_percent":0.7,"trend":"neutral"},{"period":"2026-05","value":66544,"change_percent":1.2,"trend":"up"},{"period":"2026-06","value":68786,"change_percent":3.4,"trend":"up"},{"period":"2026-07","value":72016,"change_percent":4.7,"trend":"up"}]'::jsonb);
INSERT INTO public.metric_cards (id,project_id,title,description,category,sub_category,status,workflow,tracked_metric_id,position_x,position_y,created_by,data) VALUES ('06d7c360-89ae-426c-9f07-227211b515e8','7b39fcee-1fc3-4324-ba0a-41249eca666b','Walk-in Conversion %','','Data/Metric',NULL,NULL,'{}'::jsonb,NULL,-510,600,'user_30uQARGezqSApAChPSGSwFyUy85','[{"period":"2026-01","value":4.3,"change_percent":0,"trend":"neutral"},{"period":"2026-02","value":4.6,"change_percent":7,"trend":"up"},{"period":"2026-03","value":4.7,"change_percent":2.2,"trend":"up"},{"period":"2026-04","value":5,"change_percent":6.4,"trend":"up"},{"period":"2026-05","value":5.3,"change_percent":6,"trend":"up"},{"period":"2026-06","value":5.6,"change_percent":5.7,"trend":"up"},{"period":"2026-07","value":5.8,"change_percent":3.6,"trend":"up"}]'::jsonb);
INSERT INTO public.metric_cards (id,project_id,title,description,category,sub_category,status,workflow,tracked_metric_id,position_x,position_y,created_by,data) VALUES ('df5f204c-8b93-40d1-85d2-ca39db666b14','7b39fcee-1fc3-4324-ba0a-41249eca666b','Items per Basket','','Data/Metric',NULL,NULL,'{}'::jsonb,NULL,-170,600,'user_30uQARGezqSApAChPSGSwFyUy85','[{"period":"2026-01","value":796600,"change_percent":0,"trend":"neutral"},{"period":"2026-02","value":860724,"change_percent":8,"trend":"up"},{"period":"2026-03","value":921637,"change_percent":7.1,"trend":"up"},{"period":"2026-04","value":989785,"change_percent":7.4,"trend":"up"},{"period":"2026-05","value":1067062,"change_percent":7.8,"trend":"up"},{"period":"2026-06","value":1154205,"change_percent":8.2,"trend":"up"},{"period":"2026-07","value":1261658,"change_percent":9.3,"trend":"up"}]'::jsonb);
INSERT INTO public.metric_cards (id,project_id,title,description,category,sub_category,status,workflow,tracked_metric_id,position_x,position_y,created_by,data) VALUES ('f97a95b4-eee0-4ba1-9ee1-be4e1d0b9402','7b39fcee-1fc3-4324-ba0a-41249eca666b','Avg Item Price','','Data/Metric',NULL,NULL,'{}'::jsonb,NULL,170,600,'user_30uQARGezqSApAChPSGSwFyUy85','[{"period":"2026-01","value":116870,"change_percent":0,"trend":"neutral"},{"period":"2026-02","value":125684,"change_percent":7.5,"trend":"up"},{"period":"2026-03","value":133728,"change_percent":6.4,"trend":"up"},{"period":"2026-04","value":144179,"change_percent":7.8,"trend":"up"},{"period":"2026-05","value":153696,"change_percent":6.6,"trend":"up"},{"period":"2026-06","value":162962,"change_percent":6,"trend":"up"},{"period":"2026-07","value":171574,"change_percent":5.3,"trend":"up"}]'::jsonb);
INSERT INTO public.metric_cards (id,project_id,title,description,category,sub_category,status,workflow,tracked_metric_id,position_x,position_y,created_by,data) VALUES ('d1b86c95-e833-48a3-adaa-2250ba074438','7b39fcee-1fc3-4324-ba0a-41249eca666b','Impulse / POS add-ons','','Data/Metric',NULL,NULL,'{}'::jsonb,NULL,510,600,'user_30uQARGezqSApAChPSGSwFyUy85','[{"period":"2026-01","value":3401,"change_percent":0,"trend":"neutral"},{"period":"2026-02","value":3558,"change_percent":4.6,"trend":"up"},{"period":"2026-03","value":3637,"change_percent":2.2,"trend":"up"},{"period":"2026-04","value":3840,"change_percent":5.6,"trend":"up"},{"period":"2026-05","value":3959,"change_percent":3.1,"trend":"up"},{"period":"2026-06","value":4169,"change_percent":5.3,"trend":"up"},{"period":"2026-07","value":4403,"change_percent":5.6,"trend":"up"}]'::jsonb);
INSERT INTO public.metric_cards (id,project_id,title,description,category,sub_category,status,workflow,tracked_metric_id,position_x,position_y,created_by,data) VALUES ('4caf665a-d47b-4657-8ddc-94cb7090a9ee','7b39fcee-1fc3-4324-ba0a-41249eca666b','Passersby (location footfall)','','Data/Metric',NULL,NULL,'{}'::jsonb,NULL,-1360,800,'user_30uQARGezqSApAChPSGSwFyUy85','[{"period":"2026-01","value":72727,"change_percent":0,"trend":"neutral"},{"period":"2026-02","value":77984,"change_percent":7.2,"trend":"up"},{"period":"2026-03","value":82997,"change_percent":6.4,"trend":"up"},{"period":"2026-04","value":87578,"change_percent":5.5,"trend":"up"},{"period":"2026-05","value":92008,"change_percent":5.1,"trend":"up"},{"period":"2026-06","value":97331,"change_percent":5.8,"trend":"up"},{"period":"2026-07","value":101760,"change_percent":4.6,"trend":"up"}]'::jsonb);
INSERT INTO public.metric_cards (id,project_id,title,description,category,sub_category,status,workflow,tracked_metric_id,position_x,position_y,created_by,data) VALUES ('55b3a371-0786-4ab0-8c5a-94383ddf1379','7b39fcee-1fc3-4324-ba0a-41249eca666b','Capture Rate','Share who enter','Data/Metric',NULL,NULL,'{}'::jsonb,NULL,-1020,800,'user_30uQARGezqSApAChPSGSwFyUy85','[{"period":"2026-01","value":2,"change_percent":0,"trend":"neutral"},{"period":"2026-02","value":2.1,"change_percent":5,"trend":"up"},{"period":"2026-03","value":2.1,"change_percent":0,"trend":"neutral"},{"period":"2026-04","value":2.2,"change_percent":4.8,"trend":"up"},{"period":"2026-05","value":2.4,"change_percent":9.1,"trend":"up"},{"period":"2026-06","value":2.5,"change_percent":4.2,"trend":"up"},{"period":"2026-07","value":2.6,"change_percent":4,"trend":"up"}]'::jsonb);
INSERT INTO public.metric_cards (id,project_id,title,description,category,sub_category,status,workflow,tracked_metric_id,position_x,position_y,created_by,data) VALUES ('3cb81fad-f3d8-4422-9f06-797d6ee6a79e','7b39fcee-1fc3-4324-ba0a-41249eca666b','Window Display Score','','Data/Metric',NULL,NULL,'{}'::jsonb,NULL,-1530,1000,'user_30uQARGezqSApAChPSGSwFyUy85','[{"period":"2026-01","value":1508,"change_percent":0,"trend":"neutral"},{"period":"2026-02","value":1585,"change_percent":5.1,"trend":"up"},{"period":"2026-03","value":1666,"change_percent":5.1,"trend":"up"},{"period":"2026-04","value":1795,"change_percent":7.7,"trend":"up"},{"period":"2026-05","value":1897,"change_percent":5.7,"trend":"up"},{"period":"2026-06","value":2047,"change_percent":7.9,"trend":"up"},{"period":"2026-07","value":2203,"change_percent":7.6,"trend":"up"}]'::jsonb);
INSERT INTO public.metric_cards (id,project_id,title,description,category,sub_category,status,workflow,tracked_metric_id,position_x,position_y,created_by,data) VALUES ('6ff1f1f7-fc07-4d64-ab81-4ea9a38290b6','7b39fcee-1fc3-4324-ba0a-41249eca666b','Signage / Promo Visibility','','Data/Metric',NULL,NULL,'{}'::jsonb,NULL,-1190,1000,'user_30uQARGezqSApAChPSGSwFyUy85','[{"period":"2026-01","value":947,"change_percent":0,"trend":"neutral"},{"period":"2026-02","value":978,"change_percent":3.3,"trend":"up"},{"period":"2026-03","value":990,"change_percent":1.2,"trend":"up"},{"period":"2026-04","value":1020,"change_percent":3,"trend":"up"},{"period":"2026-05","value":1065,"change_percent":4.4,"trend":"up"},{"period":"2026-06","value":1089,"change_percent":2.3,"trend":"up"},{"period":"2026-07","value":1126,"change_percent":3.4,"trend":"up"}]'::jsonb);
INSERT INTO public.metric_cards (id,project_id,title,description,category,sub_category,status,workflow,tracked_metric_id,position_x,position_y,created_by,data) VALUES ('322140a7-5583-4b4d-9b9d-70b5f2a5ef2a','7b39fcee-1fc3-4324-ba0a-41249eca666b','Local Marketing Reach','','Data/Metric',NULL,NULL,'{}'::jsonb,NULL,-850,1000,'user_30uQARGezqSApAChPSGSwFyUy85','[{"period":"2026-01","value":47992,"change_percent":0,"trend":"neutral"},{"period":"2026-02","value":50733,"change_percent":5.7,"trend":"up"},{"period":"2026-03","value":54459,"change_percent":7.3,"trend":"up"},{"period":"2026-04","value":58230,"change_percent":6.9,"trend":"up"},{"period":"2026-05","value":63338,"change_percent":8.8,"trend":"up"},{"period":"2026-06","value":68921,"change_percent":8.8,"trend":"up"},{"period":"2026-07","value":72837,"change_percent":5.7,"trend":"up"}]'::jsonb);
INSERT INTO public.metric_cards (id,project_id,title,description,category,sub_category,status,workflow,tracked_metric_id,position_x,position_y,created_by,data) VALUES ('c3903303-55cd-4d45-a10a-149bfaebc470','7b39fcee-1fc3-4324-ba0a-41249eca666b','Local Social Awareness','Reach × engagement','Data/Metric',NULL,NULL,'{}'::jsonb,NULL,-510,1000,'user_30uQARGezqSApAChPSGSwFyUy85','[{"period":"2026-01","value":1914,"change_percent":0,"trend":"neutral"},{"period":"2026-02","value":2098,"change_percent":9.6,"trend":"up"},{"period":"2026-03","value":2269,"change_percent":8.2,"trend":"up"},{"period":"2026-04","value":2417,"change_percent":6.5,"trend":"up"},{"period":"2026-05","value":2627,"change_percent":8.7,"trend":"up"},{"period":"2026-06","value":2854,"change_percent":8.6,"trend":"up"},{"period":"2026-07","value":3014,"change_percent":5.6,"trend":"up"}]'::jsonb);
INSERT INTO public.metric_cards (id,project_id,title,description,category,sub_category,status,workflow,tracked_metric_id,position_x,position_y,created_by,data) VALUES ('2ae24103-abd1-44fa-83ac-790c87b9a287','7b39fcee-1fc3-4324-ba0a-41249eca666b','Social Reach / Followers','','Data/Metric',NULL,NULL,'{}'::jsonb,NULL,-510,1200,'user_30uQARGezqSApAChPSGSwFyUy85','[{"period":"2026-01","value":68415,"change_percent":0,"trend":"neutral"},{"period":"2026-02","value":71358,"change_percent":4.3,"trend":"up"},{"period":"2026-03","value":72768,"change_percent":2,"trend":"up"},{"period":"2026-04","value":76722,"change_percent":5.4,"trend":"up"},{"period":"2026-05","value":79825,"change_percent":4,"trend":"up"},{"period":"2026-06","value":81196,"change_percent":1.7,"trend":"up"},{"period":"2026-07","value":83895,"change_percent":3.3,"trend":"up"}]'::jsonb);
INSERT INTO public.metric_cards (id,project_id,title,description,category,sub_category,status,workflow,tracked_metric_id,position_x,position_y,created_by,data) VALUES ('8bf35983-73cf-4ef4-aee8-fe8761b425fc','7b39fcee-1fc3-4324-ba0a-41249eca666b','Social Engagement','','Data/Metric',NULL,NULL,'{}'::jsonb,NULL,-170,1200,'user_30uQARGezqSApAChPSGSwFyUy85','[{"period":"2026-01","value":3691,"change_percent":0,"trend":"neutral"},{"period":"2026-02","value":3741,"change_percent":1.4,"trend":"up"},{"period":"2026-03","value":3772,"change_percent":0.8,"trend":"neutral"},{"period":"2026-04","value":3930,"change_percent":4.2,"trend":"up"},{"period":"2026-05","value":3945,"change_percent":0.4,"trend":"neutral"},{"period":"2026-06","value":4106,"change_percent":4.1,"trend":"up"},{"period":"2026-07","value":4302,"change_percent":4.8,"trend":"up"}]'::jsonb);
INSERT INTO public.metric_cards (id,project_id,title,description,category,sub_category,status,workflow,tracked_metric_id,position_x,position_y,created_by,data) VALUES ('ce20078f-a80f-4e6d-91c8-745e66f4b995','7b39fcee-1fc3-4324-ba0a-41249eca666b','In-store Events / Promos','','Data/Metric',NULL,NULL,'{}'::jsonb,NULL,-680,800,'user_30uQARGezqSApAChPSGSwFyUy85','[{"period":"2026-01","value":2654,"change_percent":0,"trend":"neutral"},{"period":"2026-02","value":2754,"change_percent":3.8,"trend":"up"},{"period":"2026-03","value":2951,"change_percent":7.2,"trend":"up"},{"period":"2026-04","value":3076,"change_percent":4.2,"trend":"up"},{"period":"2026-05","value":3312,"change_percent":7.7,"trend":"up"},{"period":"2026-06","value":3475,"change_percent":4.9,"trend":"up"},{"period":"2026-07","value":3695,"change_percent":6.3,"trend":"up"}]'::jsonb);
INSERT INTO public.metric_cards (id,project_id,title,description,category,sub_category,status,workflow,tracked_metric_id,position_x,position_y,created_by,data) VALUES ('6491af24-fc43-497a-8460-a75054f2fb72','7b39fcee-1fc3-4324-ba0a-41249eca666b','Seasonality / Weather','','Data/Metric',NULL,NULL,'{}'::jsonb,NULL,-170,1000,'user_30uQARGezqSApAChPSGSwFyUy85','[{"period":"2026-01","value":3806,"change_percent":0,"trend":"neutral"},{"period":"2026-02","value":4008,"change_percent":5.3,"trend":"up"},{"period":"2026-03","value":4225,"change_percent":5.4,"trend":"up"},{"period":"2026-04","value":4530,"change_percent":7.2,"trend":"up"},{"period":"2026-05","value":4984,"change_percent":10,"trend":"up"},{"period":"2026-06","value":5242,"change_percent":5.2,"trend":"up"},{"period":"2026-07","value":5642,"change_percent":7.6,"trend":"up"}]'::jsonb);
INSERT INTO public.metric_cards (id,project_id,title,description,category,sub_category,status,workflow,tracked_metric_id,position_x,position_y,created_by,data) VALUES ('915bf87c-12b5-44c6-bd60-0455167e55af','7b39fcee-1fc3-4324-ba0a-41249eca666b','Staff : Customer Ratio','','Data/Metric',NULL,NULL,'{}'::jsonb,NULL,-340,800,'user_30uQARGezqSApAChPSGSwFyUy85','[{"period":"2026-01","value":8.7,"change_percent":0,"trend":"neutral"},{"period":"2026-02","value":9.3,"change_percent":6.9,"trend":"up"},{"period":"2026-03","value":9.9,"change_percent":6.5,"trend":"up"},{"period":"2026-04","value":10.4,"change_percent":5.1,"trend":"up"},{"period":"2026-05","value":11.2,"change_percent":7.7,"trend":"up"},{"period":"2026-06","value":11.9,"change_percent":6.3,"trend":"up"},{"period":"2026-07","value":12.5,"change_percent":5,"trend":"up"}]'::jsonb);
INSERT INTO public.metric_cards (id,project_id,title,description,category,sub_category,status,workflow,tracked_metric_id,position_x,position_y,created_by,data) VALUES ('bafed823-c8ca-46c7-ac9c-cab897879df0','7b39fcee-1fc3-4324-ba0a-41249eca666b','Product Availability %','','Data/Metric',NULL,NULL,'{}'::jsonb,NULL,0,800,'user_30uQARGezqSApAChPSGSwFyUy85','[{"period":"2026-01","value":29.4,"change_percent":0,"trend":"neutral"},{"period":"2026-02","value":31.5,"change_percent":7.1,"trend":"up"},{"period":"2026-03","value":33.3,"change_percent":5.7,"trend":"up"},{"period":"2026-04","value":34.6,"change_percent":3.9,"trend":"up"},{"period":"2026-05","value":35.7,"change_percent":3.2,"trend":"up"},{"period":"2026-06","value":38.5,"change_percent":7.8,"trend":"up"},{"period":"2026-07","value":40.3,"change_percent":4.7,"trend":"up"}]'::jsonb);
INSERT INTO public.metric_cards (id,project_id,title,description,category,sub_category,status,workflow,tracked_metric_id,position_x,position_y,created_by,data) VALUES ('70b7a4c3-9491-4485-ac49-5dd41dd4df3b','7b39fcee-1fc3-4324-ba0a-41249eca666b','Avg Queue Time','','Data/Metric',NULL,NULL,'{}'::jsonb,NULL,340,800,'user_30uQARGezqSApAChPSGSwFyUy85','[{"period":"2026-01","value":1088,"change_percent":0,"trend":"neutral"},{"period":"2026-02","value":1009,"change_percent":-7.3,"trend":"down"},{"period":"2026-03","value":962,"change_percent":-4.7,"trend":"down"},{"period":"2026-04","value":929,"change_percent":-3.4,"trend":"down"},{"period":"2026-05","value":871,"change_percent":-6.2,"trend":"down"},{"period":"2026-06","value":843,"change_percent":-3.2,"trend":"down"},{"period":"2026-07","value":810,"change_percent":-3.9,"trend":"down"}]'::jsonb);
INSERT INTO public.metric_cards (id,project_id,title,description,category,sub_category,status,workflow,tracked_metric_id,position_x,position_y,created_by,data) VALUES ('6af3dee8-4a26-471f-a0ad-eceabef1e5a7','7b39fcee-1fc3-4324-ba0a-41249eca666b','Loyalty Members','','Data/Metric',NULL,NULL,'{}'::jsonb,NULL,170,1000,'user_30uQARGezqSApAChPSGSwFyUy85','[{"period":"2026-01","value":68914,"change_percent":0,"trend":"neutral"},{"period":"2026-02","value":74209,"change_percent":7.7,"trend":"up"},{"period":"2026-03","value":80934,"change_percent":9.1,"trend":"up"},{"period":"2026-04","value":87541,"change_percent":8.2,"trend":"up"},{"period":"2026-05","value":94604,"change_percent":8.1,"trend":"up"},{"period":"2026-06","value":100939,"change_percent":6.7,"trend":"up"},{"period":"2026-07","value":107224,"change_percent":6.2,"trend":"up"}]'::jsonb);
INSERT INTO public.metric_cards (id,project_id,title,description,category,sub_category,status,workflow,tracked_metric_id,position_x,position_y,created_by,data) VALUES ('ff8e4601-daf1-4163-b0e1-3d8e223e9bf4','7b39fcee-1fc3-4324-ba0a-41249eca666b','Repeat Visit Rate','','Data/Metric',NULL,NULL,'{}'::jsonb,NULL,680,800,'user_30uQARGezqSApAChPSGSwFyUy85','[{"period":"2026-01","value":24.6,"change_percent":0,"trend":"neutral"},{"period":"2026-02","value":26.1,"change_percent":6.1,"trend":"up"},{"period":"2026-03","value":27.5,"change_percent":5.4,"trend":"up"},{"period":"2026-04","value":29.6,"change_percent":7.6,"trend":"up"},{"period":"2026-05","value":31.1,"change_percent":5.1,"trend":"up"},{"period":"2026-06","value":32.9,"change_percent":5.8,"trend":"up"},{"period":"2026-07","value":34.9,"change_percent":6.1,"trend":"up"}]'::jsonb);
INSERT INTO public.metric_cards (id,project_id,title,description,category,sub_category,status,workflow,tracked_metric_id,position_x,position_y,created_by,data) VALUES ('60b6dc4a-07f2-4b04-b844-bfa79f118625','7b39fcee-1fc3-4324-ba0a-41249eca666b','Customer Satisfaction (NPS)','','Data/Metric',NULL,NULL,'{}'::jsonb,NULL,510,1000,'user_30uQARGezqSApAChPSGSwFyUy85','[{"period":"2026-01","value":16.8,"change_percent":0,"trend":"neutral"},{"period":"2026-02","value":18,"change_percent":7.1,"trend":"up"},{"period":"2026-03","value":19.2,"change_percent":6.7,"trend":"up"},{"period":"2026-04","value":20.5,"change_percent":6.8,"trend":"up"},{"period":"2026-05","value":21.1,"change_percent":2.9,"trend":"up"},{"period":"2026-06","value":22.4,"change_percent":6.2,"trend":"up"},{"period":"2026-07","value":23.1,"change_percent":3.1,"trend":"up"}]'::jsonb);
INSERT INTO public.metric_cards (id,project_id,title,description,category,sub_category,status,workflow,tracked_metric_id,position_x,position_y,created_by,data) VALUES ('16dcdf55-dd15-4021-9d40-cc26e91f4188','7b39fcee-1fc3-4324-ba0a-41249eca666b','Total Costs','','Data/Metric',NULL,NULL,'{}'::jsonb,NULL,0,200,'user_30uQARGezqSApAChPSGSwFyUy85','[{"period":"2026-01","value":306914,"change_percent":0,"trend":"neutral"},{"period":"2026-02","value":296533,"change_percent":-3.4,"trend":"down"},{"period":"2026-03","value":297348,"change_percent":0.3,"trend":"neutral"},{"period":"2026-04","value":284017,"change_percent":-4.5,"trend":"down"},{"period":"2026-05","value":273458,"change_percent":-3.7,"trend":"down"},{"period":"2026-06","value":263378,"change_percent":-3.7,"trend":"down"},{"period":"2026-07","value":253457,"change_percent":-3.8,"trend":"down"}]'::jsonb);
INSERT INTO public.metric_cards (id,project_id,title,description,category,sub_category,status,workflow,tracked_metric_id,position_x,position_y,created_by,data) VALUES ('8b5dea09-d4d0-45ca-8d73-96d2ceedd27b','7b39fcee-1fc3-4324-ba0a-41249eca666b','COGS','','Data/Metric',NULL,NULL,'{}'::jsonb,NULL,-510,400,'user_30uQARGezqSApAChPSGSwFyUy85','[{"period":"2026-01","value":122855,"change_percent":0,"trend":"neutral"},{"period":"2026-02","value":110477,"change_percent":-10.1,"trend":"down"},{"period":"2026-03","value":100094,"change_percent":-9.4,"trend":"down"},{"period":"2026-04","value":90369,"change_percent":-9.7,"trend":"down"},{"period":"2026-05","value":81973,"change_percent":-9.3,"trend":"down"},{"period":"2026-06","value":74988,"change_percent":-8.5,"trend":"down"},{"period":"2026-07","value":67499,"change_percent":-10,"trend":"down"}]'::jsonb);
INSERT INTO public.metric_cards (id,project_id,title,description,category,sub_category,status,workflow,tracked_metric_id,position_x,position_y,created_by,data) VALUES ('e226719f-4908-48f1-888c-f120ed8ea3f9','7b39fcee-1fc3-4324-ba0a-41249eca666b','Gross Margin %','','Data/Metric',NULL,NULL,'{}'::jsonb,NULL,340,200,'user_30uQARGezqSApAChPSGSwFyUy85','[{"period":"2026-01","value":25.5,"change_percent":0,"trend":"neutral"},{"period":"2026-02","value":27.1,"change_percent":6.3,"trend":"up"},{"period":"2026-03","value":28.8,"change_percent":6.3,"trend":"up"},{"period":"2026-04","value":30.7,"change_percent":6.6,"trend":"up"},{"period":"2026-05","value":32,"change_percent":4.2,"trend":"up"},{"period":"2026-06","value":33.4,"change_percent":4.4,"trend":"up"},{"period":"2026-07","value":35.2,"change_percent":5.4,"trend":"up"}]'::jsonb);
INSERT INTO public.metric_cards (id,project_id,title,description,category,sub_category,status,workflow,tracked_metric_id,position_x,position_y,created_by,data) VALUES ('4e047b5e-70ba-4cdf-a143-4185e68cd86c','7b39fcee-1fc3-4324-ba0a-41249eca666b','Rent','','Data/Metric',NULL,NULL,'{}'::jsonb,NULL,-170,400,'user_30uQARGezqSApAChPSGSwFyUy85','[{"period":"2026-01","value":134918,"change_percent":0,"trend":"neutral"},{"period":"2026-02","value":138922,"change_percent":3,"trend":"up"},{"period":"2026-03","value":140283,"change_percent":1,"trend":"neutral"},{"period":"2026-04","value":140636,"change_percent":0.3,"trend":"neutral"},{"period":"2026-05","value":146052,"change_percent":3.9,"trend":"up"},{"period":"2026-06","value":149951,"change_percent":2.7,"trend":"up"},{"period":"2026-07","value":150620,"change_percent":0.4,"trend":"neutral"}]'::jsonb);
INSERT INTO public.metric_cards (id,project_id,title,description,category,sub_category,status,workflow,tracked_metric_id,position_x,position_y,created_by,data) VALUES ('94196603-0ed1-4e72-a92a-3be52765b46f','7b39fcee-1fc3-4324-ba0a-41249eca666b','Labor Cost','','Data/Metric',NULL,NULL,'{}'::jsonb,NULL,170,400,'user_30uQARGezqSApAChPSGSwFyUy85','[{"period":"2026-01","value":293900,"change_percent":0,"trend":"neutral"},{"period":"2026-02","value":273161,"change_percent":-7.1,"trend":"down"},{"period":"2026-03","value":255825,"change_percent":-6.3,"trend":"down"},{"period":"2026-04","value":234921,"change_percent":-8.2,"trend":"down"},{"period":"2026-05","value":215961,"change_percent":-8.1,"trend":"down"},{"period":"2026-06","value":197141,"change_percent":-8.7,"trend":"down"},{"period":"2026-07","value":183969,"change_percent":-6.7,"trend":"down"}]'::jsonb);
INSERT INTO public.metric_cards (id,project_id,title,description,category,sub_category,status,workflow,tracked_metric_id,position_x,position_y,created_by,data) VALUES ('af08366c-8db3-4133-9cb0-a07a4734f18a','7b39fcee-1fc3-4324-ba0a-41249eca666b','Staff Hours','','Data/Metric',NULL,NULL,'{}'::jsonb,NULL,850,1000,'user_30uQARGezqSApAChPSGSwFyUy85','[{"period":"2026-01","value":4972,"change_percent":0,"trend":"neutral"},{"period":"2026-02","value":5021,"change_percent":1,"trend":"neutral"},{"period":"2026-03","value":5165,"change_percent":2.9,"trend":"up"},{"period":"2026-04","value":5217,"change_percent":1,"trend":"neutral"},{"period":"2026-05","value":5457,"change_percent":4.6,"trend":"up"},{"period":"2026-06","value":5508,"change_percent":0.9,"trend":"neutral"},{"period":"2026-07","value":5570,"change_percent":1.1,"trend":"up"}]'::jsonb);
INSERT INTO public.metric_cards (id,project_id,title,description,category,sub_category,status,workflow,tracked_metric_id,position_x,position_y,created_by,data) VALUES ('b5f0b1be-ac0b-4586-80f3-4e3a956c756c','7b39fcee-1fc3-4324-ba0a-41249eca666b','Avg Wage','','Data/Metric',NULL,NULL,'{}'::jsonb,NULL,850,600,'user_30uQARGezqSApAChPSGSwFyUy85','[{"period":"2026-01","value":536872,"change_percent":0,"trend":"neutral"},{"period":"2026-02","value":550983,"change_percent":2.6,"trend":"up"},{"period":"2026-03","value":577197,"change_percent":4.8,"trend":"up"},{"period":"2026-04","value":602793,"change_percent":4.4,"trend":"up"},{"period":"2026-05","value":621832,"change_percent":3.2,"trend":"up"},{"period":"2026-06","value":626819,"change_percent":0.8,"trend":"neutral"},{"period":"2026-07","value":652413,"change_percent":4.1,"trend":"up"}]'::jsonb);
INSERT INTO public.metric_cards (id,project_id,title,description,category,sub_category,status,workflow,tracked_metric_id,position_x,position_y,created_by,data) VALUES ('5e4bab1a-4530-46af-9bd0-e8e09395007d','7b39fcee-1fc3-4324-ba0a-41249eca666b','Utilities','','Data/Metric',NULL,NULL,'{}'::jsonb,NULL,510,400,'user_30uQARGezqSApAChPSGSwFyUy85','[{"period":"2026-01","value":1480,"change_percent":0,"trend":"neutral"},{"period":"2026-02","value":1623,"change_percent":9.7,"trend":"up"},{"period":"2026-03","value":1789,"change_percent":10.2,"trend":"up"},{"period":"2026-04","value":1915,"change_percent":7,"trend":"up"},{"period":"2026-05","value":2049,"change_percent":7,"trend":"up"},{"period":"2026-06","value":2192,"change_percent":7,"trend":"up"},{"period":"2026-07","value":2340,"change_percent":6.8,"trend":"up"}]'::jsonb);
INSERT INTO public.metric_cards (id,project_id,title,description,category,sub_category,status,workflow,tracked_metric_id,position_x,position_y,created_by,data) VALUES ('aa50ea43-a257-4814-a482-0d859cc0f604','7b39fcee-1fc3-4324-ba0a-41249eca666b','Shrinkage (loss/theft)','','Data/Metric',NULL,NULL,'{}'::jsonb,NULL,850,400,'user_30uQARGezqSApAChPSGSwFyUy85','[{"period":"2026-01","value":3652,"change_percent":0,"trend":"neutral"},{"period":"2026-02","value":3346,"change_percent":-8.4,"trend":"down"},{"period":"2026-03","value":3201,"change_percent":-4.3,"trend":"down"},{"period":"2026-04","value":3044,"change_percent":-4.9,"trend":"down"},{"period":"2026-05","value":2846,"change_percent":-6.5,"trend":"down"},{"period":"2026-06","value":2670,"change_percent":-6.2,"trend":"down"},{"period":"2026-07","value":2448,"change_percent":-8.3,"trend":"down"}]'::jsonb);
INSERT INTO public.metric_cards (id,project_id,title,description,category,sub_category,status,workflow,tracked_metric_id,position_x,position_y,created_by,data) VALUES ('6ceb9d2e-3df0-496a-8416-ffd4ffcb0eed','7b39fcee-1fc3-4324-ba0a-41249eca666b','Marketing Spend','','Data/Metric',NULL,NULL,'{}'::jsonb,NULL,1190,400,'user_30uQARGezqSApAChPSGSwFyUy85','[{"period":"2026-01","value":207981,"change_percent":0,"trend":"neutral"},{"period":"2026-02","value":219782,"change_percent":5.7,"trend":"up"},{"period":"2026-03","value":230359,"change_percent":4.8,"trend":"up"},{"period":"2026-04","value":244340,"change_percent":6.1,"trend":"up"},{"period":"2026-05","value":260008,"change_percent":6.4,"trend":"up"},{"period":"2026-06","value":274764,"change_percent":5.7,"trend":"up"},{"period":"2026-07","value":281397,"change_percent":2.4,"trend":"up"}]'::jsonb);
INSERT INTO public.metric_cards (id,project_id,title,description,category,sub_category,status,workflow,tracked_metric_id,position_x,position_y,created_by,data) VALUES ('b27d0ef5-9b4a-4fbc-a7c0-00e05a9117b9','7b39fcee-1fc3-4324-ba0a-41249eca666b','Staff sales training','','Work/Action','Experiment','in_progress','{"priority":"High","dueDate":"2026-07-17","effort":3}'::jsonb,NULL,1020,800,'user_30uQARGezqSApAChPSGSwFyUy85','[]'::jsonb);
INSERT INTO public.metric_cards (id,project_id,title,description,category,sub_category,status,workflow,tracked_metric_id,position_x,position_y,created_by,data) VALUES ('3a3670b4-17b2-47d5-9818-e5f0e8b38452','7b39fcee-1fc3-4324-ba0a-41249eca666b','Loyalty program','','Work/Action','Initiative','planning','{"priority":"Medium","dueDate":"2026-08-07","effort":7}'::jsonb,NULL,170,1200,'user_30uQARGezqSApAChPSGSwFyUy85','[]'::jsonb);
INSERT INTO public.metric_cards (id,project_id,title,description,category,sub_category,status,workflow,tracked_metric_id,position_x,position_y,created_by,data) VALUES ('a5dbfe29-eeb5-41d2-a7fc-a4772fd59331','7b39fcee-1fc3-4324-ba0a-41249eca666b','Refresh window display','','Work/Action','BAU','backlog','{"priority":"Low","dueDate":"2026-08-28","effort":11}'::jsonb,NULL,510,1200,'user_30uQARGezqSApAChPSGSwFyUy85','[]'::jsonb);
INSERT INTO public.metric_cards (id,project_id,title,description,category,sub_category,status,workflow,tracked_metric_id,position_x,position_y,created_by,data) VALUES ('c1fb3548-96d0-4bff-8156-c07793168922','7b39fcee-1fc3-4324-ba0a-41249eca666b','Local social campaign','','Work/Action','Experiment','done','{"priority":"High","dueDate":"2026-09-18","effort":15}'::jsonb,NULL,0,1400,'user_30uQARGezqSApAChPSGSwFyUy85','[]'::jsonb);
INSERT INTO public.metric_cards (id,project_id,title,description,category,sub_category,status,workflow,tracked_metric_id,position_x,position_y,created_by,data) VALUES ('1ba8dde6-fcb2-4c81-9a57-3a46f7176251','7b39fcee-1fc3-4324-ba0a-41249eca666b','Optimize store layout','','Work/Action','Initiative','on_hold','{"priority":"Medium","dueDate":"2026-10-09","effort":3}'::jsonb,NULL,1360,800,'user_30uQARGezqSApAChPSGSwFyUy85','[]'::jsonb);
INSERT INTO public.metric_cards (id,project_id,title,description,category,sub_category,status,workflow,tracked_metric_id,position_x,position_y,created_by,data) VALUES ('2e550ff5-e315-481f-a6a5-06e61bcf1ea7','7b39fcee-1fc3-4324-ba0a-41249eca666b','Weekend events lift foot traffic','','Ideas/Hypothesis','Factor','backlog','{"confidence":"High","testable":true,"assumptions":["Weekend events lift foot traffic holds for the core segment"],"successCriteria":["Statistically significant lift within one quarter"]}'::jsonb,NULL,1190,1000,'user_30uQARGezqSApAChPSGSwFyUy85','[]'::jsonb);
INSERT INTO public.metric_cards (id,project_id,title,description,category,sub_category,status,workflow,tracked_metric_id,position_x,position_y,created_by,data) VALUES ('4df21642-45c2-402e-8dd9-0e49a7763ee2','7b39fcee-1fc3-4324-ba0a-41249eca666b','More staff lifts conversion','','Ideas/Hypothesis','Factor','planning','{"confidence":"Medium","testable":true,"assumptions":["More staff lifts conversion holds for the core segment"],"successCriteria":["Statistically significant lift within one quarter"]}'::jsonb,NULL,1530,1000,'user_30uQARGezqSApAChPSGSwFyUy85','[]'::jsonb);
INSERT INTO public.metric_cards (id,project_id,title,description,category,sub_category,status,workflow,tracked_metric_id,position_x,position_y,created_by,data) VALUES ('ddc6cf27-5c89-47b8-9679-28ac4ac705d6','7b39fcee-1fc3-4324-ba0a-41249eca666b','Attract','Passersby walk into the store','Core/Value','Journey Step',NULL,'{"businessImpact":"High","stakeholders":["Growth","Product"]}'::jsonb,NULL,-2160,-380,'user_30uQARGezqSApAChPSGSwFyUy85','[]'::jsonb);
INSERT INTO public.metric_cards (id,project_id,title,description,category,sub_category,status,workflow,tracked_metric_id,position_x,position_y,created_by,data) VALUES ('3b4155eb-b1fc-47b5-b705-ee706cebaa55','7b39fcee-1fc3-4324-ba0a-41249eca666b','Convert','Visits become transactions','Core/Value','Journey Step',NULL,'{"businessImpact":"High","stakeholders":["Growth","Product"]}'::jsonb,NULL,-1440,-380,'user_30uQARGezqSApAChPSGSwFyUy85','[]'::jsonb);
INSERT INTO public.metric_cards (id,project_id,title,description,category,sub_category,status,workflow,tracked_metric_id,position_x,position_y,created_by,data) VALUES ('2a029a7d-a815-40a5-9711-589fe99a2568','7b39fcee-1fc3-4324-ba0a-41249eca666b','Return','Customers come back','Core/Value','Journey Step',NULL,'{"businessImpact":"Medium","stakeholders":["Growth","Product"]}'::jsonb,NULL,-720,-380,'user_30uQARGezqSApAChPSGSwFyUy85','[]'::jsonb);
INSERT INTO public.metric_cards (id,project_id,title,description,category,sub_category,status,workflow,tracked_metric_id,position_x,position_y,created_by,data) VALUES ('f848e602-6aff-4fba-a113-19753a0618b9','7b39fcee-1fc3-4324-ba0a-41249eca666b','Revenue — Projection','Operator output: Revenue × 1.1 + live feed','Data/Metric',NULL,NULL,'{}'::jsonb,NULL,2770,0,'user_30uQARGezqSApAChPSGSwFyUy85','[{"period":"2026-01","value":635736,"change_percent":0,"trend":"neutral"},{"period":"2026-02","value":681469,"change_percent":7.2,"trend":"up"},{"period":"2026-03","value":737806,"change_percent":8.3,"trend":"up"},{"period":"2026-04","value":797944,"change_percent":8.2,"trend":"up"},{"period":"2026-05","value":862332,"change_percent":8.1,"trend":"up"},{"period":"2026-06","value":935851,"change_percent":8.5,"trend":"up"},{"period":"2026-07","value":1004953,"change_percent":7.4,"trend":"up"}]'::jsonb);
INSERT INTO public.metric_values (id,tracked_metric_id,period,value,change_percent,trend,source,created_by) VALUES ('76727fa8-74f4-4a10-a27a-f2b2f9bf7162','a56ca618-9628-4602-a524-e165164addbe','2026-01',538631,0,'neutral','seed','user_30uQARGezqSApAChPSGSwFyUy85');
INSERT INTO public.metric_values (id,tracked_metric_id,period,value,change_percent,trend,source,created_by) VALUES ('37f70520-a3ea-4a1f-b9e6-800a014f2d15','a56ca618-9628-4602-a524-e165164addbe','2026-02',578634,7.4,'up','seed','user_30uQARGezqSApAChPSGSwFyUy85');
INSERT INTO public.metric_values (id,tracked_metric_id,period,value,change_percent,trend,source,created_by) VALUES ('2fdddf93-717e-4c2d-a116-41af1327b9af','a56ca618-9628-4602-a524-e165164addbe','2026-03',628277,8.6,'up','seed','user_30uQARGezqSApAChPSGSwFyUy85');
INSERT INTO public.metric_values (id,tracked_metric_id,period,value,change_percent,trend,source,created_by) VALUES ('7300d048-93b5-45f9-a8a8-77e9f66cd9da','a56ca618-9628-4602-a524-e165164addbe','2026-04',681375,8.5,'up','seed','user_30uQARGezqSApAChPSGSwFyUy85');
INSERT INTO public.metric_values (id,tracked_metric_id,period,value,change_percent,trend,source,created_by) VALUES ('892491f4-566a-4579-9688-2323fca71d40','a56ca618-9628-4602-a524-e165164addbe','2026-05',738337,8.4,'up','seed','user_30uQARGezqSApAChPSGSwFyUy85');
INSERT INTO public.metric_values (id,tracked_metric_id,period,value,change_percent,trend,source,created_by) VALUES ('9c094f88-d0c9-428a-ba0e-cf4fde519fa0','a56ca618-9628-4602-a524-e165164addbe','2026-06',803601,8.8,'up','seed','user_30uQARGezqSApAChPSGSwFyUy85');
INSERT INTO public.metric_values (id,tracked_metric_id,period,value,change_percent,trend,source,created_by) VALUES ('5bbac058-c2fc-493d-ac40-dd95b560393c','a56ca618-9628-4602-a524-e165164addbe','2026-07',864848,7.6,'up','seed','user_30uQARGezqSApAChPSGSwFyUy85');
INSERT INTO public.relationships (id,project_id,source_id,target_id,type,confidence,weight,created_by) VALUES ('d9547249-a368-4d91-b856-957743597f56','7b39fcee-1fc3-4324-ba0a-41249eca666b','d523c1e1-4023-479a-862d-32933d7f49a3','d9fe8863-9f41-4f71-9c30-723ac74ae201','Compositional','High',95,'user_30uQARGezqSApAChPSGSwFyUy85');
INSERT INTO public.relationships (id,project_id,source_id,target_id,type,confidence,weight,created_by) VALUES ('7b1bc647-9bbc-4b96-8c6b-291142fc6e1e','7b39fcee-1fc3-4324-ba0a-41249eca666b','16dcdf55-dd15-4021-9d40-cc26e91f4188','d9fe8863-9f41-4f71-9c30-723ac74ae201','Compositional','High',90,'user_30uQARGezqSApAChPSGSwFyUy85');
INSERT INTO public.relationships (id,project_id,source_id,target_id,type,confidence,weight,created_by) VALUES ('3fcb8a2d-21d2-4d10-8b6a-d45200a5ebf7','7b39fcee-1fc3-4324-ba0a-41249eca666b','e226719f-4908-48f1-888c-f120ed8ea3f9','d9fe8863-9f41-4f71-9c30-723ac74ae201','Causal','High',70,'user_30uQARGezqSApAChPSGSwFyUy85');
INSERT INTO public.relationships (id,project_id,source_id,target_id,type,confidence,weight,created_by) VALUES ('23af41c0-bdaa-46a8-959b-5fa2e9d3483e','7b39fcee-1fc3-4324-ba0a-41249eca666b','fea94d22-ca11-49cd-bf95-e2a9553be12b','d523c1e1-4023-479a-862d-32933d7f49a3','Deterministic','High',95,'user_30uQARGezqSApAChPSGSwFyUy85');
INSERT INTO public.relationships (id,project_id,source_id,target_id,type,confidence,weight,created_by) VALUES ('00145d9a-d9e2-4c78-bda5-4314daf9472d','7b39fcee-1fc3-4324-ba0a-41249eca666b','dbb422aa-51dc-4266-914e-6381917dc01a','d523c1e1-4023-479a-862d-32933d7f49a3','Deterministic','High',90,'user_30uQARGezqSApAChPSGSwFyUy85');
INSERT INTO public.relationships (id,project_id,source_id,target_id,type,confidence,weight,created_by) VALUES ('27b6fe2a-f542-4244-a35b-e7d8b06ec175','7b39fcee-1fc3-4324-ba0a-41249eca666b','c4bc679f-f912-4f8a-9718-f6543e71371d','fea94d22-ca11-49cd-bf95-e2a9553be12b','Deterministic','High',90,'user_30uQARGezqSApAChPSGSwFyUy85');
INSERT INTO public.relationships (id,project_id,source_id,target_id,type,confidence,weight,created_by) VALUES ('dc3b441d-dbc1-4972-82ee-83e5fd10b0a5','7b39fcee-1fc3-4324-ba0a-41249eca666b','06d7c360-89ae-426c-9f07-227211b515e8','fea94d22-ca11-49cd-bf95-e2a9553be12b','Probabilistic','High',85,'user_30uQARGezqSApAChPSGSwFyUy85');
INSERT INTO public.relationships (id,project_id,source_id,target_id,type,confidence,weight,created_by) VALUES ('9a07a39a-991c-4e34-93ef-db63178c670b','7b39fcee-1fc3-4324-ba0a-41249eca666b','df5f204c-8b93-40d1-85d2-ca39db666b14','dbb422aa-51dc-4266-914e-6381917dc01a','Deterministic','High',80,'user_30uQARGezqSApAChPSGSwFyUy85');
INSERT INTO public.relationships (id,project_id,source_id,target_id,type,confidence,weight,created_by) VALUES ('25215eaf-4b0b-4608-9eb2-86db6bdb8c32','7b39fcee-1fc3-4324-ba0a-41249eca666b','f97a95b4-eee0-4ba1-9ee1-be4e1d0b9402','dbb422aa-51dc-4266-914e-6381917dc01a','Deterministic','High',75,'user_30uQARGezqSApAChPSGSwFyUy85');
INSERT INTO public.relationships (id,project_id,source_id,target_id,type,confidence,weight,created_by) VALUES ('93dc3c20-e51f-4336-9b17-f8380057b73e','7b39fcee-1fc3-4324-ba0a-41249eca666b','d1b86c95-e833-48a3-adaa-2250ba074438','dbb422aa-51dc-4266-914e-6381917dc01a','Causal','High',55,'user_30uQARGezqSApAChPSGSwFyUy85');
INSERT INTO public.relationships (id,project_id,source_id,target_id,type,confidence,weight,created_by) VALUES ('693427a6-2584-42f5-afa2-5cd3e66f5945','7b39fcee-1fc3-4324-ba0a-41249eca666b','4caf665a-d47b-4657-8ddc-94cb7090a9ee','c4bc679f-f912-4f8a-9718-f6543e71371d','Deterministic','High',80,'user_30uQARGezqSApAChPSGSwFyUy85');
INSERT INTO public.relationships (id,project_id,source_id,target_id,type,confidence,weight,created_by) VALUES ('c0b762af-efe0-488e-8c01-b7a9d930c1e0','7b39fcee-1fc3-4324-ba0a-41249eca666b','55b3a371-0786-4ab0-8c5a-94383ddf1379','c4bc679f-f912-4f8a-9718-f6543e71371d','Probabilistic','High',75,'user_30uQARGezqSApAChPSGSwFyUy85');
INSERT INTO public.relationships (id,project_id,source_id,target_id,type,confidence,weight,created_by) VALUES ('62052058-79d8-49a3-b1b0-9ecfe4e2fe9b','7b39fcee-1fc3-4324-ba0a-41249eca666b','3cb81fad-f3d8-4422-9f06-797d6ee6a79e','55b3a371-0786-4ab0-8c5a-94383ddf1379','Causal','High',70,'user_30uQARGezqSApAChPSGSwFyUy85');
INSERT INTO public.relationships (id,project_id,source_id,target_id,type,confidence,weight,created_by) VALUES ('a1e9c4b1-a4f9-4cf7-9f63-1b7ee609c9e1','7b39fcee-1fc3-4324-ba0a-41249eca666b','6ff1f1f7-fc07-4d64-ab81-4ea9a38290b6','55b3a371-0786-4ab0-8c5a-94383ddf1379','Causal','High',60,'user_30uQARGezqSApAChPSGSwFyUy85');
INSERT INTO public.relationships (id,project_id,source_id,target_id,type,confidence,weight,created_by) VALUES ('87b17574-42e4-4578-91ba-73105be5d606','7b39fcee-1fc3-4324-ba0a-41249eca666b','322140a7-5583-4b4d-9b9d-70b5f2a5ef2a','4caf665a-d47b-4657-8ddc-94cb7090a9ee','Causal','High',55,'user_30uQARGezqSApAChPSGSwFyUy85');
INSERT INTO public.relationships (id,project_id,source_id,target_id,type,confidence,weight,created_by) VALUES ('11379b28-9fca-4761-acd3-2f990a5d9952','7b39fcee-1fc3-4324-ba0a-41249eca666b','c3903303-55cd-4d45-a10a-149bfaebc470','4caf665a-d47b-4657-8ddc-94cb7090a9ee','Causal','High',50,'user_30uQARGezqSApAChPSGSwFyUy85');
INSERT INTO public.relationships (id,project_id,source_id,target_id,type,confidence,weight,created_by) VALUES ('ff9693f9-d41e-4aa2-abc5-9eeefd2d0b3e','7b39fcee-1fc3-4324-ba0a-41249eca666b','2ae24103-abd1-44fa-83ac-790c87b9a287','c3903303-55cd-4d45-a10a-149bfaebc470','Causal','High',65,'user_30uQARGezqSApAChPSGSwFyUy85');
INSERT INTO public.relationships (id,project_id,source_id,target_id,type,confidence,weight,created_by) VALUES ('e5ee6bd3-7205-401f-ac67-cb0ebf69659c','7b39fcee-1fc3-4324-ba0a-41249eca666b','8bf35983-73cf-4ef4-aee8-fe8761b425fc','c3903303-55cd-4d45-a10a-149bfaebc470','Causal','High',55,'user_30uQARGezqSApAChPSGSwFyUy85');
INSERT INTO public.relationships (id,project_id,source_id,target_id,type,confidence,weight,created_by) VALUES ('30d72c68-9b01-4b25-912a-e4feb2139e5c','7b39fcee-1fc3-4324-ba0a-41249eca666b','ce20078f-a80f-4e6d-91c8-745e66f4b995','c4bc679f-f912-4f8a-9718-f6543e71371d','Causal','High',60,'user_30uQARGezqSApAChPSGSwFyUy85');
INSERT INTO public.relationships (id,project_id,source_id,target_id,type,confidence,weight,created_by) VALUES ('7ef2b6ec-e085-4748-971a-26d2b0395b0d','7b39fcee-1fc3-4324-ba0a-41249eca666b','6491af24-fc43-497a-8460-a75054f2fb72','4caf665a-d47b-4657-8ddc-94cb7090a9ee','Causal','High',50,'user_30uQARGezqSApAChPSGSwFyUy85');
INSERT INTO public.relationships (id,project_id,source_id,target_id,type,confidence,weight,created_by) VALUES ('f8fe84e8-8957-4e1d-a40b-7e7f26443fd0','7b39fcee-1fc3-4324-ba0a-41249eca666b','915bf87c-12b5-44c6-bd60-0455167e55af','06d7c360-89ae-426c-9f07-227211b515e8','Causal','High',70,'user_30uQARGezqSApAChPSGSwFyUy85');
INSERT INTO public.relationships (id,project_id,source_id,target_id,type,confidence,weight,created_by) VALUES ('56626efa-104b-4046-ae69-e90e6b062798','7b39fcee-1fc3-4324-ba0a-41249eca666b','bafed823-c8ca-46c7-ac9c-cab897879df0','06d7c360-89ae-426c-9f07-227211b515e8','Causal','High',70,'user_30uQARGezqSApAChPSGSwFyUy85');
INSERT INTO public.relationships (id,project_id,source_id,target_id,type,confidence,weight,created_by) VALUES ('533fa01f-881e-47bd-8f7c-314cba1b2cea','7b39fcee-1fc3-4324-ba0a-41249eca666b','70b7a4c3-9491-4485-ac49-5dd41dd4df3b','06d7c360-89ae-426c-9f07-227211b515e8','Causal','High',60,'user_30uQARGezqSApAChPSGSwFyUy85');
INSERT INTO public.relationships (id,project_id,source_id,target_id,type,confidence,weight,created_by) VALUES ('f4770e3f-a6f7-4cdd-bdb4-a4332b2295b7','7b39fcee-1fc3-4324-ba0a-41249eca666b','6af3dee8-4a26-471f-a0ad-eceabef1e5a7','ff8e4601-daf1-4163-b0e1-3d8e223e9bf4','Causal','High',70,'user_30uQARGezqSApAChPSGSwFyUy85');
INSERT INTO public.relationships (id,project_id,source_id,target_id,type,confidence,weight,created_by) VALUES ('12253ac6-48a2-4b94-bc6e-549355fbade8','7b39fcee-1fc3-4324-ba0a-41249eca666b','ff8e4601-daf1-4163-b0e1-3d8e223e9bf4','c4bc679f-f912-4f8a-9718-f6543e71371d','Causal','High',55,'user_30uQARGezqSApAChPSGSwFyUy85');
INSERT INTO public.relationships (id,project_id,source_id,target_id,type,confidence,weight,created_by) VALUES ('32d77b13-09da-49f6-86c9-1e2ca3979584','7b39fcee-1fc3-4324-ba0a-41249eca666b','60b6dc4a-07f2-4b04-b844-bfa79f118625','ff8e4601-daf1-4163-b0e1-3d8e223e9bf4','Causal','High',60,'user_30uQARGezqSApAChPSGSwFyUy85');
INSERT INTO public.relationships (id,project_id,source_id,target_id,type,confidence,weight,created_by) VALUES ('7cafcd63-40df-443e-a89d-d74c1c86af37','7b39fcee-1fc3-4324-ba0a-41249eca666b','8b5dea09-d4d0-45ca-8d73-96d2ceedd27b','16dcdf55-dd15-4021-9d40-cc26e91f4188','Compositional','High',80,'user_30uQARGezqSApAChPSGSwFyUy85');
INSERT INTO public.relationships (id,project_id,source_id,target_id,type,confidence,weight,created_by) VALUES ('0322de9c-190a-4c8c-b11d-b508cb0079fa','7b39fcee-1fc3-4324-ba0a-41249eca666b','4e047b5e-70ba-4cdf-a143-4185e68cd86c','16dcdf55-dd15-4021-9d40-cc26e91f4188','Compositional','High',70,'user_30uQARGezqSApAChPSGSwFyUy85');
INSERT INTO public.relationships (id,project_id,source_id,target_id,type,confidence,weight,created_by) VALUES ('7f017c07-6044-45a3-b697-794bfdf08e83','7b39fcee-1fc3-4324-ba0a-41249eca666b','94196603-0ed1-4e72-a92a-3be52765b46f','16dcdf55-dd15-4021-9d40-cc26e91f4188','Compositional','High',75,'user_30uQARGezqSApAChPSGSwFyUy85');
INSERT INTO public.relationships (id,project_id,source_id,target_id,type,confidence,weight,created_by) VALUES ('8c545d06-9119-4243-8f94-9d8963ce81bc','7b39fcee-1fc3-4324-ba0a-41249eca666b','af08366c-8db3-4133-9cb0-a07a4734f18a','94196603-0ed1-4e72-a92a-3be52765b46f','Deterministic','High',80,'user_30uQARGezqSApAChPSGSwFyUy85');
INSERT INTO public.relationships (id,project_id,source_id,target_id,type,confidence,weight,created_by) VALUES ('efe34f4b-bcfb-46ce-a060-12c960245a21','7b39fcee-1fc3-4324-ba0a-41249eca666b','b5f0b1be-ac0b-4586-80f3-4e3a956c756c','94196603-0ed1-4e72-a92a-3be52765b46f','Deterministic','High',70,'user_30uQARGezqSApAChPSGSwFyUy85');
INSERT INTO public.relationships (id,project_id,source_id,target_id,type,confidence,weight,created_by) VALUES ('03407a7b-c977-405b-84bc-c0acb291acbc','7b39fcee-1fc3-4324-ba0a-41249eca666b','5e4bab1a-4530-46af-9bd0-e8e09395007d','16dcdf55-dd15-4021-9d40-cc26e91f4188','Compositional','High',50,'user_30uQARGezqSApAChPSGSwFyUy85');
INSERT INTO public.relationships (id,project_id,source_id,target_id,type,confidence,weight,created_by) VALUES ('69bcbd03-be2b-4752-bea5-8449a056c50f','7b39fcee-1fc3-4324-ba0a-41249eca666b','aa50ea43-a257-4814-a482-0d859cc0f604','16dcdf55-dd15-4021-9d40-cc26e91f4188','Causal','High',55,'user_30uQARGezqSApAChPSGSwFyUy85');
INSERT INTO public.relationships (id,project_id,source_id,target_id,type,confidence,weight,created_by) VALUES ('116c1162-d890-4dc5-b6fd-fbe1c264a7df','7b39fcee-1fc3-4324-ba0a-41249eca666b','6ceb9d2e-3df0-496a-8416-ffd4ffcb0eed','16dcdf55-dd15-4021-9d40-cc26e91f4188','Compositional','High',60,'user_30uQARGezqSApAChPSGSwFyUy85');
INSERT INTO public.relationships (id,project_id,source_id,target_id,type,confidence,weight,created_by) VALUES ('6882a623-849d-42ae-ac95-1a28fb7f1ae7','7b39fcee-1fc3-4324-ba0a-41249eca666b','8b5dea09-d4d0-45ca-8d73-96d2ceedd27b','e226719f-4908-48f1-888c-f120ed8ea3f9','Causal','High',75,'user_30uQARGezqSApAChPSGSwFyUy85');
INSERT INTO public.relationships (id,project_id,source_id,target_id,type,confidence,weight,created_by) VALUES ('2d2aa935-06b5-4f3b-b011-66e7800f61b5','7b39fcee-1fc3-4324-ba0a-41249eca666b','af08366c-8db3-4133-9cb0-a07a4734f18a','915bf87c-12b5-44c6-bd60-0455167e55af','Causal','High',60,'user_30uQARGezqSApAChPSGSwFyUy85');
INSERT INTO public.relationships (id,project_id,source_id,target_id,type,confidence,weight,created_by) VALUES ('b0372613-90ff-49d2-9292-de301f4f1a05','7b39fcee-1fc3-4324-ba0a-41249eca666b','322140a7-5583-4b4d-9b9d-70b5f2a5ef2a','6ceb9d2e-3df0-496a-8416-ffd4ffcb0eed','Compositional','High',60,'user_30uQARGezqSApAChPSGSwFyUy85');
INSERT INTO public.relationships (id,project_id,source_id,target_id,type,confidence,weight,created_by) VALUES ('ea3c2530-2065-480b-b958-7353ce5c1537','7b39fcee-1fc3-4324-ba0a-41249eca666b','b27d0ef5-9b4a-4fbc-a7c0-00e05a9117b9','06d7c360-89ae-426c-9f07-227211b515e8','Causal','High',70,'user_30uQARGezqSApAChPSGSwFyUy85');
INSERT INTO public.relationships (id,project_id,source_id,target_id,type,confidence,weight,created_by) VALUES ('3b9f45cb-b4b1-45e9-b2aa-7d8a3e70fa23','7b39fcee-1fc3-4324-ba0a-41249eca666b','3a3670b4-17b2-47d5-9818-e5f0e8b38452','6af3dee8-4a26-471f-a0ad-eceabef1e5a7','Causal','High',75,'user_30uQARGezqSApAChPSGSwFyUy85');
INSERT INTO public.relationships (id,project_id,source_id,target_id,type,confidence,weight,created_by) VALUES ('855c848a-757a-45c1-8e6a-fa0e3271bb38','7b39fcee-1fc3-4324-ba0a-41249eca666b','a5dbfe29-eeb5-41d2-a7fc-a4772fd59331','3cb81fad-f3d8-4422-9f06-797d6ee6a79e','Causal','High',75,'user_30uQARGezqSApAChPSGSwFyUy85');
INSERT INTO public.relationships (id,project_id,source_id,target_id,type,confidence,weight,created_by) VALUES ('784ece3d-51ca-43f1-8942-c7292fc7cb24','7b39fcee-1fc3-4324-ba0a-41249eca666b','c1fb3548-96d0-4bff-8156-c07793168922','2ae24103-abd1-44fa-83ac-790c87b9a287','Causal','High',65,'user_30uQARGezqSApAChPSGSwFyUy85');
INSERT INTO public.relationships (id,project_id,source_id,target_id,type,confidence,weight,created_by) VALUES ('5fbc6a3f-1717-41eb-a35f-9e282687f235','7b39fcee-1fc3-4324-ba0a-41249eca666b','1ba8dde6-fcb2-4c81-9a57-3a46f7176251','d1b86c95-e833-48a3-adaa-2250ba074438','Causal','High',55,'user_30uQARGezqSApAChPSGSwFyUy85');
INSERT INTO public.relationships (id,project_id,source_id,target_id,type,confidence,weight,created_by) VALUES ('f00c06d2-10be-4799-8057-00b4ce7c7ebd','7b39fcee-1fc3-4324-ba0a-41249eca666b','2e550ff5-e315-481f-a6a5-06e61bcf1ea7','ce20078f-a80f-4e6d-91c8-745e66f4b995','Probabilistic','High',50,'user_30uQARGezqSApAChPSGSwFyUy85');
INSERT INTO public.relationships (id,project_id,source_id,target_id,type,confidence,weight,created_by) VALUES ('a6745ed7-4107-4151-bf2b-a3caa2a01f18','7b39fcee-1fc3-4324-ba0a-41249eca666b','4df21642-45c2-402e-8dd9-0e49a7763ee2','915bf87c-12b5-44c6-bd60-0455167e55af','Probabilistic','High',50,'user_30uQARGezqSApAChPSGSwFyUy85');
INSERT INTO public.relationships (id,project_id,source_id,target_id,type,confidence,weight,created_by) VALUES ('9b533969-8add-456a-85e3-2e7507094d65','7b39fcee-1fc3-4324-ba0a-41249eca666b','4caf665a-d47b-4657-8ddc-94cb7090a9ee','ddc6cf27-5c89-47b8-9679-28ac4ac705d6','Compositional','High',70,'user_30uQARGezqSApAChPSGSwFyUy85');
INSERT INTO public.relationships (id,project_id,source_id,target_id,type,confidence,weight,created_by) VALUES ('28533e92-9e08-4dba-a1a8-8797c3e9ace0','7b39fcee-1fc3-4324-ba0a-41249eca666b','55b3a371-0786-4ab0-8c5a-94383ddf1379','ddc6cf27-5c89-47b8-9679-28ac4ac705d6','Compositional','High',70,'user_30uQARGezqSApAChPSGSwFyUy85');
INSERT INTO public.relationships (id,project_id,source_id,target_id,type,confidence,weight,created_by) VALUES ('cdb73c66-63ae-474f-9626-5e75b1714c50','7b39fcee-1fc3-4324-ba0a-41249eca666b','a5dbfe29-eeb5-41d2-a7fc-a4772fd59331','ddc6cf27-5c89-47b8-9679-28ac4ac705d6','Causal','Medium',60,'user_30uQARGezqSApAChPSGSwFyUy85');
INSERT INTO public.relationships (id,project_id,source_id,target_id,type,confidence,weight,created_by) VALUES ('baaa97cd-2162-4b10-94d2-099a3cf921f4','7b39fcee-1fc3-4324-ba0a-41249eca666b','2e550ff5-e315-481f-a6a5-06e61bcf1ea7','ddc6cf27-5c89-47b8-9679-28ac4ac705d6','Causal','Medium',60,'user_30uQARGezqSApAChPSGSwFyUy85');
INSERT INTO public.relationships (id,project_id,source_id,target_id,type,confidence,weight,created_by) VALUES ('5b473243-7e72-41a6-8b45-7b32d80b8805','7b39fcee-1fc3-4324-ba0a-41249eca666b','06d7c360-89ae-426c-9f07-227211b515e8','3b4155eb-b1fc-47b5-b705-ee706cebaa55','Compositional','High',70,'user_30uQARGezqSApAChPSGSwFyUy85');
INSERT INTO public.relationships (id,project_id,source_id,target_id,type,confidence,weight,created_by) VALUES ('d611b7a0-bd2f-4773-85a6-d5438bf102cb','7b39fcee-1fc3-4324-ba0a-41249eca666b','dbb422aa-51dc-4266-914e-6381917dc01a','3b4155eb-b1fc-47b5-b705-ee706cebaa55','Compositional','High',70,'user_30uQARGezqSApAChPSGSwFyUy85');
INSERT INTO public.relationships (id,project_id,source_id,target_id,type,confidence,weight,created_by) VALUES ('e94d07d0-b5ae-4d17-ae1c-19fa8c9da8b1','7b39fcee-1fc3-4324-ba0a-41249eca666b','b27d0ef5-9b4a-4fbc-a7c0-00e05a9117b9','3b4155eb-b1fc-47b5-b705-ee706cebaa55','Causal','Medium',60,'user_30uQARGezqSApAChPSGSwFyUy85');
INSERT INTO public.relationships (id,project_id,source_id,target_id,type,confidence,weight,created_by) VALUES ('a8dd094d-9817-4de5-ae77-d92b132a92f9','7b39fcee-1fc3-4324-ba0a-41249eca666b','4df21642-45c2-402e-8dd9-0e49a7763ee2','3b4155eb-b1fc-47b5-b705-ee706cebaa55','Causal','Medium',60,'user_30uQARGezqSApAChPSGSwFyUy85');
INSERT INTO public.relationships (id,project_id,source_id,target_id,type,confidence,weight,created_by) VALUES ('c1a232ab-97a2-4e9f-a786-02cd4a2b0d09','7b39fcee-1fc3-4324-ba0a-41249eca666b','6af3dee8-4a26-471f-a0ad-eceabef1e5a7','2a029a7d-a815-40a5-9711-589fe99a2568','Compositional','High',70,'user_30uQARGezqSApAChPSGSwFyUy85');
INSERT INTO public.relationships (id,project_id,source_id,target_id,type,confidence,weight,created_by) VALUES ('fcf3e91a-8aa9-42b3-a7d3-a12c67f0d109','7b39fcee-1fc3-4324-ba0a-41249eca666b','ff8e4601-daf1-4163-b0e1-3d8e223e9bf4','2a029a7d-a815-40a5-9711-589fe99a2568','Compositional','High',70,'user_30uQARGezqSApAChPSGSwFyUy85');
INSERT INTO public.relationships (id,project_id,source_id,target_id,type,confidence,weight,created_by) VALUES ('3d91e92a-ef1a-4d5d-96d6-7edb53f80fd9','7b39fcee-1fc3-4324-ba0a-41249eca666b','3a3670b4-17b2-47d5-9818-e5f0e8b38452','2a029a7d-a815-40a5-9711-589fe99a2568','Causal','Medium',60,'user_30uQARGezqSApAChPSGSwFyUy85');
INSERT INTO public.evidence_items (id,relationship_id,title,type,date,summary,hypothesis,link,impact_on_confidence,owner_id,created_by) VALUES ('05bfed36-150a-40f4-89d6-fce77c3221e0','dc3b441d-dbc1-4972-82ee-83e5fd10b0a5','Experiment: Walk-in Conversion % → Transactions','Experiment','2026-06-26','Observed a consistent relationship between Walk-in Conversion % and Transactions over the last two quarters; effect size supports the current high-confidence rating.','Walk-in Conversion % is a leading driver of Transactions',NULL,'Increases confidence','user_30uQARGezqSApAChPSGSwFyUy85','user_30uQARGezqSApAChPSGSwFyUy85');
INSERT INTO public.evidence_items (id,relationship_id,title,type,date,summary,hypothesis,link,impact_on_confidence,owner_id,created_by) VALUES ('2030c97e-62aa-4b5b-9f9f-5d0b09a7b640','c0b762af-efe0-488e-8c01-b7a9d930c1e0','Analysis: Capture Rate → Foot Traffic','Analysis','2026-06-19','Observed a consistent relationship between Capture Rate and Foot Traffic over the last two quarters; effect size supports the current high-confidence rating.','Capture Rate is a leading driver of Foot Traffic',NULL,'Supports current rating','user_30uQARGezqSApAChPSGSwFyUy85','user_30uQARGezqSApAChPSGSwFyUy85');
INSERT INTO public.evidence_items (id,relationship_id,title,type,date,summary,hypothesis,link,impact_on_confidence,owner_id,created_by) VALUES ('b0046818-43b6-4ba0-b417-d3ea20e81a02','6882a623-849d-42ae-ac95-1a28fb7f1ae7','External Research: COGS → Gross Margin %','External Research','2026-06-12','Observed a consistent relationship between COGS and Gross Margin % over the last two quarters; effect size supports the current high-confidence rating.','COGS is a leading driver of Gross Margin %',NULL,'Supports current rating','user_30uQARGezqSApAChPSGSwFyUy85','user_30uQARGezqSApAChPSGSwFyUy85');
INSERT INTO public.groups (id,project_id,name,color,node_ids,position_x,position_y,width,height,created_by) VALUES ('3c56cb30-79dc-4431-89c0-87a0160906f2','7b39fcee-1fc3-4324-ba0a-41249eca666b','Foot Traffic','#3b82f6',ARRAY['c4bc679f-f912-4f8a-9718-f6543e71371d','4caf665a-d47b-4657-8ddc-94cb7090a9ee','55b3a371-0786-4ab0-8c5a-94383ddf1379','3cb81fad-f3d8-4422-9f06-797d6ee6a79e','6ff1f1f7-fc07-4d64-ab81-4ea9a38290b6','322140a7-5583-4b4d-9b9d-70b5f2a5ef2a','c3903303-55cd-4d45-a10a-149bfaebc470','2ae24103-abd1-44fa-83ac-790c87b9a287','8bf35983-73cf-4ef4-aee8-fe8761b425fc','ce20078f-a80f-4e6d-91c8-745e66f4b995','6491af24-fc43-497a-8460-a75054f2fb72']::uuid[],-1560,514,1700,886,'user_30uQARGezqSApAChPSGSwFyUy85');
INSERT INTO public.groups (id,project_id,name,color,node_ids,position_x,position_y,width,height,created_by) VALUES ('6155668a-cc1b-43f3-9b56-24d6f8d0cf95','7b39fcee-1fc3-4324-ba0a-41249eca666b','Conversion & Basket','#22c55e',ARRAY['fea94d22-ca11-49cd-bf95-e2a9553be12b','06d7c360-89ae-426c-9f07-227211b515e8','915bf87c-12b5-44c6-bd60-0455167e55af','bafed823-c8ca-46c7-ac9c-cab897879df0','70b7a4c3-9491-4485-ac49-5dd41dd4df3b','dbb422aa-51dc-4266-914e-6381917dc01a','df5f204c-8b93-40d1-85d2-ca39db666b14','f97a95b4-eee0-4ba1-9ee1-be4e1d0b9402','d1b86c95-e833-48a3-adaa-2250ba074438']::uuid[],-1220,314,2040,686,'user_30uQARGezqSApAChPSGSwFyUy85');
INSERT INTO public.groups (id,project_id,name,color,node_ids,position_x,position_y,width,height,created_by) VALUES ('d2d28988-f4db-4b23-a9bd-8cd882b89eeb','7b39fcee-1fc3-4324-ba0a-41249eca666b','Retention','#f59e0b',ARRAY['6af3dee8-4a26-471f-a0ad-eceabef1e5a7','ff8e4601-daf1-4163-b0e1-3d8e223e9bf4','60b6dc4a-07f2-4b04-b844-bfa79f118625']::uuid[],140,714,850,486,'user_30uQARGezqSApAChPSGSwFyUy85');
INSERT INTO public.groups (id,project_id,name,color,node_ids,position_x,position_y,width,height,created_by) VALUES ('3b00c239-542e-42f5-a307-c43f9e7450c3','7b39fcee-1fc3-4324-ba0a-41249eca666b','Cost Structure','#a855f7',ARRAY['16dcdf55-dd15-4021-9d40-cc26e91f4188','8b5dea09-d4d0-45ca-8d73-96d2ceedd27b','e226719f-4908-48f1-888c-f120ed8ea3f9','4e047b5e-70ba-4cdf-a143-4185e68cd86c','94196603-0ed1-4e72-a92a-3be52765b46f','af08366c-8db3-4133-9cb0-a07a4734f18a','b5f0b1be-ac0b-4586-80f3-4e3a956c756c','5e4bab1a-4530-46af-9bd0-e8e09395007d','aa50ea43-a257-4814-a482-0d859cc0f604','6ceb9d2e-3df0-496a-8416-ffd4ffcb0eed']::uuid[],-540,114,2040,1086,'user_30uQARGezqSApAChPSGSwFyUy85');
INSERT INTO public.groups (id,project_id,name,color,node_ids,position_x,position_y,width,height,created_by) VALUES ('9e675b41-7486-49da-b045-ad71d6d345e3','7b39fcee-1fc3-4324-ba0a-41249eca666b','Strategy — Levers & Bets','#ec4899',ARRAY['b27d0ef5-9b4a-4fbc-a7c0-00e05a9117b9','3a3670b4-17b2-47d5-9818-e5f0e8b38452','a5dbfe29-eeb5-41d2-a7fc-a4772fd59331','c1fb3548-96d0-4bff-8156-c07793168922','1ba8dde6-fcb2-4c81-9a57-3a46f7176251','2e550ff5-e315-481f-a6a5-06e61bcf1ea7','4df21642-45c2-402e-8dd9-0e49a7763ee2']::uuid[],-30,714,1870,886,'user_30uQARGezqSApAChPSGSwFyUy85');
INSERT INTO public.canvas_nodes (id,project_id,node_type,title,position_x,position_y,data,created_by) VALUES ('cb1068b2-bc03-422e-ba6e-c59abf6a621a','7b39fcee-1fc3-4324-ba0a-41249eca666b','whiteboardNode','Label',2050,-170,'{"shape":"text","text":"📊 Live Data Pipeline","fontSize":18,"width":300,"height":96,"fill":"#eef2ff","stroke":"#6366f1"}'::jsonb,'user_30uQARGezqSApAChPSGSwFyUy85');
INSERT INTO public.canvas_nodes (id,project_id,node_type,title,position_x,position_y,data,created_by) VALUES ('99587375-8663-44e6-ad04-8aa4465ecf6c','7b39fcee-1fc3-4324-ba0a-41249eca666b','sourceNode','Live Feed',2050,0,'{"title":"Live Feed (new bookings)","config":{"origin":"manual","rows":[{"period":"2026-01","value":43242},{"period":"2026-02","value":44972},{"period":"2026-03","value":46701},{"period":"2026-04","value":48431},{"period":"2026-05","value":50161},{"period":"2026-06","value":51890},{"period":"2026-07","value":53620}]},"series":[{"period":"2026-01","value":43242,"change_percent":0,"trend":"neutral"},{"period":"2026-02","value":44972,"change_percent":4,"trend":"up"},{"period":"2026-03","value":46701,"change_percent":3.8,"trend":"up"},{"period":"2026-04","value":48431,"change_percent":3.7,"trend":"up"},{"period":"2026-05","value":50161,"change_percent":3.6,"trend":"up"},{"period":"2026-06","value":51890,"change_percent":3.4,"trend":"up"},{"period":"2026-07","value":53620,"change_percent":3.3,"trend":"up"}],"refreshedAt":"2026-07-03T13:57:29.558Z"}'::jsonb,'user_30uQARGezqSApAChPSGSwFyUy85');
INSERT INTO public.canvas_nodes (id,project_id,node_type,title,position_x,position_y,data,created_by) VALUES ('c098d183-be63-4ac9-bd47-9386c53dd25d','7b39fcee-1fc3-4324-ba0a-41249eca666b','operatorNode','Projection',2410,0,'{"label":"Projection (a × 1.1 + feed)","operationType":"formula","isActive":true,"formula":"a * 1.1 + b","inputs":[{"key":"a","sourceId":"d523c1e1-4023-479a-862d-32933d7f49a3","label":"Revenue"},{"key":"b","sourceId":"99587375-8663-44e6-ad04-8aa4465ecf6c","label":"Live feed"}]}'::jsonb,'user_30uQARGezqSApAChPSGSwFyUy85');
INSERT INTO public.canvas_nodes (id,project_id,node_type,title,position_x,position_y,data,created_by) VALUES ('d9697028-6c4b-4220-a22a-498bb300eec9','7b39fcee-1fc3-4324-ba0a-41249eca666b','chartNode','Actual vs Projection',3150,0,'{"chartType":"area","title":"Actual vs Projection","seriesCardIds":["d523c1e1-4023-479a-862d-32933d7f49a3","f848e602-6aff-4fba-a113-19753a0618b9"],"showLegend":true}'::jsonb,'user_30uQARGezqSApAChPSGSwFyUy85');
INSERT INTO public.canvas_nodes (id,project_id,node_type,title,position_x,position_y,data,created_by) VALUES ('eefa5a57-9c02-4a9e-a0ca-aad0fbf1dc63','7b39fcee-1fc3-4324-ba0a-41249eca666b','commentNode','Pipeline',2050,260,'{"title":"Live pipeline: Source → Operator → Card → Chart. Edit the Source, then Run Simulation.","projectId":"7b39fcee-1fc3-4324-ba0a-41249eca666b"}'::jsonb,'user_30uQARGezqSApAChPSGSwFyUy85');
INSERT INTO public.comment_threads (id,project_id,source,context,is_resolved,created_by) VALUES ('6884107e-48c2-4301-8b19-4af541e22bca','7b39fcee-1fc3-4324-ba0a-41249eca666b','node','{"cardId":"d523c1e1-4023-479a-862d-32933d7f49a3"}'::jsonb,false,'user_30uQARGezqSApAChPSGSwFyUy85');
INSERT INTO public.comment_threads (id,project_id,source,context,is_resolved,created_by) VALUES ('f76d3103-e98f-4939-9dc5-a1da90627c1e','7b39fcee-1fc3-4324-ba0a-41249eca666b','canvas',NULL,true,'user_30uQARGezqSApAChPSGSwFyUy85');
INSERT INTO public.comments (id,thread_id,author_id,content,resolved) VALUES ('8f53bc7c-b298-4a86-84ae-779bcf4c436f','6884107e-48c2-4301-8b19-4af541e22bca','user_30uQARGezqSApAChPSGSwFyUy85','Revenue is our anchor metric — the operator projection to the right recomputes it live. Does the seasonality here look right?',false);
INSERT INTO public.comments (id,thread_id,author_id,content,resolved) VALUES ('c10259c2-ebd6-4312-a1c1-a4e3820438f9','6884107e-48c2-4301-8b19-4af541e22bca','user_30uQARGezqSApAChPSGSwFyUy85','Compared it against the tracked-metric series in the catalog — trends match. Leaving this open until we wire the warehouse source.',false);
INSERT INTO public.comments (id,thread_id,author_id,content,resolved) VALUES ('68c867c7-4b67-4253-b25f-848cf65db34c','f76d3103-e98f-4939-9dc5-a1da90627c1e','user_30uQARGezqSApAChPSGSwFyUy85','Grouped the levers & bets into a Strategy group — check the Strategy page for the kanban view.',true);
INSERT INTO public.dashboard_widgets (id,project_id,title,widget_type,config,layout,sort_index,created_by) VALUES ('3a3ccbfe-07e1-41d9-86c6-0c691f146d2e','7b39fcee-1fc3-4324-ba0a-41249eca666b','Revenue — Retail (Walk-in)','kpi','{"source":"tracked","trackedMetricIds":["a56ca618-9628-4602-a524-e165164addbe"]}'::jsonb,'{"x":0,"y":0,"w":3,"h":4}'::jsonb,0,'user_30uQARGezqSApAChPSGSwFyUy85');
INSERT INTO public.dashboard_widgets (id,project_id,title,widget_type,config,layout,sort_index,created_by) VALUES ('21b3e90a-5233-483d-bd87-bfc3fe63136d','7b39fcee-1fc3-4324-ba0a-41249eca666b','Revenue & drivers','area','{"source":"card","cardIds":["d523c1e1-4023-479a-862d-32933d7f49a3","f848e602-6aff-4fba-a113-19753a0618b9","fea94d22-ca11-49cd-bf95-e2a9553be12b","dbb422aa-51dc-4266-914e-6381917dc01a"],"display":{"showLegend":true}}'::jsonb,'{"x":3,"y":0,"w":9,"h":8}'::jsonb,1,'user_30uQARGezqSApAChPSGSwFyUy85');
INSERT INTO public.dashboard_widgets (id,project_id,title,widget_type,config,layout,sort_index,created_by) VALUES ('047e8e46-9cc8-42aa-a475-c2dd53cc6ca7','7b39fcee-1fc3-4324-ba0a-41249eca666b','Key metrics','table','{"source":"card","cardIds":["d523c1e1-4023-479a-862d-32933d7f49a3","f848e602-6aff-4fba-a113-19753a0618b9","fea94d22-ca11-49cd-bf95-e2a9553be12b","dbb422aa-51dc-4266-914e-6381917dc01a"]}'::jsonb,'{"x":0,"y":4,"w":3,"h":8}'::jsonb,2,'user_30uQARGezqSApAChPSGSwFyUy85');
INSERT INTO public.alert_rules (id,project_id,card_id,name,rule_type,config,enabled,created_by) VALUES ('da38c726-9b26-452c-8a5b-ab898afb1861','7b39fcee-1fc3-4324-ba0a-41249eca666b','d523c1e1-4023-479a-862d-32933d7f49a3','Revenue floor','threshold','{"comparator":"lte","value":735121}'::jsonb,true,'user_30uQARGezqSApAChPSGSwFyUy85');
INSERT INTO public.alert_rules (id,project_id,card_id,name,rule_type,config,enabled,created_by) VALUES ('437bbcac-653c-4dcc-831f-0ba84c402a5e','7b39fcee-1fc3-4324-ba0a-41249eca666b','d523c1e1-4023-479a-862d-32933d7f49a3','Revenue sudden drop','change','{"direction":"down","pct":10}'::jsonb,true,'user_30uQARGezqSApAChPSGSwFyUy85');

DELETE FROM public.projects WHERE created_by='user_30uQARGezqSApAChPSGSwFyUy85' AND name='Web Analytics — Example Metric Tree';
DELETE FROM public.tracked_metrics WHERE created_by='user_30uQARGezqSApAChPSGSwFyUy85' AND name='Sessions — Web Analytics';
INSERT INTO public.projects (id,name,description,created_by,last_modified_by,is_public,tags,settings) VALUES ('aa4a4512-ffe7-41d6-b257-f32178554bb8','Web Analytics — Example Metric Tree','GA4-style acquisition → engagement → conversion tree: sessions by channel drive engaged sessions, conversions, and revenue.','user_30uQARGezqSApAChPSGSwFyUy85','user_30uQARGezqSApAChPSGSwFyUy85',true,ARRAY['example','template'],'{"dataFlowEdges":[{"id":"709638b7-84ae-4a6f-92da-b7f9529e4b4e","source":"b180bc64-d7b5-4cee-93dc-fba2bd923c10","target":"ccc2bf14-83d8-4e5d-83cf-c66631eeee3d","type":"dataFlow"},{"id":"bcdc7d26-de27-4381-a0cc-1dee7a756ceb","source":"ca4b00c4-56f4-4453-9b8b-ecb69e0dc1d4","target":"ccc2bf14-83d8-4e5d-83cf-c66631eeee3d","type":"dataFlow"},{"id":"8e85369c-48a2-47d8-bf60-a80dd0c6efae","source":"ccc2bf14-83d8-4e5d-83cf-c66631eeee3d","target":"8e515b6f-8fdd-49dc-887a-95327393d305","type":"dataFlow"},{"id":"cc38a646-b51c-4813-bd50-b23659d24cad","source":"ca4b00c4-56f4-4453-9b8b-ecb69e0dc1d4","target":"e6b437d2-a8f0-4756-a87e-4078f063d67f","type":"dataFlow"},{"id":"565efe71-e8d6-405c-9338-bae643df5fa3","source":"8e515b6f-8fdd-49dc-887a-95327393d305","target":"e6b437d2-a8f0-4756-a87e-4078f063d67f","type":"dataFlow"}]}'::jsonb);
INSERT INTO public.tracked_metrics (id,name,state,unit,formula,owner_label,source_kind,origin_card_id,origin_project_id,created_by) VALUES ('6500fb23-c3ea-4d2f-b15d-1303626d1f65','Sessions — Web Analytics','tracked',NULL,NULL,'Growth','manual','ca4b00c4-56f4-4453-9b8b-ecb69e0dc1d4','aa4a4512-ffe7-41d6-b257-f32178554bb8','user_30uQARGezqSApAChPSGSwFyUy85');
INSERT INTO public.metric_cards (id,project_id,title,description,category,sub_category,status,workflow,tracked_metric_id,position_x,position_y,created_by,data) VALUES ('1b67ffb6-f25c-4652-bbb9-401661518dc9','aa4a4512-ffe7-41d6-b257-f32178554bb8','Conversion Value','Conversions × Value per Conversion','Core/Value','Critical Path',NULL,'{"businessImpact":"High"}'::jsonb,NULL,0,0,'user_30uQARGezqSApAChPSGSwFyUy85','[{"period":"2026-01","value":45.1,"change_percent":0,"trend":"neutral"},{"period":"2026-02","value":46.5,"change_percent":3.1,"trend":"up"},{"period":"2026-03","value":46.8,"change_percent":0.6,"trend":"neutral"},{"period":"2026-04","value":48.1,"change_percent":2.8,"trend":"up"},{"period":"2026-05","value":50.2,"change_percent":4.4,"trend":"up"},{"period":"2026-06","value":51.2,"change_percent":2,"trend":"up"},{"period":"2026-07","value":52.1,"change_percent":1.8,"trend":"up"}]'::jsonb);
INSERT INTO public.metric_cards (id,project_id,title,description,category,sub_category,status,workflow,tracked_metric_id,position_x,position_y,created_by,data) VALUES ('746e4684-961a-4fad-964a-3e9af5fbdfc7','aa4a4512-ffe7-41d6-b257-f32178554bb8','Conversions','Key events (purchase/signup)','Data/Metric',NULL,NULL,'{}'::jsonb,NULL,-170,200,'user_30uQARGezqSApAChPSGSwFyUy85','[{"period":"2026-01","value":11.9,"change_percent":0,"trend":"neutral"},{"period":"2026-02","value":12.6,"change_percent":5.9,"trend":"up"},{"period":"2026-03","value":13.7,"change_percent":8.7,"trend":"up"},{"period":"2026-04","value":14.9,"change_percent":8.8,"trend":"up"},{"period":"2026-05","value":16.2,"change_percent":8.7,"trend":"up"},{"period":"2026-06","value":17.1,"change_percent":5.6,"trend":"up"},{"period":"2026-07","value":18.5,"change_percent":8.2,"trend":"up"}]'::jsonb);
INSERT INTO public.metric_cards (id,project_id,title,description,category,sub_category,status,workflow,tracked_metric_id,position_x,position_y,created_by,data) VALUES ('08b40157-afbf-4cb0-89d0-b8f5625928c0','aa4a4512-ffe7-41d6-b257-f32178554bb8','Conversion Rate','Conversions ÷ Sessions','Data/Metric',NULL,NULL,'{}'::jsonb,NULL,-170,400,'user_30uQARGezqSApAChPSGSwFyUy85','[{"period":"2026-01","value":11.5,"change_percent":0,"trend":"neutral"},{"period":"2026-02","value":11.9,"change_percent":3.5,"trend":"up"},{"period":"2026-03","value":12.3,"change_percent":3.4,"trend":"up"},{"period":"2026-04","value":12.8,"change_percent":4.1,"trend":"up"},{"period":"2026-05","value":13.8,"change_percent":7.8,"trend":"up"},{"period":"2026-06","value":14.8,"change_percent":7.2,"trend":"up"},{"period":"2026-07","value":15.7,"change_percent":6.1,"trend":"up"}]'::jsonb);
INSERT INTO public.metric_cards (id,project_id,title,description,category,sub_category,status,workflow,tracked_metric_id,position_x,position_y,created_by,data) VALUES ('d1152207-803d-4e48-a563-0bd5364c0d5a','aa4a4512-ffe7-41d6-b257-f32178554bb8','Value per Conversion','Avg revenue per conversion','Data/Metric',NULL,NULL,'{}'::jsonb,NULL,170,200,'user_30uQARGezqSApAChPSGSwFyUy85','[{"period":"2026-01","value":49.8,"change_percent":0,"trend":"neutral"},{"period":"2026-02","value":50.8,"change_percent":2,"trend":"up"},{"period":"2026-03","value":53.1,"change_percent":4.5,"trend":"up"},{"period":"2026-04","value":55,"change_percent":3.6,"trend":"up"},{"period":"2026-05","value":55.8,"change_percent":1.5,"trend":"up"},{"period":"2026-06","value":58.9,"change_percent":5.6,"trend":"up"},{"period":"2026-07","value":61.1,"change_percent":3.7,"trend":"up"}]'::jsonb);
INSERT INTO public.metric_cards (id,project_id,title,description,category,sub_category,status,workflow,tracked_metric_id,position_x,position_y,created_by,data) VALUES ('ca4b00c4-56f4-4453-9b8b-ecb69e0dc1d4','aa4a4512-ffe7-41d6-b257-f32178554bb8','Sessions','Total sessions','Data/Metric',NULL,NULL,'{}'::jsonb,'6500fb23-c3ea-4d2f-b15d-1303626d1f65',170,400,'user_30uQARGezqSApAChPSGSwFyUy85','[{"period":"2026-01","value":32035,"change_percent":0,"trend":"neutral"},{"period":"2026-02","value":33701,"change_percent":5.2,"trend":"up"},{"period":"2026-03","value":35545,"change_percent":5.5,"trend":"up"},{"period":"2026-04","value":37535,"change_percent":5.6,"trend":"up"},{"period":"2026-05","value":39252,"change_percent":4.6,"trend":"up"},{"period":"2026-06","value":41170,"change_percent":4.9,"trend":"up"},{"period":"2026-07","value":43308,"change_percent":5.2,"trend":"up"}]'::jsonb);
INSERT INTO public.metric_cards (id,project_id,title,description,category,sub_category,status,workflow,tracked_metric_id,position_x,position_y,created_by,data) VALUES ('f6566639-ac89-4d5d-9dde-ee4e9ffc2dbb','aa4a4512-ffe7-41d6-b257-f32178554bb8','Users','Unique users','Data/Metric',NULL,NULL,'{}'::jsonb,NULL,-1530,600,'user_30uQARGezqSApAChPSGSwFyUy85','[{"period":"2026-01","value":1477,"change_percent":0,"trend":"neutral"},{"period":"2026-02","value":1499,"change_percent":1.5,"trend":"up"},{"period":"2026-03","value":1584,"change_percent":5.7,"trend":"up"},{"period":"2026-04","value":1662,"change_percent":4.9,"trend":"up"},{"period":"2026-05","value":1741,"change_percent":4.8,"trend":"up"},{"period":"2026-06","value":1805,"change_percent":3.7,"trend":"up"},{"period":"2026-07","value":1885,"change_percent":4.4,"trend":"up"}]'::jsonb);
INSERT INTO public.metric_cards (id,project_id,title,description,category,sub_category,status,workflow,tracked_metric_id,position_x,position_y,created_by,data) VALUES ('c1bc8806-3fcc-4e10-aa09-1b7475e4a5a7','aa4a4512-ffe7-41d6-b257-f32178554bb8','Sessions per User','Sessions ÷ Users','Data/Metric',NULL,NULL,'{}'::jsonb,NULL,-1190,600,'user_30uQARGezqSApAChPSGSwFyUy85','[{"period":"2026-01","value":9935,"change_percent":0,"trend":"neutral"},{"period":"2026-02","value":10101,"change_percent":1.7,"trend":"up"},{"period":"2026-03","value":10343,"change_percent":2.4,"trend":"up"},{"period":"2026-04","value":10866,"change_percent":5.1,"trend":"up"},{"period":"2026-05","value":11351,"change_percent":4.5,"trend":"up"},{"period":"2026-06","value":11458,"change_percent":0.9,"trend":"neutral"},{"period":"2026-07","value":11733,"change_percent":2.4,"trend":"up"}]'::jsonb);
INSERT INTO public.metric_cards (id,project_id,title,description,category,sub_category,status,workflow,tracked_metric_id,position_x,position_y,created_by,data) VALUES ('e270d84b-8ccd-436c-9a9d-bdc177b17447','aa4a4512-ffe7-41d6-b257-f32178554bb8','Organic Search','SEO sessions','Data/Metric',NULL,NULL,'{}'::jsonb,NULL,-850,600,'user_30uQARGezqSApAChPSGSwFyUy85','[{"period":"2026-01","value":4749,"change_percent":0,"trend":"neutral"},{"period":"2026-02","value":4807,"change_percent":1.2,"trend":"up"},{"period":"2026-03","value":4884,"change_percent":1.6,"trend":"up"},{"period":"2026-04","value":4890,"change_percent":0.1,"trend":"neutral"},{"period":"2026-05","value":4963,"change_percent":1.5,"trend":"up"},{"period":"2026-06","value":5037,"change_percent":1.5,"trend":"up"},{"period":"2026-07","value":5172,"change_percent":2.7,"trend":"up"}]'::jsonb);
INSERT INTO public.metric_cards (id,project_id,title,description,category,sub_category,status,workflow,tracked_metric_id,position_x,position_y,created_by,data) VALUES ('d6cbf628-de97-4936-80c6-e55112071955','aa4a4512-ffe7-41d6-b257-f32178554bb8','Paid Search','SEM sessions','Data/Metric',NULL,NULL,'{}'::jsonb,NULL,-510,600,'user_30uQARGezqSApAChPSGSwFyUy85','[{"period":"2026-01","value":1287,"change_percent":0,"trend":"neutral"},{"period":"2026-02","value":1363,"change_percent":5.9,"trend":"up"},{"period":"2026-03","value":1421,"change_percent":4.3,"trend":"up"},{"period":"2026-04","value":1496,"change_percent":5.3,"trend":"up"},{"period":"2026-05","value":1534,"change_percent":2.5,"trend":"up"},{"period":"2026-06","value":1626,"change_percent":6,"trend":"up"},{"period":"2026-07","value":1714,"change_percent":5.4,"trend":"up"}]'::jsonb);
INSERT INTO public.metric_cards (id,project_id,title,description,category,sub_category,status,workflow,tracked_metric_id,position_x,position_y,created_by,data) VALUES ('11d1cd1a-2378-4361-8d98-c7a2953f895a','aa4a4512-ffe7-41d6-b257-f32178554bb8','Social','Social sessions','Data/Metric',NULL,NULL,'{}'::jsonb,NULL,-170,600,'user_30uQARGezqSApAChPSGSwFyUy85','[{"period":"2026-01","value":3591,"change_percent":0,"trend":"neutral"},{"period":"2026-02","value":3717,"change_percent":3.5,"trend":"up"},{"period":"2026-03","value":3881,"change_percent":4.4,"trend":"up"},{"period":"2026-04","value":4173,"change_percent":7.5,"trend":"up"},{"period":"2026-05","value":4327,"change_percent":3.7,"trend":"up"},{"period":"2026-06","value":4624,"change_percent":6.9,"trend":"up"},{"period":"2026-07","value":4768,"change_percent":3.1,"trend":"up"}]'::jsonb);
INSERT INTO public.metric_cards (id,project_id,title,description,category,sub_category,status,workflow,tracked_metric_id,position_x,position_y,created_by,data) VALUES ('811744ba-da29-470f-8233-cc88244b0261','aa4a4512-ffe7-41d6-b257-f32178554bb8','Direct','Direct sessions','Data/Metric',NULL,NULL,'{}'::jsonb,NULL,170,600,'user_30uQARGezqSApAChPSGSwFyUy85','[{"period":"2026-01","value":378,"change_percent":0,"trend":"neutral"},{"period":"2026-02","value":405,"change_percent":7.1,"trend":"up"},{"period":"2026-03","value":425,"change_percent":4.9,"trend":"up"},{"period":"2026-04","value":457,"change_percent":7.5,"trend":"up"},{"period":"2026-05","value":488,"change_percent":6.8,"trend":"up"},{"period":"2026-06","value":518,"change_percent":6.1,"trend":"up"},{"period":"2026-07","value":536,"change_percent":3.5,"trend":"up"}]'::jsonb);
INSERT INTO public.metric_cards (id,project_id,title,description,category,sub_category,status,workflow,tracked_metric_id,position_x,position_y,created_by,data) VALUES ('6ff5f888-70d2-4a59-a768-35eeef21ab08','aa4a4512-ffe7-41d6-b257-f32178554bb8','Referral','Referral sessions','Data/Metric',NULL,NULL,'{}'::jsonb,NULL,510,600,'user_30uQARGezqSApAChPSGSwFyUy85','[{"period":"2026-01","value":4566,"change_percent":0,"trend":"neutral"},{"period":"2026-02","value":4852,"change_percent":6.3,"trend":"up"},{"period":"2026-03","value":5103,"change_percent":5.2,"trend":"up"},{"period":"2026-04","value":5408,"change_percent":6,"trend":"up"},{"period":"2026-05","value":5610,"change_percent":3.7,"trend":"up"},{"period":"2026-06","value":5822,"change_percent":3.8,"trend":"up"},{"period":"2026-07","value":6071,"change_percent":4.3,"trend":"up"}]'::jsonb);
INSERT INTO public.metric_cards (id,project_id,title,description,category,sub_category,status,workflow,tracked_metric_id,position_x,position_y,created_by,data) VALUES ('783ccc51-d5a1-470d-86d2-cc3a882538f1','aa4a4512-ffe7-41d6-b257-f32178554bb8','Engaged Sessions','Sessions > 10s / 2 pageviews','Data/Metric',NULL,NULL,'{}'::jsonb,NULL,850,600,'user_30uQARGezqSApAChPSGSwFyUy85','[{"period":"2026-01","value":53573,"change_percent":0,"trend":"neutral"},{"period":"2026-02","value":55948,"change_percent":4.4,"trend":"up"},{"period":"2026-03","value":57553,"change_percent":2.9,"trend":"up"},{"period":"2026-04","value":58959,"change_percent":2.4,"trend":"up"},{"period":"2026-05","value":61484,"change_percent":4.3,"trend":"up"},{"period":"2026-06","value":63365,"change_percent":3.1,"trend":"up"},{"period":"2026-07","value":66613,"change_percent":5.1,"trend":"up"}]'::jsonb);
INSERT INTO public.metric_cards (id,project_id,title,description,category,sub_category,status,workflow,tracked_metric_id,position_x,position_y,created_by,data) VALUES ('18302236-ff60-42a8-996d-1af3470767cc','aa4a4512-ffe7-41d6-b257-f32178554bb8','Engagement Rate','Engaged ÷ Sessions','Data/Metric',NULL,NULL,'{}'::jsonb,NULL,-340,800,'user_30uQARGezqSApAChPSGSwFyUy85','[{"period":"2026-01","value":12.1,"change_percent":0,"trend":"neutral"},{"period":"2026-02","value":13.1,"change_percent":8.3,"trend":"up"},{"period":"2026-03","value":13.7,"change_percent":4.6,"trend":"up"},{"period":"2026-04","value":14.5,"change_percent":5.8,"trend":"up"},{"period":"2026-05","value":15.5,"change_percent":6.9,"trend":"up"},{"period":"2026-06","value":16.2,"change_percent":4.5,"trend":"up"},{"period":"2026-07","value":17.7,"change_percent":9.3,"trend":"up"}]'::jsonb);
INSERT INTO public.metric_cards (id,project_id,title,description,category,sub_category,status,workflow,tracked_metric_id,position_x,position_y,created_by,data) VALUES ('849fa89c-550a-4f19-8b92-fe8b71eaa948','aa4a4512-ffe7-41d6-b257-f32178554bb8','Avg Engagement Time','Seconds per session','Data/Metric',NULL,NULL,'{}'::jsonb,NULL,-340,1000,'user_30uQARGezqSApAChPSGSwFyUy85','[{"period":"2026-01","value":4106,"change_percent":0,"trend":"neutral"},{"period":"2026-02","value":4385,"change_percent":6.8,"trend":"up"},{"period":"2026-03","value":4663,"change_percent":6.3,"trend":"up"},{"period":"2026-04","value":5020,"change_percent":7.7,"trend":"up"},{"period":"2026-05","value":5379,"change_percent":7.2,"trend":"up"},{"period":"2026-06","value":5785,"change_percent":7.5,"trend":"up"},{"period":"2026-07","value":6095,"change_percent":5.4,"trend":"up"}]'::jsonb);
INSERT INTO public.metric_cards (id,project_id,title,description,category,sub_category,status,workflow,tracked_metric_id,position_x,position_y,created_by,data) VALUES ('b33b5f7f-b3eb-4049-a868-b7aae7e390e8','aa4a4512-ffe7-41d6-b257-f32178554bb8','Bounce Rate','Non-engaged share','Data/Metric',NULL,NULL,'{}'::jsonb,NULL,0,1000,'user_30uQARGezqSApAChPSGSwFyUy85','[{"period":"2026-01","value":45,"change_percent":0,"trend":"neutral"},{"period":"2026-02","value":48.1,"change_percent":6.9,"trend":"up"},{"period":"2026-03","value":51,"change_percent":6,"trend":"up"},{"period":"2026-04","value":54,"change_percent":5.9,"trend":"up"},{"period":"2026-05","value":57.6,"change_percent":6.7,"trend":"up"},{"period":"2026-06","value":59.8,"change_percent":3.8,"trend":"up"},{"period":"2026-07","value":64.7,"change_percent":8.2,"trend":"up"}]'::jsonb);
INSERT INTO public.metric_cards (id,project_id,title,description,category,sub_category,status,workflow,tracked_metric_id,position_x,position_y,created_by,data) VALUES ('a7db37c1-1c1b-4c8c-b416-ef89de84109d','aa4a4512-ffe7-41d6-b257-f32178554bb8','Pages per Session','Pageviews ÷ Sessions','Data/Metric',NULL,NULL,'{}'::jsonb,NULL,340,1000,'user_30uQARGezqSApAChPSGSwFyUy85','[{"period":"2026-01","value":2245,"change_percent":0,"trend":"neutral"},{"period":"2026-02","value":2358,"change_percent":5,"trend":"up"},{"period":"2026-03","value":2481,"change_percent":5.2,"trend":"up"},{"period":"2026-04","value":2654,"change_percent":7,"trend":"up"},{"period":"2026-05","value":2797,"change_percent":5.4,"trend":"up"},{"period":"2026-06","value":2897,"change_percent":3.6,"trend":"up"},{"period":"2026-07","value":3005,"change_percent":3.7,"trend":"up"}]'::jsonb);
INSERT INTO public.metric_cards (id,project_id,title,description,category,sub_category,status,workflow,tracked_metric_id,position_x,position_y,created_by,data) VALUES ('960504d6-beba-400e-90a9-01a707c9ff38','aa4a4512-ffe7-41d6-b257-f32178554bb8','New vs Returning','Returning user share','Data/Metric',NULL,NULL,'{}'::jsonb,NULL,1190,600,'user_30uQARGezqSApAChPSGSwFyUy85','[{"period":"2026-01","value":2991,"change_percent":0,"trend":"neutral"},{"period":"2026-02","value":3256,"change_percent":8.9,"trend":"up"},{"period":"2026-03","value":3534,"change_percent":8.5,"trend":"up"},{"period":"2026-04","value":3837,"change_percent":8.6,"trend":"up"},{"period":"2026-05","value":4064,"change_percent":5.9,"trend":"up"},{"period":"2026-06","value":4239,"change_percent":4.3,"trend":"up"},{"period":"2026-07","value":4585,"change_percent":8.2,"trend":"up"}]'::jsonb);
INSERT INTO public.metric_cards (id,project_id,title,description,category,sub_category,status,workflow,tracked_metric_id,position_x,position_y,created_by,data) VALUES ('661d1681-e8cb-4ca8-894a-dcc34646f716','aa4a4512-ffe7-41d6-b257-f32178554bb8','SEO Content Program','Publish + optimize landing pages','Work/Action','Experiment','in_progress','{"priority":"High","dueDate":"2026-07-17","effort":3}'::jsonb,NULL,0,800,'user_30uQARGezqSApAChPSGSwFyUy85','[]'::jsonb);
INSERT INTO public.metric_cards (id,project_id,title,description,category,sub_category,status,workflow,tracked_metric_id,position_x,position_y,created_by,data) VALUES ('bd51b120-9a80-4e20-8205-a3a8ee908e80','aa4a4512-ffe7-41d6-b257-f32178554bb8','CRO Experiments','A/B test funnel steps','Work/Action','Initiative','planning','{"priority":"Medium","dueDate":"2026-08-07","effort":7}'::jsonb,NULL,1530,600,'user_30uQARGezqSApAChPSGSwFyUy85','[]'::jsonb);
INSERT INTO public.metric_cards (id,project_id,title,description,category,sub_category,status,workflow,tracked_metric_id,position_x,position_y,created_by,data) VALUES ('b24986b5-a4cd-48b0-83fb-7f8f11856181','aa4a4512-ffe7-41d6-b257-f32178554bb8','Page Speed Fixes','Core Web Vitals improvements','Work/Action','BAU','backlog','{"priority":"Low","dueDate":"2026-08-28","effort":11}'::jsonb,NULL,0,1200,'user_30uQARGezqSApAChPSGSwFyUy85','[]'::jsonb);
INSERT INTO public.metric_cards (id,project_id,title,description,category,sub_category,status,workflow,tracked_metric_id,position_x,position_y,created_by,data) VALUES ('ebf0f297-e4b1-483a-9200-84da10262c77','aa4a4512-ffe7-41d6-b257-f32178554bb8','High-intent paid keywords convert 2× better','','Ideas/Hypothesis','Factor','backlog','{"confidence":"High","testable":true,"assumptions":["High-intent paid keywords convert 2× better holds for the core segment"],"successCriteria":["Statistically significant lift within one quarter"]}'::jsonb,NULL,340,800,'user_30uQARGezqSApAChPSGSwFyUy85','[]'::jsonb);
INSERT INTO public.metric_cards (id,project_id,title,description,category,sub_category,status,workflow,tracked_metric_id,position_x,position_y,created_by,data) VALUES ('8e515b6f-8fdd-49dc-887a-95327393d305','aa4a4512-ffe7-41d6-b257-f32178554bb8','Sessions — Projection','Operator output: Sessions × 1.1 + live feed','Data/Metric',NULL,NULL,'{}'::jsonb,NULL,2770,0,'user_30uQARGezqSApAChPSGSwFyUy85','[{"period":"2026-01","value":37404,"change_percent":0,"trend":"neutral"},{"period":"2026-02","value":39323,"change_percent":5.1,"trend":"up"},{"period":"2026-03","value":41438,"change_percent":5.4,"trend":"up"},{"period":"2026-04","value":43714,"change_percent":5.5,"trend":"up"},{"period":"2026-05","value":45688,"change_percent":4.5,"trend":"up"},{"period":"2026-06","value":47885,"change_percent":4.8,"trend":"up"},{"period":"2026-07","value":50324,"change_percent":5.1,"trend":"up"}]'::jsonb);
INSERT INTO public.metric_values (id,tracked_metric_id,period,value,change_percent,trend,source,created_by) VALUES ('4e91b91c-a44d-475c-8fcc-43b2c320e8b3','6500fb23-c3ea-4d2f-b15d-1303626d1f65','2026-01',32035,0,'neutral','seed','user_30uQARGezqSApAChPSGSwFyUy85');
INSERT INTO public.metric_values (id,tracked_metric_id,period,value,change_percent,trend,source,created_by) VALUES ('59e9f0d5-9e92-45bb-882b-f0d252b7fb52','6500fb23-c3ea-4d2f-b15d-1303626d1f65','2026-02',33701,5.2,'up','seed','user_30uQARGezqSApAChPSGSwFyUy85');
INSERT INTO public.metric_values (id,tracked_metric_id,period,value,change_percent,trend,source,created_by) VALUES ('9f6fb391-cd37-4852-a071-52016cef2078','6500fb23-c3ea-4d2f-b15d-1303626d1f65','2026-03',35545,5.5,'up','seed','user_30uQARGezqSApAChPSGSwFyUy85');
INSERT INTO public.metric_values (id,tracked_metric_id,period,value,change_percent,trend,source,created_by) VALUES ('d8850234-d925-4a65-a140-de3dd616febc','6500fb23-c3ea-4d2f-b15d-1303626d1f65','2026-04',37535,5.6,'up','seed','user_30uQARGezqSApAChPSGSwFyUy85');
INSERT INTO public.metric_values (id,tracked_metric_id,period,value,change_percent,trend,source,created_by) VALUES ('54b9446f-f146-4838-a806-6b904c52691b','6500fb23-c3ea-4d2f-b15d-1303626d1f65','2026-05',39252,4.6,'up','seed','user_30uQARGezqSApAChPSGSwFyUy85');
INSERT INTO public.metric_values (id,tracked_metric_id,period,value,change_percent,trend,source,created_by) VALUES ('464112cf-a7d7-48c8-8888-7c1849eb8749','6500fb23-c3ea-4d2f-b15d-1303626d1f65','2026-06',41170,4.9,'up','seed','user_30uQARGezqSApAChPSGSwFyUy85');
INSERT INTO public.metric_values (id,tracked_metric_id,period,value,change_percent,trend,source,created_by) VALUES ('30794e65-4530-4c61-9669-6da796439828','6500fb23-c3ea-4d2f-b15d-1303626d1f65','2026-07',43308,5.2,'up','seed','user_30uQARGezqSApAChPSGSwFyUy85');
INSERT INTO public.relationships (id,project_id,source_id,target_id,type,confidence,weight,created_by) VALUES ('68a8dedb-eb0a-4f94-b6e5-92fde01f39c1','aa4a4512-ffe7-41d6-b257-f32178554bb8','746e4684-961a-4fad-964a-3e9af5fbdfc7','1b67ffb6-f25c-4652-bbb9-401661518dc9','Deterministic','High',90,'user_30uQARGezqSApAChPSGSwFyUy85');
INSERT INTO public.relationships (id,project_id,source_id,target_id,type,confidence,weight,created_by) VALUES ('08d283d6-8120-4580-aa7e-f1d70788949c','aa4a4512-ffe7-41d6-b257-f32178554bb8','d1152207-803d-4e48-a563-0bd5364c0d5a','1b67ffb6-f25c-4652-bbb9-401661518dc9','Deterministic','High',85,'user_30uQARGezqSApAChPSGSwFyUy85');
INSERT INTO public.relationships (id,project_id,source_id,target_id,type,confidence,weight,created_by) VALUES ('468d9f14-5ebe-42b6-973e-153ff17ff84e','aa4a4512-ffe7-41d6-b257-f32178554bb8','08b40157-afbf-4cb0-89d0-b8f5625928c0','746e4684-961a-4fad-964a-3e9af5fbdfc7','Deterministic','High',85,'user_30uQARGezqSApAChPSGSwFyUy85');
INSERT INTO public.relationships (id,project_id,source_id,target_id,type,confidence,weight,created_by) VALUES ('224df141-c4d7-480d-96be-28bfdadaf08d','aa4a4512-ffe7-41d6-b257-f32178554bb8','ca4b00c4-56f4-4453-9b8b-ecb69e0dc1d4','746e4684-961a-4fad-964a-3e9af5fbdfc7','Deterministic','High',80,'user_30uQARGezqSApAChPSGSwFyUy85');
INSERT INTO public.relationships (id,project_id,source_id,target_id,type,confidence,weight,created_by) VALUES ('4d82baa3-05ab-424d-8e98-031b2b55ca8f','aa4a4512-ffe7-41d6-b257-f32178554bb8','f6566639-ac89-4d5d-9dde-ee4e9ffc2dbb','ca4b00c4-56f4-4453-9b8b-ecb69e0dc1d4','Causal','High',80,'user_30uQARGezqSApAChPSGSwFyUy85');
INSERT INTO public.relationships (id,project_id,source_id,target_id,type,confidence,weight,created_by) VALUES ('b40642a3-3e65-4ccd-9b57-71a9c65db7c0','aa4a4512-ffe7-41d6-b257-f32178554bb8','c1bc8806-3fcc-4e10-aa09-1b7475e4a5a7','ca4b00c4-56f4-4453-9b8b-ecb69e0dc1d4','Deterministic','High',75,'user_30uQARGezqSApAChPSGSwFyUy85');
INSERT INTO public.relationships (id,project_id,source_id,target_id,type,confidence,weight,created_by) VALUES ('b09eb0e7-05c0-4756-8bd0-3d6541363f9b','aa4a4512-ffe7-41d6-b257-f32178554bb8','e270d84b-8ccd-436c-9a9d-bdc177b17447','ca4b00c4-56f4-4453-9b8b-ecb69e0dc1d4','Compositional','High',80,'user_30uQARGezqSApAChPSGSwFyUy85');
INSERT INTO public.relationships (id,project_id,source_id,target_id,type,confidence,weight,created_by) VALUES ('815d75ef-8c3c-422c-a988-8c42949e2151','aa4a4512-ffe7-41d6-b257-f32178554bb8','d6cbf628-de97-4936-80c6-e55112071955','ca4b00c4-56f4-4453-9b8b-ecb69e0dc1d4','Compositional','High',75,'user_30uQARGezqSApAChPSGSwFyUy85');
INSERT INTO public.relationships (id,project_id,source_id,target_id,type,confidence,weight,created_by) VALUES ('de7a6263-0688-4136-adb6-c09a792c0108','aa4a4512-ffe7-41d6-b257-f32178554bb8','11d1cd1a-2378-4361-8d98-c7a2953f895a','ca4b00c4-56f4-4453-9b8b-ecb69e0dc1d4','Compositional','High',60,'user_30uQARGezqSApAChPSGSwFyUy85');
INSERT INTO public.relationships (id,project_id,source_id,target_id,type,confidence,weight,created_by) VALUES ('7c9ca76e-0185-482d-bebb-2056b966f372','aa4a4512-ffe7-41d6-b257-f32178554bb8','811744ba-da29-470f-8233-cc88244b0261','ca4b00c4-56f4-4453-9b8b-ecb69e0dc1d4','Compositional','High',60,'user_30uQARGezqSApAChPSGSwFyUy85');
INSERT INTO public.relationships (id,project_id,source_id,target_id,type,confidence,weight,created_by) VALUES ('0110102a-5523-45c3-8471-cb0b55c9f073','aa4a4512-ffe7-41d6-b257-f32178554bb8','6ff5f888-70d2-4a59-a768-35eeef21ab08','ca4b00c4-56f4-4453-9b8b-ecb69e0dc1d4','Compositional','High',55,'user_30uQARGezqSApAChPSGSwFyUy85');
INSERT INTO public.relationships (id,project_id,source_id,target_id,type,confidence,weight,created_by) VALUES ('e71d3563-01fb-401d-ac2e-12356ec5e24e','aa4a4512-ffe7-41d6-b257-f32178554bb8','783ccc51-d5a1-470d-86d2-cc3a882538f1','08b40157-afbf-4cb0-89d0-b8f5625928c0','Causal','High',75,'user_30uQARGezqSApAChPSGSwFyUy85');
INSERT INTO public.relationships (id,project_id,source_id,target_id,type,confidence,weight,created_by) VALUES ('b75c30ca-4895-4b3f-9df7-c9397f05b599','aa4a4512-ffe7-41d6-b257-f32178554bb8','18302236-ff60-42a8-996d-1af3470767cc','783ccc51-d5a1-470d-86d2-cc3a882538f1','Deterministic','High',80,'user_30uQARGezqSApAChPSGSwFyUy85');
INSERT INTO public.relationships (id,project_id,source_id,target_id,type,confidence,weight,created_by) VALUES ('e9762847-ba19-4085-b34a-826fc14d5154','aa4a4512-ffe7-41d6-b257-f32178554bb8','849fa89c-550a-4f19-8b92-fe8b71eaa948','18302236-ff60-42a8-996d-1af3470767cc','Causal','High',65,'user_30uQARGezqSApAChPSGSwFyUy85');
INSERT INTO public.relationships (id,project_id,source_id,target_id,type,confidence,weight,created_by) VALUES ('3b045fe5-29aa-44f3-92ef-593b687be9c3','aa4a4512-ffe7-41d6-b257-f32178554bb8','a7db37c1-1c1b-4c8c-b416-ef89de84109d','18302236-ff60-42a8-996d-1af3470767cc','Causal','High',60,'user_30uQARGezqSApAChPSGSwFyUy85');
INSERT INTO public.relationships (id,project_id,source_id,target_id,type,confidence,weight,created_by) VALUES ('1cfaa451-94fb-4030-b302-a93df84c9390','aa4a4512-ffe7-41d6-b257-f32178554bb8','b33b5f7f-b3eb-4049-a868-b7aae7e390e8','18302236-ff60-42a8-996d-1af3470767cc','Causal','High',60,'user_30uQARGezqSApAChPSGSwFyUy85');
INSERT INTO public.relationships (id,project_id,source_id,target_id,type,confidence,weight,created_by) VALUES ('f07ff787-e928-4a90-af1f-9be5fdf5b6b8','aa4a4512-ffe7-41d6-b257-f32178554bb8','960504d6-beba-400e-90a9-01a707c9ff38','08b40157-afbf-4cb0-89d0-b8f5625928c0','Causal','High',55,'user_30uQARGezqSApAChPSGSwFyUy85');
INSERT INTO public.relationships (id,project_id,source_id,target_id,type,confidence,weight,created_by) VALUES ('977820a4-0703-4fc0-90e3-6c59fa06d693','aa4a4512-ffe7-41d6-b257-f32178554bb8','661d1681-e8cb-4ca8-894a-dcc34646f716','e270d84b-8ccd-436c-9a9d-bdc177b17447','Causal','High',75,'user_30uQARGezqSApAChPSGSwFyUy85');
INSERT INTO public.relationships (id,project_id,source_id,target_id,type,confidence,weight,created_by) VALUES ('b664ac2e-dc48-4de6-8395-35858017fe55','aa4a4512-ffe7-41d6-b257-f32178554bb8','bd51b120-9a80-4e20-8205-a3a8ee908e80','08b40157-afbf-4cb0-89d0-b8f5625928c0','Causal','High',70,'user_30uQARGezqSApAChPSGSwFyUy85');
INSERT INTO public.relationships (id,project_id,source_id,target_id,type,confidence,weight,created_by) VALUES ('a304747b-19cf-40c9-8ad8-00eb96b58e64','aa4a4512-ffe7-41d6-b257-f32178554bb8','b24986b5-a4cd-48b0-83fb-7f8f11856181','b33b5f7f-b3eb-4049-a868-b7aae7e390e8','Causal','High',65,'user_30uQARGezqSApAChPSGSwFyUy85');
INSERT INTO public.relationships (id,project_id,source_id,target_id,type,confidence,weight,created_by) VALUES ('ada2bba6-cc78-43ee-a5e1-104c6ddcc640','aa4a4512-ffe7-41d6-b257-f32178554bb8','ebf0f297-e4b1-483a-9200-84da10262c77','d6cbf628-de97-4936-80c6-e55112071955','Probabilistic','High',50,'user_30uQARGezqSApAChPSGSwFyUy85');
INSERT INTO public.evidence_items (id,relationship_id,title,type,date,summary,hypothesis,link,impact_on_confidence,owner_id,created_by) VALUES ('25ae6bad-3a1b-433a-9583-45c2cb99cb36','4d82baa3-05ab-424d-8e98-031b2b55ca8f','Experiment: Users → Sessions','Experiment','2026-06-26','Observed a consistent relationship between Users and Sessions over the last two quarters; effect size supports the current high-confidence rating.','Users is a leading driver of Sessions',NULL,'Increases confidence','user_30uQARGezqSApAChPSGSwFyUy85','user_30uQARGezqSApAChPSGSwFyUy85');
INSERT INTO public.evidence_items (id,relationship_id,title,type,date,summary,hypothesis,link,impact_on_confidence,owner_id,created_by) VALUES ('a7f0966d-47d9-4abf-a214-080e9f502d9f','e71d3563-01fb-401d-ac2e-12356ec5e24e','Analysis: Engaged Sessions → Conversion Rate','Analysis','2026-06-19','Observed a consistent relationship between Engaged Sessions and Conversion Rate over the last two quarters; effect size supports the current high-confidence rating.','Engaged Sessions is a leading driver of Conversion Rate',NULL,'Supports current rating','user_30uQARGezqSApAChPSGSwFyUy85','user_30uQARGezqSApAChPSGSwFyUy85');
INSERT INTO public.evidence_items (id,relationship_id,title,type,date,summary,hypothesis,link,impact_on_confidence,owner_id,created_by) VALUES ('2e5b2e65-b54b-45da-99f4-47af08bdc33c','977820a4-0703-4fc0-90e3-6c59fa06d693','External Research: SEO Content Program → Organic Search','External Research','2026-06-12','Observed a consistent relationship between SEO Content Program and Organic Search over the last two quarters; effect size supports the current high-confidence rating.','SEO Content Program is a leading driver of Organic Search',NULL,'Supports current rating','user_30uQARGezqSApAChPSGSwFyUy85','user_30uQARGezqSApAChPSGSwFyUy85');
INSERT INTO public.groups (id,project_id,name,color,node_ids,position_x,position_y,width,height,created_by) VALUES ('f523bcc8-f6b8-49da-b877-f36852e89074','aa4a4512-ffe7-41d6-b257-f32178554bb8','Acquisition','#3b82f6',ARRAY['ca4b00c4-56f4-4453-9b8b-ecb69e0dc1d4','f6566639-ac89-4d5d-9dde-ee4e9ffc2dbb','c1bc8806-3fcc-4e10-aa09-1b7475e4a5a7','e270d84b-8ccd-436c-9a9d-bdc177b17447','d6cbf628-de97-4936-80c6-e55112071955','11d1cd1a-2378-4361-8d98-c7a2953f895a','811744ba-da29-470f-8233-cc88244b0261','6ff5f888-70d2-4a59-a768-35eeef21ab08']::uuid[],-1560,314,2380,486,'user_30uQARGezqSApAChPSGSwFyUy85');
INSERT INTO public.groups (id,project_id,name,color,node_ids,position_x,position_y,width,height,created_by) VALUES ('8454d1f7-a885-46ea-b088-dd2217789624','aa4a4512-ffe7-41d6-b257-f32178554bb8','Engagement','#22c55e',ARRAY['783ccc51-d5a1-470d-86d2-cc3a882538f1','18302236-ff60-42a8-996d-1af3470767cc','849fa89c-550a-4f19-8b92-fe8b71eaa948','b33b5f7f-b3eb-4049-a868-b7aae7e390e8','a7db37c1-1c1b-4c8c-b416-ef89de84109d','960504d6-beba-400e-90a9-01a707c9ff38']::uuid[],-370,514,1870,686,'user_30uQARGezqSApAChPSGSwFyUy85');
INSERT INTO public.groups (id,project_id,name,color,node_ids,position_x,position_y,width,height,created_by) VALUES ('a7ce9900-fcf8-4416-a5af-4358c6af9dac','aa4a4512-ffe7-41d6-b257-f32178554bb8','Conversion','#f59e0b',ARRAY['746e4684-961a-4fad-964a-3e9af5fbdfc7','08b40157-afbf-4cb0-89d0-b8f5625928c0','d1152207-803d-4e48-a563-0bd5364c0d5a']::uuid[],-200,114,680,486,'user_30uQARGezqSApAChPSGSwFyUy85');
INSERT INTO public.groups (id,project_id,name,color,node_ids,position_x,position_y,width,height,created_by) VALUES ('60b7b509-7a4a-4658-b8d7-0022a2701886','aa4a4512-ffe7-41d6-b257-f32178554bb8','Strategy — Levers & Bets','#a855f7',ARRAY['661d1681-e8cb-4ca8-894a-dcc34646f716','bd51b120-9a80-4e20-8205-a3a8ee908e80','b24986b5-a4cd-48b0-83fb-7f8f11856181','ebf0f297-e4b1-483a-9200-84da10262c77']::uuid[],-30,514,1870,886,'user_30uQARGezqSApAChPSGSwFyUy85');
INSERT INTO public.canvas_nodes (id,project_id,node_type,title,position_x,position_y,data,created_by) VALUES ('fcc8f5c2-3928-4370-8d8b-d805ea33b15a','aa4a4512-ffe7-41d6-b257-f32178554bb8','whiteboardNode','Label',2050,-170,'{"shape":"text","text":"📊 Live Data Pipeline","fontSize":18,"width":300,"height":96,"fill":"#eef2ff","stroke":"#6366f1"}'::jsonb,'user_30uQARGezqSApAChPSGSwFyUy85');
INSERT INTO public.canvas_nodes (id,project_id,node_type,title,position_x,position_y,data,created_by) VALUES ('b180bc64-d7b5-4cee-93dc-fba2bd923c10','aa4a4512-ffe7-41d6-b257-f32178554bb8','sourceNode','Live Feed',2050,0,'{"title":"Live Feed (new bookings)","config":{"origin":"manual","rows":[{"period":"2026-01","value":2165},{"period":"2026-02","value":2252},{"period":"2026-03","value":2338},{"period":"2026-04","value":2425},{"period":"2026-05","value":2511},{"period":"2026-06","value":2598},{"period":"2026-07","value":2685}]},"series":[{"period":"2026-01","value":2165,"change_percent":0,"trend":"neutral"},{"period":"2026-02","value":2252,"change_percent":4,"trend":"up"},{"period":"2026-03","value":2338,"change_percent":3.8,"trend":"up"},{"period":"2026-04","value":2425,"change_percent":3.7,"trend":"up"},{"period":"2026-05","value":2511,"change_percent":3.5,"trend":"up"},{"period":"2026-06","value":2598,"change_percent":3.5,"trend":"up"},{"period":"2026-07","value":2685,"change_percent":3.3,"trend":"up"}],"refreshedAt":"2026-07-03T13:57:29.559Z"}'::jsonb,'user_30uQARGezqSApAChPSGSwFyUy85');
INSERT INTO public.canvas_nodes (id,project_id,node_type,title,position_x,position_y,data,created_by) VALUES ('ccc2bf14-83d8-4e5d-83cf-c66631eeee3d','aa4a4512-ffe7-41d6-b257-f32178554bb8','operatorNode','Projection',2410,0,'{"label":"Projection (a × 1.1 + feed)","operationType":"formula","isActive":true,"formula":"a * 1.1 + b","inputs":[{"key":"a","sourceId":"ca4b00c4-56f4-4453-9b8b-ecb69e0dc1d4","label":"Sessions"},{"key":"b","sourceId":"b180bc64-d7b5-4cee-93dc-fba2bd923c10","label":"Live feed"}]}'::jsonb,'user_30uQARGezqSApAChPSGSwFyUy85');
INSERT INTO public.canvas_nodes (id,project_id,node_type,title,position_x,position_y,data,created_by) VALUES ('e6b437d2-a8f0-4756-a87e-4078f063d67f','aa4a4512-ffe7-41d6-b257-f32178554bb8','chartNode','Actual vs Projection',3150,0,'{"chartType":"area","title":"Actual vs Projection","seriesCardIds":["ca4b00c4-56f4-4453-9b8b-ecb69e0dc1d4","8e515b6f-8fdd-49dc-887a-95327393d305"],"showLegend":true}'::jsonb,'user_30uQARGezqSApAChPSGSwFyUy85');
INSERT INTO public.canvas_nodes (id,project_id,node_type,title,position_x,position_y,data,created_by) VALUES ('b43a1237-daa6-4ff7-a8e1-635d18ead614','aa4a4512-ffe7-41d6-b257-f32178554bb8','commentNode','Pipeline',2050,260,'{"title":"Live pipeline: Source → Operator → Card → Chart. Edit the Source, then Run Simulation.","projectId":"aa4a4512-ffe7-41d6-b257-f32178554bb8"}'::jsonb,'user_30uQARGezqSApAChPSGSwFyUy85');
INSERT INTO public.comment_threads (id,project_id,source,context,is_resolved,created_by) VALUES ('ca1457b7-762f-47e0-8cee-eafc5f5870af','aa4a4512-ffe7-41d6-b257-f32178554bb8','node','{"cardId":"ca4b00c4-56f4-4453-9b8b-ecb69e0dc1d4"}'::jsonb,false,'user_30uQARGezqSApAChPSGSwFyUy85');
INSERT INTO public.comment_threads (id,project_id,source,context,is_resolved,created_by) VALUES ('216e7005-2b7d-47eb-8a37-c8ddf5a27041','aa4a4512-ffe7-41d6-b257-f32178554bb8','canvas',NULL,true,'user_30uQARGezqSApAChPSGSwFyUy85');
INSERT INTO public.comments (id,thread_id,author_id,content,resolved) VALUES ('8617f8c0-022c-4be5-9016-34a9a08d3b7d','ca1457b7-762f-47e0-8cee-eafc5f5870af','user_30uQARGezqSApAChPSGSwFyUy85','Sessions is our anchor metric — the operator projection to the right recomputes it live. Does the seasonality here look right?',false);
INSERT INTO public.comments (id,thread_id,author_id,content,resolved) VALUES ('4705ce91-c085-42e7-8d50-b5705c7f2e04','ca1457b7-762f-47e0-8cee-eafc5f5870af','user_30uQARGezqSApAChPSGSwFyUy85','Compared it against the tracked-metric series in the catalog — trends match. Leaving this open until we wire the warehouse source.',false);
INSERT INTO public.comments (id,thread_id,author_id,content,resolved) VALUES ('3b12bc33-2eeb-4184-805c-44646c6898a7','216e7005-2b7d-47eb-8a37-c8ddf5a27041','user_30uQARGezqSApAChPSGSwFyUy85','Grouped the levers & bets into a Strategy group — check the Strategy page for the kanban view.',true);
INSERT INTO public.dashboard_widgets (id,project_id,title,widget_type,config,layout,sort_index,created_by) VALUES ('61df74fb-1a60-408f-a3f6-2b82f2976863','aa4a4512-ffe7-41d6-b257-f32178554bb8','Sessions — Web Analytics','kpi','{"source":"tracked","trackedMetricIds":["6500fb23-c3ea-4d2f-b15d-1303626d1f65"]}'::jsonb,'{"x":0,"y":0,"w":3,"h":4}'::jsonb,0,'user_30uQARGezqSApAChPSGSwFyUy85');
INSERT INTO public.dashboard_widgets (id,project_id,title,widget_type,config,layout,sort_index,created_by) VALUES ('7ddef3d7-5e77-41da-878a-5f4f2bf49b13','aa4a4512-ffe7-41d6-b257-f32178554bb8','Sessions & drivers','area','{"source":"card","cardIds":["ca4b00c4-56f4-4453-9b8b-ecb69e0dc1d4","8e515b6f-8fdd-49dc-887a-95327393d305","746e4684-961a-4fad-964a-3e9af5fbdfc7","08b40157-afbf-4cb0-89d0-b8f5625928c0"],"display":{"showLegend":true}}'::jsonb,'{"x":3,"y":0,"w":9,"h":8}'::jsonb,1,'user_30uQARGezqSApAChPSGSwFyUy85');
INSERT INTO public.dashboard_widgets (id,project_id,title,widget_type,config,layout,sort_index,created_by) VALUES ('6f9f05a5-b479-4fa2-90de-931c2db6efb8','aa4a4512-ffe7-41d6-b257-f32178554bb8','Key metrics','table','{"source":"card","cardIds":["ca4b00c4-56f4-4453-9b8b-ecb69e0dc1d4","8e515b6f-8fdd-49dc-887a-95327393d305","746e4684-961a-4fad-964a-3e9af5fbdfc7","08b40157-afbf-4cb0-89d0-b8f5625928c0"]}'::jsonb,'{"x":0,"y":4,"w":3,"h":8}'::jsonb,2,'user_30uQARGezqSApAChPSGSwFyUy85');
INSERT INTO public.alert_rules (id,project_id,card_id,name,rule_type,config,enabled,created_by) VALUES ('03267443-638d-4fb7-8eff-5afa77c74e10','aa4a4512-ffe7-41d6-b257-f32178554bb8','ca4b00c4-56f4-4453-9b8b-ecb69e0dc1d4','Sessions floor','threshold','{"comparator":"lte","value":36812}'::jsonb,true,'user_30uQARGezqSApAChPSGSwFyUy85');
INSERT INTO public.alert_rules (id,project_id,card_id,name,rule_type,config,enabled,created_by) VALUES ('92d51286-5612-4297-89e8-b854a61e8692','aa4a4512-ffe7-41d6-b257-f32178554bb8','ca4b00c4-56f4-4453-9b8b-ecb69e0dc1d4','Sessions sudden drop','change','{"direction":"down","pct":10}'::jsonb,true,'user_30uQARGezqSApAChPSGSwFyUy85');

DELETE FROM public.projects WHERE created_by='user_30uQARGezqSApAChPSGSwFyUy85' AND name='Company KPIs — Example Metric Tree';
DELETE FROM public.tracked_metrics WHERE created_by='user_30uQARGezqSApAChPSGSwFyUy85' AND name='Revenue — Company KPIs';
INSERT INTO public.projects (id,name,description,created_by,last_modified_by,is_public,tags,settings) VALUES ('5caa2391-0bdb-4445-b5a8-83761712c407','Company KPIs — Example Metric Tree','Executive scorecard: enterprise value decomposed into growth, profitability, efficiency, and people health.','user_30uQARGezqSApAChPSGSwFyUy85','user_30uQARGezqSApAChPSGSwFyUy85',true,ARRAY['example','template'],'{"dataFlowEdges":[{"id":"0688d5f9-26f7-4e3a-8e6c-bc1dcc83d4b2","source":"c542b06e-45e0-4d43-9578-e2f59f7b3486","target":"9151763e-3c20-461e-9b28-0f1479a406e0","type":"dataFlow"},{"id":"d7543bfa-21d3-485e-9fbb-52919234727f","source":"184f970e-3fea-43fb-92a3-b6ef8a02539c","target":"9151763e-3c20-461e-9b28-0f1479a406e0","type":"dataFlow"},{"id":"8a10976a-95a0-4f6e-aebb-9a3f1235fea2","source":"9151763e-3c20-461e-9b28-0f1479a406e0","target":"9a182970-ea1f-4e38-b4a5-dea2b1c6e0cc","type":"dataFlow"},{"id":"a733bdb2-6909-4478-a216-20bf112e7ee1","source":"184f970e-3fea-43fb-92a3-b6ef8a02539c","target":"4d4a3c0b-4584-4567-9439-793d81f4d876","type":"dataFlow"},{"id":"ae20cd85-166b-4d2c-ad04-4b2edda655de","source":"9a182970-ea1f-4e38-b4a5-dea2b1c6e0cc","target":"4d4a3c0b-4584-4567-9439-793d81f4d876","type":"dataFlow"}]}'::jsonb);
INSERT INTO public.tracked_metrics (id,name,state,unit,formula,owner_label,source_kind,origin_card_id,origin_project_id,created_by) VALUES ('62da56aa-f257-4dfe-80f0-0d694b537e29','Revenue — Company KPIs','tracked','USD',NULL,'Growth','manual','184f970e-3fea-43fb-92a3-b6ef8a02539c','5caa2391-0bdb-4445-b5a8-83761712c407','user_30uQARGezqSApAChPSGSwFyUy85');
INSERT INTO public.metric_cards (id,project_id,title,description,category,sub_category,status,workflow,tracked_metric_id,position_x,position_y,created_by,data) VALUES ('8ae3f2e1-a85f-44a5-ab30-84ebbb08552c','5caa2391-0bdb-4445-b5a8-83761712c407','Enterprise Value','Revenue × Multiple','Core/Value','Critical Path',NULL,'{"businessImpact":"High"}'::jsonb,NULL,0,0,'user_30uQARGezqSApAChPSGSwFyUy85','[{"period":"2026-01","value":168413,"change_percent":0,"trend":"neutral"},{"period":"2026-02","value":172257,"change_percent":2.3,"trend":"up"},{"period":"2026-03","value":178439,"change_percent":3.6,"trend":"up"},{"period":"2026-04","value":185054,"change_percent":3.7,"trend":"up"},{"period":"2026-05","value":186775,"change_percent":0.9,"trend":"neutral"},{"period":"2026-06","value":188858,"change_percent":1.1,"trend":"up"},{"period":"2026-07","value":190421,"change_percent":0.8,"trend":"neutral"}]'::jsonb);
INSERT INTO public.metric_cards (id,project_id,title,description,category,sub_category,status,workflow,tracked_metric_id,position_x,position_y,created_by,data) VALUES ('184f970e-3fea-43fb-92a3-b6ef8a02539c','5caa2391-0bdb-4445-b5a8-83761712c407','Revenue','Total revenue','Data/Metric',NULL,NULL,'{}'::jsonb,'62da56aa-f257-4dfe-80f0-0d694b537e29',-680,200,'user_30uQARGezqSApAChPSGSwFyUy85','[{"period":"2026-01","value":592109,"change_percent":0,"trend":"neutral"},{"period":"2026-02","value":606042,"change_percent":2.4,"trend":"up"},{"period":"2026-03","value":624968,"change_percent":3.1,"trend":"up"},{"period":"2026-04","value":625797,"change_percent":0.1,"trend":"neutral"},{"period":"2026-05","value":648226,"change_percent":3.6,"trend":"up"},{"period":"2026-06","value":674253,"change_percent":4,"trend":"up"},{"period":"2026-07","value":676852,"change_percent":0.4,"trend":"neutral"}]'::jsonb);
INSERT INTO public.metric_cards (id,project_id,title,description,category,sub_category,status,workflow,tracked_metric_id,position_x,position_y,created_by,data) VALUES ('3d44ee22-60a1-4ddd-abcc-abe8182cb150','5caa2391-0bdb-4445-b5a8-83761712c407','YoY Growth','Revenue growth rate','Data/Metric',NULL,NULL,'{}'::jsonb,NULL,-340,200,'user_30uQARGezqSApAChPSGSwFyUy85','[{"period":"2026-01","value":1367,"change_percent":0,"trend":"neutral"},{"period":"2026-02","value":1380,"change_percent":1,"trend":"neutral"},{"period":"2026-03","value":1394,"change_percent":1,"trend":"neutral"},{"period":"2026-04","value":1408,"change_percent":1,"trend":"neutral"},{"period":"2026-05","value":1440,"change_percent":2.3,"trend":"up"},{"period":"2026-06","value":1499,"change_percent":4.1,"trend":"up"},{"period":"2026-07","value":1521,"change_percent":1.5,"trend":"up"}]'::jsonb);
INSERT INTO public.metric_cards (id,project_id,title,description,category,sub_category,status,workflow,tracked_metric_id,position_x,position_y,created_by,data) VALUES ('bd57b4a0-fcca-4b25-afa9-760ee02c9da2','5caa2391-0bdb-4445-b5a8-83761712c407','Gross Margin','(Revenue − COGS) ÷ Revenue','Data/Metric',NULL,NULL,'{}'::jsonb,NULL,0,200,'user_30uQARGezqSApAChPSGSwFyUy85','[{"period":"2026-01","value":32.7,"change_percent":0,"trend":"neutral"},{"period":"2026-02","value":33.5,"change_percent":2.4,"trend":"up"},{"period":"2026-03","value":35,"change_percent":4.5,"trend":"up"},{"period":"2026-04","value":36.7,"change_percent":4.9,"trend":"up"},{"period":"2026-05","value":38.1,"change_percent":3.8,"trend":"up"},{"period":"2026-06","value":39.4,"change_percent":3.4,"trend":"up"},{"period":"2026-07","value":41.3,"change_percent":4.8,"trend":"up"}]'::jsonb);
INSERT INTO public.metric_cards (id,project_id,title,description,category,sub_category,status,workflow,tracked_metric_id,position_x,position_y,created_by,data) VALUES ('c4b141c4-46b7-4b24-8e54-9d64a898216a','5caa2391-0bdb-4445-b5a8-83761712c407','EBITDA','Operating profitability','Data/Metric',NULL,NULL,'{}'::jsonb,NULL,340,200,'user_30uQARGezqSApAChPSGSwFyUy85','[{"period":"2026-01","value":4561,"change_percent":0,"trend":"neutral"},{"period":"2026-02","value":4551,"change_percent":-0.2,"trend":"neutral"},{"period":"2026-03","value":4592,"change_percent":0.9,"trend":"neutral"},{"period":"2026-04","value":4684,"change_percent":2,"trend":"up"},{"period":"2026-05","value":4797,"change_percent":2.4,"trend":"up"},{"period":"2026-06","value":4916,"change_percent":2.5,"trend":"up"},{"period":"2026-07","value":4999,"change_percent":1.7,"trend":"up"}]'::jsonb);
INSERT INTO public.metric_cards (id,project_id,title,description,category,sub_category,status,workflow,tracked_metric_id,position_x,position_y,created_by,data) VALUES ('c0eb35fd-d7dc-4a94-8044-42d28f82b193','5caa2391-0bdb-4445-b5a8-83761712c407','New Business','New logo revenue','Data/Metric',NULL,NULL,'{}'::jsonb,NULL,-680,400,'user_30uQARGezqSApAChPSGSwFyUy85','[{"period":"2026-01","value":4245,"change_percent":0,"trend":"neutral"},{"period":"2026-02","value":4366,"change_percent":2.9,"trend":"up"},{"period":"2026-03","value":4468,"change_percent":2.3,"trend":"up"},{"period":"2026-04","value":4612,"change_percent":3.2,"trend":"up"},{"period":"2026-05","value":4627,"change_percent":0.3,"trend":"neutral"},{"period":"2026-06","value":4793,"change_percent":3.6,"trend":"up"},{"period":"2026-07","value":4809,"change_percent":0.3,"trend":"neutral"}]'::jsonb);
INSERT INTO public.metric_cards (id,project_id,title,description,category,sub_category,status,workflow,tracked_metric_id,position_x,position_y,created_by,data) VALUES ('f3cd7f91-1934-4279-8b38-84355412eac2','5caa2391-0bdb-4445-b5a8-83761712c407','Expansion','Upsell revenue','Data/Metric',NULL,NULL,'{}'::jsonb,NULL,-1020,600,'user_30uQARGezqSApAChPSGSwFyUy85','[{"period":"2026-01","value":2849,"change_percent":0,"trend":"neutral"},{"period":"2026-02","value":3087,"change_percent":8.4,"trend":"up"},{"period":"2026-03","value":3371,"change_percent":9.2,"trend":"up"},{"period":"2026-04","value":3586,"change_percent":6.4,"trend":"up"},{"period":"2026-05","value":3786,"change_percent":5.6,"trend":"up"},{"period":"2026-06","value":4160,"change_percent":9.9,"trend":"up"},{"period":"2026-07","value":4466,"change_percent":7.4,"trend":"up"}]'::jsonb);
INSERT INTO public.metric_cards (id,project_id,title,description,category,sub_category,status,workflow,tracked_metric_id,position_x,position_y,created_by,data) VALUES ('c00b5ed0-74d2-45e8-bad2-af79b9bf0c39','5caa2391-0bdb-4445-b5a8-83761712c407','Churn','Lost revenue','Data/Metric',NULL,NULL,'{}'::jsonb,NULL,-680,600,'user_30uQARGezqSApAChPSGSwFyUy85','[{"period":"2026-01","value":26.6,"change_percent":0,"trend":"neutral"},{"period":"2026-02","value":25.4,"change_percent":-4.5,"trend":"down"},{"period":"2026-03","value":25.2,"change_percent":-0.8,"trend":"neutral"},{"period":"2026-04","value":24.7,"change_percent":-2,"trend":"down"},{"period":"2026-05","value":24.3,"change_percent":-1.6,"trend":"down"},{"period":"2026-06","value":23.9,"change_percent":-1.6,"trend":"down"},{"period":"2026-07","value":23.5,"change_percent":-1.7,"trend":"down"}]'::jsonb);
INSERT INTO public.metric_cards (id,project_id,title,description,category,sub_category,status,workflow,tracked_metric_id,position_x,position_y,created_by,data) VALUES ('db0f6d19-2751-4f84-a8cc-0e4df47b00ae','5caa2391-0bdb-4445-b5a8-83761712c407','Net Revenue Retention','(Start + Exp − Churn) ÷ Start','Data/Metric',NULL,NULL,'{}'::jsonb,NULL,-340,400,'user_30uQARGezqSApAChPSGSwFyUy85','[{"period":"2026-01","value":47.8,"change_percent":0,"trend":"neutral"},{"period":"2026-02","value":48.1,"change_percent":0.6,"trend":"neutral"},{"period":"2026-03","value":49.8,"change_percent":3.5,"trend":"up"},{"period":"2026-04","value":52.1,"change_percent":4.6,"trend":"up"},{"period":"2026-05","value":52.7,"change_percent":1.2,"trend":"up"},{"period":"2026-06","value":53.5,"change_percent":1.5,"trend":"up"},{"period":"2026-07","value":54.4,"change_percent":1.7,"trend":"up"}]'::jsonb);
INSERT INTO public.metric_cards (id,project_id,title,description,category,sub_category,status,workflow,tracked_metric_id,position_x,position_y,created_by,data) VALUES ('b7bebe5a-b49c-4260-9a31-f90a9951cead','5caa2391-0bdb-4445-b5a8-83761712c407','COGS','Cost of goods sold','Data/Metric',NULL,NULL,'{}'::jsonb,NULL,0,400,'user_30uQARGezqSApAChPSGSwFyUy85','[{"period":"2026-01","value":570368,"change_percent":0,"trend":"neutral"},{"period":"2026-02","value":545574,"change_percent":-4.3,"trend":"down"},{"period":"2026-03","value":534118,"change_percent":-2.1,"trend":"down"},{"period":"2026-04","value":509761,"change_percent":-4.6,"trend":"down"},{"period":"2026-05","value":505834,"change_percent":-0.8,"trend":"neutral"},{"period":"2026-06","value":500729,"change_percent":-1,"trend":"neutral"},{"period":"2026-07","value":494961,"change_percent":-1.2,"trend":"down"}]'::jsonb);
INSERT INTO public.metric_cards (id,project_id,title,description,category,sub_category,status,workflow,tracked_metric_id,position_x,position_y,created_by,data) VALUES ('fb320cbe-b8bb-4ec6-8e75-5babe1abb559','5caa2391-0bdb-4445-b5a8-83761712c407','OpEx','Operating expenses','Data/Metric',NULL,NULL,'{}'::jsonb,NULL,340,400,'user_30uQARGezqSApAChPSGSwFyUy85','[{"period":"2026-01","value":90,"change_percent":0,"trend":"neutral"},{"period":"2026-02","value":91.6,"change_percent":1.8,"trend":"up"},{"period":"2026-03","value":95.1,"change_percent":3.8,"trend":"up"},{"period":"2026-04","value":98.7,"change_percent":3.8,"trend":"up"},{"period":"2026-05","value":102,"change_percent":3.3,"trend":"up"},{"period":"2026-06","value":106,"change_percent":3.9,"trend":"up"},{"period":"2026-07","value":112,"change_percent":5.7,"trend":"up"}]'::jsonb);
INSERT INTO public.metric_cards (id,project_id,title,description,category,sub_category,status,workflow,tracked_metric_id,position_x,position_y,created_by,data) VALUES ('d096107e-d3ab-4dbc-8c1c-e1ff76662370','5caa2391-0bdb-4445-b5a8-83761712c407','Sales & Marketing','GTM spend','Data/Metric',NULL,NULL,'{}'::jsonb,NULL,-340,600,'user_30uQARGezqSApAChPSGSwFyUy85','[{"period":"2026-01","value":4672,"change_percent":0,"trend":"neutral"},{"period":"2026-02","value":5023,"change_percent":7.5,"trend":"up"},{"period":"2026-03","value":5324,"change_percent":6,"trend":"up"},{"period":"2026-04","value":5672,"change_percent":6.5,"trend":"up"},{"period":"2026-05","value":6164,"change_percent":8.7,"trend":"up"},{"period":"2026-06","value":6503,"change_percent":5.5,"trend":"up"},{"period":"2026-07","value":6907,"change_percent":6.2,"trend":"up"}]'::jsonb);
INSERT INTO public.metric_cards (id,project_id,title,description,category,sub_category,status,workflow,tracked_metric_id,position_x,position_y,created_by,data) VALUES ('fe76185a-d9a5-4e61-a6a5-6a8748745855','5caa2391-0bdb-4445-b5a8-83761712c407','R&D','Product investment','Data/Metric',NULL,NULL,'{}'::jsonb,NULL,0,600,'user_30uQARGezqSApAChPSGSwFyUy85','[{"period":"2026-01","value":428,"change_percent":0,"trend":"neutral"},{"period":"2026-02","value":462,"change_percent":7.9,"trend":"up"},{"period":"2026-03","value":501,"change_percent":8.4,"trend":"up"},{"period":"2026-04","value":542,"change_percent":8.2,"trend":"up"},{"period":"2026-05","value":578,"change_percent":6.6,"trend":"up"},{"period":"2026-06","value":626,"change_percent":8.3,"trend":"up"},{"period":"2026-07","value":650,"change_percent":3.8,"trend":"up"}]'::jsonb);
INSERT INTO public.metric_cards (id,project_id,title,description,category,sub_category,status,workflow,tracked_metric_id,position_x,position_y,created_by,data) VALUES ('32fd04ca-6f93-4115-8260-3da13015814c','5caa2391-0bdb-4445-b5a8-83761712c407','G&A','Overhead','Data/Metric',NULL,NULL,'{}'::jsonb,NULL,340,600,'user_30uQARGezqSApAChPSGSwFyUy85','[{"period":"2026-01","value":2077,"change_percent":0,"trend":"neutral"},{"period":"2026-02","value":2153,"change_percent":3.7,"trend":"up"},{"period":"2026-03","value":2268,"change_percent":5.3,"trend":"up"},{"period":"2026-04","value":2408,"change_percent":6.2,"trend":"up"},{"period":"2026-05","value":2556,"change_percent":6.1,"trend":"up"},{"period":"2026-06","value":2648,"change_percent":3.6,"trend":"up"},{"period":"2026-07","value":2808,"change_percent":6,"trend":"up"}]'::jsonb);
INSERT INTO public.metric_cards (id,project_id,title,description,category,sub_category,status,workflow,tracked_metric_id,position_x,position_y,created_by,data) VALUES ('0eea9e0b-c166-44c4-880c-e3efc634f3b7','5caa2391-0bdb-4445-b5a8-83761712c407','Headcount','Total employees','Data/Metric',NULL,NULL,'{}'::jsonb,NULL,680,600,'user_30uQARGezqSApAChPSGSwFyUy85','[{"period":"2026-01","value":4858,"change_percent":0,"trend":"neutral"},{"period":"2026-02","value":5192,"change_percent":6.9,"trend":"up"},{"period":"2026-03","value":5377,"change_percent":3.6,"trend":"up"},{"period":"2026-04","value":5742,"change_percent":6.8,"trend":"up"},{"period":"2026-05","value":6103,"change_percent":6.3,"trend":"up"},{"period":"2026-06","value":6448,"change_percent":5.7,"trend":"up"},{"period":"2026-07","value":6893,"change_percent":6.9,"trend":"up"}]'::jsonb);
INSERT INTO public.metric_cards (id,project_id,title,description,category,sub_category,status,workflow,tracked_metric_id,position_x,position_y,created_by,data) VALUES ('160fe898-76f7-4175-bd2d-19f3b384454b','5caa2391-0bdb-4445-b5a8-83761712c407','Revenue per Employee','Revenue ÷ Headcount','Data/Metric',NULL,NULL,'{}'::jsonb,NULL,680,400,'user_30uQARGezqSApAChPSGSwFyUy85','[{"period":"2026-01","value":475153,"change_percent":0,"trend":"neutral"},{"period":"2026-02","value":498983,"change_percent":5,"trend":"up"},{"period":"2026-03","value":528349,"change_percent":5.9,"trend":"up"},{"period":"2026-04","value":547146,"change_percent":3.6,"trend":"up"},{"period":"2026-05","value":568104,"change_percent":3.8,"trend":"up"},{"period":"2026-06","value":591928,"change_percent":4.2,"trend":"up"},{"period":"2026-07","value":618710,"change_percent":4.5,"trend":"up"}]'::jsonb);
INSERT INTO public.metric_cards (id,project_id,title,description,category,sub_category,status,workflow,tracked_metric_id,position_x,position_y,created_by,data) VALUES ('3ec4312a-2dc1-4c24-bb27-81148ee7b7c4','5caa2391-0bdb-4445-b5a8-83761712c407','Attrition','Voluntary churn of staff','Data/Metric',NULL,NULL,'{}'::jsonb,NULL,-340,800,'user_30uQARGezqSApAChPSGSwFyUy85','[{"period":"2026-01","value":362,"change_percent":0,"trend":"neutral"},{"period":"2026-02","value":388,"change_percent":7.2,"trend":"up"},{"period":"2026-03","value":416,"change_percent":7.2,"trend":"up"},{"period":"2026-04","value":435,"change_percent":4.6,"trend":"up"},{"period":"2026-05","value":467,"change_percent":7.4,"trend":"up"},{"period":"2026-06","value":485,"change_percent":3.9,"trend":"up"},{"period":"2026-07","value":504,"change_percent":3.9,"trend":"up"}]'::jsonb);
INSERT INTO public.metric_cards (id,project_id,title,description,category,sub_category,status,workflow,tracked_metric_id,position_x,position_y,created_by,data) VALUES ('cddcacfb-0e27-48c9-8202-47a747675f4d','5caa2391-0bdb-4445-b5a8-83761712c407','Employee NPS','Team health','Data/Metric',NULL,NULL,'{}'::jsonb,NULL,0,1000,'user_30uQARGezqSApAChPSGSwFyUy85','[{"period":"2026-01","value":48.1,"change_percent":0,"trend":"neutral"},{"period":"2026-02","value":49.9,"change_percent":3.7,"trend":"up"},{"period":"2026-03","value":52.6,"change_percent":5.4,"trend":"up"},{"period":"2026-04","value":55.9,"change_percent":6.3,"trend":"up"},{"period":"2026-05","value":57.8,"change_percent":3.4,"trend":"up"},{"period":"2026-06","value":60.7,"change_percent":5,"trend":"up"},{"period":"2026-07","value":63.7,"change_percent":4.9,"trend":"up"}]'::jsonb);
INSERT INTO public.metric_cards (id,project_id,title,description,category,sub_category,status,workflow,tracked_metric_id,position_x,position_y,created_by,data) VALUES ('3caca6b8-3eca-44a4-971c-e654ec73c5b9','5caa2391-0bdb-4445-b5a8-83761712c407','Runway (months)','Cash ÷ Burn','Data/Metric',NULL,NULL,'{}'::jsonb,NULL,680,200,'user_30uQARGezqSApAChPSGSwFyUy85','[{"period":"2026-01","value":3126,"change_percent":0,"trend":"neutral"},{"period":"2026-02","value":3192,"change_percent":2.1,"trend":"up"},{"period":"2026-03","value":3353,"change_percent":5,"trend":"up"},{"period":"2026-04","value":3543,"change_percent":5.7,"trend":"up"},{"period":"2026-05","value":3583,"change_percent":1.1,"trend":"up"},{"period":"2026-06","value":3673,"change_percent":2.5,"trend":"up"},{"period":"2026-07","value":3737,"change_percent":1.7,"trend":"up"}]'::jsonb);
INSERT INTO public.metric_cards (id,project_id,title,description,category,sub_category,status,workflow,tracked_metric_id,position_x,position_y,created_by,data) VALUES ('b0de1fa7-279e-4ec1-8b14-78249964e797','5caa2391-0bdb-4445-b5a8-83761712c407','Pricing & Packaging','Optimize price to expand NRR','Work/Action','Experiment','in_progress','{"priority":"High","dueDate":"2026-07-17","effort":3}'::jsonb,NULL,0,800,'user_30uQARGezqSApAChPSGSwFyUy85','[]'::jsonb);
INSERT INTO public.metric_cards (id,project_id,title,description,category,sub_category,status,workflow,tracked_metric_id,position_x,position_y,created_by,data) VALUES ('e39d8034-8bd4-4819-add8-df9022741c5e','5caa2391-0bdb-4445-b5a8-83761712c407','Hiring Plan','Scale GTM + R&D','Work/Action','Initiative','planning','{"priority":"Medium","dueDate":"2026-08-07","effort":7}'::jsonb,NULL,340,800,'user_30uQARGezqSApAChPSGSwFyUy85','[]'::jsonb);
INSERT INTO public.metric_cards (id,project_id,title,description,category,sub_category,status,workflow,tracked_metric_id,position_x,position_y,created_by,data) VALUES ('beaf4bc7-4efe-4e73-87d5-12619458f936','5caa2391-0bdb-4445-b5a8-83761712c407','Automation lifts rev/head 15%','','Ideas/Hypothesis','Factor','backlog','{"confidence":"High","testable":true,"assumptions":["Automation lifts rev/head 15% holds for the core segment"],"successCriteria":["Statistically significant lift within one quarter"]}'::jsonb,NULL,1020,600,'user_30uQARGezqSApAChPSGSwFyUy85','[]'::jsonb);
INSERT INTO public.metric_cards (id,project_id,title,description,category,sub_category,status,workflow,tracked_metric_id,position_x,position_y,created_by,data) VALUES ('9a182970-ea1f-4e38-b4a5-dea2b1c6e0cc','5caa2391-0bdb-4445-b5a8-83761712c407','Revenue — Projection','Operator output: Revenue × 1.1 + live feed','Data/Metric',NULL,NULL,'{}'::jsonb,NULL,2260,0,'user_30uQARGezqSApAChPSGSwFyUy85','[{"period":"2026-01","value":685163,"change_percent":0,"trend":"neutral"},{"period":"2026-02","value":701843,"change_percent":2.4,"trend":"up"},{"period":"2026-03","value":724015,"change_percent":3.2,"trend":"up"},{"period":"2026-04","value":726281,"change_percent":0.3,"trend":"neutral"},{"period":"2026-05","value":752307,"change_percent":3.6,"trend":"up"},{"period":"2026-06","value":782290,"change_percent":4,"trend":"up"},{"period":"2026-07","value":786502,"change_percent":0.5,"trend":"neutral"}]'::jsonb);
INSERT INTO public.metric_values (id,tracked_metric_id,period,value,change_percent,trend,source,created_by) VALUES ('2dbb8db8-e28c-41c3-b7ab-c7e92b722a49','62da56aa-f257-4dfe-80f0-0d694b537e29','2026-01',592109,0,'neutral','seed','user_30uQARGezqSApAChPSGSwFyUy85');
INSERT INTO public.metric_values (id,tracked_metric_id,period,value,change_percent,trend,source,created_by) VALUES ('9cbdd1a8-9843-4653-82ae-c164b9ef3c25','62da56aa-f257-4dfe-80f0-0d694b537e29','2026-02',606042,2.4,'up','seed','user_30uQARGezqSApAChPSGSwFyUy85');
INSERT INTO public.metric_values (id,tracked_metric_id,period,value,change_percent,trend,source,created_by) VALUES ('58bdd0c8-bb47-4be8-a707-d8e9f7eb3a74','62da56aa-f257-4dfe-80f0-0d694b537e29','2026-03',624968,3.1,'up','seed','user_30uQARGezqSApAChPSGSwFyUy85');
INSERT INTO public.metric_values (id,tracked_metric_id,period,value,change_percent,trend,source,created_by) VALUES ('497d4b0b-6e20-4c70-90fb-3dabef797610','62da56aa-f257-4dfe-80f0-0d694b537e29','2026-04',625797,0.1,'neutral','seed','user_30uQARGezqSApAChPSGSwFyUy85');
INSERT INTO public.metric_values (id,tracked_metric_id,period,value,change_percent,trend,source,created_by) VALUES ('acd2c2ca-9a11-4727-9ca6-7543ab14c18a','62da56aa-f257-4dfe-80f0-0d694b537e29','2026-05',648226,3.6,'up','seed','user_30uQARGezqSApAChPSGSwFyUy85');
INSERT INTO public.metric_values (id,tracked_metric_id,period,value,change_percent,trend,source,created_by) VALUES ('cb5729a2-1de1-4310-ad08-7f3b00542cd2','62da56aa-f257-4dfe-80f0-0d694b537e29','2026-06',674253,4,'up','seed','user_30uQARGezqSApAChPSGSwFyUy85');
INSERT INTO public.metric_values (id,tracked_metric_id,period,value,change_percent,trend,source,created_by) VALUES ('d68a80cf-3a24-4c67-bad6-ec65aa37929c','62da56aa-f257-4dfe-80f0-0d694b537e29','2026-07',676852,0.4,'neutral','seed','user_30uQARGezqSApAChPSGSwFyUy85');
INSERT INTO public.relationships (id,project_id,source_id,target_id,type,confidence,weight,created_by) VALUES ('943e40ac-a56d-4bac-8336-9be5692a4eac','5caa2391-0bdb-4445-b5a8-83761712c407','184f970e-3fea-43fb-92a3-b6ef8a02539c','8ae3f2e1-a85f-44a5-ab30-84ebbb08552c','Causal','High',85,'user_30uQARGezqSApAChPSGSwFyUy85');
INSERT INTO public.relationships (id,project_id,source_id,target_id,type,confidence,weight,created_by) VALUES ('dcab799b-4e3d-4916-929b-30c5c6df78d5','5caa2391-0bdb-4445-b5a8-83761712c407','3d44ee22-60a1-4ddd-abcc-abe8182cb150','8ae3f2e1-a85f-44a5-ab30-84ebbb08552c','Causal','High',75,'user_30uQARGezqSApAChPSGSwFyUy85');
INSERT INTO public.relationships (id,project_id,source_id,target_id,type,confidence,weight,created_by) VALUES ('6b2f8a10-d6d0-4057-b049-7a0c9f9967ef','5caa2391-0bdb-4445-b5a8-83761712c407','bd57b4a0-fcca-4b25-afa9-760ee02c9da2','8ae3f2e1-a85f-44a5-ab30-84ebbb08552c','Causal','High',70,'user_30uQARGezqSApAChPSGSwFyUy85');
INSERT INTO public.relationships (id,project_id,source_id,target_id,type,confidence,weight,created_by) VALUES ('4d7aec79-6cf3-4aae-a205-b10f46d594f2','5caa2391-0bdb-4445-b5a8-83761712c407','c0eb35fd-d7dc-4a94-8044-42d28f82b193','184f970e-3fea-43fb-92a3-b6ef8a02539c','Compositional','High',80,'user_30uQARGezqSApAChPSGSwFyUy85');
INSERT INTO public.relationships (id,project_id,source_id,target_id,type,confidence,weight,created_by) VALUES ('293688e2-e984-4230-ba74-f604b7c7610c','5caa2391-0bdb-4445-b5a8-83761712c407','f3cd7f91-1934-4279-8b38-84355412eac2','184f970e-3fea-43fb-92a3-b6ef8a02539c','Compositional','High',75,'user_30uQARGezqSApAChPSGSwFyUy85');
INSERT INTO public.relationships (id,project_id,source_id,target_id,type,confidence,weight,created_by) VALUES ('3118172c-ca1e-405a-ac86-f22c663cd815','5caa2391-0bdb-4445-b5a8-83761712c407','c00b5ed0-74d2-45e8-bad2-af79b9bf0c39','184f970e-3fea-43fb-92a3-b6ef8a02539c','Causal','High',70,'user_30uQARGezqSApAChPSGSwFyUy85');
INSERT INTO public.relationships (id,project_id,source_id,target_id,type,confidence,weight,created_by) VALUES ('178ceadd-680e-45c4-b496-66ac06ddbb48','5caa2391-0bdb-4445-b5a8-83761712c407','db0f6d19-2751-4f84-a8cc-0e4df47b00ae','3d44ee22-60a1-4ddd-abcc-abe8182cb150','Causal','High',75,'user_30uQARGezqSApAChPSGSwFyUy85');
INSERT INTO public.relationships (id,project_id,source_id,target_id,type,confidence,weight,created_by) VALUES ('f7052126-345a-4a26-b518-87f43d7b6972','5caa2391-0bdb-4445-b5a8-83761712c407','f3cd7f91-1934-4279-8b38-84355412eac2','db0f6d19-2751-4f84-a8cc-0e4df47b00ae','Deterministic','High',70,'user_30uQARGezqSApAChPSGSwFyUy85');
INSERT INTO public.relationships (id,project_id,source_id,target_id,type,confidence,weight,created_by) VALUES ('3173846b-11ba-4c55-a33a-b2585bc5caa9','5caa2391-0bdb-4445-b5a8-83761712c407','c00b5ed0-74d2-45e8-bad2-af79b9bf0c39','db0f6d19-2751-4f84-a8cc-0e4df47b00ae','Deterministic','High',70,'user_30uQARGezqSApAChPSGSwFyUy85');
INSERT INTO public.relationships (id,project_id,source_id,target_id,type,confidence,weight,created_by) VALUES ('385331d6-b508-406f-b775-cb176a861f6e','5caa2391-0bdb-4445-b5a8-83761712c407','b7bebe5a-b49c-4260-9a31-f90a9951cead','bd57b4a0-fcca-4b25-afa9-760ee02c9da2','Deterministic','High',80,'user_30uQARGezqSApAChPSGSwFyUy85');
INSERT INTO public.relationships (id,project_id,source_id,target_id,type,confidence,weight,created_by) VALUES ('83d5aa3c-e1dd-4af9-a52a-49a8cfa2a674','5caa2391-0bdb-4445-b5a8-83761712c407','bd57b4a0-fcca-4b25-afa9-760ee02c9da2','c4b141c4-46b7-4b24-8e54-9d64a898216a','Causal','High',75,'user_30uQARGezqSApAChPSGSwFyUy85');
INSERT INTO public.relationships (id,project_id,source_id,target_id,type,confidence,weight,created_by) VALUES ('2d586e0d-a6a6-44df-ae2b-00274de54832','5caa2391-0bdb-4445-b5a8-83761712c407','fb320cbe-b8bb-4ec6-8e75-5babe1abb559','c4b141c4-46b7-4b24-8e54-9d64a898216a','Causal','High',75,'user_30uQARGezqSApAChPSGSwFyUy85');
INSERT INTO public.relationships (id,project_id,source_id,target_id,type,confidence,weight,created_by) VALUES ('c839c96b-eeb7-42fa-ab3d-302ce9f3b883','5caa2391-0bdb-4445-b5a8-83761712c407','d096107e-d3ab-4dbc-8c1c-e1ff76662370','fb320cbe-b8bb-4ec6-8e75-5babe1abb559','Compositional','High',75,'user_30uQARGezqSApAChPSGSwFyUy85');
INSERT INTO public.relationships (id,project_id,source_id,target_id,type,confidence,weight,created_by) VALUES ('aebe3dd7-3a1c-49e5-8e3f-c55db25ebe93','5caa2391-0bdb-4445-b5a8-83761712c407','fe76185a-d9a5-4e61-a6a5-6a8748745855','fb320cbe-b8bb-4ec6-8e75-5babe1abb559','Compositional','High',70,'user_30uQARGezqSApAChPSGSwFyUy85');
INSERT INTO public.relationships (id,project_id,source_id,target_id,type,confidence,weight,created_by) VALUES ('a5035b33-44ec-4ad4-b260-a94a2f56a24d','5caa2391-0bdb-4445-b5a8-83761712c407','32fd04ca-6f93-4115-8260-3da13015814c','fb320cbe-b8bb-4ec6-8e75-5babe1abb559','Compositional','High',60,'user_30uQARGezqSApAChPSGSwFyUy85');
INSERT INTO public.relationships (id,project_id,source_id,target_id,type,confidence,weight,created_by) VALUES ('dbd943d6-3172-48d4-9ca8-5a70cb4d0576','5caa2391-0bdb-4445-b5a8-83761712c407','0eea9e0b-c166-44c4-880c-e3efc634f3b7','fb320cbe-b8bb-4ec6-8e75-5babe1abb559','Causal','High',65,'user_30uQARGezqSApAChPSGSwFyUy85');
INSERT INTO public.relationships (id,project_id,source_id,target_id,type,confidence,weight,created_by) VALUES ('93e22cab-ba32-4ee8-919d-7fee14d64484','5caa2391-0bdb-4445-b5a8-83761712c407','160fe898-76f7-4175-bd2d-19f3b384454b','c4b141c4-46b7-4b24-8e54-9d64a898216a','Causal','High',55,'user_30uQARGezqSApAChPSGSwFyUy85');
INSERT INTO public.relationships (id,project_id,source_id,target_id,type,confidence,weight,created_by) VALUES ('62687b83-e416-41cc-a312-8fa9663af71e','5caa2391-0bdb-4445-b5a8-83761712c407','0eea9e0b-c166-44c4-880c-e3efc634f3b7','160fe898-76f7-4175-bd2d-19f3b384454b','Deterministic','High',70,'user_30uQARGezqSApAChPSGSwFyUy85');
INSERT INTO public.relationships (id,project_id,source_id,target_id,type,confidence,weight,created_by) VALUES ('17a6fe5f-573e-41c6-b440-7e5098ac6cf5','5caa2391-0bdb-4445-b5a8-83761712c407','3ec4312a-2dc1-4c24-bb27-81148ee7b7c4','0eea9e0b-c166-44c4-880c-e3efc634f3b7','Causal','High',60,'user_30uQARGezqSApAChPSGSwFyUy85');
INSERT INTO public.relationships (id,project_id,source_id,target_id,type,confidence,weight,created_by) VALUES ('60630aa6-520e-40ca-8c55-ae7e29bc5453','5caa2391-0bdb-4445-b5a8-83761712c407','cddcacfb-0e27-48c9-8202-47a747675f4d','3ec4312a-2dc1-4c24-bb27-81148ee7b7c4','Causal','High',60,'user_30uQARGezqSApAChPSGSwFyUy85');
INSERT INTO public.relationships (id,project_id,source_id,target_id,type,confidence,weight,created_by) VALUES ('89f540fe-c707-474d-87ae-cca5d74ab1af','5caa2391-0bdb-4445-b5a8-83761712c407','c4b141c4-46b7-4b24-8e54-9d64a898216a','3caca6b8-3eca-44a4-971c-e654ec73c5b9','Causal','High',60,'user_30uQARGezqSApAChPSGSwFyUy85');
INSERT INTO public.relationships (id,project_id,source_id,target_id,type,confidence,weight,created_by) VALUES ('e0abc036-e7aa-460a-ac0b-b663503642a3','5caa2391-0bdb-4445-b5a8-83761712c407','b0de1fa7-279e-4ec1-8b14-78249964e797','f3cd7f91-1934-4279-8b38-84355412eac2','Causal','High',70,'user_30uQARGezqSApAChPSGSwFyUy85');
INSERT INTO public.relationships (id,project_id,source_id,target_id,type,confidence,weight,created_by) VALUES ('0a40034c-9148-4eeb-81b1-8ff68fd10007','5caa2391-0bdb-4445-b5a8-83761712c407','e39d8034-8bd4-4819-add8-df9022741c5e','0eea9e0b-c166-44c4-880c-e3efc634f3b7','Causal','High',70,'user_30uQARGezqSApAChPSGSwFyUy85');
INSERT INTO public.relationships (id,project_id,source_id,target_id,type,confidence,weight,created_by) VALUES ('bf8fe4e7-f779-4ff1-91af-d11370bb4ece','5caa2391-0bdb-4445-b5a8-83761712c407','beaf4bc7-4efe-4e73-87d5-12619458f936','160fe898-76f7-4175-bd2d-19f3b384454b','Probabilistic','High',50,'user_30uQARGezqSApAChPSGSwFyUy85');
INSERT INTO public.evidence_items (id,relationship_id,title,type,date,summary,hypothesis,link,impact_on_confidence,owner_id,created_by) VALUES ('2608d895-5793-485f-9e7b-ba99c03decc8','943e40ac-a56d-4bac-8336-9be5692a4eac','Experiment: Revenue → Enterprise Value','Experiment','2026-06-26','Observed a consistent relationship between Revenue and Enterprise Value over the last two quarters; effect size supports the current high-confidence rating.','Revenue is a leading driver of Enterprise Value',NULL,'Increases confidence','user_30uQARGezqSApAChPSGSwFyUy85','user_30uQARGezqSApAChPSGSwFyUy85');
INSERT INTO public.evidence_items (id,relationship_id,title,type,date,summary,hypothesis,link,impact_on_confidence,owner_id,created_by) VALUES ('c046f569-f8b1-486c-9903-20500e92dd36','dcab799b-4e3d-4916-929b-30c5c6df78d5','Analysis: YoY Growth → Enterprise Value','Analysis','2026-06-19','Observed a consistent relationship between YoY Growth and Enterprise Value over the last two quarters; effect size supports the current high-confidence rating.','YoY Growth is a leading driver of Enterprise Value',NULL,'Supports current rating','user_30uQARGezqSApAChPSGSwFyUy85','user_30uQARGezqSApAChPSGSwFyUy85');
INSERT INTO public.evidence_items (id,relationship_id,title,type,date,summary,hypothesis,link,impact_on_confidence,owner_id,created_by) VALUES ('f2fa68c8-30c7-4a9d-a873-eaaef0dd0339','178ceadd-680e-45c4-b496-66ac06ddbb48','External Research: Net Revenue Retention → YoY Growth','External Research','2026-06-12','Observed a consistent relationship between Net Revenue Retention and YoY Growth over the last two quarters; effect size supports the current high-confidence rating.','Net Revenue Retention is a leading driver of YoY Growth',NULL,'Supports current rating','user_30uQARGezqSApAChPSGSwFyUy85','user_30uQARGezqSApAChPSGSwFyUy85');
INSERT INTO public.groups (id,project_id,name,color,node_ids,position_x,position_y,width,height,created_by) VALUES ('d1eca0dc-72fd-4258-ad6a-94ff3a0d7c5f','5caa2391-0bdb-4445-b5a8-83761712c407','Growth','#3b82f6',ARRAY['184f970e-3fea-43fb-92a3-b6ef8a02539c','3d44ee22-60a1-4ddd-abcc-abe8182cb150','c0eb35fd-d7dc-4a94-8044-42d28f82b193','f3cd7f91-1934-4279-8b38-84355412eac2','c00b5ed0-74d2-45e8-bad2-af79b9bf0c39','db0f6d19-2751-4f84-a8cc-0e4df47b00ae']::uuid[],-1050,114,1020,686,'user_30uQARGezqSApAChPSGSwFyUy85');
INSERT INTO public.groups (id,project_id,name,color,node_ids,position_x,position_y,width,height,created_by) VALUES ('58271cb7-5214-46c0-8e33-6f349802bba8','5caa2391-0bdb-4445-b5a8-83761712c407','Profitability','#22c55e',ARRAY['bd57b4a0-fcca-4b25-afa9-760ee02c9da2','c4b141c4-46b7-4b24-8e54-9d64a898216a','b7bebe5a-b49c-4260-9a31-f90a9951cead','fb320cbe-b8bb-4ec6-8e75-5babe1abb559','d096107e-d3ab-4dbc-8c1c-e1ff76662370','fe76185a-d9a5-4e61-a6a5-6a8748745855','32fd04ca-6f93-4115-8260-3da13015814c']::uuid[],-370,114,1020,686,'user_30uQARGezqSApAChPSGSwFyUy85');
INSERT INTO public.groups (id,project_id,name,color,node_ids,position_x,position_y,width,height,created_by) VALUES ('36322374-2dce-4d50-89fe-5da866b510cd','5caa2391-0bdb-4445-b5a8-83761712c407','People','#f59e0b',ARRAY['0eea9e0b-c166-44c4-880c-e3efc634f3b7','160fe898-76f7-4175-bd2d-19f3b384454b','3ec4312a-2dc1-4c24-bb27-81148ee7b7c4','cddcacfb-0e27-48c9-8202-47a747675f4d']::uuid[],-370,314,1360,886,'user_30uQARGezqSApAChPSGSwFyUy85');
INSERT INTO public.groups (id,project_id,name,color,node_ids,position_x,position_y,width,height,created_by) VALUES ('dfa791f0-a593-4c05-9c95-880de40842cd','5caa2391-0bdb-4445-b5a8-83761712c407','Strategy — Levers & Bets','#a855f7',ARRAY['b0de1fa7-279e-4ec1-8b14-78249964e797','e39d8034-8bd4-4819-add8-df9022741c5e','beaf4bc7-4efe-4e73-87d5-12619458f936']::uuid[],-30,514,1360,486,'user_30uQARGezqSApAChPSGSwFyUy85');
INSERT INTO public.canvas_nodes (id,project_id,node_type,title,position_x,position_y,data,created_by) VALUES ('b3d97d33-6837-4d77-91f6-8b285869b99c','5caa2391-0bdb-4445-b5a8-83761712c407','whiteboardNode','Label',1540,-170,'{"shape":"text","text":"📊 Live Data Pipeline","fontSize":18,"width":300,"height":96,"fill":"#eef2ff","stroke":"#6366f1"}'::jsonb,'user_30uQARGezqSApAChPSGSwFyUy85');
INSERT INTO public.canvas_nodes (id,project_id,node_type,title,position_x,position_y,data,created_by) VALUES ('c542b06e-45e0-4d43-9578-e2f59f7b3486','5caa2391-0bdb-4445-b5a8-83761712c407','sourceNode','Live Feed',1540,0,'{"title":"Live Feed (new bookings)","config":{"origin":"manual","rows":[{"period":"2026-01","value":33843},{"period":"2026-02","value":35197},{"period":"2026-03","value":36550},{"period":"2026-04","value":37904},{"period":"2026-05","value":39258},{"period":"2026-06","value":40612},{"period":"2026-07","value":41965}]},"series":[{"period":"2026-01","value":33843,"change_percent":0,"trend":"neutral"},{"period":"2026-02","value":35197,"change_percent":4,"trend":"up"},{"period":"2026-03","value":36550,"change_percent":3.8,"trend":"up"},{"period":"2026-04","value":37904,"change_percent":3.7,"trend":"up"},{"period":"2026-05","value":39258,"change_percent":3.6,"trend":"up"},{"period":"2026-06","value":40612,"change_percent":3.4,"trend":"up"},{"period":"2026-07","value":41965,"change_percent":3.3,"trend":"up"}],"refreshedAt":"2026-07-03T13:57:29.559Z"}'::jsonb,'user_30uQARGezqSApAChPSGSwFyUy85');
INSERT INTO public.canvas_nodes (id,project_id,node_type,title,position_x,position_y,data,created_by) VALUES ('9151763e-3c20-461e-9b28-0f1479a406e0','5caa2391-0bdb-4445-b5a8-83761712c407','operatorNode','Projection',1900,0,'{"label":"Projection (a × 1.1 + feed)","operationType":"formula","isActive":true,"formula":"a * 1.1 + b","inputs":[{"key":"a","sourceId":"184f970e-3fea-43fb-92a3-b6ef8a02539c","label":"Revenue"},{"key":"b","sourceId":"c542b06e-45e0-4d43-9578-e2f59f7b3486","label":"Live feed"}]}'::jsonb,'user_30uQARGezqSApAChPSGSwFyUy85');
INSERT INTO public.canvas_nodes (id,project_id,node_type,title,position_x,position_y,data,created_by) VALUES ('4d4a3c0b-4584-4567-9439-793d81f4d876','5caa2391-0bdb-4445-b5a8-83761712c407','chartNode','Actual vs Projection',2640,0,'{"chartType":"area","title":"Actual vs Projection","seriesCardIds":["184f970e-3fea-43fb-92a3-b6ef8a02539c","9a182970-ea1f-4e38-b4a5-dea2b1c6e0cc"],"showLegend":true}'::jsonb,'user_30uQARGezqSApAChPSGSwFyUy85');
INSERT INTO public.canvas_nodes (id,project_id,node_type,title,position_x,position_y,data,created_by) VALUES ('a9f7c97f-d127-4036-b174-82ae8a2a2997','5caa2391-0bdb-4445-b5a8-83761712c407','commentNode','Pipeline',1540,260,'{"title":"Live pipeline: Source → Operator → Card → Chart. Edit the Source, then Run Simulation.","projectId":"5caa2391-0bdb-4445-b5a8-83761712c407"}'::jsonb,'user_30uQARGezqSApAChPSGSwFyUy85');
INSERT INTO public.comment_threads (id,project_id,source,context,is_resolved,created_by) VALUES ('01e53d38-28e5-4e5f-ba60-6638b0f87246','5caa2391-0bdb-4445-b5a8-83761712c407','node','{"cardId":"184f970e-3fea-43fb-92a3-b6ef8a02539c"}'::jsonb,false,'user_30uQARGezqSApAChPSGSwFyUy85');
INSERT INTO public.comment_threads (id,project_id,source,context,is_resolved,created_by) VALUES ('52039967-44fa-4ed0-8c3b-f2444e93dfe2','5caa2391-0bdb-4445-b5a8-83761712c407','canvas',NULL,true,'user_30uQARGezqSApAChPSGSwFyUy85');
INSERT INTO public.comments (id,thread_id,author_id,content,resolved) VALUES ('126238eb-e1de-46ac-8849-6ec57d7034d5','01e53d38-28e5-4e5f-ba60-6638b0f87246','user_30uQARGezqSApAChPSGSwFyUy85','Revenue is our anchor metric — the operator projection to the right recomputes it live. Does the seasonality here look right?',false);
INSERT INTO public.comments (id,thread_id,author_id,content,resolved) VALUES ('724d5cab-b5bc-42f4-afb1-a1eff4b04930','01e53d38-28e5-4e5f-ba60-6638b0f87246','user_30uQARGezqSApAChPSGSwFyUy85','Compared it against the tracked-metric series in the catalog — trends match. Leaving this open until we wire the warehouse source.',false);
INSERT INTO public.comments (id,thread_id,author_id,content,resolved) VALUES ('d65fe14a-e126-4023-8653-7ff921e797a7','52039967-44fa-4ed0-8c3b-f2444e93dfe2','user_30uQARGezqSApAChPSGSwFyUy85','Grouped the levers & bets into a Strategy group — check the Strategy page for the kanban view.',true);
INSERT INTO public.dashboard_widgets (id,project_id,title,widget_type,config,layout,sort_index,created_by) VALUES ('c6cbc380-ebee-481d-8fcc-10ba34a0f82a','5caa2391-0bdb-4445-b5a8-83761712c407','Revenue — Company KPIs','kpi','{"source":"tracked","trackedMetricIds":["62da56aa-f257-4dfe-80f0-0d694b537e29"]}'::jsonb,'{"x":0,"y":0,"w":3,"h":4}'::jsonb,0,'user_30uQARGezqSApAChPSGSwFyUy85');
INSERT INTO public.dashboard_widgets (id,project_id,title,widget_type,config,layout,sort_index,created_by) VALUES ('e9ab3d68-8432-4bdb-a854-c320d146c238','5caa2391-0bdb-4445-b5a8-83761712c407','Revenue & drivers','area','{"source":"card","cardIds":["184f970e-3fea-43fb-92a3-b6ef8a02539c","9a182970-ea1f-4e38-b4a5-dea2b1c6e0cc","3d44ee22-60a1-4ddd-abcc-abe8182cb150","bd57b4a0-fcca-4b25-afa9-760ee02c9da2"],"display":{"showLegend":true}}'::jsonb,'{"x":3,"y":0,"w":9,"h":8}'::jsonb,1,'user_30uQARGezqSApAChPSGSwFyUy85');
INSERT INTO public.dashboard_widgets (id,project_id,title,widget_type,config,layout,sort_index,created_by) VALUES ('95ddb242-1ce6-4e72-ada8-78985042f92e','5caa2391-0bdb-4445-b5a8-83761712c407','Key metrics','table','{"source":"card","cardIds":["184f970e-3fea-43fb-92a3-b6ef8a02539c","9a182970-ea1f-4e38-b4a5-dea2b1c6e0cc","3d44ee22-60a1-4ddd-abcc-abe8182cb150","bd57b4a0-fcca-4b25-afa9-760ee02c9da2"]}'::jsonb,'{"x":0,"y":4,"w":3,"h":8}'::jsonb,2,'user_30uQARGezqSApAChPSGSwFyUy85');
INSERT INTO public.alert_rules (id,project_id,card_id,name,rule_type,config,enabled,created_by) VALUES ('57c92e2e-4c57-4918-96cf-7998b9d6c1d6','5caa2391-0bdb-4445-b5a8-83761712c407','184f970e-3fea-43fb-92a3-b6ef8a02539c','Revenue floor','threshold','{"comparator":"lte","value":575324}'::jsonb,true,'user_30uQARGezqSApAChPSGSwFyUy85');
INSERT INTO public.alert_rules (id,project_id,card_id,name,rule_type,config,enabled,created_by) VALUES ('efdb02c6-d8c2-4f46-b836-c96ff5314648','5caa2391-0bdb-4445-b5a8-83761712c407','184f970e-3fea-43fb-92a3-b6ef8a02539c','Revenue sudden drop','change','{"direction":"down","pct":10}'::jsonb,true,'user_30uQARGezqSApAChPSGSwFyUy85');

DELETE FROM public.projects WHERE created_by='user_30uQARGezqSApAChPSGSwFyUy85' AND name='Marketing KPIs — Example Metric Tree';
DELETE FROM public.tracked_metrics WHERE created_by='user_30uQARGezqSApAChPSGSwFyUy85' AND name='Marketing-Sourced Revenue — Marketing KPIs';
INSERT INTO public.projects (id,name,description,created_by,last_modified_by,is_public,tags,settings) VALUES ('9b705d9e-20f8-44ff-b88f-fcb5bb21e04a','Marketing KPIs — Example Metric Tree','Demand-gen tree: marketing-sourced pipeline from channels → MQL → SQL → won, with CAC and payback.','user_30uQARGezqSApAChPSGSwFyUy85','user_30uQARGezqSApAChPSGSwFyUy85',true,ARRAY['example','template'],'{"dataFlowEdges":[{"id":"7cb0274d-62cf-4e7b-b7f1-f04a8b829372","source":"fff9ad01-408e-4b3d-89b3-8378b8c9ee46","target":"9a3f0b65-fa8b-4a27-a9e9-2e855127839a","type":"dataFlow"},{"id":"917a2ee7-b47c-4882-b6c2-9b7764e7a42e","source":"c612cb33-262c-49a4-a0c4-599d4d993aee","target":"9a3f0b65-fa8b-4a27-a9e9-2e855127839a","type":"dataFlow"},{"id":"183afb43-5eef-45cb-8d75-6f299d2da664","source":"9a3f0b65-fa8b-4a27-a9e9-2e855127839a","target":"62ca276f-fab3-40ee-ab22-06244a86077b","type":"dataFlow"},{"id":"24784503-3548-4319-8c7e-223bd833e937","source":"c612cb33-262c-49a4-a0c4-599d4d993aee","target":"07261c96-d712-490f-bd17-a97a43f20cce","type":"dataFlow"},{"id":"c4859df1-abdf-42c6-ab2d-242091c4b81c","source":"62ca276f-fab3-40ee-ab22-06244a86077b","target":"07261c96-d712-490f-bd17-a97a43f20cce","type":"dataFlow"}]}'::jsonb);
INSERT INTO public.tracked_metrics (id,name,state,unit,formula,owner_label,source_kind,origin_card_id,origin_project_id,created_by) VALUES ('f8957327-25ba-4336-aceb-8a9a0e3ea2a9','Marketing-Sourced Revenue — Marketing KPIs','tracked','USD',NULL,'Growth','manual','c612cb33-262c-49a4-a0c4-599d4d993aee','9b705d9e-20f8-44ff-b88f-fcb5bb21e04a','user_30uQARGezqSApAChPSGSwFyUy85');
INSERT INTO public.metric_cards (id,project_id,title,description,category,sub_category,status,workflow,tracked_metric_id,position_x,position_y,created_by,data) VALUES ('c612cb33-262c-49a4-a0c4-599d4d993aee','9b705d9e-20f8-44ff-b88f-fcb5bb21e04a','Marketing-Sourced Revenue','Won Deals × ACV','Core/Value','Critical Path',NULL,'{"businessImpact":"High"}'::jsonb,'f8957327-25ba-4336-aceb-8a9a0e3ea2a9',0,0,'user_30uQARGezqSApAChPSGSwFyUy85','[{"period":"2026-01","value":112344,"change_percent":0,"trend":"neutral"},{"period":"2026-02","value":118324,"change_percent":5.3,"trend":"up"},{"period":"2026-03","value":126548,"change_percent":7,"trend":"up"},{"period":"2026-04","value":134945,"change_percent":6.6,"trend":"up"},{"period":"2026-05","value":139964,"change_percent":3.7,"trend":"up"},{"period":"2026-06","value":149997,"change_percent":7.2,"trend":"up"},{"period":"2026-07","value":155025,"change_percent":3.4,"trend":"up"}]'::jsonb);
INSERT INTO public.metric_cards (id,project_id,title,description,category,sub_category,status,workflow,tracked_metric_id,position_x,position_y,created_by,data) VALUES ('3bc8a866-b077-407b-bb2e-831acdc14869','9b705d9e-20f8-44ff-b88f-fcb5bb21e04a','Won Deals','Closed-won opportunities','Data/Metric',NULL,NULL,'{}'::jsonb,NULL,-850,200,'user_30uQARGezqSApAChPSGSwFyUy85','[{"period":"2026-01","value":3287,"change_percent":0,"trend":"neutral"},{"period":"2026-02","value":3323,"change_percent":1.1,"trend":"up"},{"period":"2026-03","value":3477,"change_percent":4.6,"trend":"up"},{"period":"2026-04","value":3644,"change_percent":4.8,"trend":"up"},{"period":"2026-05","value":3858,"change_percent":5.9,"trend":"up"},{"period":"2026-06","value":3929,"change_percent":1.8,"trend":"up"},{"period":"2026-07","value":4134,"change_percent":5.2,"trend":"up"}]'::jsonb);
INSERT INTO public.metric_cards (id,project_id,title,description,category,sub_category,status,workflow,tracked_metric_id,position_x,position_y,created_by,data) VALUES ('30a0309f-5b66-4182-a4ca-aa986e960384','9b705d9e-20f8-44ff-b88f-fcb5bb21e04a','Average Contract Value','Revenue per deal','Data/Metric',NULL,NULL,'{}'::jsonb,NULL,-510,200,'user_30uQARGezqSApAChPSGSwFyUy85','[{"period":"2026-01","value":20588,"change_percent":0,"trend":"neutral"},{"period":"2026-02","value":21768,"change_percent":5.7,"trend":"up"},{"period":"2026-03","value":22460,"change_percent":3.2,"trend":"up"},{"period":"2026-04","value":23872,"change_percent":6.3,"trend":"up"},{"period":"2026-05","value":25293,"change_percent":6,"trend":"up"},{"period":"2026-06","value":25973,"change_percent":2.7,"trend":"up"},{"period":"2026-07","value":27538,"change_percent":6,"trend":"up"}]'::jsonb);
INSERT INTO public.metric_cards (id,project_id,title,description,category,sub_category,status,workflow,tracked_metric_id,position_x,position_y,created_by,data) VALUES ('ba560c79-8372-4258-a669-a5d0e5cf973b','9b705d9e-20f8-44ff-b88f-fcb5bb21e04a','SQLs','Sales-qualified leads','Data/Metric',NULL,NULL,'{}'::jsonb,NULL,-340,400,'user_30uQARGezqSApAChPSGSwFyUy85','[{"period":"2026-01","value":441,"change_percent":0,"trend":"neutral"},{"period":"2026-02","value":462,"change_percent":4.8,"trend":"up"},{"period":"2026-03","value":468,"change_percent":1.3,"trend":"up"},{"period":"2026-04","value":471,"change_percent":0.6,"trend":"neutral"},{"period":"2026-05","value":475,"change_percent":0.8,"trend":"neutral"},{"period":"2026-06","value":485,"change_percent":2.1,"trend":"up"},{"period":"2026-07","value":499,"change_percent":2.9,"trend":"up"}]'::jsonb);
INSERT INTO public.metric_cards (id,project_id,title,description,category,sub_category,status,workflow,tracked_metric_id,position_x,position_y,created_by,data) VALUES ('75b19200-1de4-4455-a7f7-7a36cf9efff3','9b705d9e-20f8-44ff-b88f-fcb5bb21e04a','SQL→Won Rate','Win rate','Data/Metric',NULL,NULL,'{}'::jsonb,NULL,0,400,'user_30uQARGezqSApAChPSGSwFyUy85','[{"period":"2026-01","value":16.7,"change_percent":0,"trend":"neutral"},{"period":"2026-02","value":17.8,"change_percent":6.6,"trend":"up"},{"period":"2026-03","value":18.9,"change_percent":6.2,"trend":"up"},{"period":"2026-04","value":19.9,"change_percent":5.3,"trend":"up"},{"period":"2026-05","value":21.5,"change_percent":8,"trend":"up"},{"period":"2026-06","value":23.2,"change_percent":7.9,"trend":"up"},{"period":"2026-07","value":24.4,"change_percent":5.2,"trend":"up"}]'::jsonb);
INSERT INTO public.metric_cards (id,project_id,title,description,category,sub_category,status,workflow,tracked_metric_id,position_x,position_y,created_by,data) VALUES ('bea72fa9-9d9f-4985-ba8b-2ff901e551b7','9b705d9e-20f8-44ff-b88f-fcb5bb21e04a','MQLs','Marketing-qualified leads','Data/Metric',NULL,NULL,'{}'::jsonb,NULL,-170,600,'user_30uQARGezqSApAChPSGSwFyUy85','[{"period":"2026-01","value":3428,"change_percent":0,"trend":"neutral"},{"period":"2026-02","value":3669,"change_percent":7,"trend":"up"},{"period":"2026-03","value":3950,"change_percent":7.7,"trend":"up"},{"period":"2026-04","value":4128,"change_percent":4.5,"trend":"up"},{"period":"2026-05","value":4338,"change_percent":5.1,"trend":"up"},{"period":"2026-06","value":4544,"change_percent":4.7,"trend":"up"},{"period":"2026-07","value":4825,"change_percent":6.2,"trend":"up"}]'::jsonb);
INSERT INTO public.metric_cards (id,project_id,title,description,category,sub_category,status,workflow,tracked_metric_id,position_x,position_y,created_by,data) VALUES ('2221d7c4-3ffc-49ce-9603-7c69460468bd','9b705d9e-20f8-44ff-b88f-fcb5bb21e04a','MQL→SQL Rate','Qualification rate','Data/Metric',NULL,NULL,'{}'::jsonb,NULL,170,600,'user_30uQARGezqSApAChPSGSwFyUy85','[{"period":"2026-01","value":5.9,"change_percent":0,"trend":"neutral"},{"period":"2026-02","value":6.1,"change_percent":3.4,"trend":"up"},{"period":"2026-03","value":6.3,"change_percent":3.3,"trend":"up"},{"period":"2026-04","value":6.3,"change_percent":0,"trend":"neutral"},{"period":"2026-05","value":6.5,"change_percent":3.2,"trend":"up"},{"period":"2026-06","value":6.5,"change_percent":0,"trend":"neutral"},{"period":"2026-07","value":6.6,"change_percent":1.5,"trend":"up"}]'::jsonb);
INSERT INTO public.metric_cards (id,project_id,title,description,category,sub_category,status,workflow,tracked_metric_id,position_x,position_y,created_by,data) VALUES ('4ddf5ca8-3faf-4fd3-bfbc-a136af47e85c','9b705d9e-20f8-44ff-b88f-fcb5bb21e04a','Leads','Raw inbound leads','Data/Metric',NULL,NULL,'{}'::jsonb,NULL,-340,800,'user_30uQARGezqSApAChPSGSwFyUy85','[{"period":"2026-01","value":64190,"change_percent":0,"trend":"neutral"},{"period":"2026-02","value":64636,"change_percent":0.7,"trend":"neutral"},{"period":"2026-03","value":66607,"change_percent":3,"trend":"up"},{"period":"2026-04","value":68946,"change_percent":3.5,"trend":"up"},{"period":"2026-05","value":69803,"change_percent":1.2,"trend":"up"},{"period":"2026-06","value":70598,"change_percent":1.1,"trend":"up"},{"period":"2026-07","value":73870,"change_percent":4.6,"trend":"up"}]'::jsonb);
INSERT INTO public.metric_cards (id,project_id,title,description,category,sub_category,status,workflow,tracked_metric_id,position_x,position_y,created_by,data) VALUES ('36ff57eb-f91f-4676-bec0-f044194c6aa0','9b705d9e-20f8-44ff-b88f-fcb5bb21e04a','Lead→MQL Rate','Scoring pass rate','Data/Metric',NULL,NULL,'{}'::jsonb,NULL,0,800,'user_30uQARGezqSApAChPSGSwFyUy85','[{"period":"2026-01","value":40.6,"change_percent":0,"trend":"neutral"},{"period":"2026-02","value":44,"change_percent":8.4,"trend":"up"},{"period":"2026-03","value":47.8,"change_percent":8.6,"trend":"up"},{"period":"2026-04","value":49.9,"change_percent":4.4,"trend":"up"},{"period":"2026-05","value":54.2,"change_percent":8.6,"trend":"up"},{"period":"2026-06","value":56.6,"change_percent":4.4,"trend":"up"},{"period":"2026-07","value":61.1,"change_percent":8,"trend":"up"}]'::jsonb);
INSERT INTO public.metric_cards (id,project_id,title,description,category,sub_category,status,workflow,tracked_metric_id,position_x,position_y,created_by,data) VALUES ('c80e60b0-e3cf-43f3-a44f-f29a56982abf','9b705d9e-20f8-44ff-b88f-fcb5bb21e04a','Paid Leads','From ads','Data/Metric',NULL,NULL,'{}'::jsonb,NULL,-510,1000,'user_30uQARGezqSApAChPSGSwFyUy85','[{"period":"2026-01","value":16511,"change_percent":0,"trend":"neutral"},{"period":"2026-02","value":17642,"change_percent":6.8,"trend":"up"},{"period":"2026-03","value":19199,"change_percent":8.8,"trend":"up"},{"period":"2026-04","value":20845,"change_percent":8.6,"trend":"up"},{"period":"2026-05","value":22262,"change_percent":6.8,"trend":"up"},{"period":"2026-06","value":24023,"change_percent":7.9,"trend":"up"},{"period":"2026-07","value":26217,"change_percent":9.1,"trend":"up"}]'::jsonb);
INSERT INTO public.metric_cards (id,project_id,title,description,category,sub_category,status,workflow,tracked_metric_id,position_x,position_y,created_by,data) VALUES ('8e34c07d-792d-4198-9bfb-b3ba11b1ce60','9b705d9e-20f8-44ff-b88f-fcb5bb21e04a','Organic Leads','From SEO/content','Data/Metric',NULL,NULL,'{}'::jsonb,NULL,-170,1000,'user_30uQARGezqSApAChPSGSwFyUy85','[{"period":"2026-01","value":44914,"change_percent":0,"trend":"neutral"},{"period":"2026-02","value":45558,"change_percent":1.4,"trend":"up"},{"period":"2026-03","value":46634,"change_percent":2.4,"trend":"up"},{"period":"2026-04","value":46920,"change_percent":0.6,"trend":"neutral"},{"period":"2026-05","value":48832,"change_percent":4.1,"trend":"up"},{"period":"2026-06","value":49193,"change_percent":0.7,"trend":"neutral"},{"period":"2026-07","value":51401,"change_percent":4.5,"trend":"up"}]'::jsonb);
INSERT INTO public.metric_cards (id,project_id,title,description,category,sub_category,status,workflow,tracked_metric_id,position_x,position_y,created_by,data) VALUES ('dec074f0-b275-4352-aeb7-3353ca261a22','9b705d9e-20f8-44ff-b88f-fcb5bb21e04a','Event Leads','From webinars/events','Data/Metric',NULL,NULL,'{}'::jsonb,NULL,170,1000,'user_30uQARGezqSApAChPSGSwFyUy85','[{"period":"2026-01","value":17898,"change_percent":0,"trend":"neutral"},{"period":"2026-02","value":18740,"change_percent":4.7,"trend":"up"},{"period":"2026-03","value":19229,"change_percent":2.6,"trend":"up"},{"period":"2026-04","value":19394,"change_percent":0.9,"trend":"neutral"},{"period":"2026-05","value":20160,"change_percent":3.9,"trend":"up"},{"period":"2026-06","value":20574,"change_percent":2.1,"trend":"up"},{"period":"2026-07","value":21135,"change_percent":2.7,"trend":"up"}]'::jsonb);
INSERT INTO public.metric_cards (id,project_id,title,description,category,sub_category,status,workflow,tracked_metric_id,position_x,position_y,created_by,data) VALUES ('7c854c61-2002-445f-b6b4-3288305ee4fc','9b705d9e-20f8-44ff-b88f-fcb5bb21e04a','Referral Leads','From partners','Data/Metric',NULL,NULL,'{}'::jsonb,NULL,510,1000,'user_30uQARGezqSApAChPSGSwFyUy85','[{"period":"2026-01","value":33060,"change_percent":0,"trend":"neutral"},{"period":"2026-02","value":34420,"change_percent":4.1,"trend":"up"},{"period":"2026-03","value":36928,"change_percent":7.3,"trend":"up"},{"period":"2026-04","value":39621,"change_percent":7.3,"trend":"up"},{"period":"2026-05","value":41566,"change_percent":4.9,"trend":"up"},{"period":"2026-06","value":43896,"change_percent":5.6,"trend":"up"},{"period":"2026-07","value":46450,"change_percent":5.8,"trend":"up"}]'::jsonb);
INSERT INTO public.metric_cards (id,project_id,title,description,category,sub_category,status,workflow,tracked_metric_id,position_x,position_y,created_by,data) VALUES ('5efc8a3b-90d3-42eb-a237-53d94d1d2582','9b705d9e-20f8-44ff-b88f-fcb5bb21e04a','Marketing Spend','Total budget','Data/Metric',NULL,NULL,'{}'::jsonb,NULL,-340,1200,'user_30uQARGezqSApAChPSGSwFyUy85','[{"period":"2026-01","value":490965,"change_percent":0,"trend":"neutral"},{"period":"2026-02","value":514906,"change_percent":4.9,"trend":"up"},{"period":"2026-03","value":532549,"change_percent":3.4,"trend":"up"},{"period":"2026-04","value":544811,"change_percent":2.3,"trend":"up"},{"period":"2026-05","value":555231,"change_percent":1.9,"trend":"up"},{"period":"2026-06","value":564135,"change_percent":1.6,"trend":"up"},{"period":"2026-07","value":587570,"change_percent":4.2,"trend":"up"}]'::jsonb);
INSERT INTO public.metric_cards (id,project_id,title,description,category,sub_category,status,workflow,tracked_metric_id,position_x,position_y,created_by,data) VALUES ('8fb62a1d-1e5d-4d9e-bd7b-55c13ca35d65','9b705d9e-20f8-44ff-b88f-fcb5bb21e04a','CAC','Spend ÷ New Customers','Data/Metric',NULL,NULL,'{}'::jsonb,NULL,-170,200,'user_30uQARGezqSApAChPSGSwFyUy85','[{"period":"2026-01","value":151597,"change_percent":0,"trend":"neutral"},{"period":"2026-02","value":143514,"change_percent":-5.3,"trend":"down"},{"period":"2026-03","value":136617,"change_percent":-4.8,"trend":"down"},{"period":"2026-04","value":132561,"change_percent":-3,"trend":"down"},{"period":"2026-05","value":128970,"change_percent":-2.7,"trend":"down"},{"period":"2026-06","value":121877,"change_percent":-5.5,"trend":"down"},{"period":"2026-07","value":113886,"change_percent":-6.6,"trend":"down"}]'::jsonb);
INSERT INTO public.metric_cards (id,project_id,title,description,category,sub_category,status,workflow,tracked_metric_id,position_x,position_y,created_by,data) VALUES ('0e3bd8e7-e37d-4d9c-944a-4dc779b4aa4b','9b705d9e-20f8-44ff-b88f-fcb5bb21e04a','CAC Payback (months)','CAC ÷ (ACV × margin / 12)','Data/Metric',NULL,NULL,'{}'::jsonb,NULL,170,200,'user_30uQARGezqSApAChPSGSwFyUy85','[{"period":"2026-01","value":579295,"change_percent":0,"trend":"neutral"},{"period":"2026-02","value":556855,"change_percent":-3.9,"trend":"down"},{"period":"2026-03","value":526357,"change_percent":-5.5,"trend":"down"},{"period":"2026-04","value":489361,"change_percent":-7,"trend":"down"},{"period":"2026-05","value":458436,"change_percent":-6.3,"trend":"down"},{"period":"2026-06","value":423010,"change_percent":-7.7,"trend":"down"},{"period":"2026-07","value":408731,"change_percent":-3.4,"trend":"down"}]'::jsonb);
INSERT INTO public.metric_cards (id,project_id,title,description,category,sub_category,status,workflow,tracked_metric_id,position_x,position_y,created_by,data) VALUES ('b792ba91-824e-4675-843f-8cd7ff5365b2','9b705d9e-20f8-44ff-b88f-fcb5bb21e04a','Cost per Lead','Spend ÷ Leads','Data/Metric',NULL,NULL,'{}'::jsonb,NULL,510,200,'user_30uQARGezqSApAChPSGSwFyUy85','[{"period":"2026-01","value":369323,"change_percent":0,"trend":"neutral"},{"period":"2026-02","value":351443,"change_percent":-4.8,"trend":"down"},{"period":"2026-03","value":337323,"change_percent":-4,"trend":"down"},{"period":"2026-04","value":316974,"change_percent":-6,"trend":"down"},{"period":"2026-05","value":293918,"change_percent":-7.3,"trend":"down"},{"period":"2026-06","value":270925,"change_percent":-7.8,"trend":"down"},{"period":"2026-07","value":249955,"change_percent":-7.7,"trend":"down"}]'::jsonb);
INSERT INTO public.metric_cards (id,project_id,title,description,category,sub_category,status,workflow,tracked_metric_id,position_x,position_y,created_by,data) VALUES ('8d948a4a-2c99-4cba-8a3a-531fb63b52a3','9b705d9e-20f8-44ff-b88f-fcb5bb21e04a','ROAS','Revenue ÷ Ad Spend','Data/Metric',NULL,NULL,'{}'::jsonb,NULL,850,200,'user_30uQARGezqSApAChPSGSwFyUy85','[{"period":"2026-01","value":1462,"change_percent":0,"trend":"neutral"},{"period":"2026-02","value":1551,"change_percent":6.1,"trend":"up"},{"period":"2026-03","value":1705,"change_percent":9.9,"trend":"up"},{"period":"2026-04","value":1838,"change_percent":7.8,"trend":"up"},{"period":"2026-05","value":1956,"change_percent":6.4,"trend":"up"},{"period":"2026-06","value":2090,"change_percent":6.9,"trend":"up"},{"period":"2026-07","value":2292,"change_percent":9.7,"trend":"up"}]'::jsonb);
INSERT INTO public.metric_cards (id,project_id,title,description,category,sub_category,status,workflow,tracked_metric_id,position_x,position_y,created_by,data) VALUES ('1b2478f1-c02e-49a8-9651-1df4b44c8397','9b705d9e-20f8-44ff-b88f-fcb5bb21e04a','ABM Program','Target high-ACV accounts','Work/Action','Experiment','in_progress','{"priority":"High","dueDate":"2026-07-17","effort":3}'::jsonb,NULL,340,400,'user_30uQARGezqSApAChPSGSwFyUy85','[]'::jsonb);
INSERT INTO public.metric_cards (id,project_id,title,description,category,sub_category,status,workflow,tracked_metric_id,position_x,position_y,created_by,data) VALUES ('4c5a01fb-3fc4-4c61-a601-ee325765e631','9b705d9e-20f8-44ff-b88f-fcb5bb21e04a','Lead Nurture','Lift MQL→SQL with sequences','Work/Action','Initiative','planning','{"priority":"Medium","dueDate":"2026-08-07","effort":7}'::jsonb,NULL,340,800,'user_30uQARGezqSApAChPSGSwFyUy85','[]'::jsonb);
INSERT INTO public.metric_cards (id,project_id,title,description,category,sub_category,status,workflow,tracked_metric_id,position_x,position_y,created_by,data) VALUES ('936a32fd-03fc-4558-a4e3-9d4577aeeef7','9b705d9e-20f8-44ff-b88f-fcb5bb21e04a','Content Engine','Grow organic leads','Work/Action','BAU','backlog','{"priority":"Low","dueDate":"2026-08-28","effort":11}'::jsonb,NULL,0,1200,'user_30uQARGezqSApAChPSGSwFyUy85','[]'::jsonb);
INSERT INTO public.metric_cards (id,project_id,title,description,category,sub_category,status,workflow,tracked_metric_id,position_x,position_y,created_by,data) VALUES ('da4c6510-6a97-4050-b348-3dedff4de08c','9b705d9e-20f8-44ff-b88f-fcb5bb21e04a','Events produce highest SQL→Won','','Ideas/Hypothesis','Factor','backlog','{"confidence":"High","testable":true,"assumptions":["Events produce highest SQL→Won holds for the core segment"],"successCriteria":["Statistically significant lift within one quarter"]}'::jsonb,NULL,340,1200,'user_30uQARGezqSApAChPSGSwFyUy85','[]'::jsonb);
INSERT INTO public.metric_cards (id,project_id,title,description,category,sub_category,status,workflow,tracked_metric_id,position_x,position_y,created_by,data) VALUES ('62ca276f-fab3-40ee-ab22-06244a86077b','9b705d9e-20f8-44ff-b88f-fcb5bb21e04a','Marketing-Sourced Revenue — Projection','Operator output: Marketing-Sourced Revenue × 1.1 + live feed','Data/Metric',NULL,NULL,'{}'::jsonb,NULL,2090,0,'user_30uQARGezqSApAChPSGSwFyUy85','[{"period":"2026-01","value":131329,"change_percent":0,"trend":"neutral"},{"period":"2026-02","value":138217,"change_percent":5.2,"trend":"up"},{"period":"2026-03","value":147574,"change_percent":6.8,"trend":"up"},{"period":"2026-04","value":157121,"change_percent":6.5,"trend":"up"},{"period":"2026-05","value":162951,"change_percent":3.7,"trend":"up"},{"period":"2026-06","value":174298,"change_percent":7,"trend":"up"},{"period":"2026-07","value":180139,"change_percent":3.4,"trend":"up"}]'::jsonb);
INSERT INTO public.metric_values (id,tracked_metric_id,period,value,change_percent,trend,source,created_by) VALUES ('d3f01060-e651-4aa5-aff7-789a7255a772','f8957327-25ba-4336-aceb-8a9a0e3ea2a9','2026-01',112344,0,'neutral','seed','user_30uQARGezqSApAChPSGSwFyUy85');
INSERT INTO public.metric_values (id,tracked_metric_id,period,value,change_percent,trend,source,created_by) VALUES ('f68df35c-dbbd-4507-9b5f-836c3a623697','f8957327-25ba-4336-aceb-8a9a0e3ea2a9','2026-02',118324,5.3,'up','seed','user_30uQARGezqSApAChPSGSwFyUy85');
INSERT INTO public.metric_values (id,tracked_metric_id,period,value,change_percent,trend,source,created_by) VALUES ('4ae8e70d-7c59-4cc8-b1b8-6922255e5eef','f8957327-25ba-4336-aceb-8a9a0e3ea2a9','2026-03',126548,7,'up','seed','user_30uQARGezqSApAChPSGSwFyUy85');
INSERT INTO public.metric_values (id,tracked_metric_id,period,value,change_percent,trend,source,created_by) VALUES ('4b214aa7-9663-4934-85e2-242568129c9d','f8957327-25ba-4336-aceb-8a9a0e3ea2a9','2026-04',134945,6.6,'up','seed','user_30uQARGezqSApAChPSGSwFyUy85');
INSERT INTO public.metric_values (id,tracked_metric_id,period,value,change_percent,trend,source,created_by) VALUES ('e488ebdc-4071-403e-93df-2e931e96e7b3','f8957327-25ba-4336-aceb-8a9a0e3ea2a9','2026-05',139964,3.7,'up','seed','user_30uQARGezqSApAChPSGSwFyUy85');
INSERT INTO public.metric_values (id,tracked_metric_id,period,value,change_percent,trend,source,created_by) VALUES ('0d686ed1-a5ab-4e72-9092-4bab518882cf','f8957327-25ba-4336-aceb-8a9a0e3ea2a9','2026-06',149997,7.2,'up','seed','user_30uQARGezqSApAChPSGSwFyUy85');
INSERT INTO public.metric_values (id,tracked_metric_id,period,value,change_percent,trend,source,created_by) VALUES ('71811c29-ddcb-40a2-92ea-8d3a4ed967ed','f8957327-25ba-4336-aceb-8a9a0e3ea2a9','2026-07',155025,3.4,'up','seed','user_30uQARGezqSApAChPSGSwFyUy85');
INSERT INTO public.relationships (id,project_id,source_id,target_id,type,confidence,weight,created_by) VALUES ('9410206b-042d-48a7-a3ed-7fe609970f81','9b705d9e-20f8-44ff-b88f-fcb5bb21e04a','3bc8a866-b077-407b-bb2e-831acdc14869','c612cb33-262c-49a4-a0c4-599d4d993aee','Deterministic','High',90,'user_30uQARGezqSApAChPSGSwFyUy85');
INSERT INTO public.relationships (id,project_id,source_id,target_id,type,confidence,weight,created_by) VALUES ('eef7b03a-2794-40be-a7d5-7ab18f3920be','9b705d9e-20f8-44ff-b88f-fcb5bb21e04a','30a0309f-5b66-4182-a4ca-aa986e960384','c612cb33-262c-49a4-a0c4-599d4d993aee','Deterministic','High',80,'user_30uQARGezqSApAChPSGSwFyUy85');
INSERT INTO public.relationships (id,project_id,source_id,target_id,type,confidence,weight,created_by) VALUES ('473e0fc8-265c-4330-baa8-9f06b334fcc2','9b705d9e-20f8-44ff-b88f-fcb5bb21e04a','ba560c79-8372-4258-a669-a5d0e5cf973b','3bc8a866-b077-407b-bb2e-831acdc14869','Deterministic','High',80,'user_30uQARGezqSApAChPSGSwFyUy85');
INSERT INTO public.relationships (id,project_id,source_id,target_id,type,confidence,weight,created_by) VALUES ('4f46f8e3-ae1d-4316-b307-ad7d88299e5b','9b705d9e-20f8-44ff-b88f-fcb5bb21e04a','75b19200-1de4-4455-a7f7-7a36cf9efff3','3bc8a866-b077-407b-bb2e-831acdc14869','Deterministic','High',75,'user_30uQARGezqSApAChPSGSwFyUy85');
INSERT INTO public.relationships (id,project_id,source_id,target_id,type,confidence,weight,created_by) VALUES ('f6f1ab71-793d-45d3-9c5c-1b2daab24598','9b705d9e-20f8-44ff-b88f-fcb5bb21e04a','bea72fa9-9d9f-4985-ba8b-2ff901e551b7','ba560c79-8372-4258-a669-a5d0e5cf973b','Deterministic','High',80,'user_30uQARGezqSApAChPSGSwFyUy85');
INSERT INTO public.relationships (id,project_id,source_id,target_id,type,confidence,weight,created_by) VALUES ('a49472a2-f61a-4f7d-98d5-2319708d2459','9b705d9e-20f8-44ff-b88f-fcb5bb21e04a','2221d7c4-3ffc-49ce-9603-7c69460468bd','ba560c79-8372-4258-a669-a5d0e5cf973b','Deterministic','High',75,'user_30uQARGezqSApAChPSGSwFyUy85');
INSERT INTO public.relationships (id,project_id,source_id,target_id,type,confidence,weight,created_by) VALUES ('57e905c2-32f1-49ef-9925-885bda9ef06e','9b705d9e-20f8-44ff-b88f-fcb5bb21e04a','4ddf5ca8-3faf-4fd3-bfbc-a136af47e85c','bea72fa9-9d9f-4985-ba8b-2ff901e551b7','Deterministic','High',80,'user_30uQARGezqSApAChPSGSwFyUy85');
INSERT INTO public.relationships (id,project_id,source_id,target_id,type,confidence,weight,created_by) VALUES ('5adb016a-424b-492f-9b00-ea10ee360d87','9b705d9e-20f8-44ff-b88f-fcb5bb21e04a','36ff57eb-f91f-4676-bec0-f044194c6aa0','bea72fa9-9d9f-4985-ba8b-2ff901e551b7','Deterministic','High',70,'user_30uQARGezqSApAChPSGSwFyUy85');
INSERT INTO public.relationships (id,project_id,source_id,target_id,type,confidence,weight,created_by) VALUES ('75a6694a-ea45-43e1-928b-ccfe3b3725d5','9b705d9e-20f8-44ff-b88f-fcb5bb21e04a','c80e60b0-e3cf-43f3-a44f-f29a56982abf','4ddf5ca8-3faf-4fd3-bfbc-a136af47e85c','Compositional','High',75,'user_30uQARGezqSApAChPSGSwFyUy85');
INSERT INTO public.relationships (id,project_id,source_id,target_id,type,confidence,weight,created_by) VALUES ('c4290108-ef39-4213-8d7d-442b7b1228ff','9b705d9e-20f8-44ff-b88f-fcb5bb21e04a','8e34c07d-792d-4198-9bfb-b3ba11b1ce60','4ddf5ca8-3faf-4fd3-bfbc-a136af47e85c','Compositional','High',70,'user_30uQARGezqSApAChPSGSwFyUy85');
INSERT INTO public.relationships (id,project_id,source_id,target_id,type,confidence,weight,created_by) VALUES ('480c62c5-0258-4c0b-b99e-b6338f6aad68','9b705d9e-20f8-44ff-b88f-fcb5bb21e04a','dec074f0-b275-4352-aeb7-3353ca261a22','4ddf5ca8-3faf-4fd3-bfbc-a136af47e85c','Compositional','High',55,'user_30uQARGezqSApAChPSGSwFyUy85');
INSERT INTO public.relationships (id,project_id,source_id,target_id,type,confidence,weight,created_by) VALUES ('1b32894f-d887-4f6d-ad93-c1a49ddcb6a9','9b705d9e-20f8-44ff-b88f-fcb5bb21e04a','7c854c61-2002-445f-b6b4-3288305ee4fc','4ddf5ca8-3faf-4fd3-bfbc-a136af47e85c','Compositional','High',50,'user_30uQARGezqSApAChPSGSwFyUy85');
INSERT INTO public.relationships (id,project_id,source_id,target_id,type,confidence,weight,created_by) VALUES ('79c31f5a-220c-49cd-b88d-1ad012dbd641','9b705d9e-20f8-44ff-b88f-fcb5bb21e04a','5efc8a3b-90d3-42eb-a237-53d94d1d2582','8fb62a1d-1e5d-4d9e-bd7b-55c13ca35d65','Deterministic','High',80,'user_30uQARGezqSApAChPSGSwFyUy85');
INSERT INTO public.relationships (id,project_id,source_id,target_id,type,confidence,weight,created_by) VALUES ('327e03c7-8b9a-49ca-9979-4831e9b3142a','9b705d9e-20f8-44ff-b88f-fcb5bb21e04a','5efc8a3b-90d3-42eb-a237-53d94d1d2582','b792ba91-824e-4675-843f-8cd7ff5365b2','Deterministic','High',70,'user_30uQARGezqSApAChPSGSwFyUy85');
INSERT INTO public.relationships (id,project_id,source_id,target_id,type,confidence,weight,created_by) VALUES ('e9734c9c-4148-4e54-9612-a7bd6ae30295','9b705d9e-20f8-44ff-b88f-fcb5bb21e04a','5efc8a3b-90d3-42eb-a237-53d94d1d2582','c80e60b0-e3cf-43f3-a44f-f29a56982abf','Causal','High',70,'user_30uQARGezqSApAChPSGSwFyUy85');
INSERT INTO public.relationships (id,project_id,source_id,target_id,type,confidence,weight,created_by) VALUES ('d937cdb8-050f-466c-b698-0bb2d85e328d','9b705d9e-20f8-44ff-b88f-fcb5bb21e04a','8fb62a1d-1e5d-4d9e-bd7b-55c13ca35d65','0e3bd8e7-e37d-4d9c-944a-4dc779b4aa4b','Deterministic','High',75,'user_30uQARGezqSApAChPSGSwFyUy85');
INSERT INTO public.relationships (id,project_id,source_id,target_id,type,confidence,weight,created_by) VALUES ('6498079d-335e-464f-80c7-52569d8dc65f','9b705d9e-20f8-44ff-b88f-fcb5bb21e04a','30a0309f-5b66-4182-a4ca-aa986e960384','0e3bd8e7-e37d-4d9c-944a-4dc779b4aa4b','Causal','High',60,'user_30uQARGezqSApAChPSGSwFyUy85');
INSERT INTO public.relationships (id,project_id,source_id,target_id,type,confidence,weight,created_by) VALUES ('1c46f180-8ce7-4d2c-b48b-e102a0b73e54','9b705d9e-20f8-44ff-b88f-fcb5bb21e04a','c612cb33-262c-49a4-a0c4-599d4d993aee','8d948a4a-2c99-4cba-8a3a-531fb63b52a3','Deterministic','High',70,'user_30uQARGezqSApAChPSGSwFyUy85');
INSERT INTO public.relationships (id,project_id,source_id,target_id,type,confidence,weight,created_by) VALUES ('62a7aae6-a490-4858-9098-a8310298631c','9b705d9e-20f8-44ff-b88f-fcb5bb21e04a','5efc8a3b-90d3-42eb-a237-53d94d1d2582','8d948a4a-2c99-4cba-8a3a-531fb63b52a3','Deterministic','High',70,'user_30uQARGezqSApAChPSGSwFyUy85');
INSERT INTO public.relationships (id,project_id,source_id,target_id,type,confidence,weight,created_by) VALUES ('2f4f3a50-a305-4e34-b3a8-b98c5199ee09','9b705d9e-20f8-44ff-b88f-fcb5bb21e04a','1b2478f1-c02e-49a8-9651-1df4b44c8397','30a0309f-5b66-4182-a4ca-aa986e960384','Causal','High',65,'user_30uQARGezqSApAChPSGSwFyUy85');
INSERT INTO public.relationships (id,project_id,source_id,target_id,type,confidence,weight,created_by) VALUES ('b83b8a77-0b2d-449f-aacd-8c6c62452fd2','9b705d9e-20f8-44ff-b88f-fcb5bb21e04a','4c5a01fb-3fc4-4c61-a601-ee325765e631','2221d7c4-3ffc-49ce-9603-7c69460468bd','Causal','High',70,'user_30uQARGezqSApAChPSGSwFyUy85');
INSERT INTO public.relationships (id,project_id,source_id,target_id,type,confidence,weight,created_by) VALUES ('ce39357f-da37-453b-b99a-f68bc1bafd3f','9b705d9e-20f8-44ff-b88f-fcb5bb21e04a','936a32fd-03fc-4558-a4e3-9d4577aeeef7','8e34c07d-792d-4198-9bfb-b3ba11b1ce60','Causal','High',70,'user_30uQARGezqSApAChPSGSwFyUy85');
INSERT INTO public.relationships (id,project_id,source_id,target_id,type,confidence,weight,created_by) VALUES ('3c4122ea-4be4-4f3d-86f4-83d3946fab9d','9b705d9e-20f8-44ff-b88f-fcb5bb21e04a','da4c6510-6a97-4050-b348-3dedff4de08c','dec074f0-b275-4352-aeb7-3353ca261a22','Probabilistic','High',50,'user_30uQARGezqSApAChPSGSwFyUy85');
INSERT INTO public.evidence_items (id,relationship_id,title,type,date,summary,hypothesis,link,impact_on_confidence,owner_id,created_by) VALUES ('df09dc04-7fdb-4d60-a74a-e9fe27ff3c43','e9734c9c-4148-4e54-9612-a7bd6ae30295','Experiment: Marketing Spend → Paid Leads','Experiment','2026-06-26','Observed a consistent relationship between Marketing Spend and Paid Leads over the last two quarters; effect size supports the current high-confidence rating.','Marketing Spend is a leading driver of Paid Leads',NULL,'Increases confidence','user_30uQARGezqSApAChPSGSwFyUy85','user_30uQARGezqSApAChPSGSwFyUy85');
INSERT INTO public.evidence_items (id,relationship_id,title,type,date,summary,hypothesis,link,impact_on_confidence,owner_id,created_by) VALUES ('5b54ee5e-3904-48c4-b9d0-98b7e58e904d','b83b8a77-0b2d-449f-aacd-8c6c62452fd2','Analysis: Lead Nurture → MQL→SQL Rate','Analysis','2026-06-19','Observed a consistent relationship between Lead Nurture and MQL→SQL Rate over the last two quarters; effect size supports the current high-confidence rating.','Lead Nurture is a leading driver of MQL→SQL Rate',NULL,'Supports current rating','user_30uQARGezqSApAChPSGSwFyUy85','user_30uQARGezqSApAChPSGSwFyUy85');
INSERT INTO public.evidence_items (id,relationship_id,title,type,date,summary,hypothesis,link,impact_on_confidence,owner_id,created_by) VALUES ('50b120bd-033b-4272-b230-0cf47b370b4a','ce39357f-da37-453b-b99a-f68bc1bafd3f','External Research: Content Engine → Organic Leads','External Research','2026-06-12','Observed a consistent relationship between Content Engine and Organic Leads over the last two quarters; effect size supports the current high-confidence rating.','Content Engine is a leading driver of Organic Leads',NULL,'Supports current rating','user_30uQARGezqSApAChPSGSwFyUy85','user_30uQARGezqSApAChPSGSwFyUy85');
INSERT INTO public.groups (id,project_id,name,color,node_ids,position_x,position_y,width,height,created_by) VALUES ('439b345e-4316-47ea-8a01-317deb24ac17','9b705d9e-20f8-44ff-b88f-fcb5bb21e04a','Channels','#3b82f6',ARRAY['c80e60b0-e3cf-43f3-a44f-f29a56982abf','8e34c07d-792d-4198-9bfb-b3ba11b1ce60','dec074f0-b275-4352-aeb7-3353ca261a22','7c854c61-2002-445f-b6b4-3288305ee4fc','4ddf5ca8-3faf-4fd3-bfbc-a136af47e85c']::uuid[],-540,714,1360,486,'user_30uQARGezqSApAChPSGSwFyUy85');
INSERT INTO public.groups (id,project_id,name,color,node_ids,position_x,position_y,width,height,created_by) VALUES ('add73dae-e02e-4d96-94f8-abc370902081','9b705d9e-20f8-44ff-b88f-fcb5bb21e04a','Funnel','#22c55e',ARRAY['bea72fa9-9d9f-4985-ba8b-2ff901e551b7','2221d7c4-3ffc-49ce-9603-7c69460468bd','36ff57eb-f91f-4676-bec0-f044194c6aa0','ba560c79-8372-4258-a669-a5d0e5cf973b','2221d7c4-3ffc-49ce-9603-7c69460468bd','75b19200-1de4-4455-a7f7-7a36cf9efff3','3bc8a866-b077-407b-bb2e-831acdc14869','30a0309f-5b66-4182-a4ca-aa986e960384']::uuid[],-880,114,1360,886,'user_30uQARGezqSApAChPSGSwFyUy85');
INSERT INTO public.groups (id,project_id,name,color,node_ids,position_x,position_y,width,height,created_by) VALUES ('bd29d855-db33-49a8-b61a-b916d8a66611','9b705d9e-20f8-44ff-b88f-fcb5bb21e04a','Efficiency','#f59e0b',ARRAY['5efc8a3b-90d3-42eb-a237-53d94d1d2582','8fb62a1d-1e5d-4d9e-bd7b-55c13ca35d65','0e3bd8e7-e37d-4d9c-944a-4dc779b4aa4b','b792ba91-824e-4675-843f-8cd7ff5365b2','8d948a4a-2c99-4cba-8a3a-531fb63b52a3']::uuid[],-370,114,1530,1286,'user_30uQARGezqSApAChPSGSwFyUy85');
INSERT INTO public.groups (id,project_id,name,color,node_ids,position_x,position_y,width,height,created_by) VALUES ('d0012aba-26dc-405f-ab90-9b80329c6dac','9b705d9e-20f8-44ff-b88f-fcb5bb21e04a','Strategy — Levers & Bets','#a855f7',ARRAY['1b2478f1-c02e-49a8-9651-1df4b44c8397','4c5a01fb-3fc4-4c61-a601-ee325765e631','936a32fd-03fc-4558-a4e3-9d4577aeeef7','da4c6510-6a97-4050-b348-3dedff4de08c']::uuid[],-30,314,680,1086,'user_30uQARGezqSApAChPSGSwFyUy85');
INSERT INTO public.canvas_nodes (id,project_id,node_type,title,position_x,position_y,data,created_by) VALUES ('f9d35a67-50c0-4d6f-884f-59478a48b980','9b705d9e-20f8-44ff-b88f-fcb5bb21e04a','whiteboardNode','Label',1370,-170,'{"shape":"text","text":"📊 Live Data Pipeline","fontSize":18,"width":300,"height":96,"fill":"#eef2ff","stroke":"#6366f1"}'::jsonb,'user_30uQARGezqSApAChPSGSwFyUy85');
INSERT INTO public.canvas_nodes (id,project_id,node_type,title,position_x,position_y,data,created_by) VALUES ('fff9ad01-408e-4b3d-89b3-8378b8c9ee46','9b705d9e-20f8-44ff-b88f-fcb5bb21e04a','sourceNode','Live Feed',1370,0,'{"title":"Live Feed (new bookings)","config":{"origin":"manual","rows":[{"period":"2026-01","value":7751},{"period":"2026-02","value":8061},{"period":"2026-03","value":8371},{"period":"2026-04","value":8681},{"period":"2026-05","value":8991},{"period":"2026-06","value":9301},{"period":"2026-07","value":9611}]},"series":[{"period":"2026-01","value":7751,"change_percent":0,"trend":"neutral"},{"period":"2026-02","value":8061,"change_percent":4,"trend":"up"},{"period":"2026-03","value":8371,"change_percent":3.8,"trend":"up"},{"period":"2026-04","value":8681,"change_percent":3.7,"trend":"up"},{"period":"2026-05","value":8991,"change_percent":3.6,"trend":"up"},{"period":"2026-06","value":9301,"change_percent":3.4,"trend":"up"},{"period":"2026-07","value":9611,"change_percent":3.3,"trend":"up"}],"refreshedAt":"2026-07-03T13:57:29.560Z"}'::jsonb,'user_30uQARGezqSApAChPSGSwFyUy85');
INSERT INTO public.canvas_nodes (id,project_id,node_type,title,position_x,position_y,data,created_by) VALUES ('9a3f0b65-fa8b-4a27-a9e9-2e855127839a','9b705d9e-20f8-44ff-b88f-fcb5bb21e04a','operatorNode','Projection',1730,0,'{"label":"Projection (a × 1.1 + feed)","operationType":"formula","isActive":true,"formula":"a * 1.1 + b","inputs":[{"key":"a","sourceId":"c612cb33-262c-49a4-a0c4-599d4d993aee","label":"Marketing-Sourced Revenue"},{"key":"b","sourceId":"fff9ad01-408e-4b3d-89b3-8378b8c9ee46","label":"Live feed"}]}'::jsonb,'user_30uQARGezqSApAChPSGSwFyUy85');
INSERT INTO public.canvas_nodes (id,project_id,node_type,title,position_x,position_y,data,created_by) VALUES ('07261c96-d712-490f-bd17-a97a43f20cce','9b705d9e-20f8-44ff-b88f-fcb5bb21e04a','chartNode','Actual vs Projection',2470,0,'{"chartType":"area","title":"Actual vs Projection","seriesCardIds":["c612cb33-262c-49a4-a0c4-599d4d993aee","62ca276f-fab3-40ee-ab22-06244a86077b"],"showLegend":true}'::jsonb,'user_30uQARGezqSApAChPSGSwFyUy85');
INSERT INTO public.canvas_nodes (id,project_id,node_type,title,position_x,position_y,data,created_by) VALUES ('f4456933-7218-4273-99cb-d670a20b6685','9b705d9e-20f8-44ff-b88f-fcb5bb21e04a','commentNode','Pipeline',1370,260,'{"title":"Live pipeline: Source → Operator → Card → Chart. Edit the Source, then Run Simulation.","projectId":"9b705d9e-20f8-44ff-b88f-fcb5bb21e04a"}'::jsonb,'user_30uQARGezqSApAChPSGSwFyUy85');
INSERT INTO public.comment_threads (id,project_id,source,context,is_resolved,created_by) VALUES ('92eda02b-2e91-46a7-bbdc-ae9dae3f3f91','9b705d9e-20f8-44ff-b88f-fcb5bb21e04a','node','{"cardId":"c612cb33-262c-49a4-a0c4-599d4d993aee"}'::jsonb,false,'user_30uQARGezqSApAChPSGSwFyUy85');
INSERT INTO public.comment_threads (id,project_id,source,context,is_resolved,created_by) VALUES ('56b8e440-0588-4a01-b7e8-bc586298f2f1','9b705d9e-20f8-44ff-b88f-fcb5bb21e04a','canvas',NULL,true,'user_30uQARGezqSApAChPSGSwFyUy85');
INSERT INTO public.comments (id,thread_id,author_id,content,resolved) VALUES ('91cf7b43-294e-4991-89ea-83d4ad6e6516','92eda02b-2e91-46a7-bbdc-ae9dae3f3f91','user_30uQARGezqSApAChPSGSwFyUy85','Marketing-Sourced Revenue is our anchor metric — the operator projection to the right recomputes it live. Does the seasonality here look right?',false);
INSERT INTO public.comments (id,thread_id,author_id,content,resolved) VALUES ('a4556ab6-f69e-49db-b737-173555937945','92eda02b-2e91-46a7-bbdc-ae9dae3f3f91','user_30uQARGezqSApAChPSGSwFyUy85','Compared it against the tracked-metric series in the catalog — trends match. Leaving this open until we wire the warehouse source.',false);
INSERT INTO public.comments (id,thread_id,author_id,content,resolved) VALUES ('ab42632b-2013-498b-b177-7c569c547887','56b8e440-0588-4a01-b7e8-bc586298f2f1','user_30uQARGezqSApAChPSGSwFyUy85','Grouped the levers & bets into a Strategy group — check the Strategy page for the kanban view.',true);
INSERT INTO public.dashboard_widgets (id,project_id,title,widget_type,config,layout,sort_index,created_by) VALUES ('871533ff-83bb-476f-adc7-6426ba6aa60f','9b705d9e-20f8-44ff-b88f-fcb5bb21e04a','Marketing-Sourced Revenue — Marketing KPIs','kpi','{"source":"tracked","trackedMetricIds":["f8957327-25ba-4336-aceb-8a9a0e3ea2a9"]}'::jsonb,'{"x":0,"y":0,"w":3,"h":4}'::jsonb,0,'user_30uQARGezqSApAChPSGSwFyUy85');
INSERT INTO public.dashboard_widgets (id,project_id,title,widget_type,config,layout,sort_index,created_by) VALUES ('0da33b76-b862-459f-91f5-e421943a8710','9b705d9e-20f8-44ff-b88f-fcb5bb21e04a','Marketing-Sourced Revenue & drivers','area','{"source":"card","cardIds":["c612cb33-262c-49a4-a0c4-599d4d993aee","62ca276f-fab3-40ee-ab22-06244a86077b","3bc8a866-b077-407b-bb2e-831acdc14869","30a0309f-5b66-4182-a4ca-aa986e960384"],"display":{"showLegend":true}}'::jsonb,'{"x":3,"y":0,"w":9,"h":8}'::jsonb,1,'user_30uQARGezqSApAChPSGSwFyUy85');
INSERT INTO public.dashboard_widgets (id,project_id,title,widget_type,config,layout,sort_index,created_by) VALUES ('0da71e97-89d1-4c22-85f6-824ccf298d3f','9b705d9e-20f8-44ff-b88f-fcb5bb21e04a','Key metrics','table','{"source":"card","cardIds":["c612cb33-262c-49a4-a0c4-599d4d993aee","62ca276f-fab3-40ee-ab22-06244a86077b","3bc8a866-b077-407b-bb2e-831acdc14869","30a0309f-5b66-4182-a4ca-aa986e960384"]}'::jsonb,'{"x":0,"y":4,"w":3,"h":8}'::jsonb,2,'user_30uQARGezqSApAChPSGSwFyUy85');
INSERT INTO public.alert_rules (id,project_id,card_id,name,rule_type,config,enabled,created_by) VALUES ('7269ddc6-2185-4452-8a27-51235b8de451','9b705d9e-20f8-44ff-b88f-fcb5bb21e04a','c612cb33-262c-49a4-a0c4-599d4d993aee','Marketing-Sourced Revenue floor','threshold','{"comparator":"lte","value":131771}'::jsonb,true,'user_30uQARGezqSApAChPSGSwFyUy85');
INSERT INTO public.alert_rules (id,project_id,card_id,name,rule_type,config,enabled,created_by) VALUES ('d3a70650-2703-4986-bbb6-2511c91a731f','9b705d9e-20f8-44ff-b88f-fcb5bb21e04a','c612cb33-262c-49a4-a0c4-599d4d993aee','Marketing-Sourced Revenue sudden drop','change','{"direction":"down","pct":10}'::jsonb,true,'user_30uQARGezqSApAChPSGSwFyUy85');

DELETE FROM public.projects WHERE created_by='user_30uQARGezqSApAChPSGSwFyUy85' AND name='Feature Launch — Example Metric Tree';
DELETE FROM public.tracked_metrics WHERE created_by='user_30uQARGezqSApAChPSGSwFyUy85' AND name='Activation Rate — Feature Launch';
INSERT INTO public.projects (id,name,description,created_by,last_modified_by,is_public,tags,settings) VALUES ('e4c40817-0a86-46d4-8bb1-79099db3c5fc','Feature Launch — Example Metric Tree','Adoption tree for a new feature: awareness → activation → engagement → retention lift and its revenue impact.','user_30uQARGezqSApAChPSGSwFyUy85','user_30uQARGezqSApAChPSGSwFyUy85',true,ARRAY['example','template'],'{"dataFlowEdges":[{"id":"ab490e8f-b88a-41b6-a161-dcd21ce4507c","source":"550dff98-f084-4bf8-9e9a-9046bb94e1f8","target":"6494819a-347a-4dee-abde-0722054defcb","type":"dataFlow"},{"id":"e83e48a6-6ecf-406d-9cb4-cff51ad52f73","source":"90b74e4e-aaf8-4553-ad18-bbb5f3ef8a41","target":"6494819a-347a-4dee-abde-0722054defcb","type":"dataFlow"},{"id":"0d1f7f00-736b-4095-bf68-d065b69a14e7","source":"6494819a-347a-4dee-abde-0722054defcb","target":"f6393fd8-26d8-4b5d-ac44-5013f0c262f2","type":"dataFlow"},{"id":"60567db1-240f-41fe-b991-0ac37ff786a7","source":"90b74e4e-aaf8-4553-ad18-bbb5f3ef8a41","target":"7ef966de-3915-4166-9a44-2267c8fb4120","type":"dataFlow"},{"id":"4a1c97de-f79b-4143-98a7-62c33bd5203e","source":"f6393fd8-26d8-4b5d-ac44-5013f0c262f2","target":"7ef966de-3915-4166-9a44-2267c8fb4120","type":"dataFlow"}]}'::jsonb);
INSERT INTO public.tracked_metrics (id,name,state,unit,formula,owner_label,source_kind,origin_card_id,origin_project_id,created_by) VALUES ('8c63db66-0fa8-472d-a556-8244031ce997','Activation Rate — Feature Launch','tracked','%',NULL,'Growth','manual','90b74e4e-aaf8-4553-ad18-bbb5f3ef8a41','e4c40817-0a86-46d4-8bb1-79099db3c5fc','user_30uQARGezqSApAChPSGSwFyUy85');
INSERT INTO public.metric_cards (id,project_id,title,description,category,sub_category,status,workflow,tracked_metric_id,position_x,position_y,created_by,data) VALUES ('2f45ee9c-d767-4479-b9ca-10078fa080fa','e4c40817-0a86-46d4-8bb1-79099db3c5fc','Feature Revenue Impact','Retained/expanded revenue from feature','Core/Value','Critical Path',NULL,'{"businessImpact":"High"}'::jsonb,NULL,0,0,'user_30uQARGezqSApAChPSGSwFyUy85','[{"period":"2026-01","value":613669,"change_percent":0,"trend":"neutral"},{"period":"2026-02","value":643639,"change_percent":4.9,"trend":"up"},{"period":"2026-03","value":679742,"change_percent":5.6,"trend":"up"},{"period":"2026-04","value":704657,"change_percent":3.7,"trend":"up"},{"period":"2026-05","value":744204,"change_percent":5.6,"trend":"up"},{"period":"2026-06","value":786774,"change_percent":5.7,"trend":"up"},{"period":"2026-07","value":827073,"change_percent":5.1,"trend":"up"}]'::jsonb);
INSERT INTO public.metric_cards (id,project_id,title,description,category,sub_category,status,workflow,tracked_metric_id,position_x,position_y,created_by,data) VALUES ('53b84134-d49a-4f7d-be6c-8e31dca90a91','e4c40817-0a86-46d4-8bb1-79099db3c5fc','Active Adopters','Users using the feature','Data/Metric',NULL,NULL,'{}'::jsonb,NULL,-340,200,'user_30uQARGezqSApAChPSGSwFyUy85','[{"period":"2026-01","value":2247,"change_percent":0,"trend":"neutral"},{"period":"2026-02","value":2415,"change_percent":7.5,"trend":"up"},{"period":"2026-03","value":2644,"change_percent":9.5,"trend":"up"},{"period":"2026-04","value":2813,"change_percent":6.4,"trend":"up"},{"period":"2026-05","value":2975,"change_percent":5.8,"trend":"up"},{"period":"2026-06","value":3204,"change_percent":7.7,"trend":"up"},{"period":"2026-07","value":3405,"change_percent":6.3,"trend":"up"}]'::jsonb);
INSERT INTO public.metric_cards (id,project_id,title,description,category,sub_category,status,workflow,tracked_metric_id,position_x,position_y,created_by,data) VALUES ('cdbeb93e-0fce-499f-931c-b45546eea27d','e4c40817-0a86-46d4-8bb1-79099db3c5fc','Adoption Rate','Adopters ÷ Eligible Users','Data/Metric',NULL,NULL,'{}'::jsonb,NULL,-680,400,'user_30uQARGezqSApAChPSGSwFyUy85','[{"period":"2026-01","value":11.6,"change_percent":0,"trend":"neutral"},{"period":"2026-02","value":12,"change_percent":3.4,"trend":"up"},{"period":"2026-03","value":12.3,"change_percent":2.5,"trend":"up"},{"period":"2026-04","value":12.7,"change_percent":3.3,"trend":"up"},{"period":"2026-05","value":13.2,"change_percent":3.9,"trend":"up"},{"period":"2026-06","value":13.8,"change_percent":4.5,"trend":"up"},{"period":"2026-07","value":14.5,"change_percent":5.1,"trend":"up"}]'::jsonb);
INSERT INTO public.metric_cards (id,project_id,title,description,category,sub_category,status,workflow,tracked_metric_id,position_x,position_y,created_by,data) VALUES ('ed78dc98-ee68-4993-b079-8580b5e74a3f','e4c40817-0a86-46d4-8bb1-79099db3c5fc','Eligible Users','Users who can access it','Data/Metric',NULL,NULL,'{}'::jsonb,NULL,-340,400,'user_30uQARGezqSApAChPSGSwFyUy85','[{"period":"2026-01","value":3638,"change_percent":0,"trend":"neutral"},{"period":"2026-02","value":3828,"change_percent":5.2,"trend":"up"},{"period":"2026-03","value":4017,"change_percent":4.9,"trend":"up"},{"period":"2026-04","value":4152,"change_percent":3.4,"trend":"up"},{"period":"2026-05","value":4284,"change_percent":3.2,"trend":"up"},{"period":"2026-06","value":4544,"change_percent":6.1,"trend":"up"},{"period":"2026-07","value":4855,"change_percent":6.8,"trend":"up"}]'::jsonb);
INSERT INTO public.metric_cards (id,project_id,title,description,category,sub_category,status,workflow,tracked_metric_id,position_x,position_y,created_by,data) VALUES ('aee3ba17-0b9f-447a-a95d-3fa8d00a8b47','e4c40817-0a86-46d4-8bb1-79099db3c5fc','Aware Users','Saw announcement/entry point','Data/Metric',NULL,NULL,'{}'::jsonb,NULL,-510,800,'user_30uQARGezqSApAChPSGSwFyUy85','[{"period":"2026-01","value":4964,"change_percent":0,"trend":"neutral"},{"period":"2026-02","value":5186,"change_percent":4.5,"trend":"up"},{"period":"2026-03","value":5537,"change_percent":6.8,"trend":"up"},{"period":"2026-04","value":5907,"change_percent":6.7,"trend":"up"},{"period":"2026-05","value":6042,"change_percent":2.3,"trend":"up"},{"period":"2026-06","value":6282,"change_percent":4,"trend":"up"},{"period":"2026-07","value":6661,"change_percent":6,"trend":"up"}]'::jsonb);
INSERT INTO public.metric_cards (id,project_id,title,description,category,sub_category,status,workflow,tracked_metric_id,position_x,position_y,created_by,data) VALUES ('30ff708f-a482-4341-a5a2-5d3a9623db45','e4c40817-0a86-46d4-8bb1-79099db3c5fc','Awareness Rate','Aware ÷ Eligible','Data/Metric',NULL,NULL,'{}'::jsonb,NULL,-170,1000,'user_30uQARGezqSApAChPSGSwFyUy85','[{"period":"2026-01","value":33.7,"change_percent":0,"trend":"neutral"},{"period":"2026-02","value":34.2,"change_percent":1.5,"trend":"up"},{"period":"2026-03","value":34.8,"change_percent":1.8,"trend":"up"},{"period":"2026-04","value":36.1,"change_percent":3.7,"trend":"up"},{"period":"2026-05","value":37.5,"change_percent":3.9,"trend":"up"},{"period":"2026-06","value":38.9,"change_percent":3.7,"trend":"up"},{"period":"2026-07","value":40.4,"change_percent":3.9,"trend":"up"}]'::jsonb);
INSERT INTO public.metric_cards (id,project_id,title,description,category,sub_category,status,workflow,tracked_metric_id,position_x,position_y,created_by,data) VALUES ('421ce798-82c8-40af-b0d5-a915111d0d5d','e4c40817-0a86-46d4-8bb1-79099db3c5fc','Tried Once','First-use users','Data/Metric',NULL,NULL,'{}'::jsonb,NULL,-340,600,'user_30uQARGezqSApAChPSGSwFyUy85','[{"period":"2026-01","value":3219,"change_percent":0,"trend":"neutral"},{"period":"2026-02","value":3487,"change_percent":8.3,"trend":"up"},{"period":"2026-03","value":3741,"change_percent":7.3,"trend":"up"},{"period":"2026-04","value":4041,"change_percent":8,"trend":"up"},{"period":"2026-05","value":4316,"change_percent":6.8,"trend":"up"},{"period":"2026-06","value":4505,"change_percent":4.4,"trend":"up"},{"period":"2026-07","value":4731,"change_percent":5,"trend":"up"}]'::jsonb);
INSERT INTO public.metric_cards (id,project_id,title,description,category,sub_category,status,workflow,tracked_metric_id,position_x,position_y,created_by,data) VALUES ('90b74e4e-aaf8-4553-ad18-bbb5f3ef8a41','e4c40817-0a86-46d4-8bb1-79099db3c5fc','Activation Rate','Reached aha-moment','Data/Metric',NULL,NULL,'{}'::jsonb,'8c63db66-0fa8-472d-a556-8244031ce997',0,600,'user_30uQARGezqSApAChPSGSwFyUy85','[{"period":"2026-01","value":45.9,"change_percent":0,"trend":"neutral"},{"period":"2026-02","value":48.5,"change_percent":5.7,"trend":"up"},{"period":"2026-03","value":52.2,"change_percent":7.6,"trend":"up"},{"period":"2026-04","value":55.4,"change_percent":6.1,"trend":"up"},{"period":"2026-05","value":57.4,"change_percent":3.6,"trend":"up"},{"period":"2026-06","value":60.9,"change_percent":6.1,"trend":"up"},{"period":"2026-07","value":64.1,"change_percent":5.3,"trend":"up"}]'::jsonb);
INSERT INTO public.metric_cards (id,project_id,title,description,category,sub_category,status,workflow,tracked_metric_id,position_x,position_y,created_by,data) VALUES ('29d11828-5949-4200-83e7-00819d39e381','e4c40817-0a86-46d4-8bb1-79099db3c5fc','Weekly Active (feature)','Repeat weekly usage','Data/Metric',NULL,NULL,'{}'::jsonb,NULL,0,400,'user_30uQARGezqSApAChPSGSwFyUy85','[{"period":"2026-01","value":3696,"change_percent":0,"trend":"neutral"},{"period":"2026-02","value":3902,"change_percent":5.6,"trend":"up"},{"period":"2026-03","value":4137,"change_percent":6,"trend":"up"},{"period":"2026-04","value":4350,"change_percent":5.1,"trend":"up"},{"period":"2026-05","value":4669,"change_percent":7.3,"trend":"up"},{"period":"2026-06","value":4906,"change_percent":5.1,"trend":"up"},{"period":"2026-07","value":5334,"change_percent":8.7,"trend":"up"}]'::jsonb);
INSERT INTO public.metric_cards (id,project_id,title,description,category,sub_category,status,workflow,tracked_metric_id,position_x,position_y,created_by,data) VALUES ('7ac470fe-078e-45a0-a816-3ff85a1144e4','e4c40817-0a86-46d4-8bb1-79099db3c5fc','Usage Depth','Actions per active user','Data/Metric',NULL,NULL,'{}'::jsonb,NULL,340,600,'user_30uQARGezqSApAChPSGSwFyUy85','[{"period":"2026-01","value":2276,"change_percent":0,"trend":"neutral"},{"period":"2026-02","value":2375,"change_percent":4.3,"trend":"up"},{"period":"2026-03","value":2435,"change_percent":2.5,"trend":"up"},{"period":"2026-04","value":2477,"change_percent":1.7,"trend":"up"},{"period":"2026-05","value":2527,"change_percent":2,"trend":"up"},{"period":"2026-06","value":2637,"change_percent":4.4,"trend":"up"},{"period":"2026-07","value":2770,"change_percent":5,"trend":"up"}]'::jsonb);
INSERT INTO public.metric_cards (id,project_id,title,description,category,sub_category,status,workflow,tracked_metric_id,position_x,position_y,created_by,data) VALUES ('e0453055-11dc-4d2f-855b-9cb99b49b8ea','e4c40817-0a86-46d4-8bb1-79099db3c5fc','Stickiness','WAU ÷ MAU (feature)','Data/Metric',NULL,NULL,'{}'::jsonb,NULL,340,400,'user_30uQARGezqSApAChPSGSwFyUy85','[{"period":"2026-01","value":1241,"change_percent":0,"trend":"neutral"},{"period":"2026-02","value":1329,"change_percent":7.1,"trend":"up"},{"period":"2026-03","value":1464,"change_percent":10.2,"trend":"up"},{"period":"2026-04","value":1581,"change_percent":8,"trend":"up"},{"period":"2026-05","value":1675,"change_percent":5.9,"trend":"up"},{"period":"2026-06","value":1769,"change_percent":5.6,"trend":"up"},{"period":"2026-07","value":1894,"change_percent":7.1,"trend":"up"}]'::jsonb);
INSERT INTO public.metric_cards (id,project_id,title,description,category,sub_category,status,workflow,tracked_metric_id,position_x,position_y,created_by,data) VALUES ('0e91f675-7c06-490f-9a8c-f7945c342701','e4c40817-0a86-46d4-8bb1-79099db3c5fc','Retention Lift','Retention of adopters − non-adopters','Data/Metric',NULL,NULL,'{}'::jsonb,NULL,0,200,'user_30uQARGezqSApAChPSGSwFyUy85','[{"period":"2026-01","value":13.7,"change_percent":0,"trend":"neutral"},{"period":"2026-02","value":14.3,"change_percent":4.4,"trend":"up"},{"period":"2026-03","value":14.4,"change_percent":0.7,"trend":"neutral"},{"period":"2026-04","value":14.9,"change_percent":3.5,"trend":"up"},{"period":"2026-05","value":15.4,"change_percent":3.4,"trend":"up"},{"period":"2026-06","value":15.7,"change_percent":1.9,"trend":"up"},{"period":"2026-07","value":16.3,"change_percent":3.8,"trend":"up"}]'::jsonb);
INSERT INTO public.metric_cards (id,project_id,title,description,category,sub_category,status,workflow,tracked_metric_id,position_x,position_y,created_by,data) VALUES ('011f8ac2-1a8c-4913-8eeb-e5d8235c4af5','e4c40817-0a86-46d4-8bb1-79099db3c5fc','Expansion Rate','Upsell tied to feature','Data/Metric',NULL,NULL,'{}'::jsonb,NULL,340,200,'user_30uQARGezqSApAChPSGSwFyUy85','[{"period":"2026-01","value":62.7,"change_percent":0,"trend":"neutral"},{"period":"2026-02","value":65.4,"change_percent":4.3,"trend":"up"},{"period":"2026-03","value":70.2,"change_percent":7.3,"trend":"up"},{"period":"2026-04","value":73.6,"change_percent":4.8,"trend":"up"},{"period":"2026-05","value":79.6,"change_percent":8.2,"trend":"up"},{"period":"2026-06","value":83.2,"change_percent":4.5,"trend":"up"},{"period":"2026-07","value":87.7,"change_percent":5.4,"trend":"up"}]'::jsonb);
INSERT INTO public.metric_cards (id,project_id,title,description,category,sub_category,status,workflow,tracked_metric_id,position_x,position_y,created_by,data) VALUES ('937286a5-2d14-46aa-b536-2f62bad2bbb3','e4c40817-0a86-46d4-8bb1-79099db3c5fc','Feature CSAT','Satisfaction score','Data/Metric',NULL,NULL,'{}'::jsonb,NULL,680,400,'user_30uQARGezqSApAChPSGSwFyUy85','[{"period":"2026-01","value":2525,"change_percent":0,"trend":"neutral"},{"period":"2026-02","value":2596,"change_percent":2.8,"trend":"up"},{"period":"2026-03","value":2639,"change_percent":1.7,"trend":"up"},{"period":"2026-04","value":2703,"change_percent":2.4,"trend":"up"},{"period":"2026-05","value":2742,"change_percent":1.4,"trend":"up"},{"period":"2026-06","value":2878,"change_percent":5,"trend":"up"},{"period":"2026-07","value":2883,"change_percent":0.2,"trend":"neutral"}]'::jsonb);
INSERT INTO public.metric_cards (id,project_id,title,description,category,sub_category,status,workflow,tracked_metric_id,position_x,position_y,created_by,data) VALUES ('b6c8dc9a-81c4-441c-915a-d21e9b14422e','e4c40817-0a86-46d4-8bb1-79099db3c5fc','Time to Value','Minutes to first value','Data/Metric',NULL,NULL,'{}'::jsonb,NULL,-170,800,'user_30uQARGezqSApAChPSGSwFyUy85','[{"period":"2026-01","value":580538,"change_percent":0,"trend":"neutral"},{"period":"2026-02","value":606997,"change_percent":4.6,"trend":"up"},{"period":"2026-03","value":640601,"change_percent":5.5,"trend":"up"},{"period":"2026-04","value":674980,"change_percent":5.4,"trend":"up"},{"period":"2026-05","value":724318,"change_percent":7.3,"trend":"up"},{"period":"2026-06","value":746458,"change_percent":3.1,"trend":"up"},{"period":"2026-07","value":790804,"change_percent":5.9,"trend":"up"}]'::jsonb);
INSERT INTO public.metric_cards (id,project_id,title,description,category,sub_category,status,workflow,tracked_metric_id,position_x,position_y,created_by,data) VALUES ('f50480a7-3bc3-4490-aff7-9eceb4a5a149','e4c40817-0a86-46d4-8bb1-79099db3c5fc','In-product Onboarding','Tooltips + checklist','Work/Action','Experiment','in_progress','{"priority":"High","dueDate":"2026-07-17","effort":3}'::jsonb,NULL,170,800,'user_30uQARGezqSApAChPSGSwFyUy85','[]'::jsonb);
INSERT INTO public.metric_cards (id,project_id,title,description,category,sub_category,status,workflow,tracked_metric_id,position_x,position_y,created_by,data) VALUES ('d4c96fd4-bb29-4a45-8fbd-44b42d41c3b2','e4c40817-0a86-46d4-8bb1-79099db3c5fc','Launch Campaign','Email + in-app announce','Work/Action','Initiative','planning','{"priority":"Medium","dueDate":"2026-08-07","effort":7}'::jsonb,NULL,0,1200,'user_30uQARGezqSApAChPSGSwFyUy85','[]'::jsonb);
INSERT INTO public.metric_cards (id,project_id,title,description,category,sub_category,status,workflow,tracked_metric_id,position_x,position_y,created_by,data) VALUES ('41cc72b1-42d2-4b2a-ac7e-82a13f70fa28','e4c40817-0a86-46d4-8bb1-79099db3c5fc','Reduce Time-to-Value','Templates + defaults','Work/Action','BAU','backlog','{"priority":"Low","dueDate":"2026-08-28","effort":11}'::jsonb,NULL,170,1000,'user_30uQARGezqSApAChPSGSwFyUy85','[]'::jsonb);
INSERT INTO public.metric_cards (id,project_id,title,description,category,sub_category,status,workflow,tracked_metric_id,position_x,position_y,created_by,data) VALUES ('919c498a-369b-4dc5-87a8-258ad332f8dc','e4c40817-0a86-46d4-8bb1-79099db3c5fc','Onboarding checklist lifts activation 20%','','Ideas/Hypothesis','Factor','backlog','{"confidence":"High","testable":true,"assumptions":["Onboarding checklist lifts activation 20% holds for the core segment"],"successCriteria":["Statistically significant lift within one quarter"]}'::jsonb,NULL,510,800,'user_30uQARGezqSApAChPSGSwFyUy85','[]'::jsonb);
INSERT INTO public.metric_cards (id,project_id,title,description,category,sub_category,status,workflow,tracked_metric_id,position_x,position_y,created_by,data) VALUES ('f6393fd8-26d8-4b5d-ac44-5013f0c262f2','e4c40817-0a86-46d4-8bb1-79099db3c5fc','Activation Rate — Projection','Operator output: Activation Rate × 1.1 + live feed','Data/Metric',NULL,NULL,'{}'::jsonb,NULL,1920,0,'user_30uQARGezqSApAChPSGSwFyUy85','[{"period":"2026-01","value":150,"change_percent":0,"trend":"neutral"},{"period":"2026-02","value":157,"change_percent":4.7,"trend":"up"},{"period":"2026-03","value":165,"change_percent":5.1,"trend":"up"},{"period":"2026-04","value":173,"change_percent":4.8,"trend":"up"},{"period":"2026-05","value":179,"change_percent":3.5,"trend":"up"},{"period":"2026-06","value":187,"change_percent":4.5,"trend":"up"},{"period":"2026-07","value":195,"change_percent":4.3,"trend":"up"}]'::jsonb);
INSERT INTO public.metric_values (id,tracked_metric_id,period,value,change_percent,trend,source,created_by) VALUES ('5c1c1d4a-ed85-49d3-b49f-62fc0b8879d5','8c63db66-0fa8-472d-a556-8244031ce997','2026-01',45.9,0,'neutral','seed','user_30uQARGezqSApAChPSGSwFyUy85');
INSERT INTO public.metric_values (id,tracked_metric_id,period,value,change_percent,trend,source,created_by) VALUES ('6827bb50-d2a6-4b4d-9887-1635aa48bc35','8c63db66-0fa8-472d-a556-8244031ce997','2026-02',48.5,5.7,'up','seed','user_30uQARGezqSApAChPSGSwFyUy85');
INSERT INTO public.metric_values (id,tracked_metric_id,period,value,change_percent,trend,source,created_by) VALUES ('2019f063-bed0-415e-b21c-2bd38b4da9a4','8c63db66-0fa8-472d-a556-8244031ce997','2026-03',52.2,7.6,'up','seed','user_30uQARGezqSApAChPSGSwFyUy85');
INSERT INTO public.metric_values (id,tracked_metric_id,period,value,change_percent,trend,source,created_by) VALUES ('d263536c-bd2a-41cb-8d3d-c747e7e6427d','8c63db66-0fa8-472d-a556-8244031ce997','2026-04',55.4,6.1,'up','seed','user_30uQARGezqSApAChPSGSwFyUy85');
INSERT INTO public.metric_values (id,tracked_metric_id,period,value,change_percent,trend,source,created_by) VALUES ('fab206e8-83ff-48d8-88ff-922e4b5f9a89','8c63db66-0fa8-472d-a556-8244031ce997','2026-05',57.4,3.6,'up','seed','user_30uQARGezqSApAChPSGSwFyUy85');
INSERT INTO public.metric_values (id,tracked_metric_id,period,value,change_percent,trend,source,created_by) VALUES ('ebaebbab-1a24-41f4-94e7-0f062a9e205c','8c63db66-0fa8-472d-a556-8244031ce997','2026-06',60.9,6.1,'up','seed','user_30uQARGezqSApAChPSGSwFyUy85');
INSERT INTO public.metric_values (id,tracked_metric_id,period,value,change_percent,trend,source,created_by) VALUES ('4afa0395-52d6-47ec-a2a9-3b43497b9598','8c63db66-0fa8-472d-a556-8244031ce997','2026-07',64.1,5.3,'up','seed','user_30uQARGezqSApAChPSGSwFyUy85');
INSERT INTO public.relationships (id,project_id,source_id,target_id,type,confidence,weight,created_by) VALUES ('32372e6a-cc60-46e7-b430-2e1a92188a59','e4c40817-0a86-46d4-8bb1-79099db3c5fc','53b84134-d49a-4f7d-be6c-8e31dca90a91','2f45ee9c-d767-4479-b9ca-10078fa080fa','Causal','High',80,'user_30uQARGezqSApAChPSGSwFyUy85');
INSERT INTO public.relationships (id,project_id,source_id,target_id,type,confidence,weight,created_by) VALUES ('ca8970a4-f951-4dd0-975e-40e2f7623477','e4c40817-0a86-46d4-8bb1-79099db3c5fc','0e91f675-7c06-490f-9a8c-f7945c342701','2f45ee9c-d767-4479-b9ca-10078fa080fa','Causal','High',75,'user_30uQARGezqSApAChPSGSwFyUy85');
INSERT INTO public.relationships (id,project_id,source_id,target_id,type,confidence,weight,created_by) VALUES ('a04d2051-e95b-45e2-a7de-20e2eff46449','e4c40817-0a86-46d4-8bb1-79099db3c5fc','011f8ac2-1a8c-4913-8eeb-e5d8235c4af5','2f45ee9c-d767-4479-b9ca-10078fa080fa','Causal','High',65,'user_30uQARGezqSApAChPSGSwFyUy85');
INSERT INTO public.relationships (id,project_id,source_id,target_id,type,confidence,weight,created_by) VALUES ('9bfc3a9d-b82d-4850-95f4-0cfe9415dab4','e4c40817-0a86-46d4-8bb1-79099db3c5fc','cdbeb93e-0fce-499f-931c-b45546eea27d','53b84134-d49a-4f7d-be6c-8e31dca90a91','Deterministic','High',80,'user_30uQARGezqSApAChPSGSwFyUy85');
INSERT INTO public.relationships (id,project_id,source_id,target_id,type,confidence,weight,created_by) VALUES ('c71a0222-45da-479e-9262-66246d124628','e4c40817-0a86-46d4-8bb1-79099db3c5fc','ed78dc98-ee68-4993-b079-8580b5e74a3f','53b84134-d49a-4f7d-be6c-8e31dca90a91','Causal','High',70,'user_30uQARGezqSApAChPSGSwFyUy85');
INSERT INTO public.relationships (id,project_id,source_id,target_id,type,confidence,weight,created_by) VALUES ('b29e3112-b727-4eb5-a409-a24c29b7305e','e4c40817-0a86-46d4-8bb1-79099db3c5fc','aee3ba17-0b9f-447a-a95d-3fa8d00a8b47','421ce798-82c8-40af-b0d5-a915111d0d5d','Causal','High',75,'user_30uQARGezqSApAChPSGSwFyUy85');
INSERT INTO public.relationships (id,project_id,source_id,target_id,type,confidence,weight,created_by) VALUES ('0e4dddea-1565-4d5c-95e2-b64b3fac7f53','e4c40817-0a86-46d4-8bb1-79099db3c5fc','30ff708f-a482-4341-a5a2-5d3a9623db45','aee3ba17-0b9f-447a-a95d-3fa8d00a8b47','Deterministic','High',70,'user_30uQARGezqSApAChPSGSwFyUy85');
INSERT INTO public.relationships (id,project_id,source_id,target_id,type,confidence,weight,created_by) VALUES ('db2eeaad-5567-42bc-bacb-c73ba8b941ee','e4c40817-0a86-46d4-8bb1-79099db3c5fc','421ce798-82c8-40af-b0d5-a915111d0d5d','cdbeb93e-0fce-499f-931c-b45546eea27d','Causal','High',70,'user_30uQARGezqSApAChPSGSwFyUy85');
INSERT INTO public.relationships (id,project_id,source_id,target_id,type,confidence,weight,created_by) VALUES ('fb55c9dc-8bb7-41bd-addc-dca4a7e26697','e4c40817-0a86-46d4-8bb1-79099db3c5fc','90b74e4e-aaf8-4553-ad18-bbb5f3ef8a41','cdbeb93e-0fce-499f-931c-b45546eea27d','Causal','High',75,'user_30uQARGezqSApAChPSGSwFyUy85');
INSERT INTO public.relationships (id,project_id,source_id,target_id,type,confidence,weight,created_by) VALUES ('6a251c02-5d73-4b77-bb51-1f3a068ae98c','e4c40817-0a86-46d4-8bb1-79099db3c5fc','b6c8dc9a-81c4-441c-915a-d21e9b14422e','90b74e4e-aaf8-4553-ad18-bbb5f3ef8a41','Causal','High',70,'user_30uQARGezqSApAChPSGSwFyUy85');
INSERT INTO public.relationships (id,project_id,source_id,target_id,type,confidence,weight,created_by) VALUES ('beffba84-969f-4cf6-85f0-d1034185ead2','e4c40817-0a86-46d4-8bb1-79099db3c5fc','29d11828-5949-4200-83e7-00819d39e381','0e91f675-7c06-490f-9a8c-f7945c342701','Causal','High',70,'user_30uQARGezqSApAChPSGSwFyUy85');
INSERT INTO public.relationships (id,project_id,source_id,target_id,type,confidence,weight,created_by) VALUES ('d4cfc507-41e4-4fc7-a6b0-41d254876392','e4c40817-0a86-46d4-8bb1-79099db3c5fc','7ac470fe-078e-45a0-a816-3ff85a1144e4','29d11828-5949-4200-83e7-00819d39e381','Causal','High',65,'user_30uQARGezqSApAChPSGSwFyUy85');
INSERT INTO public.relationships (id,project_id,source_id,target_id,type,confidence,weight,created_by) VALUES ('a1c698e7-56f2-4132-b4b6-2e78b67e5180','e4c40817-0a86-46d4-8bb1-79099db3c5fc','e0453055-11dc-4d2f-855b-9cb99b49b8ea','0e91f675-7c06-490f-9a8c-f7945c342701','Causal','High',65,'user_30uQARGezqSApAChPSGSwFyUy85');
INSERT INTO public.relationships (id,project_id,source_id,target_id,type,confidence,weight,created_by) VALUES ('de2b9575-f086-490e-b6c1-b7a3dfb76138','e4c40817-0a86-46d4-8bb1-79099db3c5fc','937286a5-2d14-46aa-b536-2f62bad2bbb3','0e91f675-7c06-490f-9a8c-f7945c342701','Causal','High',55,'user_30uQARGezqSApAChPSGSwFyUy85');
INSERT INTO public.relationships (id,project_id,source_id,target_id,type,confidence,weight,created_by) VALUES ('fbb3c553-f480-47b5-9dad-b21b0b31edbb','e4c40817-0a86-46d4-8bb1-79099db3c5fc','f50480a7-3bc3-4490-aff7-9eceb4a5a149','90b74e4e-aaf8-4553-ad18-bbb5f3ef8a41','Causal','High',75,'user_30uQARGezqSApAChPSGSwFyUy85');
INSERT INTO public.relationships (id,project_id,source_id,target_id,type,confidence,weight,created_by) VALUES ('35438a28-b30d-4ffc-8af9-95864a855655','e4c40817-0a86-46d4-8bb1-79099db3c5fc','d4c96fd4-bb29-4a45-8fbd-44b42d41c3b2','30ff708f-a482-4341-a5a2-5d3a9623db45','Causal','High',70,'user_30uQARGezqSApAChPSGSwFyUy85');
INSERT INTO public.relationships (id,project_id,source_id,target_id,type,confidence,weight,created_by) VALUES ('ddce3c5f-53db-4ec6-b7b7-ad7dc0e338c2','e4c40817-0a86-46d4-8bb1-79099db3c5fc','41cc72b1-42d2-4b2a-ac7e-82a13f70fa28','b6c8dc9a-81c4-441c-915a-d21e9b14422e','Causal','High',70,'user_30uQARGezqSApAChPSGSwFyUy85');
INSERT INTO public.relationships (id,project_id,source_id,target_id,type,confidence,weight,created_by) VALUES ('17faaef1-64f2-438c-99ab-4a462c5d206f','e4c40817-0a86-46d4-8bb1-79099db3c5fc','919c498a-369b-4dc5-87a8-258ad332f8dc','90b74e4e-aaf8-4553-ad18-bbb5f3ef8a41','Probabilistic','High',50,'user_30uQARGezqSApAChPSGSwFyUy85');
INSERT INTO public.evidence_items (id,relationship_id,title,type,date,summary,hypothesis,link,impact_on_confidence,owner_id,created_by) VALUES ('e018f180-b858-4512-a50d-ba063212b4df','32372e6a-cc60-46e7-b430-2e1a92188a59','Experiment: Active Adopters → Feature Revenue Impact','Experiment','2026-06-26','Observed a consistent relationship between Active Adopters and Feature Revenue Impact over the last two quarters; effect size supports the current high-confidence rating.','Active Adopters is a leading driver of Feature Revenue Impact',NULL,'Increases confidence','user_30uQARGezqSApAChPSGSwFyUy85','user_30uQARGezqSApAChPSGSwFyUy85');
INSERT INTO public.evidence_items (id,relationship_id,title,type,date,summary,hypothesis,link,impact_on_confidence,owner_id,created_by) VALUES ('f6cb361b-c346-4c16-9ec6-4aea3f6f0f50','ca8970a4-f951-4dd0-975e-40e2f7623477','Analysis: Retention Lift → Feature Revenue Impact','Analysis','2026-06-19','Observed a consistent relationship between Retention Lift and Feature Revenue Impact over the last two quarters; effect size supports the current high-confidence rating.','Retention Lift is a leading driver of Feature Revenue Impact',NULL,'Supports current rating','user_30uQARGezqSApAChPSGSwFyUy85','user_30uQARGezqSApAChPSGSwFyUy85');
INSERT INTO public.evidence_items (id,relationship_id,title,type,date,summary,hypothesis,link,impact_on_confidence,owner_id,created_by) VALUES ('7dccf643-cdab-4273-be0e-915948a68526','b29e3112-b727-4eb5-a409-a24c29b7305e','External Research: Aware Users → Tried Once','External Research','2026-06-12','Observed a consistent relationship between Aware Users and Tried Once over the last two quarters; effect size supports the current high-confidence rating.','Aware Users is a leading driver of Tried Once',NULL,'Supports current rating','user_30uQARGezqSApAChPSGSwFyUy85','user_30uQARGezqSApAChPSGSwFyUy85');
INSERT INTO public.groups (id,project_id,name,color,node_ids,position_x,position_y,width,height,created_by) VALUES ('59d4726c-d350-4444-b942-f4bb5f570d8a','e4c40817-0a86-46d4-8bb1-79099db3c5fc','Awareness','#3b82f6',ARRAY['ed78dc98-ee68-4993-b079-8580b5e74a3f','aee3ba17-0b9f-447a-a95d-3fa8d00a8b47','30ff708f-a482-4341-a5a2-5d3a9623db45','421ce798-82c8-40af-b0d5-a915111d0d5d']::uuid[],-540,314,680,886,'user_30uQARGezqSApAChPSGSwFyUy85');
INSERT INTO public.groups (id,project_id,name,color,node_ids,position_x,position_y,width,height,created_by) VALUES ('d577e429-3fdd-4f2d-9c1d-826b0f6fdb0a','e4c40817-0a86-46d4-8bb1-79099db3c5fc','Activation','#22c55e',ARRAY['53b84134-d49a-4f7d-be6c-8e31dca90a91','cdbeb93e-0fce-499f-931c-b45546eea27d','90b74e4e-aaf8-4553-ad18-bbb5f3ef8a41','b6c8dc9a-81c4-441c-915a-d21e9b14422e']::uuid[],-710,114,1020,886,'user_30uQARGezqSApAChPSGSwFyUy85');
INSERT INTO public.groups (id,project_id,name,color,node_ids,position_x,position_y,width,height,created_by) VALUES ('8c98893e-7a58-485e-91ed-59ef5ef5a588','e4c40817-0a86-46d4-8bb1-79099db3c5fc','Engagement & Retention','#f59e0b',ARRAY['29d11828-5949-4200-83e7-00819d39e381','7ac470fe-078e-45a0-a816-3ff85a1144e4','e0453055-11dc-4d2f-855b-9cb99b49b8ea','0e91f675-7c06-490f-9a8c-f7945c342701','011f8ac2-1a8c-4913-8eeb-e5d8235c4af5','937286a5-2d14-46aa-b536-2f62bad2bbb3']::uuid[],-30,114,1020,686,'user_30uQARGezqSApAChPSGSwFyUy85');
INSERT INTO public.groups (id,project_id,name,color,node_ids,position_x,position_y,width,height,created_by) VALUES ('cc96da3f-2362-456d-9792-74a074fe5bf8','e4c40817-0a86-46d4-8bb1-79099db3c5fc','Strategy — Levers & Bets','#a855f7',ARRAY['f50480a7-3bc3-4490-aff7-9eceb4a5a149','d4c96fd4-bb29-4a45-8fbd-44b42d41c3b2','41cc72b1-42d2-4b2a-ac7e-82a13f70fa28','919c498a-369b-4dc5-87a8-258ad332f8dc']::uuid[],-30,714,850,686,'user_30uQARGezqSApAChPSGSwFyUy85');
INSERT INTO public.canvas_nodes (id,project_id,node_type,title,position_x,position_y,data,created_by) VALUES ('a11449fa-c97d-4ba9-ae4d-ee78c494e41b','e4c40817-0a86-46d4-8bb1-79099db3c5fc','whiteboardNode','Label',1200,-170,'{"shape":"text","text":"📊 Live Data Pipeline","fontSize":18,"width":300,"height":96,"fill":"#eef2ff","stroke":"#6366f1"}'::jsonb,'user_30uQARGezqSApAChPSGSwFyUy85');
INSERT INTO public.canvas_nodes (id,project_id,node_type,title,position_x,position_y,data,created_by) VALUES ('550dff98-f084-4bf8-9e9a-9046bb94e1f8','e4c40817-0a86-46d4-8bb1-79099db3c5fc','sourceNode','Live Feed',1200,0,'{"title":"Live Feed (new bookings)","config":{"origin":"manual","rows":[{"period":"2026-01","value":100},{"period":"2026-02","value":104},{"period":"2026-03","value":108},{"period":"2026-04","value":112},{"period":"2026-05","value":116},{"period":"2026-06","value":120},{"period":"2026-07","value":124}]},"series":[{"period":"2026-01","value":100,"change_percent":0,"trend":"neutral"},{"period":"2026-02","value":104,"change_percent":4,"trend":"up"},{"period":"2026-03","value":108,"change_percent":3.8,"trend":"up"},{"period":"2026-04","value":112,"change_percent":3.7,"trend":"up"},{"period":"2026-05","value":116,"change_percent":3.6,"trend":"up"},{"period":"2026-06","value":120,"change_percent":3.4,"trend":"up"},{"period":"2026-07","value":124,"change_percent":3.3,"trend":"up"}],"refreshedAt":"2026-07-03T13:57:29.561Z"}'::jsonb,'user_30uQARGezqSApAChPSGSwFyUy85');
INSERT INTO public.canvas_nodes (id,project_id,node_type,title,position_x,position_y,data,created_by) VALUES ('6494819a-347a-4dee-abde-0722054defcb','e4c40817-0a86-46d4-8bb1-79099db3c5fc','operatorNode','Projection',1560,0,'{"label":"Projection (a × 1.1 + feed)","operationType":"formula","isActive":true,"formula":"a * 1.1 + b","inputs":[{"key":"a","sourceId":"90b74e4e-aaf8-4553-ad18-bbb5f3ef8a41","label":"Activation Rate"},{"key":"b","sourceId":"550dff98-f084-4bf8-9e9a-9046bb94e1f8","label":"Live feed"}]}'::jsonb,'user_30uQARGezqSApAChPSGSwFyUy85');
INSERT INTO public.canvas_nodes (id,project_id,node_type,title,position_x,position_y,data,created_by) VALUES ('7ef966de-3915-4166-9a44-2267c8fb4120','e4c40817-0a86-46d4-8bb1-79099db3c5fc','chartNode','Actual vs Projection',2300,0,'{"chartType":"area","title":"Actual vs Projection","seriesCardIds":["90b74e4e-aaf8-4553-ad18-bbb5f3ef8a41","f6393fd8-26d8-4b5d-ac44-5013f0c262f2"],"showLegend":true}'::jsonb,'user_30uQARGezqSApAChPSGSwFyUy85');
INSERT INTO public.canvas_nodes (id,project_id,node_type,title,position_x,position_y,data,created_by) VALUES ('70b61667-6932-4b47-850a-a9e54748f6b5','e4c40817-0a86-46d4-8bb1-79099db3c5fc','commentNode','Pipeline',1200,260,'{"title":"Live pipeline: Source → Operator → Card → Chart. Edit the Source, then Run Simulation.","projectId":"e4c40817-0a86-46d4-8bb1-79099db3c5fc"}'::jsonb,'user_30uQARGezqSApAChPSGSwFyUy85');
INSERT INTO public.comment_threads (id,project_id,source,context,is_resolved,created_by) VALUES ('496365f5-42c0-44e2-8220-413d475aa24d','e4c40817-0a86-46d4-8bb1-79099db3c5fc','node','{"cardId":"90b74e4e-aaf8-4553-ad18-bbb5f3ef8a41"}'::jsonb,false,'user_30uQARGezqSApAChPSGSwFyUy85');
INSERT INTO public.comment_threads (id,project_id,source,context,is_resolved,created_by) VALUES ('15082e1d-19c2-4e73-9538-d6459bc13285','e4c40817-0a86-46d4-8bb1-79099db3c5fc','canvas',NULL,true,'user_30uQARGezqSApAChPSGSwFyUy85');
INSERT INTO public.comments (id,thread_id,author_id,content,resolved) VALUES ('9ce8e792-8200-489a-89ea-dbf88acbb515','496365f5-42c0-44e2-8220-413d475aa24d','user_30uQARGezqSApAChPSGSwFyUy85','Activation Rate is our anchor metric — the operator projection to the right recomputes it live. Does the seasonality here look right?',false);
INSERT INTO public.comments (id,thread_id,author_id,content,resolved) VALUES ('c1c57c64-125d-44c6-950f-8924e2bcb568','496365f5-42c0-44e2-8220-413d475aa24d','user_30uQARGezqSApAChPSGSwFyUy85','Compared it against the tracked-metric series in the catalog — trends match. Leaving this open until we wire the warehouse source.',false);
INSERT INTO public.comments (id,thread_id,author_id,content,resolved) VALUES ('fda4f387-fa5d-44a0-bc4b-658974a942e1','15082e1d-19c2-4e73-9538-d6459bc13285','user_30uQARGezqSApAChPSGSwFyUy85','Grouped the levers & bets into a Strategy group — check the Strategy page for the kanban view.',true);
INSERT INTO public.dashboard_widgets (id,project_id,title,widget_type,config,layout,sort_index,created_by) VALUES ('bd564c48-033b-4135-8fd2-165c73bdb7d0','e4c40817-0a86-46d4-8bb1-79099db3c5fc','Activation Rate — Feature Launch','kpi','{"source":"tracked","trackedMetricIds":["8c63db66-0fa8-472d-a556-8244031ce997"]}'::jsonb,'{"x":0,"y":0,"w":3,"h":4}'::jsonb,0,'user_30uQARGezqSApAChPSGSwFyUy85');
INSERT INTO public.dashboard_widgets (id,project_id,title,widget_type,config,layout,sort_index,created_by) VALUES ('338d7efe-338b-469d-af3b-5fb5bca4c559','e4c40817-0a86-46d4-8bb1-79099db3c5fc','Activation Rate & drivers','area','{"source":"card","cardIds":["90b74e4e-aaf8-4553-ad18-bbb5f3ef8a41","f6393fd8-26d8-4b5d-ac44-5013f0c262f2","53b84134-d49a-4f7d-be6c-8e31dca90a91","cdbeb93e-0fce-499f-931c-b45546eea27d"],"display":{"showLegend":true}}'::jsonb,'{"x":3,"y":0,"w":9,"h":8}'::jsonb,1,'user_30uQARGezqSApAChPSGSwFyUy85');
INSERT INTO public.dashboard_widgets (id,project_id,title,widget_type,config,layout,sort_index,created_by) VALUES ('2112e293-8951-48b3-866a-f1c76dbd069d','e4c40817-0a86-46d4-8bb1-79099db3c5fc','Key metrics','table','{"source":"card","cardIds":["90b74e4e-aaf8-4553-ad18-bbb5f3ef8a41","f6393fd8-26d8-4b5d-ac44-5013f0c262f2","53b84134-d49a-4f7d-be6c-8e31dca90a91","cdbeb93e-0fce-499f-931c-b45546eea27d"]}'::jsonb,'{"x":0,"y":4,"w":3,"h":8}'::jsonb,2,'user_30uQARGezqSApAChPSGSwFyUy85');
INSERT INTO public.alert_rules (id,project_id,card_id,name,rule_type,config,enabled,created_by) VALUES ('f4f2d9df-190c-45dc-87be-6129886aaaa1','e4c40817-0a86-46d4-8bb1-79099db3c5fc','90b74e4e-aaf8-4553-ad18-bbb5f3ef8a41','Activation Rate floor','threshold','{"comparator":"lte","value":54}'::jsonb,true,'user_30uQARGezqSApAChPSGSwFyUy85');
INSERT INTO public.alert_rules (id,project_id,card_id,name,rule_type,config,enabled,created_by) VALUES ('a39a1caa-ba5c-41cb-84f5-30e361c81e76','e4c40817-0a86-46d4-8bb1-79099db3c5fc','90b74e4e-aaf8-4553-ad18-bbb5f3ef8a41','Activation Rate sudden drop','change','{"direction":"down","pct":10}'::jsonb,true,'user_30uQARGezqSApAChPSGSwFyUy85');

DELETE FROM public.projects WHERE created_by='user_30uQARGezqSApAChPSGSwFyUy85' AND name='Lifecycle Cohort Analysis — Example Metric Tree';
DELETE FROM public.tracked_metrics WHERE created_by='user_30uQARGezqSApAChPSGSwFyUy85' AND name='Activation Rate — Lifecycle Cohort Analysis';
INSERT INTO public.projects (id,name,description,created_by,last_modified_by,is_public,tags,settings) VALUES ('d0f31e26-4841-4dc0-97a6-8cec242adfae','Lifecycle Cohort Analysis — Example Metric Tree','Cohort LTV decomposition: acquisition → activation → retention curve → monetization, with resurrection and churn.','user_30uQARGezqSApAChPSGSwFyUy85','user_30uQARGezqSApAChPSGSwFyUy85',true,ARRAY['example','template'],'{"dataFlowEdges":[{"id":"81f50592-8d8a-40e2-a5f1-6d90a1f03288","source":"373bdf6f-c73b-442e-b96d-fcad21cf5b65","target":"57b0eae7-1213-40f5-b904-669ee5bfb6d6","type":"dataFlow"},{"id":"8aa35d0f-8d4f-4f3e-bd52-6ea85983aa5b","source":"fe659131-87dd-49b0-841d-37160a84ec57","target":"57b0eae7-1213-40f5-b904-669ee5bfb6d6","type":"dataFlow"},{"id":"ea3a5b3b-4a10-42ec-9c8a-aa3f2176c0e1","source":"57b0eae7-1213-40f5-b904-669ee5bfb6d6","target":"048b30f4-8cf8-4cbb-8092-61816be4c2b4","type":"dataFlow"},{"id":"29fe4613-a7dd-4457-b840-387bda3935dc","source":"fe659131-87dd-49b0-841d-37160a84ec57","target":"8f7468ad-7810-4dab-b090-1624a46eb5b8","type":"dataFlow"},{"id":"e507b927-ac13-4fbe-aa7f-bc59699661db","source":"048b30f4-8cf8-4cbb-8092-61816be4c2b4","target":"8f7468ad-7810-4dab-b090-1624a46eb5b8","type":"dataFlow"}]}'::jsonb);
INSERT INTO public.tracked_metrics (id,name,state,unit,formula,owner_label,source_kind,origin_card_id,origin_project_id,created_by) VALUES ('83cd17ae-75b3-438e-850e-c4844616d8e0','Activation Rate — Lifecycle Cohort Analysis','tracked','%',NULL,'Growth','manual','fe659131-87dd-49b0-841d-37160a84ec57','d0f31e26-4841-4dc0-97a6-8cec242adfae','user_30uQARGezqSApAChPSGSwFyUy85');
INSERT INTO public.metric_cards (id,project_id,title,description,category,sub_category,status,workflow,tracked_metric_id,position_x,position_y,created_by,data) VALUES ('637be1ef-fd1d-4613-b7be-bcfdcbd25f2e','d0f31e26-4841-4dc0-97a6-8cec242adfae','Cohort LTV','Lifetime value per acquired user','Core/Value','Critical Path',NULL,'{"businessImpact":"High"}'::jsonb,NULL,0,0,'user_30uQARGezqSApAChPSGSwFyUy85','[{"period":"2026-01","value":326298,"change_percent":0,"trend":"neutral"},{"period":"2026-02","value":343909,"change_percent":5.4,"trend":"up"},{"period":"2026-03","value":373162,"change_percent":8.5,"trend":"up"},{"period":"2026-04","value":400587,"change_percent":7.3,"trend":"up"},{"period":"2026-05","value":420894,"change_percent":5.1,"trend":"up"},{"period":"2026-06","value":445281,"change_percent":5.8,"trend":"up"},{"period":"2026-07","value":465792,"change_percent":4.6,"trend":"up"}]'::jsonb);
INSERT INTO public.metric_cards (id,project_id,title,description,category,sub_category,status,workflow,tracked_metric_id,position_x,position_y,created_by,data) VALUES ('bda21638-6938-43e3-ab9e-31a6ffa9f019','d0f31e26-4841-4dc0-97a6-8cec242adfae','ARPU','Avg revenue per user','Data/Metric',NULL,NULL,'{}'::jsonb,NULL,-170,200,'user_30uQARGezqSApAChPSGSwFyUy85','[{"period":"2026-01","value":116,"change_percent":0,"trend":"neutral"},{"period":"2026-02","value":121,"change_percent":4.3,"trend":"up"},{"period":"2026-03","value":126,"change_percent":4.1,"trend":"up"},{"period":"2026-04","value":127,"change_percent":0.8,"trend":"neutral"},{"period":"2026-05","value":130,"change_percent":2.4,"trend":"up"},{"period":"2026-06","value":130,"change_percent":0,"trend":"neutral"},{"period":"2026-07","value":134,"change_percent":3.1,"trend":"up"}]'::jsonb);
INSERT INTO public.metric_cards (id,project_id,title,description,category,sub_category,status,workflow,tracked_metric_id,position_x,position_y,created_by,data) VALUES ('5e92ebea-ef6e-46d2-b147-6938a4be899e','d0f31e26-4841-4dc0-97a6-8cec242adfae','Avg Lifetime (months)','1 ÷ churn','Data/Metric',NULL,NULL,'{}'::jsonb,NULL,170,200,'user_30uQARGezqSApAChPSGSwFyUy85','[{"period":"2026-01","value":2084,"change_percent":0,"trend":"neutral"},{"period":"2026-02","value":2163,"change_percent":3.8,"trend":"up"},{"period":"2026-03","value":2265,"change_percent":4.7,"trend":"up"},{"period":"2026-04","value":2332,"change_percent":3,"trend":"up"},{"period":"2026-05","value":2512,"change_percent":7.7,"trend":"up"},{"period":"2026-06","value":2613,"change_percent":4,"trend":"up"},{"period":"2026-07","value":2698,"change_percent":3.3,"trend":"up"}]'::jsonb);
INSERT INTO public.metric_cards (id,project_id,title,description,category,sub_category,status,workflow,tracked_metric_id,position_x,position_y,created_by,data) VALUES ('12184dc3-4eb1-456d-8b07-b7f7f3e6059d','d0f31e26-4841-4dc0-97a6-8cec242adfae','New Users (cohort)','Cohort size','Data/Metric',NULL,NULL,'{}'::jsonb,NULL,-170,1600,'user_30uQARGezqSApAChPSGSwFyUy85','[{"period":"2026-01","value":3233,"change_percent":0,"trend":"neutral"},{"period":"2026-02","value":3261,"change_percent":0.9,"trend":"neutral"},{"period":"2026-03","value":3305,"change_percent":1.3,"trend":"up"},{"period":"2026-04","value":3463,"change_percent":4.8,"trend":"up"},{"period":"2026-05","value":3478,"change_percent":0.4,"trend":"neutral"},{"period":"2026-06","value":3545,"change_percent":1.9,"trend":"up"},{"period":"2026-07","value":3648,"change_percent":2.9,"trend":"up"}]'::jsonb);
INSERT INTO public.metric_cards (id,project_id,title,description,category,sub_category,status,workflow,tracked_metric_id,position_x,position_y,created_by,data) VALUES ('0424705b-c45a-4137-8762-1504ccd9dcda','d0f31e26-4841-4dc0-97a6-8cec242adfae','Activated Users','Reached first value','Data/Metric',NULL,NULL,'{}'::jsonb,NULL,0,1400,'user_30uQARGezqSApAChPSGSwFyUy85','[{"period":"2026-01","value":4756,"change_percent":0,"trend":"neutral"},{"period":"2026-02","value":5053,"change_percent":6.2,"trend":"up"},{"period":"2026-03","value":5216,"change_percent":3.2,"trend":"up"},{"period":"2026-04","value":5479,"change_percent":5,"trend":"up"},{"period":"2026-05","value":5666,"change_percent":3.4,"trend":"up"},{"period":"2026-06","value":5904,"change_percent":4.2,"trend":"up"},{"period":"2026-07","value":6256,"change_percent":6,"trend":"up"}]'::jsonb);
INSERT INTO public.metric_cards (id,project_id,title,description,category,sub_category,status,workflow,tracked_metric_id,position_x,position_y,created_by,data) VALUES ('fe659131-87dd-49b0-841d-37160a84ec57','d0f31e26-4841-4dc0-97a6-8cec242adfae','Activation Rate','Activated ÷ New','Data/Metric',NULL,NULL,'{}'::jsonb,'83cd17ae-75b3-438e-850e-c4844616d8e0',170,1600,'user_30uQARGezqSApAChPSGSwFyUy85','[{"period":"2026-01","value":42.8,"change_percent":0,"trend":"neutral"},{"period":"2026-02","value":43.6,"change_percent":1.9,"trend":"up"},{"period":"2026-03","value":45.9,"change_percent":5.3,"trend":"up"},{"period":"2026-04","value":47,"change_percent":2.4,"trend":"up"},{"period":"2026-05","value":49.4,"change_percent":5.1,"trend":"up"},{"period":"2026-06","value":52.5,"change_percent":6.3,"trend":"up"},{"period":"2026-07","value":55.4,"change_percent":5.5,"trend":"up"}]'::jsonb);
INSERT INTO public.metric_cards (id,project_id,title,description,category,sub_category,status,workflow,tracked_metric_id,position_x,position_y,created_by,data) VALUES ('8b10dbc2-1c7f-4591-82b5-95b18e4132b6','d0f31e26-4841-4dc0-97a6-8cec242adfae','D1 Retention','Active day 1','Data/Metric',NULL,NULL,'{}'::jsonb,NULL,-170,1200,'user_30uQARGezqSApAChPSGSwFyUy85','[{"period":"2026-01","value":44.2,"change_percent":0,"trend":"neutral"},{"period":"2026-02","value":48.2,"change_percent":9,"trend":"up"},{"period":"2026-03","value":51.4,"change_percent":6.6,"trend":"up"},{"period":"2026-04","value":54.6,"change_percent":6.2,"trend":"up"},{"period":"2026-05","value":58.4,"change_percent":7,"trend":"up"},{"period":"2026-06","value":61.7,"change_percent":5.7,"trend":"up"},{"period":"2026-07","value":65.5,"change_percent":6.2,"trend":"up"}]'::jsonb);
INSERT INTO public.metric_cards (id,project_id,title,description,category,sub_category,status,workflow,tracked_metric_id,position_x,position_y,created_by,data) VALUES ('24b72051-d1eb-4c19-ac3a-18461128bfed','d0f31e26-4841-4dc0-97a6-8cec242adfae','D7 Retention','Active day 7','Data/Metric',NULL,NULL,'{}'::jsonb,NULL,-170,1000,'user_30uQARGezqSApAChPSGSwFyUy85','[{"period":"2026-01","value":14.5,"change_percent":0,"trend":"neutral"},{"period":"2026-02","value":14.9,"change_percent":2.8,"trend":"up"},{"period":"2026-03","value":15.5,"change_percent":4,"trend":"up"},{"period":"2026-04","value":16.3,"change_percent":5.2,"trend":"up"},{"period":"2026-05","value":16.8,"change_percent":3.1,"trend":"up"},{"period":"2026-06","value":17.4,"change_percent":3.6,"trend":"up"},{"period":"2026-07","value":17.9,"change_percent":2.9,"trend":"up"}]'::jsonb);
INSERT INTO public.metric_cards (id,project_id,title,description,category,sub_category,status,workflow,tracked_metric_id,position_x,position_y,created_by,data) VALUES ('e5801aff-5d8a-462e-b6b6-006611e00d70','d0f31e26-4841-4dc0-97a6-8cec242adfae','D30 Retention','Active day 30','Data/Metric',NULL,NULL,'{}'::jsonb,NULL,-170,800,'user_30uQARGezqSApAChPSGSwFyUy85','[{"period":"2026-01","value":27.4,"change_percent":0,"trend":"neutral"},{"period":"2026-02","value":29.7,"change_percent":8.4,"trend":"up"},{"period":"2026-03","value":32.1,"change_percent":8.1,"trend":"up"},{"period":"2026-04","value":33.9,"change_percent":5.6,"trend":"up"},{"period":"2026-05","value":35.6,"change_percent":5,"trend":"up"},{"period":"2026-06","value":38.1,"change_percent":7,"trend":"up"},{"period":"2026-07","value":39.8,"change_percent":4.5,"trend":"up"}]'::jsonb);
INSERT INTO public.metric_cards (id,project_id,title,description,category,sub_category,status,workflow,tracked_metric_id,position_x,position_y,created_by,data) VALUES ('85eb1888-858e-4058-8364-37008ec775e6','d0f31e26-4841-4dc0-97a6-8cec242adfae','M3 Retention','Active month 3','Data/Metric',NULL,NULL,'{}'::jsonb,NULL,-510,600,'user_30uQARGezqSApAChPSGSwFyUy85','[{"period":"2026-01","value":16,"change_percent":0,"trend":"neutral"},{"period":"2026-02","value":16.6,"change_percent":3.8,"trend":"up"},{"period":"2026-03","value":16.9,"change_percent":1.8,"trend":"up"},{"period":"2026-04","value":17.1,"change_percent":1.2,"trend":"up"},{"period":"2026-05","value":17.2,"change_percent":0.6,"trend":"neutral"},{"period":"2026-06","value":17.3,"change_percent":0.6,"trend":"neutral"},{"period":"2026-07","value":17.6,"change_percent":1.7,"trend":"up"}]'::jsonb);
INSERT INTO public.metric_cards (id,project_id,title,description,category,sub_category,status,workflow,tracked_metric_id,position_x,position_y,created_by,data) VALUES ('69e21911-03bf-43e9-9a78-d2b2d11717a4','d0f31e26-4841-4dc0-97a6-8cec242adfae','Monthly Churn','Lost users per month','Data/Metric',NULL,NULL,'{}'::jsonb,NULL,-340,400,'user_30uQARGezqSApAChPSGSwFyUy85','[{"period":"2026-01","value":15.4,"change_percent":0,"trend":"neutral"},{"period":"2026-02","value":15,"change_percent":-2.6,"trend":"down"},{"period":"2026-03","value":14.8,"change_percent":-1.3,"trend":"down"},{"period":"2026-04","value":14.3,"change_percent":-3.4,"trend":"down"},{"period":"2026-05","value":13.8,"change_percent":-3.5,"trend":"down"},{"period":"2026-06","value":13.5,"change_percent":-2.2,"trend":"down"},{"period":"2026-07","value":12.7,"change_percent":-5.9,"trend":"down"}]'::jsonb);
INSERT INTO public.metric_cards (id,project_id,title,description,category,sub_category,status,workflow,tracked_metric_id,position_x,position_y,created_by,data) VALUES ('59e500c6-47bf-42e9-a52f-c985725b1c7c','d0f31e26-4841-4dc0-97a6-8cec242adfae','Resurrection Rate','Reactivated dormant users','Data/Metric',NULL,NULL,'{}'::jsonb,NULL,-170,600,'user_30uQARGezqSApAChPSGSwFyUy85','[{"period":"2026-01","value":46.5,"change_percent":0,"trend":"neutral"},{"period":"2026-02","value":50.4,"change_percent":8.4,"trend":"up"},{"period":"2026-03","value":52.8,"change_percent":4.8,"trend":"up"},{"period":"2026-04","value":56,"change_percent":6.1,"trend":"up"},{"period":"2026-05","value":58.6,"change_percent":4.6,"trend":"up"},{"period":"2026-06","value":62,"change_percent":5.8,"trend":"up"},{"period":"2026-07","value":66.2,"change_percent":6.8,"trend":"up"}]'::jsonb);
INSERT INTO public.metric_cards (id,project_id,title,description,category,sub_category,status,workflow,tracked_metric_id,position_x,position_y,created_by,data) VALUES ('54f0dacb-376c-4619-9773-392470cbcb18','d0f31e26-4841-4dc0-97a6-8cec242adfae','Payer Conversion','Free → paid rate','Data/Metric',NULL,NULL,'{}'::jsonb,NULL,0,400,'user_30uQARGezqSApAChPSGSwFyUy85','[{"period":"2026-01","value":35.4,"change_percent":0,"trend":"neutral"},{"period":"2026-02","value":38,"change_percent":7.3,"trend":"up"},{"period":"2026-03","value":40.6,"change_percent":6.8,"trend":"up"},{"period":"2026-04","value":42.9,"change_percent":5.7,"trend":"up"},{"period":"2026-05","value":44.9,"change_percent":4.7,"trend":"up"},{"period":"2026-06","value":46.8,"change_percent":4.2,"trend":"up"},{"period":"2026-07","value":49.1,"change_percent":4.9,"trend":"up"}]'::jsonb);
INSERT INTO public.metric_cards (id,project_id,title,description,category,sub_category,status,workflow,tracked_metric_id,position_x,position_y,created_by,data) VALUES ('e97e4ed4-6ea7-46c2-b03b-390f0d1b2176','d0f31e26-4841-4dc0-97a6-8cec242adfae','Paid ARPU','Revenue per payer','Data/Metric',NULL,NULL,'{}'::jsonb,NULL,340,400,'user_30uQARGezqSApAChPSGSwFyUy85','[{"period":"2026-01","value":387,"change_percent":0,"trend":"neutral"},{"period":"2026-02","value":413,"change_percent":6.7,"trend":"up"},{"period":"2026-03","value":448,"change_percent":8.5,"trend":"up"},{"period":"2026-04","value":490,"change_percent":9.4,"trend":"up"},{"period":"2026-05","value":526,"change_percent":7.3,"trend":"up"},{"period":"2026-06","value":571,"change_percent":8.6,"trend":"up"},{"period":"2026-07","value":628,"change_percent":10,"trend":"up"}]'::jsonb);
INSERT INTO public.metric_cards (id,project_id,title,description,category,sub_category,status,workflow,tracked_metric_id,position_x,position_y,created_by,data) VALUES ('b4467d40-c74b-47a7-8aba-3311c81598be','d0f31e26-4841-4dc0-97a6-8cec242adfae','Purchase Frequency','Orders per active month','Data/Metric',NULL,NULL,'{}'::jsonb,NULL,170,600,'user_30uQARGezqSApAChPSGSwFyUy85','[{"period":"2026-01","value":3755,"change_percent":0,"trend":"neutral"},{"period":"2026-02","value":3882,"change_percent":3.4,"trend":"up"},{"period":"2026-03","value":3961,"change_percent":2,"trend":"up"},{"period":"2026-04","value":3957,"change_percent":-0.1,"trend":"neutral"},{"period":"2026-05","value":4074,"change_percent":3,"trend":"up"},{"period":"2026-06","value":4195,"change_percent":3,"trend":"up"},{"period":"2026-07","value":4227,"change_percent":0.8,"trend":"neutral"}]'::jsonb);
INSERT INTO public.metric_cards (id,project_id,title,description,category,sub_category,status,workflow,tracked_metric_id,position_x,position_y,created_by,data) VALUES ('92e2ceff-57aa-46c2-8a86-40f3045b9ac8','d0f31e26-4841-4dc0-97a6-8cec242adfae','Core Action / Week','Habit metric','Data/Metric',NULL,NULL,'{}'::jsonb,NULL,170,1000,'user_30uQARGezqSApAChPSGSwFyUy85','[{"period":"2026-01","value":4639,"change_percent":0,"trend":"neutral"},{"period":"2026-02","value":5025,"change_percent":8.3,"trend":"up"},{"period":"2026-03","value":5492,"change_percent":9.3,"trend":"up"},{"period":"2026-04","value":5920,"change_percent":7.8,"trend":"up"},{"period":"2026-05","value":6463,"change_percent":9.2,"trend":"up"},{"period":"2026-06","value":6943,"change_percent":7.4,"trend":"up"},{"period":"2026-07","value":7601,"change_percent":9.5,"trend":"up"}]'::jsonb);
INSERT INTO public.metric_cards (id,project_id,title,description,category,sub_category,status,workflow,tracked_metric_id,position_x,position_y,created_by,data) VALUES ('c90875d6-0128-455b-a6c6-7f5475f782a2','d0f31e26-4841-4dc0-97a6-8cec242adfae','Onboarding Redesign','Lift activation + D1','Work/Action','Experiment','in_progress','{"priority":"High","dueDate":"2026-07-17","effort":3}'::jsonb,NULL,0,1800,'user_30uQARGezqSApAChPSGSwFyUy85','[]'::jsonb);
INSERT INTO public.metric_cards (id,project_id,title,description,category,sub_category,status,workflow,tracked_metric_id,position_x,position_y,created_by,data) VALUES ('3016c462-ceca-42b8-9388-1a4eb79a7999','d0f31e26-4841-4dc0-97a6-8cec242adfae','Lifecycle Messaging','Win-back + nudges','Work/Action','Initiative','planning','{"priority":"Medium","dueDate":"2026-08-07","effort":7}'::jsonb,NULL,170,800,'user_30uQARGezqSApAChPSGSwFyUy85','[]'::jsonb);
INSERT INTO public.metric_cards (id,project_id,title,description,category,sub_category,status,workflow,tracked_metric_id,position_x,position_y,created_by,data) VALUES ('a33d5f01-8792-4d3a-92b5-97a59916d6f3','d0f31e26-4841-4dc0-97a6-8cec242adfae','Monetization Experiments','Paywall + pricing','Work/Action','BAU','backlog','{"priority":"Low","dueDate":"2026-08-28","effort":11}'::jsonb,NULL,510,600,'user_30uQARGezqSApAChPSGSwFyUy85','[]'::jsonb);
INSERT INTO public.metric_cards (id,project_id,title,description,category,sub_category,status,workflow,tracked_metric_id,position_x,position_y,created_by,data) VALUES ('35fe8aa0-5068-4f20-aed0-1da61bf6c967','d0f31e26-4841-4dc0-97a6-8cec242adfae','3 core actions in week 1 → 2× M3 retention','','Ideas/Hypothesis','Factor','backlog','{"confidence":"High","testable":true,"assumptions":["3 core actions in week 1 → 2× M3 retention holds for the core segment"],"successCriteria":["Statistically significant lift within one quarter"]}'::jsonb,NULL,170,1200,'user_30uQARGezqSApAChPSGSwFyUy85','[]'::jsonb);
INSERT INTO public.metric_cards (id,project_id,title,description,category,sub_category,status,workflow,tracked_metric_id,position_x,position_y,created_by,data) VALUES ('048b30f4-8cf8-4cbb-8092-61816be4c2b4','d0f31e26-4841-4dc0-97a6-8cec242adfae','Activation Rate — Projection','Operator output: Activation Rate × 1.1 + live feed','Data/Metric',NULL,NULL,'{}'::jsonb,NULL,1750,0,'user_30uQARGezqSApAChPSGSwFyUy85','[{"period":"2026-01","value":147,"change_percent":0,"trend":"neutral"},{"period":"2026-02","value":152,"change_percent":3.4,"trend":"up"},{"period":"2026-03","value":158,"change_percent":3.9,"trend":"up"},{"period":"2026-04","value":164,"change_percent":3.8,"trend":"up"},{"period":"2026-05","value":170,"change_percent":3.7,"trend":"up"},{"period":"2026-06","value":178,"change_percent":4.7,"trend":"up"},{"period":"2026-07","value":185,"change_percent":3.9,"trend":"up"}]'::jsonb);
INSERT INTO public.metric_values (id,tracked_metric_id,period,value,change_percent,trend,source,created_by) VALUES ('3389b757-f391-4b5b-808b-cbddc544c36d','83cd17ae-75b3-438e-850e-c4844616d8e0','2026-01',42.8,0,'neutral','seed','user_30uQARGezqSApAChPSGSwFyUy85');
INSERT INTO public.metric_values (id,tracked_metric_id,period,value,change_percent,trend,source,created_by) VALUES ('3b9c2b13-0b6b-4f5a-ac0f-05a24016d939','83cd17ae-75b3-438e-850e-c4844616d8e0','2026-02',43.6,1.9,'up','seed','user_30uQARGezqSApAChPSGSwFyUy85');
INSERT INTO public.metric_values (id,tracked_metric_id,period,value,change_percent,trend,source,created_by) VALUES ('e3c50471-b5c5-4dc3-9eed-b7c1d6f0a166','83cd17ae-75b3-438e-850e-c4844616d8e0','2026-03',45.9,5.3,'up','seed','user_30uQARGezqSApAChPSGSwFyUy85');
INSERT INTO public.metric_values (id,tracked_metric_id,period,value,change_percent,trend,source,created_by) VALUES ('d875f19d-e62f-4627-adc0-48884cf4244d','83cd17ae-75b3-438e-850e-c4844616d8e0','2026-04',47,2.4,'up','seed','user_30uQARGezqSApAChPSGSwFyUy85');
INSERT INTO public.metric_values (id,tracked_metric_id,period,value,change_percent,trend,source,created_by) VALUES ('94c9c6f6-f879-47e0-b73a-e099b9c838ca','83cd17ae-75b3-438e-850e-c4844616d8e0','2026-05',49.4,5.1,'up','seed','user_30uQARGezqSApAChPSGSwFyUy85');
INSERT INTO public.metric_values (id,tracked_metric_id,period,value,change_percent,trend,source,created_by) VALUES ('d3643daf-8278-468f-9ac1-d53005151f6f','83cd17ae-75b3-438e-850e-c4844616d8e0','2026-06',52.5,6.3,'up','seed','user_30uQARGezqSApAChPSGSwFyUy85');
INSERT INTO public.metric_values (id,tracked_metric_id,period,value,change_percent,trend,source,created_by) VALUES ('bee1c780-4f83-4f1b-b0b7-4993d69f8c96','83cd17ae-75b3-438e-850e-c4844616d8e0','2026-07',55.4,5.5,'up','seed','user_30uQARGezqSApAChPSGSwFyUy85');
INSERT INTO public.relationships (id,project_id,source_id,target_id,type,confidence,weight,created_by) VALUES ('b199cb2b-a00a-4117-b1f4-5659cfad5466','d0f31e26-4841-4dc0-97a6-8cec242adfae','bda21638-6938-43e3-ab9e-31a6ffa9f019','637be1ef-fd1d-4613-b7be-bcfdcbd25f2e','Deterministic','High',85,'user_30uQARGezqSApAChPSGSwFyUy85');
INSERT INTO public.relationships (id,project_id,source_id,target_id,type,confidence,weight,created_by) VALUES ('54adbe55-ab12-4ab0-8d8b-2b7426198043','d0f31e26-4841-4dc0-97a6-8cec242adfae','5e92ebea-ef6e-46d2-b147-6938a4be899e','637be1ef-fd1d-4613-b7be-bcfdcbd25f2e','Deterministic','High',85,'user_30uQARGezqSApAChPSGSwFyUy85');
INSERT INTO public.relationships (id,project_id,source_id,target_id,type,confidence,weight,created_by) VALUES ('cee978b9-abc0-4bf9-8f08-ecab121e7950','d0f31e26-4841-4dc0-97a6-8cec242adfae','69e21911-03bf-43e9-9a78-d2b2d11717a4','5e92ebea-ef6e-46d2-b147-6938a4be899e','Deterministic','High',80,'user_30uQARGezqSApAChPSGSwFyUy85');
INSERT INTO public.relationships (id,project_id,source_id,target_id,type,confidence,weight,created_by) VALUES ('56350ea6-fdb7-49b6-b79e-2988bbd97ece','d0f31e26-4841-4dc0-97a6-8cec242adfae','12184dc3-4eb1-456d-8b07-b7f7f3e6059d','0424705b-c45a-4137-8762-1504ccd9dcda','Causal','High',70,'user_30uQARGezqSApAChPSGSwFyUy85');
INSERT INTO public.relationships (id,project_id,source_id,target_id,type,confidence,weight,created_by) VALUES ('90e44204-50c4-45e3-8eba-f81966464ee4','d0f31e26-4841-4dc0-97a6-8cec242adfae','fe659131-87dd-49b0-841d-37160a84ec57','0424705b-c45a-4137-8762-1504ccd9dcda','Deterministic','High',75,'user_30uQARGezqSApAChPSGSwFyUy85');
INSERT INTO public.relationships (id,project_id,source_id,target_id,type,confidence,weight,created_by) VALUES ('bddb3b7e-66f8-4c31-b299-2771b4dbab47','d0f31e26-4841-4dc0-97a6-8cec242adfae','0424705b-c45a-4137-8762-1504ccd9dcda','8b10dbc2-1c7f-4591-82b5-95b18e4132b6','Causal','High',70,'user_30uQARGezqSApAChPSGSwFyUy85');
INSERT INTO public.relationships (id,project_id,source_id,target_id,type,confidence,weight,created_by) VALUES ('ab991929-d3c4-41ef-8856-a3f6e7228a11','d0f31e26-4841-4dc0-97a6-8cec242adfae','8b10dbc2-1c7f-4591-82b5-95b18e4132b6','24b72051-d1eb-4c19-ac3a-18461128bfed','Causal','High',75,'user_30uQARGezqSApAChPSGSwFyUy85');
INSERT INTO public.relationships (id,project_id,source_id,target_id,type,confidence,weight,created_by) VALUES ('190a0639-7109-428d-af87-c5a4cc898b2b','d0f31e26-4841-4dc0-97a6-8cec242adfae','24b72051-d1eb-4c19-ac3a-18461128bfed','e5801aff-5d8a-462e-b6b6-006611e00d70','Causal','High',75,'user_30uQARGezqSApAChPSGSwFyUy85');
INSERT INTO public.relationships (id,project_id,source_id,target_id,type,confidence,weight,created_by) VALUES ('8275cf6c-bc8e-4fc3-9de5-2c9de783a734','d0f31e26-4841-4dc0-97a6-8cec242adfae','e5801aff-5d8a-462e-b6b6-006611e00d70','85eb1888-858e-4058-8364-37008ec775e6','Causal','High',75,'user_30uQARGezqSApAChPSGSwFyUy85');
INSERT INTO public.relationships (id,project_id,source_id,target_id,type,confidence,weight,created_by) VALUES ('f6269ad1-3c82-42c6-a761-099eb1342632','d0f31e26-4841-4dc0-97a6-8cec242adfae','85eb1888-858e-4058-8364-37008ec775e6','69e21911-03bf-43e9-9a78-d2b2d11717a4','Causal','High',70,'user_30uQARGezqSApAChPSGSwFyUy85');
INSERT INTO public.relationships (id,project_id,source_id,target_id,type,confidence,weight,created_by) VALUES ('664c8102-c526-4710-b838-8327f8fb88b3','d0f31e26-4841-4dc0-97a6-8cec242adfae','59e500c6-47bf-42e9-a52f-c985725b1c7c','69e21911-03bf-43e9-9a78-d2b2d11717a4','Causal','High',55,'user_30uQARGezqSApAChPSGSwFyUy85');
INSERT INTO public.relationships (id,project_id,source_id,target_id,type,confidence,weight,created_by) VALUES ('dcae7116-e431-4a9e-a881-8600127f4d8b','d0f31e26-4841-4dc0-97a6-8cec242adfae','92e2ceff-57aa-46c2-8a86-40f3045b9ac8','e5801aff-5d8a-462e-b6b6-006611e00d70','Causal','High',65,'user_30uQARGezqSApAChPSGSwFyUy85');
INSERT INTO public.relationships (id,project_id,source_id,target_id,type,confidence,weight,created_by) VALUES ('8d5944d4-b642-4cb2-8f6d-4c7e7e5b457b','d0f31e26-4841-4dc0-97a6-8cec242adfae','54f0dacb-376c-4619-9773-392470cbcb18','bda21638-6938-43e3-ab9e-31a6ffa9f019','Causal','High',75,'user_30uQARGezqSApAChPSGSwFyUy85');
INSERT INTO public.relationships (id,project_id,source_id,target_id,type,confidence,weight,created_by) VALUES ('6cb254d6-e20f-48da-9004-7b50a96bfeae','d0f31e26-4841-4dc0-97a6-8cec242adfae','e97e4ed4-6ea7-46c2-b03b-390f0d1b2176','bda21638-6938-43e3-ab9e-31a6ffa9f019','Causal','High',70,'user_30uQARGezqSApAChPSGSwFyUy85');
INSERT INTO public.relationships (id,project_id,source_id,target_id,type,confidence,weight,created_by) VALUES ('368cd197-0206-4a56-8e44-3b88c9dd1940','d0f31e26-4841-4dc0-97a6-8cec242adfae','b4467d40-c74b-47a7-8aba-3311c81598be','e97e4ed4-6ea7-46c2-b03b-390f0d1b2176','Causal','High',60,'user_30uQARGezqSApAChPSGSwFyUy85');
INSERT INTO public.relationships (id,project_id,source_id,target_id,type,confidence,weight,created_by) VALUES ('992b4333-a874-41c0-9b87-2beed3853d05','d0f31e26-4841-4dc0-97a6-8cec242adfae','c90875d6-0128-455b-a6c6-7f5475f782a2','fe659131-87dd-49b0-841d-37160a84ec57','Causal','High',75,'user_30uQARGezqSApAChPSGSwFyUy85');
INSERT INTO public.relationships (id,project_id,source_id,target_id,type,confidence,weight,created_by) VALUES ('910ea112-1020-462f-b055-0d55e0b08a0e','d0f31e26-4841-4dc0-97a6-8cec242adfae','3016c462-ceca-42b8-9388-1a4eb79a7999','59e500c6-47bf-42e9-a52f-c985725b1c7c','Causal','High',70,'user_30uQARGezqSApAChPSGSwFyUy85');
INSERT INTO public.relationships (id,project_id,source_id,target_id,type,confidence,weight,created_by) VALUES ('ca98e42a-1ebf-4aa1-b312-92876519e1a8','d0f31e26-4841-4dc0-97a6-8cec242adfae','a33d5f01-8792-4d3a-92b5-97a59916d6f3','54f0dacb-376c-4619-9773-392470cbcb18','Causal','High',70,'user_30uQARGezqSApAChPSGSwFyUy85');
INSERT INTO public.relationships (id,project_id,source_id,target_id,type,confidence,weight,created_by) VALUES ('6dd1a71e-4ed3-45f6-9649-cd64aaffa3ae','d0f31e26-4841-4dc0-97a6-8cec242adfae','35fe8aa0-5068-4f20-aed0-1da61bf6c967','92e2ceff-57aa-46c2-8a86-40f3045b9ac8','Probabilistic','High',50,'user_30uQARGezqSApAChPSGSwFyUy85');
INSERT INTO public.evidence_items (id,relationship_id,title,type,date,summary,hypothesis,link,impact_on_confidence,owner_id,created_by) VALUES ('41d037e6-5c30-4cf5-b116-f2c134a6a93c','ab991929-d3c4-41ef-8856-a3f6e7228a11','Experiment: D1 Retention → D7 Retention','Experiment','2026-06-26','Observed a consistent relationship between D1 Retention and D7 Retention over the last two quarters; effect size supports the current high-confidence rating.','D1 Retention is a leading driver of D7 Retention',NULL,'Increases confidence','user_30uQARGezqSApAChPSGSwFyUy85','user_30uQARGezqSApAChPSGSwFyUy85');
INSERT INTO public.evidence_items (id,relationship_id,title,type,date,summary,hypothesis,link,impact_on_confidence,owner_id,created_by) VALUES ('895bd211-0825-4176-aed4-207b3a0fc315','190a0639-7109-428d-af87-c5a4cc898b2b','Analysis: D7 Retention → D30 Retention','Analysis','2026-06-19','Observed a consistent relationship between D7 Retention and D30 Retention over the last two quarters; effect size supports the current high-confidence rating.','D7 Retention is a leading driver of D30 Retention',NULL,'Supports current rating','user_30uQARGezqSApAChPSGSwFyUy85','user_30uQARGezqSApAChPSGSwFyUy85');
INSERT INTO public.evidence_items (id,relationship_id,title,type,date,summary,hypothesis,link,impact_on_confidence,owner_id,created_by) VALUES ('a27382ff-8591-49a1-8203-190c03f684dd','8275cf6c-bc8e-4fc3-9de5-2c9de783a734','External Research: D30 Retention → M3 Retention','External Research','2026-06-12','Observed a consistent relationship between D30 Retention and M3 Retention over the last two quarters; effect size supports the current high-confidence rating.','D30 Retention is a leading driver of M3 Retention',NULL,'Supports current rating','user_30uQARGezqSApAChPSGSwFyUy85','user_30uQARGezqSApAChPSGSwFyUy85');
INSERT INTO public.groups (id,project_id,name,color,node_ids,position_x,position_y,width,height,created_by) VALUES ('46e30905-8fa3-40a6-8b09-9f39342196cd','d0f31e26-4841-4dc0-97a6-8cec242adfae','Acquisition & Activation','#3b82f6',ARRAY['12184dc3-4eb1-456d-8b07-b7f7f3e6059d','0424705b-c45a-4137-8762-1504ccd9dcda','fe659131-87dd-49b0-841d-37160a84ec57']::uuid[],-200,1314,680,486,'user_30uQARGezqSApAChPSGSwFyUy85');
INSERT INTO public.groups (id,project_id,name,color,node_ids,position_x,position_y,width,height,created_by) VALUES ('46f7a521-7750-4054-8666-af0e5ae4b593','d0f31e26-4841-4dc0-97a6-8cec242adfae','Retention Curve','#22c55e',ARRAY['8b10dbc2-1c7f-4591-82b5-95b18e4132b6','24b72051-d1eb-4c19-ac3a-18461128bfed','e5801aff-5d8a-462e-b6b6-006611e00d70','85eb1888-858e-4058-8364-37008ec775e6','69e21911-03bf-43e9-9a78-d2b2d11717a4','59e500c6-47bf-42e9-a52f-c985725b1c7c','92e2ceff-57aa-46c2-8a86-40f3045b9ac8']::uuid[],-540,314,1020,1086,'user_30uQARGezqSApAChPSGSwFyUy85');
INSERT INTO public.groups (id,project_id,name,color,node_ids,position_x,position_y,width,height,created_by) VALUES ('5c824dec-3f12-4378-8631-db3d9fec80b4','d0f31e26-4841-4dc0-97a6-8cec242adfae','Monetization','#f59e0b',ARRAY['bda21638-6938-43e3-ab9e-31a6ffa9f019','54f0dacb-376c-4619-9773-392470cbcb18','e97e4ed4-6ea7-46c2-b03b-390f0d1b2176','b4467d40-c74b-47a7-8aba-3311c81598be','5e92ebea-ef6e-46d2-b147-6938a4be899e']::uuid[],-200,114,850,686,'user_30uQARGezqSApAChPSGSwFyUy85');
INSERT INTO public.groups (id,project_id,name,color,node_ids,position_x,position_y,width,height,created_by) VALUES ('8982dc99-eea0-4af6-b724-18157e2cd15d','d0f31e26-4841-4dc0-97a6-8cec242adfae','Strategy — Levers & Bets','#a855f7',ARRAY['c90875d6-0128-455b-a6c6-7f5475f782a2','3016c462-ceca-42b8-9388-1a4eb79a7999','a33d5f01-8792-4d3a-92b5-97a59916d6f3','35fe8aa0-5068-4f20-aed0-1da61bf6c967']::uuid[],-30,514,850,1486,'user_30uQARGezqSApAChPSGSwFyUy85');
INSERT INTO public.canvas_nodes (id,project_id,node_type,title,position_x,position_y,data,created_by) VALUES ('8db0b59b-85ed-4aee-a751-306ca3e91976','d0f31e26-4841-4dc0-97a6-8cec242adfae','whiteboardNode','Label',1030,-170,'{"shape":"text","text":"📊 Live Data Pipeline","fontSize":18,"width":300,"height":96,"fill":"#eef2ff","stroke":"#6366f1"}'::jsonb,'user_30uQARGezqSApAChPSGSwFyUy85');
INSERT INTO public.canvas_nodes (id,project_id,node_type,title,position_x,position_y,data,created_by) VALUES ('373bdf6f-c73b-442e-b96d-fcad21cf5b65','d0f31e26-4841-4dc0-97a6-8cec242adfae','sourceNode','Live Feed',1030,0,'{"title":"Live Feed (new bookings)","config":{"origin":"manual","rows":[{"period":"2026-01","value":100},{"period":"2026-02","value":104},{"period":"2026-03","value":108},{"period":"2026-04","value":112},{"period":"2026-05","value":116},{"period":"2026-06","value":120},{"period":"2026-07","value":124}]},"series":[{"period":"2026-01","value":100,"change_percent":0,"trend":"neutral"},{"period":"2026-02","value":104,"change_percent":4,"trend":"up"},{"period":"2026-03","value":108,"change_percent":3.8,"trend":"up"},{"period":"2026-04","value":112,"change_percent":3.7,"trend":"up"},{"period":"2026-05","value":116,"change_percent":3.6,"trend":"up"},{"period":"2026-06","value":120,"change_percent":3.4,"trend":"up"},{"period":"2026-07","value":124,"change_percent":3.3,"trend":"up"}],"refreshedAt":"2026-07-03T13:57:29.561Z"}'::jsonb,'user_30uQARGezqSApAChPSGSwFyUy85');
INSERT INTO public.canvas_nodes (id,project_id,node_type,title,position_x,position_y,data,created_by) VALUES ('57b0eae7-1213-40f5-b904-669ee5bfb6d6','d0f31e26-4841-4dc0-97a6-8cec242adfae','operatorNode','Projection',1390,0,'{"label":"Projection (a × 1.1 + feed)","operationType":"formula","isActive":true,"formula":"a * 1.1 + b","inputs":[{"key":"a","sourceId":"fe659131-87dd-49b0-841d-37160a84ec57","label":"Activation Rate"},{"key":"b","sourceId":"373bdf6f-c73b-442e-b96d-fcad21cf5b65","label":"Live feed"}]}'::jsonb,'user_30uQARGezqSApAChPSGSwFyUy85');
INSERT INTO public.canvas_nodes (id,project_id,node_type,title,position_x,position_y,data,created_by) VALUES ('8f7468ad-7810-4dab-b090-1624a46eb5b8','d0f31e26-4841-4dc0-97a6-8cec242adfae','chartNode','Actual vs Projection',2130,0,'{"chartType":"area","title":"Actual vs Projection","seriesCardIds":["fe659131-87dd-49b0-841d-37160a84ec57","048b30f4-8cf8-4cbb-8092-61816be4c2b4"],"showLegend":true}'::jsonb,'user_30uQARGezqSApAChPSGSwFyUy85');
INSERT INTO public.canvas_nodes (id,project_id,node_type,title,position_x,position_y,data,created_by) VALUES ('ab8ddf5f-bab7-44ed-8ab4-d57c19d0f773','d0f31e26-4841-4dc0-97a6-8cec242adfae','commentNode','Pipeline',1030,260,'{"title":"Live pipeline: Source → Operator → Card → Chart. Edit the Source, then Run Simulation.","projectId":"d0f31e26-4841-4dc0-97a6-8cec242adfae"}'::jsonb,'user_30uQARGezqSApAChPSGSwFyUy85');
INSERT INTO public.comment_threads (id,project_id,source,context,is_resolved,created_by) VALUES ('a2840505-83be-490e-bec3-e72cb2bb6620','d0f31e26-4841-4dc0-97a6-8cec242adfae','node','{"cardId":"fe659131-87dd-49b0-841d-37160a84ec57"}'::jsonb,false,'user_30uQARGezqSApAChPSGSwFyUy85');
INSERT INTO public.comment_threads (id,project_id,source,context,is_resolved,created_by) VALUES ('4c477ef3-77b8-4c28-8609-0eade79c4884','d0f31e26-4841-4dc0-97a6-8cec242adfae','canvas',NULL,true,'user_30uQARGezqSApAChPSGSwFyUy85');
INSERT INTO public.comments (id,thread_id,author_id,content,resolved) VALUES ('53fc0617-93c8-4f71-9338-1ad286aaf6c9','a2840505-83be-490e-bec3-e72cb2bb6620','user_30uQARGezqSApAChPSGSwFyUy85','Activation Rate is our anchor metric — the operator projection to the right recomputes it live. Does the seasonality here look right?',false);
INSERT INTO public.comments (id,thread_id,author_id,content,resolved) VALUES ('5abb8450-5783-44d7-ad06-0076bcb1b938','a2840505-83be-490e-bec3-e72cb2bb6620','user_30uQARGezqSApAChPSGSwFyUy85','Compared it against the tracked-metric series in the catalog — trends match. Leaving this open until we wire the warehouse source.',false);
INSERT INTO public.comments (id,thread_id,author_id,content,resolved) VALUES ('fd7daf1f-df12-43cf-9c65-b0de4862e8b1','4c477ef3-77b8-4c28-8609-0eade79c4884','user_30uQARGezqSApAChPSGSwFyUy85','Grouped the levers & bets into a Strategy group — check the Strategy page for the kanban view.',true);
INSERT INTO public.dashboard_widgets (id,project_id,title,widget_type,config,layout,sort_index,created_by) VALUES ('5cb33c5c-da83-429e-a279-31980783406d','d0f31e26-4841-4dc0-97a6-8cec242adfae','Activation Rate — Lifecycle Cohort Analysis','kpi','{"source":"tracked","trackedMetricIds":["83cd17ae-75b3-438e-850e-c4844616d8e0"]}'::jsonb,'{"x":0,"y":0,"w":3,"h":4}'::jsonb,0,'user_30uQARGezqSApAChPSGSwFyUy85');
INSERT INTO public.dashboard_widgets (id,project_id,title,widget_type,config,layout,sort_index,created_by) VALUES ('ed5524b5-bd98-4863-8178-38a415d4d166','d0f31e26-4841-4dc0-97a6-8cec242adfae','Activation Rate & drivers','area','{"source":"card","cardIds":["fe659131-87dd-49b0-841d-37160a84ec57","048b30f4-8cf8-4cbb-8092-61816be4c2b4","bda21638-6938-43e3-ab9e-31a6ffa9f019","5e92ebea-ef6e-46d2-b147-6938a4be899e"],"display":{"showLegend":true}}'::jsonb,'{"x":3,"y":0,"w":9,"h":8}'::jsonb,1,'user_30uQARGezqSApAChPSGSwFyUy85');
INSERT INTO public.dashboard_widgets (id,project_id,title,widget_type,config,layout,sort_index,created_by) VALUES ('9263f596-5c85-43d8-a777-8564d6ea7a42','d0f31e26-4841-4dc0-97a6-8cec242adfae','Key metrics','table','{"source":"card","cardIds":["fe659131-87dd-49b0-841d-37160a84ec57","048b30f4-8cf8-4cbb-8092-61816be4c2b4","bda21638-6938-43e3-ab9e-31a6ffa9f019","5e92ebea-ef6e-46d2-b147-6938a4be899e"]}'::jsonb,'{"x":0,"y":4,"w":3,"h":8}'::jsonb,2,'user_30uQARGezqSApAChPSGSwFyUy85');
INSERT INTO public.alert_rules (id,project_id,card_id,name,rule_type,config,enabled,created_by) VALUES ('ac10f92e-e5c6-4545-9f97-d8c1b8e4e6c9','d0f31e26-4841-4dc0-97a6-8cec242adfae','fe659131-87dd-49b0-841d-37160a84ec57','Activation Rate floor','threshold','{"comparator":"lte","value":47}'::jsonb,true,'user_30uQARGezqSApAChPSGSwFyUy85');
INSERT INTO public.alert_rules (id,project_id,card_id,name,rule_type,config,enabled,created_by) VALUES ('5f54e097-e383-44e8-ba9b-757650d97493','d0f31e26-4841-4dc0-97a6-8cec242adfae','fe659131-87dd-49b0-841d-37160a84ec57','Activation Rate sudden drop','change','{"direction":"down","pct":10}'::jsonb,true,'user_30uQARGezqSApAChPSGSwFyUy85');

COMMIT;
