-- Example metric trees (SaaS / E-commerce / Retail). Owner: user_30uQARGezqSApAChPSGSwFyUy85
-- Re-runnable: deletes prior projects with the same names (cascade) first.
BEGIN;

DELETE FROM public.projects WHERE created_by='user_30uQARGezqSApAChPSGSwFyUy85' AND name='SaaS — Example Metric Tree';
INSERT INTO public.projects (id,name,description,created_by,last_modified_by,is_public,tags,settings) VALUES ('21006e8a-5cfa-40f6-9af8-ac386056ad02','SaaS — Example Metric Tree','Decomposition of profit for a B2B SaaS: ARR/MRR movements, acquisition funnel, channels (incl. social), unit economics, and cost structure.','user_30uQARGezqSApAChPSGSwFyUy85','user_30uQARGezqSApAChPSGSwFyUy85',true,ARRAY['example','template'],'{"dataFlowEdges":[{"id":"0ef2d1af-9f97-4484-b851-6834160c14cb","source":"375310de-f431-439d-b2e6-e42f96f9f5f5","target":"ffe45411-3732-4c5b-895e-6c51972f8560","type":"dataFlow"},{"id":"c63dbaad-cf8f-417a-b255-df1370ce0dba","source":"5bd33656-a3c0-4201-94b8-65d965685a9c","target":"ffe45411-3732-4c5b-895e-6c51972f8560","type":"dataFlow"},{"id":"9e44ef38-08b7-43ea-8d5a-bca2ae9c5ae7","source":"ffe45411-3732-4c5b-895e-6c51972f8560","target":"32024e66-f95f-4276-aea8-74b8370fcd0e","type":"dataFlow"},{"id":"9460fa4a-b829-49d1-a29b-aa6b683f9396","source":"5bd33656-a3c0-4201-94b8-65d965685a9c","target":"ef3a41e3-f4cb-4057-a95c-381ccf9660a7","type":"dataFlow"},{"id":"2a9efaf9-6b81-4acc-a299-17c9148e6bbe","source":"32024e66-f95f-4276-aea8-74b8370fcd0e","target":"ef3a41e3-f4cb-4057-a95c-381ccf9660a7","type":"dataFlow"}]}'::jsonb);
INSERT INTO public.metric_cards (id,project_id,title,description,category,position_x,position_y,created_by,data) VALUES ('24e7637c-ee15-4325-aa67-e0ce9a0131f3','21006e8a-5cfa-40f6-9af8-ac386056ad02','Profit','Revenue − Total Costs','Core/Value',0,0,'user_30uQARGezqSApAChPSGSwFyUy85','[{"period":"2025-12","value":796434,"change_percent":0,"trend":"neutral"},{"period":"2026-01","value":848467,"change_percent":6.5,"trend":"up"},{"period":"2026-02","value":891210,"change_percent":5,"trend":"up"},{"period":"2026-03","value":934329,"change_percent":4.8,"trend":"up"},{"period":"2026-04","value":1004529,"change_percent":7.5,"trend":"up"},{"period":"2026-05","value":1057880,"change_percent":5.3,"trend":"up"},{"period":"2026-06","value":1116803,"change_percent":5.6,"trend":"up"}]'::jsonb);
INSERT INTO public.metric_cards (id,project_id,title,description,category,position_x,position_y,created_by,data) VALUES ('5bd33656-a3c0-4201-94b8-65d965685a9c','21006e8a-5cfa-40f6-9af8-ac386056ad02','Revenue (ARR)','MRR × 12','Data/Metric',-1190,200,'user_30uQARGezqSApAChPSGSwFyUy85','[{"period":"2025-12","value":179901,"change_percent":0,"trend":"neutral"},{"period":"2026-01","value":191566,"change_percent":6.5,"trend":"up"},{"period":"2026-02","value":202900,"change_percent":5.9,"trend":"up"},{"period":"2026-03","value":213869,"change_percent":5.4,"trend":"up"},{"period":"2026-04","value":227369,"change_percent":6.3,"trend":"up"},{"period":"2026-05","value":234819,"change_percent":3.3,"trend":"up"},{"period":"2026-06","value":248833,"change_percent":6,"trend":"up"}]'::jsonb);
INSERT INTO public.metric_cards (id,project_id,title,description,category,position_x,position_y,created_by,data) VALUES ('7ac88486-0986-484b-b559-a00cc283557b','21006e8a-5cfa-40f6-9af8-ac386056ad02','MRR','Monthly Recurring Revenue','Data/Metric',-680,400,'user_30uQARGezqSApAChPSGSwFyUy85','[{"period":"2025-12","value":68104,"change_percent":0,"trend":"neutral"},{"period":"2026-01","value":70274,"change_percent":3.2,"trend":"up"},{"period":"2026-02","value":72170,"change_percent":2.7,"trend":"up"},{"period":"2026-03","value":74068,"change_percent":2.6,"trend":"up"},{"period":"2026-04","value":76854,"change_percent":3.8,"trend":"up"},{"period":"2026-05","value":78541,"change_percent":2.2,"trend":"up"},{"period":"2026-06","value":79585,"change_percent":1.3,"trend":"up"}]'::jsonb);
INSERT INTO public.metric_cards (id,project_id,title,description,category,position_x,position_y,created_by,data) VALUES ('592544ca-c1d5-49fb-bd66-32c530cab319','21006e8a-5cfa-40f6-9af8-ac386056ad02','New MRR','New Customers × ARPA','Data/Metric',-1020,600,'user_30uQARGezqSApAChPSGSwFyUy85','[{"period":"2025-12","value":98278,"change_percent":0,"trend":"neutral"},{"period":"2026-01","value":99723,"change_percent":1.5,"trend":"up"},{"period":"2026-02","value":101745,"change_percent":2,"trend":"up"},{"period":"2026-03","value":108255,"change_percent":6.4,"trend":"up"},{"period":"2026-04","value":114970,"change_percent":6.2,"trend":"up"},{"period":"2026-05","value":118024,"change_percent":2.7,"trend":"up"},{"period":"2026-06","value":122095,"change_percent":3.4,"trend":"up"}]'::jsonb);
INSERT INTO public.metric_cards (id,project_id,title,description,category,position_x,position_y,created_by,data) VALUES ('ad31679d-eae8-4389-ae35-57a5408c50e6','21006e8a-5cfa-40f6-9af8-ac386056ad02','Expansion MRR','Upsell + cross-sell','Data/Metric',-680,600,'user_30uQARGezqSApAChPSGSwFyUy85','[{"period":"2025-12","value":668003,"change_percent":0,"trend":"neutral"},{"period":"2026-01","value":707266,"change_percent":5.9,"trend":"up"},{"period":"2026-02","value":755971,"change_percent":6.9,"trend":"up"},{"period":"2026-03","value":789362,"change_percent":4.4,"trend":"up"},{"period":"2026-04","value":814030,"change_percent":3.1,"trend":"up"},{"period":"2026-05","value":862228,"change_percent":5.9,"trend":"up"},{"period":"2026-06","value":919400,"change_percent":6.6,"trend":"up"}]'::jsonb);
INSERT INTO public.metric_cards (id,project_id,title,description,category,position_x,position_y,created_by,data) VALUES ('d5123d44-4c2c-436a-865b-a13003316710','21006e8a-5cfa-40f6-9af8-ac386056ad02','Reactivation MRR','','Data/Metric',-340,600,'user_30uQARGezqSApAChPSGSwFyUy85','[{"period":"2025-12","value":130183,"change_percent":0,"trend":"neutral"},{"period":"2026-01","value":138384,"change_percent":6.3,"trend":"up"},{"period":"2026-02","value":145253,"change_percent":5,"trend":"up"},{"period":"2026-03","value":155151,"change_percent":6.8,"trend":"up"},{"period":"2026-04","value":168130,"change_percent":8.4,"trend":"up"},{"period":"2026-05","value":176969,"change_percent":5.3,"trend":"up"},{"period":"2026-06","value":192337,"change_percent":8.7,"trend":"up"}]'::jsonb);
INSERT INTO public.metric_cards (id,project_id,title,description,category,position_x,position_y,created_by,data) VALUES ('e8648a5f-1619-4cc8-9b15-68e17ecd0c66','21006e8a-5cfa-40f6-9af8-ac386056ad02','Churned MRR','Lost recurring revenue','Data/Metric',0,600,'user_30uQARGezqSApAChPSGSwFyUy85','[{"period":"2025-12","value":34.8,"change_percent":0,"trend":"neutral"},{"period":"2026-01","value":32.4,"change_percent":-6.9,"trend":"down"},{"period":"2026-02","value":30,"change_percent":-7.4,"trend":"down"},{"period":"2026-03","value":28.3,"change_percent":-5.7,"trend":"down"},{"period":"2026-04","value":27.1,"change_percent":-4.2,"trend":"down"},{"period":"2026-05","value":25.3,"change_percent":-6.6,"trend":"down"},{"period":"2026-06","value":24.5,"change_percent":-3.2,"trend":"down"}]'::jsonb);
INSERT INTO public.metric_cards (id,project_id,title,description,category,position_x,position_y,created_by,data) VALUES ('5b7cee2e-8df3-4f1e-814b-42940bb25129','21006e8a-5cfa-40f6-9af8-ac386056ad02','Contraction MRR','Downgrades','Data/Metric',340,600,'user_30uQARGezqSApAChPSGSwFyUy85','[{"period":"2025-12","value":565896,"change_percent":0,"trend":"neutral"},{"period":"2026-01","value":530519,"change_percent":-6.3,"trend":"down"},{"period":"2026-02","value":507832,"change_percent":-4.3,"trend":"down"},{"period":"2026-03","value":486636,"change_percent":-4.2,"trend":"down"},{"period":"2026-04","value":453415,"change_percent":-6.8,"trend":"down"},{"period":"2026-05","value":436046,"change_percent":-3.8,"trend":"down"},{"period":"2026-06","value":403654,"change_percent":-7.4,"trend":"down"}]'::jsonb);
INSERT INTO public.metric_cards (id,project_id,title,description,category,position_x,position_y,created_by,data) VALUES ('84748058-45fd-4172-a247-3e6815aa4d11','21006e8a-5cfa-40f6-9af8-ac386056ad02','New Customers','Trials × Trial→Paid','Data/Metric',-340,800,'user_30uQARGezqSApAChPSGSwFyUy85','[{"period":"2025-12","value":30364,"change_percent":0,"trend":"neutral"},{"period":"2026-01","value":32277,"change_percent":6.3,"trend":"up"},{"period":"2026-02","value":34586,"change_percent":7.2,"trend":"up"},{"period":"2026-03","value":36344,"change_percent":5.1,"trend":"up"},{"period":"2026-04","value":38558,"change_percent":6.1,"trend":"up"},{"period":"2026-05","value":40531,"change_percent":5.1,"trend":"up"},{"period":"2026-06","value":42596,"change_percent":5.1,"trend":"up"}]'::jsonb);
INSERT INTO public.metric_cards (id,project_id,title,description,category,position_x,position_y,created_by,data) VALUES ('2d1e2864-7aa9-435d-8916-744c3fbb7dd8','21006e8a-5cfa-40f6-9af8-ac386056ad02','ARPA','Avg revenue per account','Data/Metric',0,800,'user_30uQARGezqSApAChPSGSwFyUy85','[{"period":"2025-12","value":543672,"change_percent":0,"trend":"neutral"},{"period":"2026-01","value":569638,"change_percent":4.8,"trend":"up"},{"period":"2026-02","value":593938,"change_percent":4.3,"trend":"up"},{"period":"2026-03","value":601841,"change_percent":1.3,"trend":"up"},{"period":"2026-04","value":611672,"change_percent":1.6,"trend":"up"},{"period":"2026-05","value":622943,"change_percent":1.8,"trend":"up"},{"period":"2026-06","value":635904,"change_percent":2.1,"trend":"up"}]'::jsonb);
INSERT INTO public.metric_cards (id,project_id,title,description,category,position_x,position_y,created_by,data) VALUES ('81b6914a-eefa-4850-bd33-2b69bb29dcca','21006e8a-5cfa-40f6-9af8-ac386056ad02','Avg Price','','Data/Metric',-850,1000,'user_30uQARGezqSApAChPSGSwFyUy85','[{"period":"2025-12","value":240821,"change_percent":0,"trend":"neutral"},{"period":"2026-01","value":252458,"change_percent":4.8,"trend":"up"},{"period":"2026-02","value":253836,"change_percent":0.5,"trend":"neutral"},{"period":"2026-03","value":266072,"change_percent":4.8,"trend":"up"},{"period":"2026-04","value":275344,"change_percent":3.5,"trend":"up"},{"period":"2026-05","value":287396,"change_percent":4.4,"trend":"up"},{"period":"2026-06","value":295548,"change_percent":2.8,"trend":"up"}]'::jsonb);
INSERT INTO public.metric_cards (id,project_id,title,description,category,position_x,position_y,created_by,data) VALUES ('4feaa636-6318-4cee-a0f4-4936ab16438e','21006e8a-5cfa-40f6-9af8-ac386056ad02','Avg Seats / Account','','Data/Metric',-510,1000,'user_30uQARGezqSApAChPSGSwFyUy85','[{"period":"2025-12","value":14796,"change_percent":0,"trend":"neutral"},{"period":"2026-01","value":15423,"change_percent":4.2,"trend":"up"},{"period":"2026-02","value":16296,"change_percent":5.7,"trend":"up"},{"period":"2026-03","value":17058,"change_percent":4.7,"trend":"up"},{"period":"2026-04","value":17629,"change_percent":3.3,"trend":"up"},{"period":"2026-05","value":18561,"change_percent":5.3,"trend":"up"},{"period":"2026-06","value":19135,"change_percent":3.1,"trend":"up"}]'::jsonb);
INSERT INTO public.metric_cards (id,project_id,title,description,category,position_x,position_y,created_by,data) VALUES ('8d0bc2dc-fc92-492e-845a-a4d05a634665','21006e8a-5cfa-40f6-9af8-ac386056ad02','Trials Started','MQLs × Lead→Trial','Data/Metric',-170,1000,'user_30uQARGezqSApAChPSGSwFyUy85','[{"period":"2025-12","value":35533,"change_percent":0,"trend":"neutral"},{"period":"2026-01","value":37122,"change_percent":4.5,"trend":"up"},{"period":"2026-02","value":38850,"change_percent":4.7,"trend":"up"},{"period":"2026-03","value":40867,"change_percent":5.2,"trend":"up"},{"period":"2026-04","value":41545,"change_percent":1.7,"trend":"up"},{"period":"2026-05","value":43757,"change_percent":5.3,"trend":"up"},{"period":"2026-06","value":45026,"change_percent":2.9,"trend":"up"}]'::jsonb);
INSERT INTO public.metric_cards (id,project_id,title,description,category,position_x,position_y,created_by,data) VALUES ('8698e3eb-ecd2-40b7-9b4c-8fd53a49ec36','21006e8a-5cfa-40f6-9af8-ac386056ad02','Trial→Paid Conversion %','','Data/Metric',170,1000,'user_30uQARGezqSApAChPSGSwFyUy85','[{"period":"2025-12","value":8.4,"change_percent":0,"trend":"neutral"},{"period":"2026-01","value":8.9,"change_percent":6,"trend":"up"},{"period":"2026-02","value":9.5,"change_percent":6.7,"trend":"up"},{"period":"2026-03","value":10,"change_percent":5.3,"trend":"up"},{"period":"2026-04","value":10.7,"change_percent":7,"trend":"up"},{"period":"2026-05","value":11.4,"change_percent":6.5,"trend":"up"},{"period":"2026-06","value":11.9,"change_percent":4.4,"trend":"up"}]'::jsonb);
INSERT INTO public.metric_cards (id,project_id,title,description,category,position_x,position_y,created_by,data) VALUES ('4e0119f0-99c3-4149-8e1c-7d1da1ac5b65','21006e8a-5cfa-40f6-9af8-ac386056ad02','Marketing Qualified Leads','Visitors × Visitor→Lead','Data/Metric',-510,1200,'user_30uQARGezqSApAChPSGSwFyUy85','[{"period":"2025-12","value":15947,"change_percent":0,"trend":"neutral"},{"period":"2026-01","value":16964,"change_percent":6.4,"trend":"up"},{"period":"2026-02","value":18519,"change_percent":9.2,"trend":"up"},{"period":"2026-03","value":19915,"change_percent":7.5,"trend":"up"},{"period":"2026-04","value":21405,"change_percent":7.5,"trend":"up"},{"period":"2026-05","value":22886,"change_percent":6.9,"trend":"up"},{"period":"2026-06","value":24507,"change_percent":7.1,"trend":"up"}]'::jsonb);
INSERT INTO public.metric_cards (id,project_id,title,description,category,position_x,position_y,created_by,data) VALUES ('92e1e70b-187f-4d13-a87b-abdbabc8db68','21006e8a-5cfa-40f6-9af8-ac386056ad02','Visitor→Lead %','','Data/Metric',-170,1200,'user_30uQARGezqSApAChPSGSwFyUy85','[{"period":"2025-12","value":25,"change_percent":0,"trend":"neutral"},{"period":"2026-01","value":26,"change_percent":4,"trend":"up"},{"period":"2026-02","value":26,"change_percent":0,"trend":"neutral"},{"period":"2026-03","value":26.7,"change_percent":2.7,"trend":"up"},{"period":"2026-04","value":27.7,"change_percent":3.7,"trend":"up"},{"period":"2026-05","value":28.7,"change_percent":3.6,"trend":"up"},{"period":"2026-06","value":29.5,"change_percent":2.8,"trend":"up"}]'::jsonb);
INSERT INTO public.metric_cards (id,project_id,title,description,category,position_x,position_y,created_by,data) VALUES ('7cf6a22c-6e4a-4097-9942-ebf2c5cf90ca','21006e8a-5cfa-40f6-9af8-ac386056ad02','Website Visitors','Sum of channels','Data/Metric',0,1400,'user_30uQARGezqSApAChPSGSwFyUy85','[{"period":"2025-12","value":28606,"change_percent":0,"trend":"neutral"},{"period":"2026-01","value":30366,"change_percent":6.2,"trend":"up"},{"period":"2026-02","value":32237,"change_percent":6.2,"trend":"up"},{"period":"2026-03","value":34814,"change_percent":8,"trend":"up"},{"period":"2026-04","value":37120,"change_percent":6.6,"trend":"up"},{"period":"2026-05","value":39335,"change_percent":6,"trend":"up"},{"period":"2026-06","value":41326,"change_percent":5.1,"trend":"up"}]'::jsonb);
INSERT INTO public.metric_cards (id,project_id,title,description,category,position_x,position_y,created_by,data) VALUES ('0d567936-044d-4f98-a353-5424f3bc513f','21006e8a-5cfa-40f6-9af8-ac386056ad02','Organic / SEO Traffic','','Data/Metric',-850,1600,'user_30uQARGezqSApAChPSGSwFyUy85','[{"period":"2025-12","value":32790,"change_percent":0,"trend":"neutral"},{"period":"2026-01","value":34637,"change_percent":5.6,"trend":"up"},{"period":"2026-02","value":37221,"change_percent":7.5,"trend":"up"},{"period":"2026-03","value":39439,"change_percent":6,"trend":"up"},{"period":"2026-04","value":41194,"change_percent":4.4,"trend":"up"},{"period":"2026-05","value":44208,"change_percent":7.3,"trend":"up"},{"period":"2026-06","value":46549,"change_percent":5.3,"trend":"up"}]'::jsonb);
INSERT INTO public.metric_cards (id,project_id,title,description,category,position_x,position_y,created_by,data) VALUES ('a8418ccd-46d9-4e9e-8ea8-2092545c45f0','21006e8a-5cfa-40f6-9af8-ac386056ad02','Paid Search Traffic','Ad Spend / CPC','Data/Metric',-510,1600,'user_30uQARGezqSApAChPSGSwFyUy85','[{"period":"2025-12","value":5986,"change_percent":0,"trend":"neutral"},{"period":"2026-01","value":6303,"change_percent":5.3,"trend":"up"},{"period":"2026-02","value":6603,"change_percent":4.8,"trend":"up"},{"period":"2026-03","value":6961,"change_percent":5.4,"trend":"up"},{"period":"2026-04","value":7202,"change_percent":3.5,"trend":"up"},{"period":"2026-05","value":7446,"change_percent":3.4,"trend":"up"},{"period":"2026-06","value":7747,"change_percent":4,"trend":"up"}]'::jsonb);
INSERT INTO public.metric_cards (id,project_id,title,description,category,position_x,position_y,created_by,data) VALUES ('dded62c4-9b56-46a0-a14a-5dcd2202cbda','21006e8a-5cfa-40f6-9af8-ac386056ad02','Social Media Traffic','Reach × CTR','Data/Metric',-170,1600,'user_30uQARGezqSApAChPSGSwFyUy85','[{"period":"2025-12","value":36296,"change_percent":0,"trend":"neutral"},{"period":"2026-01","value":36961,"change_percent":1.8,"trend":"up"},{"period":"2026-02","value":37737,"change_percent":2.1,"trend":"up"},{"period":"2026-03","value":38101,"change_percent":1,"trend":"neutral"},{"period":"2026-04","value":39878,"change_percent":4.7,"trend":"up"},{"period":"2026-05","value":39959,"change_percent":0.2,"trend":"neutral"},{"period":"2026-06","value":41275,"change_percent":3.3,"trend":"up"}]'::jsonb);
INSERT INTO public.metric_cards (id,project_id,title,description,category,position_x,position_y,created_by,data) VALUES ('7df238cd-e7ce-49ae-bbdf-70af8b81074d','21006e8a-5cfa-40f6-9af8-ac386056ad02','Referral Traffic','','Data/Metric',170,1600,'user_30uQARGezqSApAChPSGSwFyUy85','[{"period":"2025-12","value":31957,"change_percent":0,"trend":"neutral"},{"period":"2026-01","value":33999,"change_percent":6.4,"trend":"up"},{"period":"2026-02","value":36367,"change_percent":7,"trend":"up"},{"period":"2026-03","value":38899,"change_percent":7,"trend":"up"},{"period":"2026-04","value":41344,"change_percent":6.3,"trend":"up"},{"period":"2026-05","value":43438,"change_percent":5.1,"trend":"up"},{"period":"2026-06","value":44980,"change_percent":3.5,"trend":"up"}]'::jsonb);
INSERT INTO public.metric_cards (id,project_id,title,description,category,position_x,position_y,created_by,data) VALUES ('ea12c362-e0bc-4f61-a5d1-9ba0d5bd43ff','21006e8a-5cfa-40f6-9af8-ac386056ad02','Direct Traffic','','Data/Metric',510,1600,'user_30uQARGezqSApAChPSGSwFyUy85','[{"period":"2025-12","value":85034,"change_percent":0,"trend":"neutral"},{"period":"2026-01","value":88934,"change_percent":4.6,"trend":"up"},{"period":"2026-02","value":96186,"change_percent":8.2,"trend":"up"},{"period":"2026-03","value":100678,"change_percent":4.7,"trend":"up"},{"period":"2026-04","value":107306,"change_percent":6.6,"trend":"up"},{"period":"2026-05","value":114842,"change_percent":7,"trend":"up"},{"period":"2026-06","value":123817,"change_percent":7.8,"trend":"up"}]'::jsonb);
INSERT INTO public.metric_cards (id,project_id,title,description,category,position_x,position_y,created_by,data) VALUES ('0c4d035f-e127-4085-95f6-256102b9c0f1','21006e8a-5cfa-40f6-9af8-ac386056ad02','Email Traffic','','Data/Metric',850,1600,'user_30uQARGezqSApAChPSGSwFyUy85','[{"period":"2025-12","value":51635,"change_percent":0,"trend":"neutral"},{"period":"2026-01","value":55706,"change_percent":7.9,"trend":"up"},{"period":"2026-02","value":60729,"change_percent":9,"trend":"up"},{"period":"2026-03","value":65219,"change_percent":7.4,"trend":"up"},{"period":"2026-04","value":69285,"change_percent":6.2,"trend":"up"},{"period":"2026-05","value":74025,"change_percent":6.8,"trend":"up"},{"period":"2026-06","value":78187,"change_percent":5.6,"trend":"up"}]'::jsonb);
INSERT INTO public.metric_cards (id,project_id,title,description,category,position_x,position_y,created_by,data) VALUES ('b911b878-3c3a-4445-bc3e-ac1e2e4e46ff','21006e8a-5cfa-40f6-9af8-ac386056ad02','Social Reach / Followers','','Data/Metric',-850,1800,'user_30uQARGezqSApAChPSGSwFyUy85','[{"period":"2025-12","value":45957,"change_percent":0,"trend":"neutral"},{"period":"2026-01","value":46775,"change_percent":1.8,"trend":"up"},{"period":"2026-02","value":48658,"change_percent":4,"trend":"up"},{"period":"2026-03","value":51109,"change_percent":5,"trend":"up"},{"period":"2026-04","value":52249,"change_percent":2.2,"trend":"up"},{"period":"2026-05","value":53127,"change_percent":1.7,"trend":"up"},{"period":"2026-06","value":53685,"change_percent":1.1,"trend":"up"}]'::jsonb);
INSERT INTO public.metric_cards (id,project_id,title,description,category,position_x,position_y,created_by,data) VALUES ('4d676b88-4d1d-4121-8dad-3888960c9f00','21006e8a-5cfa-40f6-9af8-ac386056ad02','Social Engagement Rate','','Data/Metric',-510,1800,'user_30uQARGezqSApAChPSGSwFyUy85','[{"period":"2025-12","value":9.2,"change_percent":0,"trend":"neutral"},{"period":"2026-01","value":9.7,"change_percent":5.4,"trend":"up"},{"period":"2026-02","value":9.9,"change_percent":2.1,"trend":"up"},{"period":"2026-03","value":10.5,"change_percent":6.1,"trend":"up"},{"period":"2026-04","value":11.1,"change_percent":5.7,"trend":"up"},{"period":"2026-05","value":11.8,"change_percent":6.3,"trend":"up"},{"period":"2026-06","value":12.2,"change_percent":3.4,"trend":"up"}]'::jsonb);
INSERT INTO public.metric_cards (id,project_id,title,description,category,position_x,position_y,created_by,data) VALUES ('b9900f01-94e8-4f54-988d-a06b95c685c9','21006e8a-5cfa-40f6-9af8-ac386056ad02','Content Cadence (posts/wk)','','Data/Metric',0,2000,'user_30uQARGezqSApAChPSGSwFyUy85','[{"period":"2025-12","value":3459,"change_percent":0,"trend":"neutral"},{"period":"2026-01","value":3555,"change_percent":2.8,"trend":"up"},{"period":"2026-02","value":3719,"change_percent":4.6,"trend":"up"},{"period":"2026-03","value":3843,"change_percent":3.3,"trend":"up"},{"period":"2026-04","value":3991,"change_percent":3.9,"trend":"up"},{"period":"2026-05","value":4245,"change_percent":6.4,"trend":"up"},{"period":"2026-06","value":4440,"change_percent":4.6,"trend":"up"}]'::jsonb);
INSERT INTO public.metric_cards (id,project_id,title,description,category,position_x,position_y,created_by,data) VALUES ('bd3a4e62-c38e-4304-967b-3e23327e9994','21006e8a-5cfa-40f6-9af8-ac386056ad02','Ad Spend','','Data/Metric',-170,1800,'user_30uQARGezqSApAChPSGSwFyUy85','[{"period":"2025-12","value":611271,"change_percent":0,"trend":"neutral"},{"period":"2026-01","value":640194,"change_percent":4.7,"trend":"up"},{"period":"2026-02","value":672695,"change_percent":5.1,"trend":"up"},{"period":"2026-03","value":691887,"change_percent":2.9,"trend":"up"},{"period":"2026-04","value":698226,"change_percent":0.9,"trend":"neutral"},{"period":"2026-05","value":715585,"change_percent":2.5,"trend":"up"},{"period":"2026-06","value":725168,"change_percent":1.3,"trend":"up"}]'::jsonb);
INSERT INTO public.metric_cards (id,project_id,title,description,category,position_x,position_y,created_by,data) VALUES ('95de284e-b181-4afb-8891-05684b9242db','21006e8a-5cfa-40f6-9af8-ac386056ad02','CPC','','Data/Metric',170,1800,'user_30uQARGezqSApAChPSGSwFyUy85','[{"period":"2025-12","value":702,"change_percent":0,"trend":"neutral"},{"period":"2026-01","value":719,"change_percent":2.4,"trend":"up"},{"period":"2026-02","value":755,"change_percent":5,"trend":"up"},{"period":"2026-03","value":787,"change_percent":4.2,"trend":"up"},{"period":"2026-04","value":800,"change_percent":1.7,"trend":"up"},{"period":"2026-05","value":838,"change_percent":4.8,"trend":"up"},{"period":"2026-06","value":889,"change_percent":6.1,"trend":"up"}]'::jsonb);
INSERT INTO public.metric_cards (id,project_id,title,description,category,position_x,position_y,created_by,data) VALUES ('969fece9-733d-4b8c-903f-0413cf493399','21006e8a-5cfa-40f6-9af8-ac386056ad02','Customer Churn Rate','','Data/Metric',340,800,'user_30uQARGezqSApAChPSGSwFyUy85','[{"period":"2025-12","value":3.3,"change_percent":0,"trend":"neutral"},{"period":"2026-01","value":3.2,"change_percent":-3,"trend":"down"},{"period":"2026-02","value":3.1,"change_percent":-3.1,"trend":"down"},{"period":"2026-03","value":3,"change_percent":-3.2,"trend":"down"},{"period":"2026-04","value":3,"change_percent":0,"trend":"neutral"},{"period":"2026-05","value":3,"change_percent":0,"trend":"neutral"},{"period":"2026-06","value":2.9,"change_percent":-3.3,"trend":"down"}]'::jsonb);
INSERT INTO public.metric_cards (id,project_id,title,description,category,position_x,position_y,created_by,data) VALUES ('20f066d5-eef0-4f2d-8a5f-96a50f3c688d','21006e8a-5cfa-40f6-9af8-ac386056ad02','Net Revenue Retention','','Data/Metric',-850,200,'user_30uQARGezqSApAChPSGSwFyUy85','[{"period":"2025-12","value":6.6,"change_percent":0,"trend":"neutral"},{"period":"2026-01","value":7.2,"change_percent":9.1,"trend":"up"},{"period":"2026-02","value":7.5,"change_percent":4.2,"trend":"up"},{"period":"2026-03","value":8,"change_percent":6.7,"trend":"up"},{"period":"2026-04","value":8.7,"change_percent":8.7,"trend":"up"},{"period":"2026-05","value":9.1,"change_percent":4.6,"trend":"up"},{"period":"2026-06","value":9.8,"change_percent":7.7,"trend":"up"}]'::jsonb);
INSERT INTO public.metric_cards (id,project_id,title,description,category,position_x,position_y,created_by,data) VALUES ('37bd05c7-1965-49e7-8b3c-9425fc6dc707','21006e8a-5cfa-40f6-9af8-ac386056ad02','CAC','S&M / New Customers','Data/Metric',-510,200,'user_30uQARGezqSApAChPSGSwFyUy85','[{"period":"2025-12","value":403799,"change_percent":0,"trend":"neutral"},{"period":"2026-01","value":382086,"change_percent":-5.4,"trend":"down"},{"period":"2026-02","value":361220,"change_percent":-5.5,"trend":"down"},{"period":"2026-03","value":336611,"change_percent":-6.8,"trend":"down"},{"period":"2026-04","value":319329,"change_percent":-5.1,"trend":"down"},{"period":"2026-05","value":307300,"change_percent":-3.8,"trend":"down"},{"period":"2026-06","value":296857,"change_percent":-3.4,"trend":"down"}]'::jsonb);
INSERT INTO public.metric_cards (id,project_id,title,description,category,position_x,position_y,created_by,data) VALUES ('6d94ce49-da5f-4e90-a8bd-77f6b2952efd','21006e8a-5cfa-40f6-9af8-ac386056ad02','LTV','ARPA × GM% / churn','Data/Metric',-170,200,'user_30uQARGezqSApAChPSGSwFyUy85','[{"period":"2025-12","value":361155,"change_percent":0,"trend":"neutral"},{"period":"2026-01","value":374005,"change_percent":3.6,"trend":"up"},{"period":"2026-02","value":390334,"change_percent":4.4,"trend":"up"},{"period":"2026-03","value":413917,"change_percent":6,"trend":"up"},{"period":"2026-04","value":431189,"change_percent":4.2,"trend":"up"},{"period":"2026-05","value":436398,"change_percent":1.2,"trend":"up"},{"period":"2026-06","value":448101,"change_percent":2.7,"trend":"up"}]'::jsonb);
INSERT INTO public.metric_cards (id,project_id,title,description,category,position_x,position_y,created_by,data) VALUES ('2b498e25-e092-4213-8a4f-3729507c4f9f','21006e8a-5cfa-40f6-9af8-ac386056ad02','LTV : CAC','','Data/Metric',170,200,'user_30uQARGezqSApAChPSGSwFyUy85','[{"period":"2025-12","value":661502,"change_percent":0,"trend":"neutral"},{"period":"2026-01","value":628478,"change_percent":-5,"trend":"down"},{"period":"2026-02","value":599828,"change_percent":-4.6,"trend":"down"},{"period":"2026-03","value":572279,"change_percent":-4.6,"trend":"down"},{"period":"2026-04","value":544387,"change_percent":-4.9,"trend":"down"},{"period":"2026-05","value":539442,"change_percent":-0.9,"trend":"neutral"},{"period":"2026-06","value":523160,"change_percent":-3,"trend":"down"}]'::jsonb);
INSERT INTO public.metric_cards (id,project_id,title,description,category,position_x,position_y,created_by,data) VALUES ('12d9e47f-e928-4a63-998e-6421621cd13b','21006e8a-5cfa-40f6-9af8-ac386056ad02','CAC Payback (months)','','Data/Metric',510,200,'user_30uQARGezqSApAChPSGSwFyUy85','[{"period":"2025-12","value":306315,"change_percent":0,"trend":"neutral"},{"period":"2026-01","value":289910,"change_percent":-5.4,"trend":"down"},{"period":"2026-02","value":276409,"change_percent":-4.7,"trend":"down"},{"period":"2026-03","value":256965,"change_percent":-7,"trend":"down"},{"period":"2026-04","value":249954,"change_percent":-2.7,"trend":"down"},{"period":"2026-05","value":240001,"change_percent":-4,"trend":"down"},{"period":"2026-06","value":226330,"change_percent":-5.7,"trend":"down"}]'::jsonb);
INSERT INTO public.metric_cards (id,project_id,title,description,category,position_x,position_y,created_by,data) VALUES ('0099ca17-fa04-4849-821f-58385fa23faf','21006e8a-5cfa-40f6-9af8-ac386056ad02','Gross Margin %','','Data/Metric',850,200,'user_30uQARGezqSApAChPSGSwFyUy85','[{"period":"2025-12","value":11.8,"change_percent":0,"trend":"neutral"},{"period":"2026-01","value":12.1,"change_percent":2.5,"trend":"up"},{"period":"2026-02","value":12.1,"change_percent":0,"trend":"neutral"},{"period":"2026-03","value":12.5,"change_percent":3.3,"trend":"up"},{"period":"2026-04","value":12.5,"change_percent":0,"trend":"neutral"},{"period":"2026-05","value":12.6,"change_percent":0.8,"trend":"neutral"},{"period":"2026-06","value":12.7,"change_percent":0.8,"trend":"neutral"}]'::jsonb);
INSERT INTO public.metric_cards (id,project_id,title,description,category,position_x,position_y,created_by,data) VALUES ('c8e8cda9-fa6d-4ce5-91ef-22ad3343d8bd','21006e8a-5cfa-40f6-9af8-ac386056ad02','Total Costs','COGS + S&M + R&D + G&A','Data/Metric',1190,200,'user_30uQARGezqSApAChPSGSwFyUy85','[{"period":"2025-12","value":194070,"change_percent":0,"trend":"neutral"},{"period":"2026-01","value":181539,"change_percent":-6.5,"trend":"down"},{"period":"2026-02","value":168277,"change_percent":-7.3,"trend":"down"},{"period":"2026-03","value":162000,"change_percent":-3.7,"trend":"down"},{"period":"2026-04","value":151316,"change_percent":-6.6,"trend":"down"},{"period":"2026-05","value":145185,"change_percent":-4.1,"trend":"down"},{"period":"2026-06","value":141138,"change_percent":-2.8,"trend":"down"}]'::jsonb);
INSERT INTO public.metric_cards (id,project_id,title,description,category,position_x,position_y,created_by,data) VALUES ('9d1ea16f-b152-4d29-a0e0-a80e0779542f','21006e8a-5cfa-40f6-9af8-ac386056ad02','COGS','Hosting + Support','Data/Metric',-340,400,'user_30uQARGezqSApAChPSGSwFyUy85','[{"period":"2025-12","value":197618,"change_percent":0,"trend":"neutral"},{"period":"2026-01","value":181966,"change_percent":-7.9,"trend":"down"},{"period":"2026-02","value":171122,"change_percent":-6,"trend":"down"},{"period":"2026-03","value":155586,"change_percent":-9.1,"trend":"down"},{"period":"2026-04","value":143242,"change_percent":-7.9,"trend":"down"},{"period":"2026-05","value":132442,"change_percent":-7.5,"trend":"down"},{"period":"2026-06","value":120808,"change_percent":-8.8,"trend":"down"}]'::jsonb);
INSERT INTO public.metric_cards (id,project_id,title,description,category,position_x,position_y,created_by,data) VALUES ('1981010c-5749-4f97-a0b9-ea397fb07af8','21006e8a-5cfa-40f6-9af8-ac386056ad02','Hosting / Infra','','Data/Metric',680,600,'user_30uQARGezqSApAChPSGSwFyUy85','[{"period":"2025-12","value":2188,"change_percent":0,"trend":"neutral"},{"period":"2026-01","value":2300,"change_percent":5.1,"trend":"up"},{"period":"2026-02","value":2421,"change_percent":5.3,"trend":"up"},{"period":"2026-03","value":2518,"change_percent":4,"trend":"up"},{"period":"2026-04","value":2620,"change_percent":4.1,"trend":"up"},{"period":"2026-05","value":2705,"change_percent":3.2,"trend":"up"},{"period":"2026-06","value":2808,"change_percent":3.8,"trend":"up"}]'::jsonb);
INSERT INTO public.metric_cards (id,project_id,title,description,category,position_x,position_y,created_by,data) VALUES ('d8b84094-f165-4756-9dfe-7e68c752bac4','21006e8a-5cfa-40f6-9af8-ac386056ad02','Support Cost','','Data/Metric',1020,600,'user_30uQARGezqSApAChPSGSwFyUy85','[{"period":"2025-12","value":127301,"change_percent":0,"trend":"neutral"},{"period":"2026-01","value":123400,"change_percent":-3.1,"trend":"down"},{"period":"2026-02","value":120441,"change_percent":-2.4,"trend":"down"},{"period":"2026-03","value":116055,"change_percent":-3.6,"trend":"down"},{"period":"2026-04","value":112490,"change_percent":-3.1,"trend":"down"},{"period":"2026-05","value":109615,"change_percent":-2.6,"trend":"down"},{"period":"2026-06","value":106806,"change_percent":-2.6,"trend":"down"}]'::jsonb);
INSERT INTO public.metric_cards (id,project_id,title,description,category,position_x,position_y,created_by,data) VALUES ('91067133-14ca-4288-976b-09618b660317','21006e8a-5cfa-40f6-9af8-ac386056ad02','Sales & Marketing','','Data/Metric',0,400,'user_30uQARGezqSApAChPSGSwFyUy85','[{"period":"2025-12","value":4010,"change_percent":0,"trend":"neutral"},{"period":"2026-01","value":4218,"change_percent":5.2,"trend":"up"},{"period":"2026-02","value":4448,"change_percent":5.5,"trend":"up"},{"period":"2026-03","value":4627,"change_percent":4,"trend":"up"},{"period":"2026-04","value":4688,"change_percent":1.3,"trend":"up"},{"period":"2026-05","value":4782,"change_percent":2,"trend":"up"},{"period":"2026-06","value":4911,"change_percent":2.7,"trend":"up"}]'::jsonb);
INSERT INTO public.metric_cards (id,project_id,title,description,category,position_x,position_y,created_by,data) VALUES ('f489918e-8fe6-4168-a51c-3181e63030b5','21006e8a-5cfa-40f6-9af8-ac386056ad02','R&D','','Data/Metric',340,400,'user_30uQARGezqSApAChPSGSwFyUy85','[{"period":"2025-12","value":4842,"change_percent":0,"trend":"neutral"},{"period":"2026-01","value":5195,"change_percent":7.3,"trend":"up"},{"period":"2026-02","value":5438,"change_percent":4.7,"trend":"up"},{"period":"2026-03","value":5810,"change_percent":6.8,"trend":"up"},{"period":"2026-04","value":6041,"change_percent":4,"trend":"up"},{"period":"2026-05","value":6316,"change_percent":4.6,"trend":"up"},{"period":"2026-06","value":6613,"change_percent":4.7,"trend":"up"}]'::jsonb);
INSERT INTO public.metric_cards (id,project_id,title,description,category,position_x,position_y,created_by,data) VALUES ('38dc0977-b0f8-4e08-a69e-9bfe504662f9','21006e8a-5cfa-40f6-9af8-ac386056ad02','G&A','','Data/Metric',680,400,'user_30uQARGezqSApAChPSGSwFyUy85','[{"period":"2025-12","value":4088,"change_percent":0,"trend":"neutral"},{"period":"2026-01","value":4480,"change_percent":9.6,"trend":"up"},{"period":"2026-02","value":4713,"change_percent":5.2,"trend":"up"},{"period":"2026-03","value":5067,"change_percent":7.5,"trend":"up"},{"period":"2026-04","value":5454,"change_percent":7.6,"trend":"up"},{"period":"2026-05","value":5759,"change_percent":5.6,"trend":"up"},{"period":"2026-06","value":6072,"change_percent":5.4,"trend":"up"}]'::jsonb);
INSERT INTO public.metric_cards (id,project_id,title,description,category,position_x,position_y,created_by,data) VALUES ('300ef602-1166-4a19-a76d-680935c026f2','21006e8a-5cfa-40f6-9af8-ac386056ad02','Launch content/SEO program','','Work/Action',510,1800,'user_30uQARGezqSApAChPSGSwFyUy85','[]'::jsonb);
INSERT INTO public.metric_cards (id,project_id,title,description,category,position_x,position_y,created_by,data) VALUES ('7ae64f78-32ed-4409-a06d-fba8d3fd3cce','21006e8a-5cfa-40f6-9af8-ac386056ad02','Improve onboarding flow','','Work/Action',170,1200,'user_30uQARGezqSApAChPSGSwFyUy85','[]'::jsonb);
INSERT INTO public.metric_cards (id,project_id,title,description,category,position_x,position_y,created_by,data) VALUES ('add80300-4e37-457b-ab44-033ef1e68bb8','21006e8a-5cfa-40f6-9af8-ac386056ad02','Customer success program','','Work/Action',510,1000,'user_30uQARGezqSApAChPSGSwFyUy85','[]'::jsonb);
INSERT INTO public.metric_cards (id,project_id,title,description,category,position_x,position_y,created_by,data) VALUES ('eef1b30c-1461-4428-9f37-85e4ffaccc18','21006e8a-5cfa-40f6-9af8-ac386056ad02','Referral program','','Work/Action',850,1800,'user_30uQARGezqSApAChPSGSwFyUy85','[]'::jsonb);
INSERT INTO public.metric_cards (id,project_id,title,description,category,position_x,position_y,created_by,data) VALUES ('e983d09d-28ff-4826-b72b-a3b4bb1a1cf1','21006e8a-5cfa-40f6-9af8-ac386056ad02','Annual billing reduces churn','','Ideas/Hypothesis',850,1000,'user_30uQARGezqSApAChPSGSwFyUy85','[]'::jsonb);
INSERT INTO public.metric_cards (id,project_id,title,description,category,position_x,position_y,created_by,data) VALUES ('459ab9a0-da4c-4602-bdcb-808a07fedf4f','21006e8a-5cfa-40f6-9af8-ac386056ad02','Self-serve trial lifts conversion','','Ideas/Hypothesis',510,1200,'user_30uQARGezqSApAChPSGSwFyUy85','[]'::jsonb);
INSERT INTO public.metric_cards (id,project_id,title,description,category,position_x,position_y,created_by,data) VALUES ('32024e66-f95f-4276-aea8-74b8370fcd0e','21006e8a-5cfa-40f6-9af8-ac386056ad02','Revenue (ARR) — Projection','Operator output: Revenue (ARR) × 1.1 + live feed','Data/Metric',2430,0,'user_30uQARGezqSApAChPSGSwFyUy85','[{"period":"2025-12","value":210333,"change_percent":0,"trend":"neutral"},{"period":"2026-01","value":223663,"change_percent":6.3,"trend":"up"},{"period":"2026-02","value":236627,"change_percent":5.8,"trend":"up"},{"period":"2026-03","value":249191,"change_percent":5.3,"trend":"up"},{"period":"2026-04","value":264539,"change_percent":6.2,"trend":"up"},{"period":"2026-05","value":273231,"change_percent":3.3,"trend":"up"},{"period":"2026-06","value":289144,"change_percent":5.8,"trend":"up"}]'::jsonb);
INSERT INTO public.relationships (id,project_id,source_id,target_id,type,confidence,weight,created_by) VALUES ('fc3671d4-2484-4bad-8a78-f2cd558a0adc','21006e8a-5cfa-40f6-9af8-ac386056ad02','5bd33656-a3c0-4201-94b8-65d965685a9c','24e7637c-ee15-4325-aa67-e0ce9a0131f3','Compositional','High',95,'user_30uQARGezqSApAChPSGSwFyUy85');
INSERT INTO public.relationships (id,project_id,source_id,target_id,type,confidence,weight,created_by) VALUES ('7affd170-598d-4e2b-a1ff-e11271ac95a9','21006e8a-5cfa-40f6-9af8-ac386056ad02','c8e8cda9-fa6d-4ce5-91ef-22ad3343d8bd','24e7637c-ee15-4325-aa67-e0ce9a0131f3','Compositional','High',90,'user_30uQARGezqSApAChPSGSwFyUy85');
INSERT INTO public.relationships (id,project_id,source_id,target_id,type,confidence,weight,created_by) VALUES ('24dd7427-e3f9-4ceb-924b-5e329abd7c10','21006e8a-5cfa-40f6-9af8-ac386056ad02','0099ca17-fa04-4849-821f-58385fa23faf','24e7637c-ee15-4325-aa67-e0ce9a0131f3','Causal','High',70,'user_30uQARGezqSApAChPSGSwFyUy85');
INSERT INTO public.relationships (id,project_id,source_id,target_id,type,confidence,weight,created_by) VALUES ('73e357c2-c466-44e1-a41c-1049ce6a5b11','21006e8a-5cfa-40f6-9af8-ac386056ad02','7ac88486-0986-484b-b559-a00cc283557b','5bd33656-a3c0-4201-94b8-65d965685a9c','Deterministic','High',95,'user_30uQARGezqSApAChPSGSwFyUy85');
INSERT INTO public.relationships (id,project_id,source_id,target_id,type,confidence,weight,created_by) VALUES ('a9761f57-5398-4d6e-a4b7-aa38877c6e4c','21006e8a-5cfa-40f6-9af8-ac386056ad02','592544ca-c1d5-49fb-bd66-32c530cab319','7ac88486-0986-484b-b559-a00cc283557b','Compositional','High',80,'user_30uQARGezqSApAChPSGSwFyUy85');
INSERT INTO public.relationships (id,project_id,source_id,target_id,type,confidence,weight,created_by) VALUES ('e13b18d7-2c22-4de9-be81-abe830a40d1b','21006e8a-5cfa-40f6-9af8-ac386056ad02','ad31679d-eae8-4389-ae35-57a5408c50e6','7ac88486-0986-484b-b559-a00cc283557b','Compositional','High',70,'user_30uQARGezqSApAChPSGSwFyUy85');
INSERT INTO public.relationships (id,project_id,source_id,target_id,type,confidence,weight,created_by) VALUES ('270ab736-842c-4ed9-bcaf-844150e14532','21006e8a-5cfa-40f6-9af8-ac386056ad02','d5123d44-4c2c-436a-865b-a13003316710','7ac88486-0986-484b-b559-a00cc283557b','Compositional','High',40,'user_30uQARGezqSApAChPSGSwFyUy85');
INSERT INTO public.relationships (id,project_id,source_id,target_id,type,confidence,weight,created_by) VALUES ('fe83029b-a14d-4237-ba90-c81abf15cd0a','21006e8a-5cfa-40f6-9af8-ac386056ad02','e8648a5f-1619-4cc8-9b15-68e17ecd0c66','7ac88486-0986-484b-b559-a00cc283557b','Compositional','High',75,'user_30uQARGezqSApAChPSGSwFyUy85');
INSERT INTO public.relationships (id,project_id,source_id,target_id,type,confidence,weight,created_by) VALUES ('6883c246-e8f1-4815-bd0d-85350b6f4649','21006e8a-5cfa-40f6-9af8-ac386056ad02','5b7cee2e-8df3-4f1e-814b-42940bb25129','7ac88486-0986-484b-b559-a00cc283557b','Compositional','High',50,'user_30uQARGezqSApAChPSGSwFyUy85');
INSERT INTO public.relationships (id,project_id,source_id,target_id,type,confidence,weight,created_by) VALUES ('24ce08ed-6eb9-4492-bc37-7ed04aa8eb7e','21006e8a-5cfa-40f6-9af8-ac386056ad02','84748058-45fd-4172-a247-3e6815aa4d11','592544ca-c1d5-49fb-bd66-32c530cab319','Deterministic','High',90,'user_30uQARGezqSApAChPSGSwFyUy85');
INSERT INTO public.relationships (id,project_id,source_id,target_id,type,confidence,weight,created_by) VALUES ('085451d8-69fc-4f3c-a57f-55b7be94e86b','21006e8a-5cfa-40f6-9af8-ac386056ad02','2d1e2864-7aa9-435d-8916-744c3fbb7dd8','592544ca-c1d5-49fb-bd66-32c530cab319','Deterministic','High',80,'user_30uQARGezqSApAChPSGSwFyUy85');
INSERT INTO public.relationships (id,project_id,source_id,target_id,type,confidence,weight,created_by) VALUES ('251fe69b-9cd2-4c51-bd03-a1a8ecdc3676','21006e8a-5cfa-40f6-9af8-ac386056ad02','81b6914a-eefa-4850-bd33-2b69bb29dcca','2d1e2864-7aa9-435d-8916-744c3fbb7dd8','Deterministic','High',80,'user_30uQARGezqSApAChPSGSwFyUy85');
INSERT INTO public.relationships (id,project_id,source_id,target_id,type,confidence,weight,created_by) VALUES ('be26cff2-9dd4-46c7-9bb8-cf9a285e4f77','21006e8a-5cfa-40f6-9af8-ac386056ad02','4feaa636-6318-4cee-a0f4-4936ab16438e','2d1e2864-7aa9-435d-8916-744c3fbb7dd8','Deterministic','High',70,'user_30uQARGezqSApAChPSGSwFyUy85');
INSERT INTO public.relationships (id,project_id,source_id,target_id,type,confidence,weight,created_by) VALUES ('db627840-a1c7-4e66-bdf6-475f04fb45e1','21006e8a-5cfa-40f6-9af8-ac386056ad02','8d0bc2dc-fc92-492e-845a-a4d05a634665','84748058-45fd-4172-a247-3e6815aa4d11','Deterministic','High',85,'user_30uQARGezqSApAChPSGSwFyUy85');
INSERT INTO public.relationships (id,project_id,source_id,target_id,type,confidence,weight,created_by) VALUES ('1c9b59b8-01c5-48b8-8505-88e1a3f42c44','21006e8a-5cfa-40f6-9af8-ac386056ad02','8698e3eb-ecd2-40b7-9b4c-8fd53a49ec36','84748058-45fd-4172-a247-3e6815aa4d11','Probabilistic','High',80,'user_30uQARGezqSApAChPSGSwFyUy85');
INSERT INTO public.relationships (id,project_id,source_id,target_id,type,confidence,weight,created_by) VALUES ('0865aa85-5da9-45bf-8251-4abd781243d1','21006e8a-5cfa-40f6-9af8-ac386056ad02','4e0119f0-99c3-4149-8e1c-7d1da1ac5b65','8d0bc2dc-fc92-492e-845a-a4d05a634665','Deterministic','High',80,'user_30uQARGezqSApAChPSGSwFyUy85');
INSERT INTO public.relationships (id,project_id,source_id,target_id,type,confidence,weight,created_by) VALUES ('50194047-c0d0-427c-a3c8-a9d2a42b05f8','21006e8a-5cfa-40f6-9af8-ac386056ad02','92e1e70b-187f-4d13-a87b-abdbabc8db68','8d0bc2dc-fc92-492e-845a-a4d05a634665','Probabilistic','High',70,'user_30uQARGezqSApAChPSGSwFyUy85');
INSERT INTO public.relationships (id,project_id,source_id,target_id,type,confidence,weight,created_by) VALUES ('720d4816-af16-4bfe-b12e-ac6bf0effe25','21006e8a-5cfa-40f6-9af8-ac386056ad02','7cf6a22c-6e4a-4097-9942-ebf2c5cf90ca','4e0119f0-99c3-4149-8e1c-7d1da1ac5b65','Deterministic','High',85,'user_30uQARGezqSApAChPSGSwFyUy85');
INSERT INTO public.relationships (id,project_id,source_id,target_id,type,confidence,weight,created_by) VALUES ('8fd5395d-32ff-4f7c-aad0-46c8024d33e7','21006e8a-5cfa-40f6-9af8-ac386056ad02','0d567936-044d-4f98-a353-5424f3bc513f','7cf6a22c-6e4a-4097-9942-ebf2c5cf90ca','Compositional','High',70,'user_30uQARGezqSApAChPSGSwFyUy85');
INSERT INTO public.relationships (id,project_id,source_id,target_id,type,confidence,weight,created_by) VALUES ('493b3ad8-0821-45b7-a65f-69911e055ffb','21006e8a-5cfa-40f6-9af8-ac386056ad02','a8418ccd-46d9-4e9e-8ea8-2092545c45f0','7cf6a22c-6e4a-4097-9942-ebf2c5cf90ca','Compositional','High',65,'user_30uQARGezqSApAChPSGSwFyUy85');
INSERT INTO public.relationships (id,project_id,source_id,target_id,type,confidence,weight,created_by) VALUES ('ae3fd3ff-75ca-4d32-bc21-1261b1564bb0','21006e8a-5cfa-40f6-9af8-ac386056ad02','dded62c4-9b56-46a0-a14a-5dcd2202cbda','7cf6a22c-6e4a-4097-9942-ebf2c5cf90ca','Compositional','High',55,'user_30uQARGezqSApAChPSGSwFyUy85');
INSERT INTO public.relationships (id,project_id,source_id,target_id,type,confidence,weight,created_by) VALUES ('6682298d-6460-41a0-9ac3-b4c1802f42d3','21006e8a-5cfa-40f6-9af8-ac386056ad02','7df238cd-e7ce-49ae-bbdf-70af8b81074d','7cf6a22c-6e4a-4097-9942-ebf2c5cf90ca','Compositional','High',45,'user_30uQARGezqSApAChPSGSwFyUy85');
INSERT INTO public.relationships (id,project_id,source_id,target_id,type,confidence,weight,created_by) VALUES ('05e3ba56-d85a-4c12-b709-2ad436ed9335','21006e8a-5cfa-40f6-9af8-ac386056ad02','ea12c362-e0bc-4f61-a5d1-9ba0d5bd43ff','7cf6a22c-6e4a-4097-9942-ebf2c5cf90ca','Compositional','High',50,'user_30uQARGezqSApAChPSGSwFyUy85');
INSERT INTO public.relationships (id,project_id,source_id,target_id,type,confidence,weight,created_by) VALUES ('09b912a1-3ea6-4747-8414-42aca38b7f12','21006e8a-5cfa-40f6-9af8-ac386056ad02','0c4d035f-e127-4085-95f6-256102b9c0f1','7cf6a22c-6e4a-4097-9942-ebf2c5cf90ca','Compositional','High',50,'user_30uQARGezqSApAChPSGSwFyUy85');
INSERT INTO public.relationships (id,project_id,source_id,target_id,type,confidence,weight,created_by) VALUES ('6fc64b77-3f7f-4cd3-9658-2c4dc1bbd42b','21006e8a-5cfa-40f6-9af8-ac386056ad02','b911b878-3c3a-4445-bc3e-ac1e2e4e46ff','dded62c4-9b56-46a0-a14a-5dcd2202cbda','Causal','High',70,'user_30uQARGezqSApAChPSGSwFyUy85');
INSERT INTO public.relationships (id,project_id,source_id,target_id,type,confidence,weight,created_by) VALUES ('247f0a81-daf3-456f-88b3-a6d604446556','21006e8a-5cfa-40f6-9af8-ac386056ad02','4d676b88-4d1d-4121-8dad-3888960c9f00','dded62c4-9b56-46a0-a14a-5dcd2202cbda','Causal','High',60,'user_30uQARGezqSApAChPSGSwFyUy85');
INSERT INTO public.relationships (id,project_id,source_id,target_id,type,confidence,weight,created_by) VALUES ('ff16849c-0f6b-42de-b3ea-244ec46d1437','21006e8a-5cfa-40f6-9af8-ac386056ad02','b9900f01-94e8-4f54-988d-a06b95c685c9','b911b878-3c3a-4445-bc3e-ac1e2e4e46ff','Causal','High',55,'user_30uQARGezqSApAChPSGSwFyUy85');
INSERT INTO public.relationships (id,project_id,source_id,target_id,type,confidence,weight,created_by) VALUES ('d0573c97-2e7d-471c-8ada-f2a46352ff37','21006e8a-5cfa-40f6-9af8-ac386056ad02','bd3a4e62-c38e-4304-967b-3e23327e9994','a8418ccd-46d9-4e9e-8ea8-2092545c45f0','Deterministic','High',80,'user_30uQARGezqSApAChPSGSwFyUy85');
INSERT INTO public.relationships (id,project_id,source_id,target_id,type,confidence,weight,created_by) VALUES ('a148705c-9570-45da-bc9a-5f3f33fcd091','21006e8a-5cfa-40f6-9af8-ac386056ad02','95de284e-b181-4afb-8891-05684b9242db','a8418ccd-46d9-4e9e-8ea8-2092545c45f0','Deterministic','High',70,'user_30uQARGezqSApAChPSGSwFyUy85');
INSERT INTO public.relationships (id,project_id,source_id,target_id,type,confidence,weight,created_by) VALUES ('695f881d-c7d3-49fc-8693-7eba39092913','21006e8a-5cfa-40f6-9af8-ac386056ad02','969fece9-733d-4b8c-903f-0413cf493399','e8648a5f-1619-4cc8-9b15-68e17ecd0c66','Causal','High',85,'user_30uQARGezqSApAChPSGSwFyUy85');
INSERT INTO public.relationships (id,project_id,source_id,target_id,type,confidence,weight,created_by) VALUES ('962abb81-4965-473a-ad27-2458bdd7f4e7','21006e8a-5cfa-40f6-9af8-ac386056ad02','969fece9-733d-4b8c-903f-0413cf493399','20f066d5-eef0-4f2d-8a5f-96a50f3c688d','Causal','High',70,'user_30uQARGezqSApAChPSGSwFyUy85');
INSERT INTO public.relationships (id,project_id,source_id,target_id,type,confidence,weight,created_by) VALUES ('586dfd10-2b88-4c79-9d3a-91a541e6c42b','21006e8a-5cfa-40f6-9af8-ac386056ad02','91067133-14ca-4288-976b-09618b660317','37bd05c7-1965-49e7-8b3c-9425fc6dc707','Deterministic','High',85,'user_30uQARGezqSApAChPSGSwFyUy85');
INSERT INTO public.relationships (id,project_id,source_id,target_id,type,confidence,weight,created_by) VALUES ('71268e35-3dbe-4f62-b8d1-5760464c442c','21006e8a-5cfa-40f6-9af8-ac386056ad02','84748058-45fd-4172-a247-3e6815aa4d11','37bd05c7-1965-49e7-8b3c-9425fc6dc707','Deterministic','High',80,'user_30uQARGezqSApAChPSGSwFyUy85');
INSERT INTO public.relationships (id,project_id,source_id,target_id,type,confidence,weight,created_by) VALUES ('b1e26252-1a2d-455b-ac7e-4294b62d0b47','21006e8a-5cfa-40f6-9af8-ac386056ad02','2d1e2864-7aa9-435d-8916-744c3fbb7dd8','6d94ce49-da5f-4e90-a8bd-77f6b2952efd','Deterministic','High',75,'user_30uQARGezqSApAChPSGSwFyUy85');
INSERT INTO public.relationships (id,project_id,source_id,target_id,type,confidence,weight,created_by) VALUES ('e14b5b9f-9a11-4f5d-b99b-2da37493d6c1','21006e8a-5cfa-40f6-9af8-ac386056ad02','969fece9-733d-4b8c-903f-0413cf493399','6d94ce49-da5f-4e90-a8bd-77f6b2952efd','Causal','High',80,'user_30uQARGezqSApAChPSGSwFyUy85');
INSERT INTO public.relationships (id,project_id,source_id,target_id,type,confidence,weight,created_by) VALUES ('facf2d6f-65fb-44fe-ab08-a36ff103a787','21006e8a-5cfa-40f6-9af8-ac386056ad02','6d94ce49-da5f-4e90-a8bd-77f6b2952efd','2b498e25-e092-4213-8a4f-3729507c4f9f','Deterministic','High',80,'user_30uQARGezqSApAChPSGSwFyUy85');
INSERT INTO public.relationships (id,project_id,source_id,target_id,type,confidence,weight,created_by) VALUES ('386eefe5-8f0a-4ed3-97f6-0cfd1e2d4308','21006e8a-5cfa-40f6-9af8-ac386056ad02','37bd05c7-1965-49e7-8b3c-9425fc6dc707','2b498e25-e092-4213-8a4f-3729507c4f9f','Deterministic','High',80,'user_30uQARGezqSApAChPSGSwFyUy85');
INSERT INTO public.relationships (id,project_id,source_id,target_id,type,confidence,weight,created_by) VALUES ('3adf739d-c5c5-41c1-b300-619f73c00ad8','21006e8a-5cfa-40f6-9af8-ac386056ad02','37bd05c7-1965-49e7-8b3c-9425fc6dc707','12d9e47f-e928-4a63-998e-6421621cd13b','Deterministic','High',70,'user_30uQARGezqSApAChPSGSwFyUy85');
INSERT INTO public.relationships (id,project_id,source_id,target_id,type,confidence,weight,created_by) VALUES ('db9b2d3b-d171-4d0d-b3e5-ac9ad6397c28','21006e8a-5cfa-40f6-9af8-ac386056ad02','9d1ea16f-b152-4d29-a0e0-a80e0779542f','c8e8cda9-fa6d-4ce5-91ef-22ad3343d8bd','Compositional','High',80,'user_30uQARGezqSApAChPSGSwFyUy85');
INSERT INTO public.relationships (id,project_id,source_id,target_id,type,confidence,weight,created_by) VALUES ('1bc1f9e9-b842-45de-a55b-73e967a345dd','21006e8a-5cfa-40f6-9af8-ac386056ad02','91067133-14ca-4288-976b-09618b660317','c8e8cda9-fa6d-4ce5-91ef-22ad3343d8bd','Compositional','High',80,'user_30uQARGezqSApAChPSGSwFyUy85');
INSERT INTO public.relationships (id,project_id,source_id,target_id,type,confidence,weight,created_by) VALUES ('cbfd756f-e6bc-45c3-8e24-eb94871211ca','21006e8a-5cfa-40f6-9af8-ac386056ad02','f489918e-8fe6-4168-a51c-3181e63030b5','c8e8cda9-fa6d-4ce5-91ef-22ad3343d8bd','Compositional','High',70,'user_30uQARGezqSApAChPSGSwFyUy85');
INSERT INTO public.relationships (id,project_id,source_id,target_id,type,confidence,weight,created_by) VALUES ('97b1e015-98e9-4caa-8037-6477ec31a196','21006e8a-5cfa-40f6-9af8-ac386056ad02','38dc0977-b0f8-4e08-a69e-9bfe504662f9','c8e8cda9-fa6d-4ce5-91ef-22ad3343d8bd','Compositional','High',60,'user_30uQARGezqSApAChPSGSwFyUy85');
INSERT INTO public.relationships (id,project_id,source_id,target_id,type,confidence,weight,created_by) VALUES ('99006c86-f49a-461d-bb71-2dc64736f3b3','21006e8a-5cfa-40f6-9af8-ac386056ad02','1981010c-5749-4f97-a0b9-ea397fb07af8','9d1ea16f-b152-4d29-a0e0-a80e0779542f','Compositional','High',70,'user_30uQARGezqSApAChPSGSwFyUy85');
INSERT INTO public.relationships (id,project_id,source_id,target_id,type,confidence,weight,created_by) VALUES ('e3e0f5d6-62e1-47b2-ac1b-7250707ba282','21006e8a-5cfa-40f6-9af8-ac386056ad02','d8b84094-f165-4756-9dfe-7e68c752bac4','9d1ea16f-b152-4d29-a0e0-a80e0779542f','Compositional','High',60,'user_30uQARGezqSApAChPSGSwFyUy85');
INSERT INTO public.relationships (id,project_id,source_id,target_id,type,confidence,weight,created_by) VALUES ('8aba87d9-2646-4eb5-998d-b06b5f13b9b3','21006e8a-5cfa-40f6-9af8-ac386056ad02','9d1ea16f-b152-4d29-a0e0-a80e0779542f','0099ca17-fa04-4849-821f-58385fa23faf','Causal','High',70,'user_30uQARGezqSApAChPSGSwFyUy85');
INSERT INTO public.relationships (id,project_id,source_id,target_id,type,confidence,weight,created_by) VALUES ('54d2342d-0dac-48e6-879f-d35a160eac76','21006e8a-5cfa-40f6-9af8-ac386056ad02','bd3a4e62-c38e-4304-967b-3e23327e9994','91067133-14ca-4288-976b-09618b660317','Compositional','High',70,'user_30uQARGezqSApAChPSGSwFyUy85');
INSERT INTO public.relationships (id,project_id,source_id,target_id,type,confidence,weight,created_by) VALUES ('341e0ad8-1791-4418-b19f-16d17814c2c9','21006e8a-5cfa-40f6-9af8-ac386056ad02','300ef602-1166-4a19-a76d-680935c026f2','0d567936-044d-4f98-a353-5424f3bc513f','Causal','High',70,'user_30uQARGezqSApAChPSGSwFyUy85');
INSERT INTO public.relationships (id,project_id,source_id,target_id,type,confidence,weight,created_by) VALUES ('f5f26743-18ee-4253-9db1-eee066293219','21006e8a-5cfa-40f6-9af8-ac386056ad02','7ae64f78-32ed-4409-a06d-fba8d3fd3cce','8698e3eb-ecd2-40b7-9b4c-8fd53a49ec36','Causal','High',75,'user_30uQARGezqSApAChPSGSwFyUy85');
INSERT INTO public.relationships (id,project_id,source_id,target_id,type,confidence,weight,created_by) VALUES ('41c40a7d-6f03-4210-9d8a-779115669645','21006e8a-5cfa-40f6-9af8-ac386056ad02','add80300-4e37-457b-ab44-033ef1e68bb8','969fece9-733d-4b8c-903f-0413cf493399','Causal','High',70,'user_30uQARGezqSApAChPSGSwFyUy85');
INSERT INTO public.relationships (id,project_id,source_id,target_id,type,confidence,weight,created_by) VALUES ('44f7be78-beee-4f1a-aace-b8784a9ab94a','21006e8a-5cfa-40f6-9af8-ac386056ad02','eef1b30c-1461-4428-9f37-85e4ffaccc18','7df238cd-e7ce-49ae-bbdf-70af8b81074d','Causal','High',70,'user_30uQARGezqSApAChPSGSwFyUy85');
INSERT INTO public.relationships (id,project_id,source_id,target_id,type,confidence,weight,created_by) VALUES ('14290614-b8ea-4f8e-9d77-21fa4812f57c','21006e8a-5cfa-40f6-9af8-ac386056ad02','e983d09d-28ff-4826-b72b-a3b4bb1a1cf1','969fece9-733d-4b8c-903f-0413cf493399','Probabilistic','High',50,'user_30uQARGezqSApAChPSGSwFyUy85');
INSERT INTO public.relationships (id,project_id,source_id,target_id,type,confidence,weight,created_by) VALUES ('33ec7bc9-23c9-4562-a48a-8613b9c6d47b','21006e8a-5cfa-40f6-9af8-ac386056ad02','459ab9a0-da4c-4602-bdcb-808a07fedf4f','8698e3eb-ecd2-40b7-9b4c-8fd53a49ec36','Probabilistic','High',50,'user_30uQARGezqSApAChPSGSwFyUy85');
INSERT INTO public.groups (id,project_id,name,color,node_ids,position_x,position_y,width,height,created_by) VALUES ('b35445fe-d114-422b-9e99-d2eefec5cbfb','21006e8a-5cfa-40f6-9af8-ac386056ad02','Acquisition Funnel','#3b82f6',ARRAY['7cf6a22c-6e4a-4097-9942-ebf2c5cf90ca','0d567936-044d-4f98-a353-5424f3bc513f','a8418ccd-46d9-4e9e-8ea8-2092545c45f0','dded62c4-9b56-46a0-a14a-5dcd2202cbda','7df238cd-e7ce-49ae-bbdf-70af8b81074d','ea12c362-e0bc-4f61-a5d1-9ba0d5bd43ff','0c4d035f-e127-4085-95f6-256102b9c0f1','b911b878-3c3a-4445-bc3e-ac1e2e4e46ff','4d676b88-4d1d-4121-8dad-3888960c9f00','b9900f01-94e8-4f54-988d-a06b95c685c9','bd3a4e62-c38e-4304-967b-3e23327e9994','95de284e-b181-4afb-8891-05684b9242db','4e0119f0-99c3-4149-8e1c-7d1da1ac5b65','92e1e70b-187f-4d13-a87b-abdbabc8db68','8d0bc2dc-fc92-492e-845a-a4d05a634665','8698e3eb-ecd2-40b7-9b4c-8fd53a49ec36','84748058-45fd-4172-a247-3e6815aa4d11']::uuid[],-880,714,2040,1486,'user_30uQARGezqSApAChPSGSwFyUy85');
INSERT INTO public.groups (id,project_id,name,color,node_ids,position_x,position_y,width,height,created_by) VALUES ('182137c4-a4d3-4e51-bed1-052dc784b23e','21006e8a-5cfa-40f6-9af8-ac386056ad02','Revenue & MRR','#22c55e',ARRAY['5bd33656-a3c0-4201-94b8-65d965685a9c','7ac88486-0986-484b-b559-a00cc283557b','592544ca-c1d5-49fb-bd66-32c530cab319','ad31679d-eae8-4389-ae35-57a5408c50e6','d5123d44-4c2c-436a-865b-a13003316710','e8648a5f-1619-4cc8-9b15-68e17ecd0c66','5b7cee2e-8df3-4f1e-814b-42940bb25129','2d1e2864-7aa9-435d-8916-744c3fbb7dd8','81b6914a-eefa-4850-bd33-2b69bb29dcca','4feaa636-6318-4cee-a0f4-4936ab16438e']::uuid[],-1220,114,1870,1086,'user_30uQARGezqSApAChPSGSwFyUy85');
INSERT INTO public.groups (id,project_id,name,color,node_ids,position_x,position_y,width,height,created_by) VALUES ('02d53b42-0587-4d56-9dac-6e362b453349','21006e8a-5cfa-40f6-9af8-ac386056ad02','Unit Economics','#f59e0b',ARRAY['37bd05c7-1965-49e7-8b3c-9425fc6dc707','6d94ce49-da5f-4e90-a8bd-77f6b2952efd','2b498e25-e092-4213-8a4f-3729507c4f9f','12d9e47f-e928-4a63-998e-6421621cd13b','969fece9-733d-4b8c-903f-0413cf493399','20f066d5-eef0-4f2d-8a5f-96a50f3c688d']::uuid[],-880,114,1700,886,'user_30uQARGezqSApAChPSGSwFyUy85');
INSERT INTO public.groups (id,project_id,name,color,node_ids,position_x,position_y,width,height,created_by) VALUES ('d8a182eb-3e6f-4e1b-9027-48b3bf54a0a2','21006e8a-5cfa-40f6-9af8-ac386056ad02','Cost Structure','#a855f7',ARRAY['c8e8cda9-fa6d-4ce5-91ef-22ad3343d8bd','9d1ea16f-b152-4d29-a0e0-a80e0779542f','1981010c-5749-4f97-a0b9-ea397fb07af8','d8b84094-f165-4756-9dfe-7e68c752bac4','91067133-14ca-4288-976b-09618b660317','f489918e-8fe6-4168-a51c-3181e63030b5','38dc0977-b0f8-4e08-a69e-9bfe504662f9','0099ca17-fa04-4849-821f-58385fa23faf']::uuid[],-370,114,1870,686,'user_30uQARGezqSApAChPSGSwFyUy85');
INSERT INTO public.canvas_nodes (id,project_id,node_type,title,position_x,position_y,data,created_by) VALUES ('f30259af-c331-48de-9dc4-676c4a87784a','21006e8a-5cfa-40f6-9af8-ac386056ad02','whiteboardNode','Label',1710,-170,'{"shape":"text","text":"📊 Live Data Pipeline","fontSize":18,"width":300,"height":96,"fill":"#eef2ff","stroke":"#6366f1"}'::jsonb,'user_30uQARGezqSApAChPSGSwFyUy85');
INSERT INTO public.canvas_nodes (id,project_id,node_type,title,position_x,position_y,data,created_by) VALUES ('375310de-f431-439d-b2e6-e42f96f9f5f5','21006e8a-5cfa-40f6-9af8-ac386056ad02','sourceNode','Live Feed',1710,0,'{"title":"Live Feed (new bookings)","config":{"origin":"manual","rows":[{"period":"2025-12","value":12442},{"period":"2026-01","value":12940},{"period":"2026-02","value":13437},{"period":"2026-03","value":13935},{"period":"2026-04","value":14433},{"period":"2026-05","value":14930},{"period":"2026-06","value":15428}]},"series":[{"period":"2025-12","value":12442,"change_percent":0,"trend":"neutral"},{"period":"2026-01","value":12940,"change_percent":4,"trend":"up"},{"period":"2026-02","value":13437,"change_percent":3.8,"trend":"up"},{"period":"2026-03","value":13935,"change_percent":3.7,"trend":"up"},{"period":"2026-04","value":14433,"change_percent":3.6,"trend":"up"},{"period":"2026-05","value":14930,"change_percent":3.4,"trend":"up"},{"period":"2026-06","value":15428,"change_percent":3.3,"trend":"up"}],"refreshedAt":"2026-06-28T13:20:53.151Z"}'::jsonb,'user_30uQARGezqSApAChPSGSwFyUy85');
INSERT INTO public.canvas_nodes (id,project_id,node_type,title,position_x,position_y,data,created_by) VALUES ('ffe45411-3732-4c5b-895e-6c51972f8560','21006e8a-5cfa-40f6-9af8-ac386056ad02','operatorNode','Projection',2070,0,'{"label":"Projection (a × 1.1 + feed)","operationType":"formula","isActive":true,"formula":"a * 1.1 + b","inputs":[{"key":"a","sourceId":"5bd33656-a3c0-4201-94b8-65d965685a9c","label":"Revenue (ARR)"},{"key":"b","sourceId":"375310de-f431-439d-b2e6-e42f96f9f5f5","label":"Live feed"}]}'::jsonb,'user_30uQARGezqSApAChPSGSwFyUy85');
INSERT INTO public.canvas_nodes (id,project_id,node_type,title,position_x,position_y,data,created_by) VALUES ('ef3a41e3-f4cb-4057-a95c-381ccf9660a7','21006e8a-5cfa-40f6-9af8-ac386056ad02','chartNode','Actual vs Projection',2810,0,'{"chartType":"area","title":"Actual vs Projection","seriesCardIds":["5bd33656-a3c0-4201-94b8-65d965685a9c","32024e66-f95f-4276-aea8-74b8370fcd0e"],"showLegend":true}'::jsonb,'user_30uQARGezqSApAChPSGSwFyUy85');
INSERT INTO public.canvas_nodes (id,project_id,node_type,title,position_x,position_y,data,created_by) VALUES ('376ca2b5-39ba-499d-a1ea-c06ad49f0163','21006e8a-5cfa-40f6-9af8-ac386056ad02','commentNode','Pipeline',1710,260,'{"title":"Live pipeline: Source → Operator → Card → Chart. Edit the Source, then Run Simulation.","projectId":"21006e8a-5cfa-40f6-9af8-ac386056ad02"}'::jsonb,'user_30uQARGezqSApAChPSGSwFyUy85');

DELETE FROM public.projects WHERE created_by='user_30uQARGezqSApAChPSGSwFyUy85' AND name='E-commerce — Example Metric Tree';
INSERT INTO public.projects (id,name,description,created_by,last_modified_by,is_public,tags,settings) VALUES ('da6469b3-b022-4dd3-9b8a-22829f3a622e','E-commerce — Example Metric Tree','Decomposition of profit for an online store: orders = sessions × conversion, AOV, channel mix (incl. social/email), retention, and cost structure.','user_30uQARGezqSApAChPSGSwFyUy85','user_30uQARGezqSApAChPSGSwFyUy85',true,ARRAY['example','template'],'{"dataFlowEdges":[{"id":"882481b9-fbdf-4560-ba46-65b896c72d2f","source":"932fce10-3a58-45a5-9737-24332c77eef0","target":"d845d6ce-430e-43e7-841e-4fa550bb9cac","type":"dataFlow"},{"id":"6a9a2806-3981-4c47-8195-0c613e654f90","source":"964aef5b-f06a-46ab-bc63-961a37489afd","target":"d845d6ce-430e-43e7-841e-4fa550bb9cac","type":"dataFlow"},{"id":"3a5901be-52ae-4c49-b232-b4131bf42e3f","source":"d845d6ce-430e-43e7-841e-4fa550bb9cac","target":"ae31544b-898b-4c3f-9acf-23947e7410a8","type":"dataFlow"},{"id":"5b11a75b-9a0e-47ac-86bf-43ba3bf15a7d","source":"964aef5b-f06a-46ab-bc63-961a37489afd","target":"3f7c3ebc-af62-4119-9e5e-14cb87e8a318","type":"dataFlow"},{"id":"696d03c5-347f-43f8-b559-3650f71b14e0","source":"ae31544b-898b-4c3f-9acf-23947e7410a8","target":"3f7c3ebc-af62-4119-9e5e-14cb87e8a318","type":"dataFlow"}]}'::jsonb);
INSERT INTO public.metric_cards (id,project_id,title,description,category,position_x,position_y,created_by,data) VALUES ('e2f09f5a-faa5-45cb-99a7-4a6b3ed57519','da6469b3-b022-4dd3-9b8a-22829f3a622e','Profit','Revenue − Total Costs','Core/Value',0,0,'user_30uQARGezqSApAChPSGSwFyUy85','[{"period":"2025-12","value":34062,"change_percent":0,"trend":"neutral"},{"period":"2026-01","value":36424,"change_percent":6.9,"trend":"up"},{"period":"2026-02","value":38506,"change_percent":5.7,"trend":"up"},{"period":"2026-03","value":40518,"change_percent":5.2,"trend":"up"},{"period":"2026-04","value":42114,"change_percent":3.9,"trend":"up"},{"period":"2026-05","value":44183,"change_percent":4.9,"trend":"up"},{"period":"2026-06","value":47454,"change_percent":7.4,"trend":"up"}]'::jsonb);
INSERT INTO public.metric_cards (id,project_id,title,description,category,position_x,position_y,created_by,data) VALUES ('964aef5b-f06a-46ab-bc63-961a37489afd','da6469b3-b022-4dd3-9b8a-22829f3a622e','Revenue','Orders × AOV','Data/Metric',-1020,200,'user_30uQARGezqSApAChPSGSwFyUy85','[{"period":"2025-12","value":639617,"change_percent":0,"trend":"neutral"},{"period":"2026-01","value":655151,"change_percent":2.4,"trend":"up"},{"period":"2026-02","value":686374,"change_percent":4.8,"trend":"up"},{"period":"2026-03","value":716239,"change_percent":4.4,"trend":"up"},{"period":"2026-04","value":749380,"change_percent":4.6,"trend":"up"},{"period":"2026-05","value":749845,"change_percent":0.1,"trend":"neutral"},{"period":"2026-06","value":759952,"change_percent":1.3,"trend":"up"}]'::jsonb);
INSERT INTO public.metric_cards (id,project_id,title,description,category,position_x,position_y,created_by,data) VALUES ('13ca7edc-7838-4b64-9cfc-65b3fc358db6','da6469b3-b022-4dd3-9b8a-22829f3a622e','Orders','Sessions × Conversion','Data/Metric',-1190,400,'user_30uQARGezqSApAChPSGSwFyUy85','[{"period":"2025-12","value":85678,"change_percent":0,"trend":"neutral"},{"period":"2026-01","value":88922,"change_percent":3.8,"trend":"up"},{"period":"2026-02","value":91509,"change_percent":2.9,"trend":"up"},{"period":"2026-03","value":93253,"change_percent":1.9,"trend":"up"},{"period":"2026-04","value":99286,"change_percent":6.5,"trend":"up"},{"period":"2026-05","value":101502,"change_percent":2.2,"trend":"up"},{"period":"2026-06","value":105553,"change_percent":4,"trend":"up"}]'::jsonb);
INSERT INTO public.metric_cards (id,project_id,title,description,category,position_x,position_y,created_by,data) VALUES ('71920366-0d4a-4b5d-96f7-6b779e7619a2','da6469b3-b022-4dd3-9b8a-22829f3a622e','Average Order Value','Items × Avg item price','Data/Metric',-850,400,'user_30uQARGezqSApAChPSGSwFyUy85','[{"period":"2025-12","value":772231,"change_percent":0,"trend":"neutral"},{"period":"2026-01","value":824047,"change_percent":6.7,"trend":"up"},{"period":"2026-02","value":866007,"change_percent":5.1,"trend":"up"},{"period":"2026-03","value":928537,"change_percent":7.2,"trend":"up"},{"period":"2026-04","value":1017130,"change_percent":9.5,"trend":"up"},{"period":"2026-05","value":1114758,"change_percent":9.6,"trend":"up"},{"period":"2026-06","value":1208129,"change_percent":8.4,"trend":"up"}]'::jsonb);
INSERT INTO public.metric_cards (id,project_id,title,description,category,position_x,position_y,created_by,data) VALUES ('1128b6c8-1a21-4bb6-8fb9-dd81fa8fb5d0','da6469b3-b022-4dd3-9b8a-22829f3a622e','Sessions','Sum of channels','Data/Metric',-1360,600,'user_30uQARGezqSApAChPSGSwFyUy85','[{"period":"2025-12","value":35834,"change_percent":0,"trend":"neutral"},{"period":"2026-01","value":37462,"change_percent":4.5,"trend":"up"},{"period":"2026-02","value":38422,"change_percent":2.6,"trend":"up"},{"period":"2026-03","value":40019,"change_percent":4.2,"trend":"up"},{"period":"2026-04","value":40338,"change_percent":0.8,"trend":"neutral"},{"period":"2026-05","value":41479,"change_percent":2.8,"trend":"up"},{"period":"2026-06","value":41771,"change_percent":0.7,"trend":"neutral"}]'::jsonb);
INSERT INTO public.metric_cards (id,project_id,title,description,category,position_x,position_y,created_by,data) VALUES ('49837bfa-0c0c-4e2b-8687-df5461d3b778','da6469b3-b022-4dd3-9b8a-22829f3a622e','Conversion Rate','','Data/Metric',-1020,600,'user_30uQARGezqSApAChPSGSwFyUy85','[{"period":"2025-12","value":42.2,"change_percent":0,"trend":"neutral"},{"period":"2026-01","value":43.3,"change_percent":2.6,"trend":"up"},{"period":"2026-02","value":44.1,"change_percent":1.8,"trend":"up"},{"period":"2026-03","value":45.6,"change_percent":3.4,"trend":"up"},{"period":"2026-04","value":46.9,"change_percent":2.9,"trend":"up"},{"period":"2026-05","value":47.6,"change_percent":1.5,"trend":"up"},{"period":"2026-06","value":49.4,"change_percent":3.8,"trend":"up"}]'::jsonb);
INSERT INTO public.metric_cards (id,project_id,title,description,category,position_x,position_y,created_by,data) VALUES ('05fda605-dd63-4813-b444-a194df0de3d2','da6469b3-b022-4dd3-9b8a-22829f3a622e','Items per Order','','Data/Metric',-680,600,'user_30uQARGezqSApAChPSGSwFyUy85','[{"period":"2025-12","value":43193,"change_percent":0,"trend":"neutral"},{"period":"2026-01","value":47109,"change_percent":9.1,"trend":"up"},{"period":"2026-02","value":50784,"change_percent":7.8,"trend":"up"},{"period":"2026-03","value":54008,"change_percent":6.3,"trend":"up"},{"period":"2026-04","value":56698,"change_percent":5,"trend":"up"},{"period":"2026-05","value":60417,"change_percent":6.6,"trend":"up"},{"period":"2026-06","value":63567,"change_percent":5.2,"trend":"up"}]'::jsonb);
INSERT INTO public.metric_cards (id,project_id,title,description,category,position_x,position_y,created_by,data) VALUES ('d3e305df-803c-4af6-b41c-067bb128f8b6','da6469b3-b022-4dd3-9b8a-22829f3a622e','Avg Item Price','','Data/Metric',-340,600,'user_30uQARGezqSApAChPSGSwFyUy85','[{"period":"2025-12","value":220720,"change_percent":0,"trend":"neutral"},{"period":"2026-01","value":229529,"change_percent":4,"trend":"up"},{"period":"2026-02","value":238555,"change_percent":3.9,"trend":"up"},{"period":"2026-03","value":251935,"change_percent":5.6,"trend":"up"},{"period":"2026-04","value":261492,"change_percent":3.8,"trend":"up"},{"period":"2026-05","value":272131,"change_percent":4.1,"trend":"up"},{"period":"2026-06","value":276465,"change_percent":1.6,"trend":"up"}]'::jsonb);
INSERT INTO public.metric_cards (id,project_id,title,description,category,position_x,position_y,created_by,data) VALUES ('45a7a810-639a-4bb1-87be-56ba69dbfe8b','da6469b3-b022-4dd3-9b8a-22829f3a622e','Cross-sell Rate','','Data/Metric',0,600,'user_30uQARGezqSApAChPSGSwFyUy85','[{"period":"2025-12","value":57.6,"change_percent":0,"trend":"neutral"},{"period":"2026-01","value":61,"change_percent":5.9,"trend":"up"},{"period":"2026-02","value":62.9,"change_percent":3.1,"trend":"up"},{"period":"2026-03","value":66,"change_percent":4.9,"trend":"up"},{"period":"2026-04","value":70.2,"change_percent":6.4,"trend":"up"},{"period":"2026-05","value":72.6,"change_percent":3.4,"trend":"up"},{"period":"2026-06","value":75.8,"change_percent":4.4,"trend":"up"}]'::jsonb);
INSERT INTO public.metric_cards (id,project_id,title,description,category,position_x,position_y,created_by,data) VALUES ('997b4de0-a23a-4aed-a997-08d53a3d6fec','da6469b3-b022-4dd3-9b8a-22829f3a622e','Upsell Rate','','Data/Metric',340,600,'user_30uQARGezqSApAChPSGSwFyUy85','[{"period":"2025-12","value":27.5,"change_percent":0,"trend":"neutral"},{"period":"2026-01","value":28.9,"change_percent":5.1,"trend":"up"},{"period":"2026-02","value":30,"change_percent":3.8,"trend":"up"},{"period":"2026-03","value":31.2,"change_percent":4,"trend":"up"},{"period":"2026-04","value":32.4,"change_percent":3.8,"trend":"up"},{"period":"2026-05","value":33,"change_percent":1.9,"trend":"up"},{"period":"2026-06","value":34.6,"change_percent":4.8,"trend":"up"}]'::jsonb);
INSERT INTO public.metric_cards (id,project_id,title,description,category,position_x,position_y,created_by,data) VALUES ('01a7a749-f0c2-4676-870f-11e9bb2ee91a','da6469b3-b022-4dd3-9b8a-22829f3a622e','Organic Sessions','','Data/Metric',-1360,800,'user_30uQARGezqSApAChPSGSwFyUy85','[{"period":"2025-12","value":58498,"change_percent":0,"trend":"neutral"},{"period":"2026-01","value":61194,"change_percent":4.6,"trend":"up"},{"period":"2026-02","value":65081,"change_percent":6.4,"trend":"up"},{"period":"2026-03","value":68505,"change_percent":5.3,"trend":"up"},{"period":"2026-04","value":72817,"change_percent":6.3,"trend":"up"},{"period":"2026-05","value":75383,"change_percent":3.5,"trend":"up"},{"period":"2026-06","value":80471,"change_percent":6.7,"trend":"up"}]'::jsonb);
INSERT INTO public.metric_cards (id,project_id,title,description,category,position_x,position_y,created_by,data) VALUES ('ea02a993-63ff-451f-921d-80dcff936ddb','da6469b3-b022-4dd3-9b8a-22829f3a622e','Paid Sessions','Ad Spend / CPC','Data/Metric',-1020,800,'user_30uQARGezqSApAChPSGSwFyUy85','[{"period":"2025-12","value":55028,"change_percent":0,"trend":"neutral"},{"period":"2026-01","value":57171,"change_percent":3.9,"trend":"up"},{"period":"2026-02","value":60094,"change_percent":5.1,"trend":"up"},{"period":"2026-03","value":61528,"change_percent":2.4,"trend":"up"},{"period":"2026-04","value":65521,"change_percent":6.5,"trend":"up"},{"period":"2026-05","value":67958,"change_percent":3.7,"trend":"up"},{"period":"2026-06","value":71902,"change_percent":5.8,"trend":"up"}]'::jsonb);
INSERT INTO public.metric_cards (id,project_id,title,description,category,position_x,position_y,created_by,data) VALUES ('26eb2563-fe8b-4173-af42-c569e4857bf8','da6469b3-b022-4dd3-9b8a-22829f3a622e','Social Sessions','Reach × CTR','Data/Metric',-680,800,'user_30uQARGezqSApAChPSGSwFyUy85','[{"period":"2025-12","value":59260,"change_percent":0,"trend":"neutral"},{"period":"2026-01","value":59439,"change_percent":0.3,"trend":"neutral"},{"period":"2026-02","value":60320,"change_percent":1.5,"trend":"up"},{"period":"2026-03","value":60982,"change_percent":1.1,"trend":"up"},{"period":"2026-04","value":63847,"change_percent":4.7,"trend":"up"},{"period":"2026-05","value":64208,"change_percent":0.6,"trend":"neutral"},{"period":"2026-06","value":66528,"change_percent":3.6,"trend":"up"}]'::jsonb);
INSERT INTO public.metric_cards (id,project_id,title,description,category,position_x,position_y,created_by,data) VALUES ('24d74d05-e1ca-483d-9ab7-b2eb13474106','da6469b3-b022-4dd3-9b8a-22829f3a622e','Email Sessions','List × Open × CTR','Data/Metric',-340,800,'user_30uQARGezqSApAChPSGSwFyUy85','[{"period":"2025-12","value":64074,"change_percent":0,"trend":"neutral"},{"period":"2026-01","value":65442,"change_percent":2.1,"trend":"up"},{"period":"2026-02","value":68967,"change_percent":5.4,"trend":"up"},{"period":"2026-03","value":70053,"change_percent":1.6,"trend":"up"},{"period":"2026-04","value":72266,"change_percent":3.2,"trend":"up"},{"period":"2026-05","value":74366,"change_percent":2.9,"trend":"up"},{"period":"2026-06","value":77161,"change_percent":3.8,"trend":"up"}]'::jsonb);
INSERT INTO public.metric_cards (id,project_id,title,description,category,position_x,position_y,created_by,data) VALUES ('f9b4ff8a-7653-4157-bdf8-8b4979ca01fd','da6469b3-b022-4dd3-9b8a-22829f3a622e','Direct Sessions','','Data/Metric',0,800,'user_30uQARGezqSApAChPSGSwFyUy85','[{"period":"2025-12","value":72244,"change_percent":0,"trend":"neutral"},{"period":"2026-01","value":75705,"change_percent":4.8,"trend":"up"},{"period":"2026-02","value":80197,"change_percent":5.9,"trend":"up"},{"period":"2026-03","value":86086,"change_percent":7.3,"trend":"up"},{"period":"2026-04","value":91061,"change_percent":5.8,"trend":"up"},{"period":"2026-05","value":96719,"change_percent":6.2,"trend":"up"},{"period":"2026-06","value":103043,"change_percent":6.5,"trend":"up"}]'::jsonb);
INSERT INTO public.metric_cards (id,project_id,title,description,category,position_x,position_y,created_by,data) VALUES ('9e1ebd77-7637-4d7b-8d52-8132249ff2a1','da6469b3-b022-4dd3-9b8a-22829f3a622e','Affiliate Sessions','','Data/Metric',340,800,'user_30uQARGezqSApAChPSGSwFyUy85','[{"period":"2025-12","value":30725,"change_percent":0,"trend":"neutral"},{"period":"2026-01","value":33678,"change_percent":9.6,"trend":"up"},{"period":"2026-02","value":36928,"change_percent":9.7,"trend":"up"},{"period":"2026-03","value":40412,"change_percent":9.4,"trend":"up"},{"period":"2026-04","value":42619,"change_percent":5.5,"trend":"up"},{"period":"2026-05","value":46457,"change_percent":9,"trend":"up"},{"period":"2026-06","value":49707,"change_percent":7,"trend":"up"}]'::jsonb);
INSERT INTO public.metric_cards (id,project_id,title,description,category,position_x,position_y,created_by,data) VALUES ('fbecff9e-5795-4758-b36a-eee006ad7c78','da6469b3-b022-4dd3-9b8a-22829f3a622e','Social Reach / Followers','','Data/Metric',-1360,1000,'user_30uQARGezqSApAChPSGSwFyUy85','[{"period":"2025-12","value":33864,"change_percent":0,"trend":"neutral"},{"period":"2026-01","value":36540,"change_percent":7.9,"trend":"up"},{"period":"2026-02","value":37974,"change_percent":3.9,"trend":"up"},{"period":"2026-03","value":41011,"change_percent":8,"trend":"up"},{"period":"2026-04","value":43332,"change_percent":5.7,"trend":"up"},{"period":"2026-05","value":46341,"change_percent":6.9,"trend":"up"},{"period":"2026-06","value":49711,"change_percent":7.3,"trend":"up"}]'::jsonb);
INSERT INTO public.metric_cards (id,project_id,title,description,category,position_x,position_y,created_by,data) VALUES ('c0e16c0e-ab06-4360-a8c5-79e41517a62d','da6469b3-b022-4dd3-9b8a-22829f3a622e','Social CTR','','Data/Metric',-1020,1000,'user_30uQARGezqSApAChPSGSwFyUy85','[{"period":"2025-12","value":4648,"change_percent":0,"trend":"neutral"},{"period":"2026-01","value":4708,"change_percent":1.3,"trend":"up"},{"period":"2026-02","value":4843,"change_percent":2.9,"trend":"up"},{"period":"2026-03","value":4854,"change_percent":0.2,"trend":"neutral"},{"period":"2026-04","value":4966,"change_percent":2.3,"trend":"up"},{"period":"2026-05","value":5104,"change_percent":2.8,"trend":"up"},{"period":"2026-06","value":5270,"change_percent":3.3,"trend":"up"}]'::jsonb);
INSERT INTO public.metric_cards (id,project_id,title,description,category,position_x,position_y,created_by,data) VALUES ('b7c083bc-34aa-458d-8ef5-f96df1e87064','da6469b3-b022-4dd3-9b8a-22829f3a622e','Content Cadence','','Data/Metric',-340,1200,'user_30uQARGezqSApAChPSGSwFyUy85','[{"period":"2025-12","value":4871,"change_percent":0,"trend":"neutral"},{"period":"2026-01","value":5040,"change_percent":3.5,"trend":"up"},{"period":"2026-02","value":5247,"change_percent":4.1,"trend":"up"},{"period":"2026-03","value":5459,"change_percent":4,"trend":"up"},{"period":"2026-04","value":5664,"change_percent":3.8,"trend":"up"},{"period":"2026-05","value":5893,"change_percent":4,"trend":"up"},{"period":"2026-06","value":6083,"change_percent":3.2,"trend":"up"}]'::jsonb);
INSERT INTO public.metric_cards (id,project_id,title,description,category,position_x,position_y,created_by,data) VALUES ('2e068a07-a074-40d3-9ce7-492d37044bfb','da6469b3-b022-4dd3-9b8a-22829f3a622e','Email List Size','','Data/Metric',-680,1000,'user_30uQARGezqSApAChPSGSwFyUy85','[{"period":"2025-12","value":11339,"change_percent":0,"trend":"neutral"},{"period":"2026-01","value":11582,"change_percent":2.1,"trend":"up"},{"period":"2026-02","value":11976,"change_percent":3.4,"trend":"up"},{"period":"2026-03","value":12511,"change_percent":4.5,"trend":"up"},{"period":"2026-04","value":12895,"change_percent":3.1,"trend":"up"},{"period":"2026-05","value":13525,"change_percent":4.9,"trend":"up"},{"period":"2026-06","value":13716,"change_percent":1.4,"trend":"up"}]'::jsonb);
INSERT INTO public.metric_cards (id,project_id,title,description,category,position_x,position_y,created_by,data) VALUES ('543a01e3-f29b-460e-b81f-297788f30019','da6469b3-b022-4dd3-9b8a-22829f3a622e','Email Open Rate','','Data/Metric',-340,1000,'user_30uQARGezqSApAChPSGSwFyUy85','[{"period":"2025-12","value":47.3,"change_percent":0,"trend":"neutral"},{"period":"2026-01","value":49.9,"change_percent":5.5,"trend":"up"},{"period":"2026-02","value":52.5,"change_percent":5.2,"trend":"up"},{"period":"2026-03","value":54.1,"change_percent":3,"trend":"up"},{"period":"2026-04","value":57.6,"change_percent":6.5,"trend":"up"},{"period":"2026-05","value":61.3,"change_percent":6.4,"trend":"up"},{"period":"2026-06","value":63.3,"change_percent":3.3,"trend":"up"}]'::jsonb);
INSERT INTO public.metric_cards (id,project_id,title,description,category,position_x,position_y,created_by,data) VALUES ('141404f3-2e4f-44b1-923b-f9bc43b51bf8','da6469b3-b022-4dd3-9b8a-22829f3a622e','Ad Spend','','Data/Metric',0,1000,'user_30uQARGezqSApAChPSGSwFyUy85','[{"period":"2025-12","value":39967,"change_percent":0,"trend":"neutral"},{"period":"2026-01","value":42194,"change_percent":5.6,"trend":"up"},{"period":"2026-02","value":44814,"change_percent":6.2,"trend":"up"},{"period":"2026-03","value":46886,"change_percent":4.6,"trend":"up"},{"period":"2026-04","value":49026,"change_percent":4.6,"trend":"up"},{"period":"2026-05","value":52763,"change_percent":7.6,"trend":"up"},{"period":"2026-06","value":56144,"change_percent":6.4,"trend":"up"}]'::jsonb);
INSERT INTO public.metric_cards (id,project_id,title,description,category,position_x,position_y,created_by,data) VALUES ('3d23e3e7-bec5-47de-b83c-f76a4fe17f33','da6469b3-b022-4dd3-9b8a-22829f3a622e','CPC','','Data/Metric',340,1000,'user_30uQARGezqSApAChPSGSwFyUy85','[{"period":"2025-12","value":1011,"change_percent":0,"trend":"neutral"},{"period":"2026-01","value":1043,"change_percent":3.2,"trend":"up"},{"period":"2026-02","value":1087,"change_percent":4.2,"trend":"up"},{"period":"2026-03","value":1128,"change_percent":3.8,"trend":"up"},{"period":"2026-04","value":1198,"change_percent":6.2,"trend":"up"},{"period":"2026-05","value":1259,"change_percent":5.1,"trend":"up"},{"period":"2026-06","value":1339,"change_percent":6.4,"trend":"up"}]'::jsonb);
INSERT INTO public.metric_cards (id,project_id,title,description,category,position_x,position_y,created_by,data) VALUES ('6aefb4a4-1afc-4f0a-9176-9b6d34fe1649','da6469b3-b022-4dd3-9b8a-22829f3a622e','Product Page CVR','','Data/Metric',680,800,'user_30uQARGezqSApAChPSGSwFyUy85','[{"period":"2025-12","value":4223,"change_percent":0,"trend":"neutral"},{"period":"2026-01","value":4487,"change_percent":6.3,"trend":"up"},{"period":"2026-02","value":4558,"change_percent":1.6,"trend":"up"},{"period":"2026-03","value":4827,"change_percent":5.9,"trend":"up"},{"period":"2026-04","value":4935,"change_percent":2.2,"trend":"up"},{"period":"2026-05","value":5243,"change_percent":6.2,"trend":"up"},{"period":"2026-06","value":5352,"change_percent":2.1,"trend":"up"}]'::jsonb);
INSERT INTO public.metric_cards (id,project_id,title,description,category,position_x,position_y,created_by,data) VALUES ('be8e9eec-e25e-42b1-b09b-a7b618c55fef','da6469b3-b022-4dd3-9b8a-22829f3a622e','Add-to-Cart Rate','','Data/Metric',1020,800,'user_30uQARGezqSApAChPSGSwFyUy85','[{"period":"2025-12","value":21.6,"change_percent":0,"trend":"neutral"},{"period":"2026-01","value":22.5,"change_percent":4.2,"trend":"up"},{"period":"2026-02","value":24.1,"change_percent":7.1,"trend":"up"},{"period":"2026-03","value":25.2,"change_percent":4.6,"trend":"up"},{"period":"2026-04","value":26.2,"change_percent":4,"trend":"up"},{"period":"2026-05","value":27.2,"change_percent":3.8,"trend":"up"},{"period":"2026-06","value":28.3,"change_percent":4,"trend":"up"}]'::jsonb);
INSERT INTO public.metric_cards (id,project_id,title,description,category,position_x,position_y,created_by,data) VALUES ('2287f8bd-e874-4508-b9ca-22870e67ccaa','da6469b3-b022-4dd3-9b8a-22829f3a622e','Cart Abandonment Rate','','Data/Metric',680,1000,'user_30uQARGezqSApAChPSGSwFyUy85','[{"period":"2025-12","value":5.7,"change_percent":0,"trend":"neutral"},{"period":"2026-01","value":5.4,"change_percent":-5.3,"trend":"down"},{"period":"2026-02","value":5.1,"change_percent":-5.6,"trend":"down"},{"period":"2026-03","value":5,"change_percent":-2,"trend":"down"},{"period":"2026-04","value":4.8,"change_percent":-4,"trend":"down"},{"period":"2026-05","value":4.7,"change_percent":-2.1,"trend":"down"},{"period":"2026-06","value":4.5,"change_percent":-4.3,"trend":"down"}]'::jsonb);
INSERT INTO public.metric_cards (id,project_id,title,description,category,position_x,position_y,created_by,data) VALUES ('f9ea4d6b-cde2-43c3-b52a-10faf5e9476f','da6469b3-b022-4dd3-9b8a-22829f3a622e','Checkout Completion %','','Data/Metric',1360,800,'user_30uQARGezqSApAChPSGSwFyUy85','[{"period":"2025-12","value":39.1,"change_percent":0,"trend":"neutral"},{"period":"2026-01","value":41.1,"change_percent":5.1,"trend":"up"},{"period":"2026-02","value":43.4,"change_percent":5.6,"trend":"up"},{"period":"2026-03","value":47,"change_percent":8.3,"trend":"up"},{"period":"2026-04","value":50,"change_percent":6.4,"trend":"up"},{"period":"2026-05","value":54,"change_percent":8,"trend":"up"},{"period":"2026-06","value":57,"change_percent":5.6,"trend":"up"}]'::jsonb);
INSERT INTO public.metric_cards (id,project_id,title,description,category,position_x,position_y,created_by,data) VALUES ('f4be99db-bf3d-47ab-a629-c42d2d9da944','da6469b3-b022-4dd3-9b8a-22829f3a622e','New Customers','','Data/Metric',680,600,'user_30uQARGezqSApAChPSGSwFyUy85','[{"period":"2025-12","value":51869,"change_percent":0,"trend":"neutral"},{"period":"2026-01","value":54979,"change_percent":6,"trend":"up"},{"period":"2026-02","value":57808,"change_percent":5.1,"trend":"up"},{"period":"2026-03","value":61511,"change_percent":6.4,"trend":"up"},{"period":"2026-04","value":64518,"change_percent":4.9,"trend":"up"},{"period":"2026-05","value":69290,"change_percent":7.4,"trend":"up"},{"period":"2026-06","value":73426,"change_percent":6,"trend":"up"}]'::jsonb);
INSERT INTO public.metric_cards (id,project_id,title,description,category,position_x,position_y,created_by,data) VALUES ('846bbdef-9d7f-4d83-a96a-3871baa86524','da6469b3-b022-4dd3-9b8a-22829f3a622e','Repeat Purchase Rate','','Data/Metric',-680,200,'user_30uQARGezqSApAChPSGSwFyUy85','[{"period":"2025-12","value":60.6,"change_percent":0,"trend":"neutral"},{"period":"2026-01","value":63.7,"change_percent":5.1,"trend":"up"},{"period":"2026-02","value":64.3,"change_percent":0.9,"trend":"neutral"},{"period":"2026-03","value":66.1,"change_percent":2.8,"trend":"up"},{"period":"2026-04","value":67.5,"change_percent":2.1,"trend":"up"},{"period":"2026-05","value":70,"change_percent":3.7,"trend":"up"},{"period":"2026-06","value":73.2,"change_percent":4.6,"trend":"up"}]'::jsonb);
INSERT INTO public.metric_cards (id,project_id,title,description,category,position_x,position_y,created_by,data) VALUES ('8d92c0ec-6899-42f9-a4fc-66593b7f54c1','da6469b3-b022-4dd3-9b8a-22829f3a622e','Purchase Frequency','','Data/Metric',-340,200,'user_30uQARGezqSApAChPSGSwFyUy85','[{"period":"2025-12","value":2996,"change_percent":0,"trend":"neutral"},{"period":"2026-01","value":3019,"change_percent":0.8,"trend":"neutral"},{"period":"2026-02","value":3083,"change_percent":2.1,"trend":"up"},{"period":"2026-03","value":3102,"change_percent":0.6,"trend":"neutral"},{"period":"2026-04","value":3216,"change_percent":3.7,"trend":"up"},{"period":"2026-05","value":3209,"change_percent":-0.2,"trend":"neutral"},{"period":"2026-06","value":3306,"change_percent":3,"trend":"up"}]'::jsonb);
INSERT INTO public.metric_cards (id,project_id,title,description,category,position_x,position_y,created_by,data) VALUES ('ddcafbc5-654e-4098-a1b5-58532efef849','da6469b3-b022-4dd3-9b8a-22829f3a622e','Customer LTV','','Data/Metric',0,200,'user_30uQARGezqSApAChPSGSwFyUy85','[{"period":"2025-12","value":210280,"change_percent":0,"trend":"neutral"},{"period":"2026-01","value":223131,"change_percent":6.1,"trend":"up"},{"period":"2026-02","value":238609,"change_percent":6.9,"trend":"up"},{"period":"2026-03","value":251805,"change_percent":5.5,"trend":"up"},{"period":"2026-04","value":264954,"change_percent":5.2,"trend":"up"},{"period":"2026-05","value":285388,"change_percent":7.7,"trend":"up"},{"period":"2026-06","value":297678,"change_percent":4.3,"trend":"up"}]'::jsonb);
INSERT INTO public.metric_cards (id,project_id,title,description,category,position_x,position_y,created_by,data) VALUES ('40545289-a699-47aa-bf4a-2f880313ada4','da6469b3-b022-4dd3-9b8a-22829f3a622e','CAC','','Data/Metric',340,200,'user_30uQARGezqSApAChPSGSwFyUy85','[{"period":"2025-12","value":585555,"change_percent":0,"trend":"neutral"},{"period":"2026-01","value":561325,"change_percent":-4.1,"trend":"down"},{"period":"2026-02","value":535788,"change_percent":-4.5,"trend":"down"},{"period":"2026-03","value":491904,"change_percent":-8.2,"trend":"down"},{"period":"2026-04","value":464560,"change_percent":-5.6,"trend":"down"},{"period":"2026-05","value":445142,"change_percent":-4.2,"trend":"down"},{"period":"2026-06","value":414443,"change_percent":-6.9,"trend":"down"}]'::jsonb);
INSERT INTO public.metric_cards (id,project_id,title,description,category,position_x,position_y,created_by,data) VALUES ('a1659bf8-0dfe-4f7b-adf8-def4fd9ba4c7','da6469b3-b022-4dd3-9b8a-22829f3a622e','Total Costs','','Data/Metric',680,200,'user_30uQARGezqSApAChPSGSwFyUy85','[{"period":"2025-12","value":373389,"change_percent":0,"trend":"neutral"},{"period":"2026-01","value":351873,"change_percent":-5.8,"trend":"down"},{"period":"2026-02","value":339260,"change_percent":-3.6,"trend":"down"},{"period":"2026-03","value":330063,"change_percent":-2.7,"trend":"down"},{"period":"2026-04","value":319675,"change_percent":-3.1,"trend":"down"},{"period":"2026-05","value":310090,"change_percent":-3,"trend":"down"},{"period":"2026-06","value":302010,"change_percent":-2.6,"trend":"down"}]'::jsonb);
INSERT INTO public.metric_cards (id,project_id,title,description,category,position_x,position_y,created_by,data) VALUES ('c55eb59d-bda1-4d2a-9509-bdd6fce4d441','da6469b3-b022-4dd3-9b8a-22829f3a622e','COGS','','Data/Metric',-510,400,'user_30uQARGezqSApAChPSGSwFyUy85','[{"period":"2025-12","value":758563,"change_percent":0,"trend":"neutral"},{"period":"2026-01","value":736239,"change_percent":-2.9,"trend":"down"},{"period":"2026-02","value":704431,"change_percent":-4.3,"trend":"down"},{"period":"2026-03","value":667688,"change_percent":-5.2,"trend":"down"},{"period":"2026-04","value":664725,"change_percent":-0.4,"trend":"neutral"},{"period":"2026-05","value":649498,"change_percent":-2.3,"trend":"down"},{"period":"2026-06","value":641289,"change_percent":-1.3,"trend":"down"}]'::jsonb);
INSERT INTO public.metric_cards (id,project_id,title,description,category,position_x,position_y,created_by,data) VALUES ('de78f4ed-3fc5-47e8-9b0f-5e19a54424d6','da6469b3-b022-4dd3-9b8a-22829f3a622e','Gross Margin %','','Data/Metric',1020,200,'user_30uQARGezqSApAChPSGSwFyUy85','[{"period":"2025-12","value":54.1,"change_percent":0,"trend":"neutral"},{"period":"2026-01","value":56.2,"change_percent":3.9,"trend":"up"},{"period":"2026-02","value":57.2,"change_percent":1.8,"trend":"up"},{"period":"2026-03","value":59.2,"change_percent":3.5,"trend":"up"},{"period":"2026-04","value":59.3,"change_percent":0.2,"trend":"neutral"},{"period":"2026-05","value":61.6,"change_percent":3.9,"trend":"up"},{"period":"2026-06","value":63.9,"change_percent":3.7,"trend":"up"}]'::jsonb);
INSERT INTO public.metric_cards (id,project_id,title,description,category,position_x,position_y,created_by,data) VALUES ('3891bac5-a830-47f2-9470-d09c8969c048','da6469b3-b022-4dd3-9b8a-22829f3a622e','Shipping Cost','','Data/Metric',-170,400,'user_30uQARGezqSApAChPSGSwFyUy85','[{"period":"2025-12","value":270555,"change_percent":0,"trend":"neutral"},{"period":"2026-01","value":263844,"change_percent":-2.5,"trend":"down"},{"period":"2026-02","value":256799,"change_percent":-2.7,"trend":"down"},{"period":"2026-03","value":248769,"change_percent":-3.1,"trend":"down"},{"period":"2026-04","value":238783,"change_percent":-4,"trend":"down"},{"period":"2026-05","value":229767,"change_percent":-3.8,"trend":"down"},{"period":"2026-06","value":222290,"change_percent":-3.3,"trend":"down"}]'::jsonb);
INSERT INTO public.metric_cards (id,project_id,title,description,category,position_x,position_y,created_by,data) VALUES ('371e2ed9-93d6-4f19-9c29-8427d0e3d48c','da6469b3-b022-4dd3-9b8a-22829f3a622e','Returns Rate','','Data/Metric',170,400,'user_30uQARGezqSApAChPSGSwFyUy85','[{"period":"2025-12","value":8.9,"change_percent":0,"trend":"neutral"},{"period":"2026-01","value":8.7,"change_percent":-2.2,"trend":"down"},{"period":"2026-02","value":8.2,"change_percent":-5.7,"trend":"down"},{"period":"2026-03","value":7.7,"change_percent":-6.1,"trend":"down"},{"period":"2026-04","value":7.2,"change_percent":-6.5,"trend":"down"},{"period":"2026-05","value":6.7,"change_percent":-6.9,"trend":"down"},{"period":"2026-06","value":6.3,"change_percent":-6,"trend":"down"}]'::jsonb);
INSERT INTO public.metric_cards (id,project_id,title,description,category,position_x,position_y,created_by,data) VALUES ('9cbbc05d-27be-4444-be5d-d6896dd68f81','da6469b3-b022-4dd3-9b8a-22829f3a622e','Marketing Spend','','Data/Metric',510,400,'user_30uQARGezqSApAChPSGSwFyUy85','[{"period":"2025-12","value":796065,"change_percent":0,"trend":"neutral"},{"period":"2026-01","value":833278,"change_percent":4.7,"trend":"up"},{"period":"2026-02","value":855640,"change_percent":2.7,"trend":"up"},{"period":"2026-03","value":878919,"change_percent":2.7,"trend":"up"},{"period":"2026-04","value":899794,"change_percent":2.4,"trend":"up"},{"period":"2026-05","value":897686,"change_percent":-0.2,"trend":"neutral"},{"period":"2026-06","value":896587,"change_percent":-0.1,"trend":"neutral"}]'::jsonb);
INSERT INTO public.metric_cards (id,project_id,title,description,category,position_x,position_y,created_by,data) VALUES ('b6284d08-4c09-41a0-a13c-67deeb70ae03','da6469b3-b022-4dd3-9b8a-22829f3a622e','Payment Fees','','Data/Metric',850,400,'user_30uQARGezqSApAChPSGSwFyUy85','[{"period":"2025-12","value":300277,"change_percent":0,"trend":"neutral"},{"period":"2026-01","value":321219,"change_percent":7,"trend":"up"},{"period":"2026-02","value":341232,"change_percent":6.2,"trend":"up"},{"period":"2026-03","value":355509,"change_percent":4.2,"trend":"up"},{"period":"2026-04","value":369047,"change_percent":3.8,"trend":"up"},{"period":"2026-05","value":383758,"change_percent":4,"trend":"up"},{"period":"2026-06","value":409936,"change_percent":6.8,"trend":"up"}]'::jsonb);
INSERT INTO public.metric_cards (id,project_id,title,description,category,position_x,position_y,created_by,data) VALUES ('d7afab4c-4e98-4d93-8e37-49252fd11146','da6469b3-b022-4dd3-9b8a-22829f3a622e','Fulfilment / Ops','','Data/Metric',1190,400,'user_30uQARGezqSApAChPSGSwFyUy85','[{"period":"2025-12","value":1603,"change_percent":0,"trend":"neutral"},{"period":"2026-01","value":1654,"change_percent":3.2,"trend":"up"},{"period":"2026-02","value":1709,"change_percent":3.3,"trend":"up"},{"period":"2026-03","value":1797,"change_percent":5.1,"trend":"up"},{"period":"2026-04","value":1828,"change_percent":1.7,"trend":"up"},{"period":"2026-05","value":1931,"change_percent":5.6,"trend":"up"},{"period":"2026-06","value":2004,"change_percent":3.8,"trend":"up"}]'::jsonb);
INSERT INTO public.metric_cards (id,project_id,title,description,category,position_x,position_y,created_by,data) VALUES ('2c135ef8-6431-4253-acd5-d53049b213f5','da6469b3-b022-4dd3-9b8a-22829f3a622e','Retargeting campaign','','Work/Action',1020,1000,'user_30uQARGezqSApAChPSGSwFyUy85','[]'::jsonb);
INSERT INTO public.metric_cards (id,project_id,title,description,category,position_x,position_y,created_by,data) VALUES ('29bec281-c8da-4303-81c9-e0854bed2b44','da6469b3-b022-4dd3-9b8a-22829f3a622e','Abandoned-cart email flow','','Work/Action',0,1200,'user_30uQARGezqSApAChPSGSwFyUy85','[]'::jsonb);
INSERT INTO public.metric_cards (id,project_id,title,description,category,position_x,position_y,created_by,data) VALUES ('ad620bb6-b46a-4013-8d41-b71d709d4644','da6469b3-b022-4dd3-9b8a-22829f3a622e','Product bundles','','Work/Action',1020,600,'user_30uQARGezqSApAChPSGSwFyUy85','[]'::jsonb);
INSERT INTO public.metric_cards (id,project_id,title,description,category,position_x,position_y,created_by,data) VALUES ('157fedbc-69ff-4fd3-b8d9-5147afec7c7e','da6469b3-b022-4dd3-9b8a-22829f3a622e','UGC / influencer social','','Work/Action',340,1200,'user_30uQARGezqSApAChPSGSwFyUy85','[]'::jsonb);
INSERT INTO public.metric_cards (id,project_id,title,description,category,position_x,position_y,created_by,data) VALUES ('08f7ad22-e85c-4d97-b351-b891e6587c6a','da6469b3-b022-4dd3-9b8a-22829f3a622e','Free-ship threshold lifts AOV','','Ideas/Hypothesis',1360,600,'user_30uQARGezqSApAChPSGSwFyUy85','[]'::jsonb);
INSERT INTO public.metric_cards (id,project_id,title,description,category,position_x,position_y,created_by,data) VALUES ('36c72925-3541-49f2-accc-c5b0489b85e4','da6469b3-b022-4dd3-9b8a-22829f3a622e','Reviews lift product-page CVR','','Ideas/Hypothesis',1360,1000,'user_30uQARGezqSApAChPSGSwFyUy85','[]'::jsonb);
INSERT INTO public.metric_cards (id,project_id,title,description,category,position_x,position_y,created_by,data) VALUES ('ae31544b-898b-4c3f-9acf-23947e7410a8','da6469b3-b022-4dd3-9b8a-22829f3a622e','Revenue — Projection','Operator output: Revenue × 1.1 + live feed','Data/Metric',2600,0,'user_30uQARGezqSApAChPSGSwFyUy85','[{"period":"2025-12","value":741577,"change_percent":0,"trend":"neutral"},{"period":"2026-01","value":760184,"change_percent":2.5,"trend":"up"},{"period":"2026-02","value":796049,"change_percent":4.7,"trend":"up"},{"period":"2026-03","value":830421,"change_percent":4.3,"trend":"up"},{"period":"2026-04","value":868396,"change_percent":4.6,"trend":"up"},{"period":"2026-05","value":870428,"change_percent":0.2,"trend":"neutral"},{"period":"2026-06","value":883065,"change_percent":1.5,"trend":"up"}]'::jsonb);
INSERT INTO public.relationships (id,project_id,source_id,target_id,type,confidence,weight,created_by) VALUES ('65d65592-964b-409b-87be-4a1194a6dd2e','da6469b3-b022-4dd3-9b8a-22829f3a622e','964aef5b-f06a-46ab-bc63-961a37489afd','e2f09f5a-faa5-45cb-99a7-4a6b3ed57519','Compositional','High',95,'user_30uQARGezqSApAChPSGSwFyUy85');
INSERT INTO public.relationships (id,project_id,source_id,target_id,type,confidence,weight,created_by) VALUES ('a85f0346-61d5-4fb0-9509-49f308b269a6','da6469b3-b022-4dd3-9b8a-22829f3a622e','a1659bf8-0dfe-4f7b-adf8-def4fd9ba4c7','e2f09f5a-faa5-45cb-99a7-4a6b3ed57519','Compositional','High',90,'user_30uQARGezqSApAChPSGSwFyUy85');
INSERT INTO public.relationships (id,project_id,source_id,target_id,type,confidence,weight,created_by) VALUES ('101296e6-28df-4d90-bfb9-bbfcbccd4cae','da6469b3-b022-4dd3-9b8a-22829f3a622e','de78f4ed-3fc5-47e8-9b0f-5e19a54424d6','e2f09f5a-faa5-45cb-99a7-4a6b3ed57519','Causal','High',70,'user_30uQARGezqSApAChPSGSwFyUy85');
INSERT INTO public.relationships (id,project_id,source_id,target_id,type,confidence,weight,created_by) VALUES ('26ffe863-a498-4857-990e-00909dd53300','da6469b3-b022-4dd3-9b8a-22829f3a622e','13ca7edc-7838-4b64-9cfc-65b3fc358db6','964aef5b-f06a-46ab-bc63-961a37489afd','Deterministic','High',95,'user_30uQARGezqSApAChPSGSwFyUy85');
INSERT INTO public.relationships (id,project_id,source_id,target_id,type,confidence,weight,created_by) VALUES ('cd9d5d84-5f8b-49ad-abd7-6c9065397c50','da6469b3-b022-4dd3-9b8a-22829f3a622e','71920366-0d4a-4b5d-96f7-6b779e7619a2','964aef5b-f06a-46ab-bc63-961a37489afd','Deterministic','High',90,'user_30uQARGezqSApAChPSGSwFyUy85');
INSERT INTO public.relationships (id,project_id,source_id,target_id,type,confidence,weight,created_by) VALUES ('8357956b-f95e-4bc7-8eb3-83f5b8e3de4c','da6469b3-b022-4dd3-9b8a-22829f3a622e','1128b6c8-1a21-4bb6-8fb9-dd81fa8fb5d0','13ca7edc-7838-4b64-9cfc-65b3fc358db6','Deterministic','High',90,'user_30uQARGezqSApAChPSGSwFyUy85');
INSERT INTO public.relationships (id,project_id,source_id,target_id,type,confidence,weight,created_by) VALUES ('56e80255-565b-4af1-a58a-7d66baa5d712','da6469b3-b022-4dd3-9b8a-22829f3a622e','49837bfa-0c0c-4e2b-8687-df5461d3b778','13ca7edc-7838-4b64-9cfc-65b3fc358db6','Probabilistic','High',85,'user_30uQARGezqSApAChPSGSwFyUy85');
INSERT INTO public.relationships (id,project_id,source_id,target_id,type,confidence,weight,created_by) VALUES ('bab9c261-b189-4bc0-8136-cc5ca638e722','da6469b3-b022-4dd3-9b8a-22829f3a622e','05fda605-dd63-4813-b444-a194df0de3d2','71920366-0d4a-4b5d-96f7-6b779e7619a2','Deterministic','High',80,'user_30uQARGezqSApAChPSGSwFyUy85');
INSERT INTO public.relationships (id,project_id,source_id,target_id,type,confidence,weight,created_by) VALUES ('8651abef-4cf0-4095-9d52-9c72ded9f294','da6469b3-b022-4dd3-9b8a-22829f3a622e','d3e305df-803c-4af6-b41c-067bb128f8b6','71920366-0d4a-4b5d-96f7-6b779e7619a2','Deterministic','High',75,'user_30uQARGezqSApAChPSGSwFyUy85');
INSERT INTO public.relationships (id,project_id,source_id,target_id,type,confidence,weight,created_by) VALUES ('b44b6d0b-7e54-4408-bd6b-aed791d9bedf','da6469b3-b022-4dd3-9b8a-22829f3a622e','45a7a810-639a-4bb1-87be-56ba69dbfe8b','71920366-0d4a-4b5d-96f7-6b779e7619a2','Causal','High',60,'user_30uQARGezqSApAChPSGSwFyUy85');
INSERT INTO public.relationships (id,project_id,source_id,target_id,type,confidence,weight,created_by) VALUES ('18f6be10-9c63-4e3a-843a-043817d2e2d1','da6469b3-b022-4dd3-9b8a-22829f3a622e','997b4de0-a23a-4aed-a997-08d53a3d6fec','71920366-0d4a-4b5d-96f7-6b779e7619a2','Causal','High',60,'user_30uQARGezqSApAChPSGSwFyUy85');
INSERT INTO public.relationships (id,project_id,source_id,target_id,type,confidence,weight,created_by) VALUES ('2f8cb4b4-b94b-46a8-b9cb-013849751ad6','da6469b3-b022-4dd3-9b8a-22829f3a622e','01a7a749-f0c2-4676-870f-11e9bb2ee91a','1128b6c8-1a21-4bb6-8fb9-dd81fa8fb5d0','Compositional','High',70,'user_30uQARGezqSApAChPSGSwFyUy85');
INSERT INTO public.relationships (id,project_id,source_id,target_id,type,confidence,weight,created_by) VALUES ('3fdce1ad-7e1f-4374-9c8b-b442353b068f','da6469b3-b022-4dd3-9b8a-22829f3a622e','ea02a993-63ff-451f-921d-80dcff936ddb','1128b6c8-1a21-4bb6-8fb9-dd81fa8fb5d0','Compositional','High',70,'user_30uQARGezqSApAChPSGSwFyUy85');
INSERT INTO public.relationships (id,project_id,source_id,target_id,type,confidence,weight,created_by) VALUES ('fc0acf69-9652-4d94-8150-fbf3a8d7c813','da6469b3-b022-4dd3-9b8a-22829f3a622e','26eb2563-fe8b-4173-af42-c569e4857bf8','1128b6c8-1a21-4bb6-8fb9-dd81fa8fb5d0','Compositional','High',60,'user_30uQARGezqSApAChPSGSwFyUy85');
INSERT INTO public.relationships (id,project_id,source_id,target_id,type,confidence,weight,created_by) VALUES ('3d97fbb2-39ff-45d9-93e3-cf9059eee740','da6469b3-b022-4dd3-9b8a-22829f3a622e','24d74d05-e1ca-483d-9ab7-b2eb13474106','1128b6c8-1a21-4bb6-8fb9-dd81fa8fb5d0','Compositional','High',60,'user_30uQARGezqSApAChPSGSwFyUy85');
INSERT INTO public.relationships (id,project_id,source_id,target_id,type,confidence,weight,created_by) VALUES ('f6054012-a9ad-41b8-839a-eeebda744546','da6469b3-b022-4dd3-9b8a-22829f3a622e','f9b4ff8a-7653-4157-bdf8-8b4979ca01fd','1128b6c8-1a21-4bb6-8fb9-dd81fa8fb5d0','Compositional','High',50,'user_30uQARGezqSApAChPSGSwFyUy85');
INSERT INTO public.relationships (id,project_id,source_id,target_id,type,confidence,weight,created_by) VALUES ('17647edb-90b9-4a92-865b-d4b627a3e75b','da6469b3-b022-4dd3-9b8a-22829f3a622e','9e1ebd77-7637-4d7b-8d52-8132249ff2a1','1128b6c8-1a21-4bb6-8fb9-dd81fa8fb5d0','Compositional','High',45,'user_30uQARGezqSApAChPSGSwFyUy85');
INSERT INTO public.relationships (id,project_id,source_id,target_id,type,confidence,weight,created_by) VALUES ('1bf0b670-0053-4c34-b5f0-ab32d7e8fde7','da6469b3-b022-4dd3-9b8a-22829f3a622e','fbecff9e-5795-4758-b36a-eee006ad7c78','26eb2563-fe8b-4173-af42-c569e4857bf8','Causal','High',70,'user_30uQARGezqSApAChPSGSwFyUy85');
INSERT INTO public.relationships (id,project_id,source_id,target_id,type,confidence,weight,created_by) VALUES ('6194e1c9-94a8-462a-a53e-149eeb546d5a','da6469b3-b022-4dd3-9b8a-22829f3a622e','c0e16c0e-ab06-4360-a8c5-79e41517a62d','26eb2563-fe8b-4173-af42-c569e4857bf8','Causal','High',65,'user_30uQARGezqSApAChPSGSwFyUy85');
INSERT INTO public.relationships (id,project_id,source_id,target_id,type,confidence,weight,created_by) VALUES ('9fe7d4ca-d76a-4eea-be21-3e545e33ec7e','da6469b3-b022-4dd3-9b8a-22829f3a622e','b7c083bc-34aa-458d-8ef5-f96df1e87064','fbecff9e-5795-4758-b36a-eee006ad7c78','Causal','High',55,'user_30uQARGezqSApAChPSGSwFyUy85');
INSERT INTO public.relationships (id,project_id,source_id,target_id,type,confidence,weight,created_by) VALUES ('0d1dae4b-5698-4160-9305-284fb4093f31','da6469b3-b022-4dd3-9b8a-22829f3a622e','2e068a07-a074-40d3-9ce7-492d37044bfb','24d74d05-e1ca-483d-9ab7-b2eb13474106','Deterministic','High',70,'user_30uQARGezqSApAChPSGSwFyUy85');
INSERT INTO public.relationships (id,project_id,source_id,target_id,type,confidence,weight,created_by) VALUES ('ea77bbde-c12a-4474-80f6-c6576979254c','da6469b3-b022-4dd3-9b8a-22829f3a622e','543a01e3-f29b-460e-b81f-297788f30019','24d74d05-e1ca-483d-9ab7-b2eb13474106','Probabilistic','High',65,'user_30uQARGezqSApAChPSGSwFyUy85');
INSERT INTO public.relationships (id,project_id,source_id,target_id,type,confidence,weight,created_by) VALUES ('3cbe3aea-3b28-4767-9718-970f1027ca43','da6469b3-b022-4dd3-9b8a-22829f3a622e','141404f3-2e4f-44b1-923b-f9bc43b51bf8','ea02a993-63ff-451f-921d-80dcff936ddb','Deterministic','High',80,'user_30uQARGezqSApAChPSGSwFyUy85');
INSERT INTO public.relationships (id,project_id,source_id,target_id,type,confidence,weight,created_by) VALUES ('6856f539-5dc5-4c8a-bfaa-57a938420d66','da6469b3-b022-4dd3-9b8a-22829f3a622e','3d23e3e7-bec5-47de-b83c-f76a4fe17f33','ea02a993-63ff-451f-921d-80dcff936ddb','Deterministic','High',70,'user_30uQARGezqSApAChPSGSwFyUy85');
INSERT INTO public.relationships (id,project_id,source_id,target_id,type,confidence,weight,created_by) VALUES ('32b2f0ae-af54-49d8-9c4d-b65823370534','da6469b3-b022-4dd3-9b8a-22829f3a622e','6aefb4a4-1afc-4f0a-9176-9b6d34fe1649','49837bfa-0c0c-4e2b-8687-df5461d3b778','Causal','High',75,'user_30uQARGezqSApAChPSGSwFyUy85');
INSERT INTO public.relationships (id,project_id,source_id,target_id,type,confidence,weight,created_by) VALUES ('b132095e-1f59-4391-8f75-fe0392ab5340','da6469b3-b022-4dd3-9b8a-22829f3a622e','be8e9eec-e25e-42b1-b09b-a7b618c55fef','49837bfa-0c0c-4e2b-8687-df5461d3b778','Causal','High',75,'user_30uQARGezqSApAChPSGSwFyUy85');
INSERT INTO public.relationships (id,project_id,source_id,target_id,type,confidence,weight,created_by) VALUES ('5d7e31b7-34b0-4976-b5ba-d61a8385a21d','da6469b3-b022-4dd3-9b8a-22829f3a622e','2287f8bd-e874-4508-b9ca-22870e67ccaa','f9ea4d6b-cde2-43c3-b52a-10faf5e9476f','Causal','High',80,'user_30uQARGezqSApAChPSGSwFyUy85');
INSERT INTO public.relationships (id,project_id,source_id,target_id,type,confidence,weight,created_by) VALUES ('01f2c96c-2a68-4800-8300-450c2d6904e9','da6469b3-b022-4dd3-9b8a-22829f3a622e','f9ea4d6b-cde2-43c3-b52a-10faf5e9476f','49837bfa-0c0c-4e2b-8687-df5461d3b778','Deterministic','High',80,'user_30uQARGezqSApAChPSGSwFyUy85');
INSERT INTO public.relationships (id,project_id,source_id,target_id,type,confidence,weight,created_by) VALUES ('8f1958d0-d791-419f-826e-e6e5b070eaba','da6469b3-b022-4dd3-9b8a-22829f3a622e','f4be99db-bf3d-47ab-a629-c42d2d9da944','13ca7edc-7838-4b64-9cfc-65b3fc358db6','Causal','High',55,'user_30uQARGezqSApAChPSGSwFyUy85');
INSERT INTO public.relationships (id,project_id,source_id,target_id,type,confidence,weight,created_by) VALUES ('3922c978-7823-4b74-a698-c58dcf1434f4','da6469b3-b022-4dd3-9b8a-22829f3a622e','846bbdef-9d7f-4d83-a96a-3871baa86524','8d92c0ec-6899-42f9-a4fc-66593b7f54c1','Causal','High',70,'user_30uQARGezqSApAChPSGSwFyUy85');
INSERT INTO public.relationships (id,project_id,source_id,target_id,type,confidence,weight,created_by) VALUES ('31698cf9-c369-4763-a2c7-1f81ce9a8172','da6469b3-b022-4dd3-9b8a-22829f3a622e','8d92c0ec-6899-42f9-a4fc-66593b7f54c1','ddcafbc5-654e-4098-a1b5-58532efef849','Deterministic','High',75,'user_30uQARGezqSApAChPSGSwFyUy85');
INSERT INTO public.relationships (id,project_id,source_id,target_id,type,confidence,weight,created_by) VALUES ('acf03c49-58b8-4dd4-baa9-80c52d2abf47','da6469b3-b022-4dd3-9b8a-22829f3a622e','71920366-0d4a-4b5d-96f7-6b779e7619a2','ddcafbc5-654e-4098-a1b5-58532efef849','Causal','High',60,'user_30uQARGezqSApAChPSGSwFyUy85');
INSERT INTO public.relationships (id,project_id,source_id,target_id,type,confidence,weight,created_by) VALUES ('20c97c43-c586-4bf9-86ce-f208c5398162','da6469b3-b022-4dd3-9b8a-22829f3a622e','9cbbc05d-27be-4444-be5d-d6896dd68f81','40545289-a699-47aa-bf4a-2f880313ada4','Deterministic','High',80,'user_30uQARGezqSApAChPSGSwFyUy85');
INSERT INTO public.relationships (id,project_id,source_id,target_id,type,confidence,weight,created_by) VALUES ('ae6804d7-3a38-4e3c-82cc-78e29c2ab7d7','da6469b3-b022-4dd3-9b8a-22829f3a622e','f4be99db-bf3d-47ab-a629-c42d2d9da944','40545289-a699-47aa-bf4a-2f880313ada4','Deterministic','High',75,'user_30uQARGezqSApAChPSGSwFyUy85');
INSERT INTO public.relationships (id,project_id,source_id,target_id,type,confidence,weight,created_by) VALUES ('e7ff13c4-5c1c-4564-afe4-6951a3a1bfb2','da6469b3-b022-4dd3-9b8a-22829f3a622e','c55eb59d-bda1-4d2a-9509-bdd6fce4d441','a1659bf8-0dfe-4f7b-adf8-def4fd9ba4c7','Compositional','High',80,'user_30uQARGezqSApAChPSGSwFyUy85');
INSERT INTO public.relationships (id,project_id,source_id,target_id,type,confidence,weight,created_by) VALUES ('c7722d6e-a150-4a0d-8969-4de0a416f4e2','da6469b3-b022-4dd3-9b8a-22829f3a622e','3891bac5-a830-47f2-9470-d09c8969c048','a1659bf8-0dfe-4f7b-adf8-def4fd9ba4c7','Compositional','High',65,'user_30uQARGezqSApAChPSGSwFyUy85');
INSERT INTO public.relationships (id,project_id,source_id,target_id,type,confidence,weight,created_by) VALUES ('59cc06ab-2577-4e90-9fae-54c9da829256','da6469b3-b022-4dd3-9b8a-22829f3a622e','9cbbc05d-27be-4444-be5d-d6896dd68f81','a1659bf8-0dfe-4f7b-adf8-def4fd9ba4c7','Compositional','High',70,'user_30uQARGezqSApAChPSGSwFyUy85');
INSERT INTO public.relationships (id,project_id,source_id,target_id,type,confidence,weight,created_by) VALUES ('7692237f-84b6-40af-94e7-3548afca4300','da6469b3-b022-4dd3-9b8a-22829f3a622e','371e2ed9-93d6-4f19-9c29-8427d0e3d48c','a1659bf8-0dfe-4f7b-adf8-def4fd9ba4c7','Causal','High',60,'user_30uQARGezqSApAChPSGSwFyUy85');
INSERT INTO public.relationships (id,project_id,source_id,target_id,type,confidence,weight,created_by) VALUES ('154691af-0420-4e75-ba37-d19c32bb5881','da6469b3-b022-4dd3-9b8a-22829f3a622e','b6284d08-4c09-41a0-a13c-67deeb70ae03','a1659bf8-0dfe-4f7b-adf8-def4fd9ba4c7','Compositional','High',50,'user_30uQARGezqSApAChPSGSwFyUy85');
INSERT INTO public.relationships (id,project_id,source_id,target_id,type,confidence,weight,created_by) VALUES ('91045d0e-7ef4-43b0-aecc-3fd610a5c796','da6469b3-b022-4dd3-9b8a-22829f3a622e','d7afab4c-4e98-4d93-8e37-49252fd11146','a1659bf8-0dfe-4f7b-adf8-def4fd9ba4c7','Compositional','High',60,'user_30uQARGezqSApAChPSGSwFyUy85');
INSERT INTO public.relationships (id,project_id,source_id,target_id,type,confidence,weight,created_by) VALUES ('648ea85f-5e92-4627-a66a-60f7b87e727e','da6469b3-b022-4dd3-9b8a-22829f3a622e','c55eb59d-bda1-4d2a-9509-bdd6fce4d441','de78f4ed-3fc5-47e8-9b0f-5e19a54424d6','Causal','High',75,'user_30uQARGezqSApAChPSGSwFyUy85');
INSERT INTO public.relationships (id,project_id,source_id,target_id,type,confidence,weight,created_by) VALUES ('600ffcb7-d97c-47bd-9306-60a7696e2f91','da6469b3-b022-4dd3-9b8a-22829f3a622e','141404f3-2e4f-44b1-923b-f9bc43b51bf8','9cbbc05d-27be-4444-be5d-d6896dd68f81','Compositional','High',70,'user_30uQARGezqSApAChPSGSwFyUy85');
INSERT INTO public.relationships (id,project_id,source_id,target_id,type,confidence,weight,created_by) VALUES ('05d6cc2d-9b74-4fba-a0e4-21eba2797422','da6469b3-b022-4dd3-9b8a-22829f3a622e','2c135ef8-6431-4253-acd5-d53049b213f5','ea02a993-63ff-451f-921d-80dcff936ddb','Causal','High',60,'user_30uQARGezqSApAChPSGSwFyUy85');
INSERT INTO public.relationships (id,project_id,source_id,target_id,type,confidence,weight,created_by) VALUES ('8f2700f1-b6cd-4200-b75d-98485bb091a3','da6469b3-b022-4dd3-9b8a-22829f3a622e','29bec281-c8da-4303-81c9-e0854bed2b44','2287f8bd-e874-4508-b9ca-22870e67ccaa','Causal','High',70,'user_30uQARGezqSApAChPSGSwFyUy85');
INSERT INTO public.relationships (id,project_id,source_id,target_id,type,confidence,weight,created_by) VALUES ('9810283a-0257-4917-883e-d5f4921c882b','da6469b3-b022-4dd3-9b8a-22829f3a622e','ad620bb6-b46a-4013-8d41-b71d709d4644','71920366-0d4a-4b5d-96f7-6b779e7619a2','Causal','High',65,'user_30uQARGezqSApAChPSGSwFyUy85');
INSERT INTO public.relationships (id,project_id,source_id,target_id,type,confidence,weight,created_by) VALUES ('4a1b571b-2455-4466-bf87-5ed56ec14260','da6469b3-b022-4dd3-9b8a-22829f3a622e','157fedbc-69ff-4fd3-b8d9-5147afec7c7e','fbecff9e-5795-4758-b36a-eee006ad7c78','Causal','High',60,'user_30uQARGezqSApAChPSGSwFyUy85');
INSERT INTO public.relationships (id,project_id,source_id,target_id,type,confidence,weight,created_by) VALUES ('27129579-a786-4793-accd-1d4c27b7718c','da6469b3-b022-4dd3-9b8a-22829f3a622e','08f7ad22-e85c-4d97-b351-b891e6587c6a','71920366-0d4a-4b5d-96f7-6b779e7619a2','Probabilistic','High',50,'user_30uQARGezqSApAChPSGSwFyUy85');
INSERT INTO public.relationships (id,project_id,source_id,target_id,type,confidence,weight,created_by) VALUES ('6c46120f-2b34-48e7-af14-46b51e86bf24','da6469b3-b022-4dd3-9b8a-22829f3a622e','36c72925-3541-49f2-accc-c5b0489b85e4','6aefb4a4-1afc-4f0a-9176-9b6d34fe1649','Probabilistic','High',50,'user_30uQARGezqSApAChPSGSwFyUy85');
INSERT INTO public.groups (id,project_id,name,color,node_ids,position_x,position_y,width,height,created_by) VALUES ('6d9a183e-375d-4b36-9a89-ed358df56d76','da6469b3-b022-4dd3-9b8a-22829f3a622e','Traffic & Channels','#3b82f6',ARRAY['1128b6c8-1a21-4bb6-8fb9-dd81fa8fb5d0','01a7a749-f0c2-4676-870f-11e9bb2ee91a','ea02a993-63ff-451f-921d-80dcff936ddb','26eb2563-fe8b-4173-af42-c569e4857bf8','24d74d05-e1ca-483d-9ab7-b2eb13474106','f9b4ff8a-7653-4157-bdf8-8b4979ca01fd','9e1ebd77-7637-4d7b-8d52-8132249ff2a1','fbecff9e-5795-4758-b36a-eee006ad7c78','c0e16c0e-ab06-4360-a8c5-79e41517a62d','b7c083bc-34aa-458d-8ef5-f96df1e87064','2e068a07-a074-40d3-9ce7-492d37044bfb','543a01e3-f29b-460e-b81f-297788f30019','141404f3-2e4f-44b1-923b-f9bc43b51bf8','3d23e3e7-bec5-47de-b83c-f76a4fe17f33']::uuid[],-1390,514,2040,886,'user_30uQARGezqSApAChPSGSwFyUy85');
INSERT INTO public.groups (id,project_id,name,color,node_ids,position_x,position_y,width,height,created_by) VALUES ('3222f08a-f2c3-4ae6-ab57-729f9b4b49c0','da6469b3-b022-4dd3-9b8a-22829f3a622e','Conversion & Orders','#22c55e',ARRAY['13ca7edc-7838-4b64-9cfc-65b3fc358db6','49837bfa-0c0c-4e2b-8687-df5461d3b778','6aefb4a4-1afc-4f0a-9176-9b6d34fe1649','be8e9eec-e25e-42b1-b09b-a7b618c55fef','2287f8bd-e874-4508-b9ca-22870e67ccaa','f9ea4d6b-cde2-43c3-b52a-10faf5e9476f','f4be99db-bf3d-47ab-a629-c42d2d9da944']::uuid[],-1220,314,2890,886,'user_30uQARGezqSApAChPSGSwFyUy85');
INSERT INTO public.groups (id,project_id,name,color,node_ids,position_x,position_y,width,height,created_by) VALUES ('ee38801b-4e59-4ecf-ad1c-9c3e8a643a33','da6469b3-b022-4dd3-9b8a-22829f3a622e','AOV & Retention','#f59e0b',ARRAY['71920366-0d4a-4b5d-96f7-6b779e7619a2','05fda605-dd63-4813-b444-a194df0de3d2','d3e305df-803c-4af6-b41c-067bb128f8b6','45a7a810-639a-4bb1-87be-56ba69dbfe8b','997b4de0-a23a-4aed-a997-08d53a3d6fec','846bbdef-9d7f-4d83-a96a-3871baa86524','8d92c0ec-6899-42f9-a4fc-66593b7f54c1','ddcafbc5-654e-4098-a1b5-58532efef849']::uuid[],-880,114,1530,686,'user_30uQARGezqSApAChPSGSwFyUy85');
INSERT INTO public.groups (id,project_id,name,color,node_ids,position_x,position_y,width,height,created_by) VALUES ('d51e24a9-c1a1-416d-8399-583ac1681e30','da6469b3-b022-4dd3-9b8a-22829f3a622e','Cost Structure','#a855f7',ARRAY['a1659bf8-0dfe-4f7b-adf8-def4fd9ba4c7','c55eb59d-bda1-4d2a-9509-bdd6fce4d441','de78f4ed-3fc5-47e8-9b0f-5e19a54424d6','3891bac5-a830-47f2-9470-d09c8969c048','371e2ed9-93d6-4f19-9c29-8427d0e3d48c','9cbbc05d-27be-4444-be5d-d6896dd68f81','b6284d08-4c09-41a0-a13c-67deeb70ae03','d7afab4c-4e98-4d93-8e37-49252fd11146','40545289-a699-47aa-bf4a-2f880313ada4']::uuid[],-540,114,2040,486,'user_30uQARGezqSApAChPSGSwFyUy85');
INSERT INTO public.canvas_nodes (id,project_id,node_type,title,position_x,position_y,data,created_by) VALUES ('d7d13737-9444-40a6-8b67-661dbda0e90b','da6469b3-b022-4dd3-9b8a-22829f3a622e','whiteboardNode','Label',1880,-170,'{"shape":"text","text":"📊 Live Data Pipeline","fontSize":18,"width":300,"height":96,"fill":"#eef2ff","stroke":"#6366f1"}'::jsonb,'user_30uQARGezqSApAChPSGSwFyUy85');
INSERT INTO public.canvas_nodes (id,project_id,node_type,title,position_x,position_y,data,created_by) VALUES ('932fce10-3a58-45a5-9737-24332c77eef0','da6469b3-b022-4dd3-9b8a-22829f3a622e','sourceNode','Live Feed',1880,0,'{"title":"Live Feed (new bookings)","config":{"origin":"manual","rows":[{"period":"2025-12","value":37998},{"period":"2026-01","value":39518},{"period":"2026-02","value":41038},{"period":"2026-03","value":42558},{"period":"2026-04","value":44078},{"period":"2026-05","value":45598},{"period":"2026-06","value":47118}]},"series":[{"period":"2025-12","value":37998,"change_percent":0,"trend":"neutral"},{"period":"2026-01","value":39518,"change_percent":4,"trend":"up"},{"period":"2026-02","value":41038,"change_percent":3.8,"trend":"up"},{"period":"2026-03","value":42558,"change_percent":3.7,"trend":"up"},{"period":"2026-04","value":44078,"change_percent":3.6,"trend":"up"},{"period":"2026-05","value":45598,"change_percent":3.4,"trend":"up"},{"period":"2026-06","value":47118,"change_percent":3.3,"trend":"up"}],"refreshedAt":"2026-06-28T13:20:53.152Z"}'::jsonb,'user_30uQARGezqSApAChPSGSwFyUy85');
INSERT INTO public.canvas_nodes (id,project_id,node_type,title,position_x,position_y,data,created_by) VALUES ('d845d6ce-430e-43e7-841e-4fa550bb9cac','da6469b3-b022-4dd3-9b8a-22829f3a622e','operatorNode','Projection',2240,0,'{"label":"Projection (a × 1.1 + feed)","operationType":"formula","isActive":true,"formula":"a * 1.1 + b","inputs":[{"key":"a","sourceId":"964aef5b-f06a-46ab-bc63-961a37489afd","label":"Revenue"},{"key":"b","sourceId":"932fce10-3a58-45a5-9737-24332c77eef0","label":"Live feed"}]}'::jsonb,'user_30uQARGezqSApAChPSGSwFyUy85');
INSERT INTO public.canvas_nodes (id,project_id,node_type,title,position_x,position_y,data,created_by) VALUES ('3f7c3ebc-af62-4119-9e5e-14cb87e8a318','da6469b3-b022-4dd3-9b8a-22829f3a622e','chartNode','Actual vs Projection',2980,0,'{"chartType":"area","title":"Actual vs Projection","seriesCardIds":["964aef5b-f06a-46ab-bc63-961a37489afd","ae31544b-898b-4c3f-9acf-23947e7410a8"],"showLegend":true}'::jsonb,'user_30uQARGezqSApAChPSGSwFyUy85');
INSERT INTO public.canvas_nodes (id,project_id,node_type,title,position_x,position_y,data,created_by) VALUES ('1a3034ef-c89b-4103-8377-c1a997df5cf3','da6469b3-b022-4dd3-9b8a-22829f3a622e','commentNode','Pipeline',1880,260,'{"title":"Live pipeline: Source → Operator → Card → Chart. Edit the Source, then Run Simulation.","projectId":"da6469b3-b022-4dd3-9b8a-22829f3a622e"}'::jsonb,'user_30uQARGezqSApAChPSGSwFyUy85');

DELETE FROM public.projects WHERE created_by='user_30uQARGezqSApAChPSGSwFyUy85' AND name='Retail (Walk-in) — Example Metric Tree';
INSERT INTO public.projects (id,name,description,created_by,last_modified_by,is_public,tags,settings) VALUES ('6708d0d1-85cc-4de6-9dd7-93821408aa30','Retail (Walk-in) — Example Metric Tree','Decomposition of profit for a physical store: transactions = foot traffic × conversion, basket size, footfall drivers (incl. local social), and store cost structure.','user_30uQARGezqSApAChPSGSwFyUy85','user_30uQARGezqSApAChPSGSwFyUy85',true,ARRAY['example','template'],'{"dataFlowEdges":[{"id":"91df9873-a09f-477e-a9a7-15c5c83130f5","source":"1bf11c4c-fa35-403c-a624-fadadd2d97e5","target":"72109beb-f5b0-40d8-9492-288df44512bd","type":"dataFlow"},{"id":"61b9829b-2a7d-43f3-b105-dd22b86c39c7","source":"9b71910a-156e-4947-8366-122ea8957858","target":"72109beb-f5b0-40d8-9492-288df44512bd","type":"dataFlow"},{"id":"ca3e4c6b-c84e-46fa-bc18-9d5405cc0020","source":"72109beb-f5b0-40d8-9492-288df44512bd","target":"9cea7b1d-8444-4c3c-bd79-d7bdf9940443","type":"dataFlow"},{"id":"34a81053-c141-4e81-8c7e-2c2ef4d16db9","source":"9b71910a-156e-4947-8366-122ea8957858","target":"0237a437-2774-4dfb-8d33-d0aa9bd4d33b","type":"dataFlow"},{"id":"d36ba33b-184b-46c2-acda-ebb277ebf570","source":"9cea7b1d-8444-4c3c-bd79-d7bdf9940443","target":"0237a437-2774-4dfb-8d33-d0aa9bd4d33b","type":"dataFlow"}]}'::jsonb);
INSERT INTO public.metric_cards (id,project_id,title,description,category,position_x,position_y,created_by,data) VALUES ('265a9a37-1945-4ead-a53a-e820a09b5220','6708d0d1-85cc-4de6-9dd7-93821408aa30','Profit','Revenue − Total Costs','Core/Value',0,0,'user_30uQARGezqSApAChPSGSwFyUy85','[{"period":"2025-12","value":232421,"change_percent":0,"trend":"neutral"},{"period":"2026-01","value":238941,"change_percent":2.8,"trend":"up"},{"period":"2026-02","value":241298,"change_percent":1,"trend":"neutral"},{"period":"2026-03","value":251887,"change_percent":4.4,"trend":"up"},{"period":"2026-04","value":252828,"change_percent":0.4,"trend":"neutral"},{"period":"2026-05","value":255090,"change_percent":0.9,"trend":"neutral"},{"period":"2026-06","value":260218,"change_percent":2,"trend":"up"}]'::jsonb);
INSERT INTO public.metric_cards (id,project_id,title,description,category,position_x,position_y,created_by,data) VALUES ('9b71910a-156e-4947-8366-122ea8957858','6708d0d1-85cc-4de6-9dd7-93821408aa30','Revenue','Transactions × Avg Basket','Data/Metric',-340,200,'user_30uQARGezqSApAChPSGSwFyUy85','[{"period":"2025-12","value":260364,"change_percent":0,"trend":"neutral"},{"period":"2026-01","value":275276,"change_percent":5.7,"trend":"up"},{"period":"2026-02","value":285353,"change_percent":3.7,"trend":"up"},{"period":"2026-03","value":297702,"change_percent":4.3,"trend":"up"},{"period":"2026-04","value":314929,"change_percent":5.8,"trend":"up"},{"period":"2026-05","value":327858,"change_percent":4.1,"trend":"up"},{"period":"2026-06","value":339721,"change_percent":3.6,"trend":"up"}]'::jsonb);
INSERT INTO public.metric_cards (id,project_id,title,description,category,position_x,position_y,created_by,data) VALUES ('03a69ab3-0f28-443f-adf9-e083a50d2913','6708d0d1-85cc-4de6-9dd7-93821408aa30','Transactions','Foot traffic × Conversion','Data/Metric',-1190,400,'user_30uQARGezqSApAChPSGSwFyUy85','[{"period":"2025-12","value":43782,"change_percent":0,"trend":"neutral"},{"period":"2026-01","value":45649,"change_percent":4.3,"trend":"up"},{"period":"2026-02","value":46981,"change_percent":2.9,"trend":"up"},{"period":"2026-03","value":47914,"change_percent":2,"trend":"up"},{"period":"2026-04","value":48023,"change_percent":0.2,"trend":"neutral"},{"period":"2026-05","value":48028,"change_percent":0,"trend":"neutral"},{"period":"2026-06","value":50046,"change_percent":4.2,"trend":"up"}]'::jsonb);
INSERT INTO public.metric_cards (id,project_id,title,description,category,position_x,position_y,created_by,data) VALUES ('87e016b0-e8d5-4b56-968f-f1e65020a4b0','6708d0d1-85cc-4de6-9dd7-93821408aa30','Average Basket Value','Items × Avg item price','Data/Metric',-850,400,'user_30uQARGezqSApAChPSGSwFyUy85','[{"period":"2025-12","value":203467,"change_percent":0,"trend":"neutral"},{"period":"2026-01","value":210218,"change_percent":3.3,"trend":"up"},{"period":"2026-02","value":212813,"change_percent":1.2,"trend":"up"},{"period":"2026-03","value":222996,"change_percent":4.8,"trend":"up"},{"period":"2026-04","value":229756,"change_percent":3,"trend":"up"},{"period":"2026-05","value":234766,"change_percent":2.2,"trend":"up"},{"period":"2026-06","value":248621,"change_percent":5.9,"trend":"up"}]'::jsonb);
INSERT INTO public.metric_cards (id,project_id,title,description,category,position_x,position_y,created_by,data) VALUES ('d13426e4-7e02-4283-910e-d18b31c47b24','6708d0d1-85cc-4de6-9dd7-93821408aa30','Foot Traffic','Passersby × Capture rate','Data/Metric',-850,600,'user_30uQARGezqSApAChPSGSwFyUy85','[{"period":"2025-12","value":88371,"change_percent":0,"trend":"neutral"},{"period":"2026-01","value":96613,"change_percent":9.3,"trend":"up"},{"period":"2026-02","value":104120,"change_percent":7.8,"trend":"up"},{"period":"2026-03","value":113938,"change_percent":9.4,"trend":"up"},{"period":"2026-04","value":123184,"change_percent":8.1,"trend":"up"},{"period":"2026-05","value":131852,"change_percent":7,"trend":"up"},{"period":"2026-06","value":144617,"change_percent":9.7,"trend":"up"}]'::jsonb);
INSERT INTO public.metric_cards (id,project_id,title,description,category,position_x,position_y,created_by,data) VALUES ('e2f8c5b9-a151-44ed-8115-d61fcf654b89','6708d0d1-85cc-4de6-9dd7-93821408aa30','Walk-in Conversion %','','Data/Metric',-510,600,'user_30uQARGezqSApAChPSGSwFyUy85','[{"period":"2025-12","value":43.1,"change_percent":0,"trend":"neutral"},{"period":"2026-01","value":45.2,"change_percent":4.9,"trend":"up"},{"period":"2026-02","value":47.4,"change_percent":4.9,"trend":"up"},{"period":"2026-03","value":47.6,"change_percent":0.4,"trend":"neutral"},{"period":"2026-04","value":49.1,"change_percent":3.2,"trend":"up"},{"period":"2026-05","value":50.1,"change_percent":2,"trend":"up"},{"period":"2026-06","value":51,"change_percent":1.8,"trend":"up"}]'::jsonb);
INSERT INTO public.metric_cards (id,project_id,title,description,category,position_x,position_y,created_by,data) VALUES ('7e3f0bd4-334d-4295-9130-92b72476ba16','6708d0d1-85cc-4de6-9dd7-93821408aa30','Items per Basket','','Data/Metric',-170,600,'user_30uQARGezqSApAChPSGSwFyUy85','[{"period":"2025-12","value":315523,"change_percent":0,"trend":"neutral"},{"period":"2026-01","value":334090,"change_percent":5.9,"trend":"up"},{"period":"2026-02","value":346939,"change_percent":3.8,"trend":"up"},{"period":"2026-03","value":362616,"change_percent":4.5,"trend":"up"},{"period":"2026-04","value":381008,"change_percent":5.1,"trend":"up"},{"period":"2026-05","value":406404,"change_percent":6.7,"trend":"up"},{"period":"2026-06","value":427037,"change_percent":5.1,"trend":"up"}]'::jsonb);
INSERT INTO public.metric_cards (id,project_id,title,description,category,position_x,position_y,created_by,data) VALUES ('9cd80d41-be2e-482c-9d32-71b25c853cff','6708d0d1-85cc-4de6-9dd7-93821408aa30','Avg Item Price','','Data/Metric',170,600,'user_30uQARGezqSApAChPSGSwFyUy85','[{"period":"2025-12","value":470295,"change_percent":0,"trend":"neutral"},{"period":"2026-01","value":503393,"change_percent":7,"trend":"up"},{"period":"2026-02","value":528822,"change_percent":5.1,"trend":"up"},{"period":"2026-03","value":574438,"change_percent":8.6,"trend":"up"},{"period":"2026-04","value":611038,"change_percent":6.4,"trend":"up"},{"period":"2026-05","value":666150,"change_percent":9,"trend":"up"},{"period":"2026-06","value":720875,"change_percent":8.2,"trend":"up"}]'::jsonb);
INSERT INTO public.metric_cards (id,project_id,title,description,category,position_x,position_y,created_by,data) VALUES ('3332bd11-e0dd-4600-b9da-1b9a78d09a73','6708d0d1-85cc-4de6-9dd7-93821408aa30','Impulse / POS add-ons','','Data/Metric',510,600,'user_30uQARGezqSApAChPSGSwFyUy85','[{"period":"2025-12","value":3123,"change_percent":0,"trend":"neutral"},{"period":"2026-01","value":3286,"change_percent":5.2,"trend":"up"},{"period":"2026-02","value":3424,"change_percent":4.2,"trend":"up"},{"period":"2026-03","value":3570,"change_percent":4.3,"trend":"up"},{"period":"2026-04","value":3661,"change_percent":2.5,"trend":"up"},{"period":"2026-05","value":3783,"change_percent":3.3,"trend":"up"},{"period":"2026-06","value":3951,"change_percent":4.4,"trend":"up"}]'::jsonb);
INSERT INTO public.metric_cards (id,project_id,title,description,category,position_x,position_y,created_by,data) VALUES ('615323cd-bf5d-4a7c-90b3-7d60c98f746c','6708d0d1-85cc-4de6-9dd7-93821408aa30','Passersby (location footfall)','','Data/Metric',-1360,800,'user_30uQARGezqSApAChPSGSwFyUy85','[{"period":"2025-12","value":82181,"change_percent":0,"trend":"neutral"},{"period":"2026-01","value":87840,"change_percent":6.9,"trend":"up"},{"period":"2026-02","value":94444,"change_percent":7.5,"trend":"up"},{"period":"2026-03","value":99043,"change_percent":4.9,"trend":"up"},{"period":"2026-04","value":104825,"change_percent":5.8,"trend":"up"},{"period":"2026-05","value":110296,"change_percent":5.2,"trend":"up"},{"period":"2026-06","value":116536,"change_percent":5.7,"trend":"up"}]'::jsonb);
INSERT INTO public.metric_cards (id,project_id,title,description,category,position_x,position_y,created_by,data) VALUES ('f3645c08-7f3d-458c-bb3f-f59243c86b31','6708d0d1-85cc-4de6-9dd7-93821408aa30','Capture Rate','Share who enter','Data/Metric',-1020,800,'user_30uQARGezqSApAChPSGSwFyUy85','[{"period":"2025-12","value":47.2,"change_percent":0,"trend":"neutral"},{"period":"2026-01","value":50.1,"change_percent":6.1,"trend":"up"},{"period":"2026-02","value":54.3,"change_percent":8.4,"trend":"up"},{"period":"2026-03","value":57.6,"change_percent":6.1,"trend":"up"},{"period":"2026-04","value":61.8,"change_percent":7.3,"trend":"up"},{"period":"2026-05","value":65.4,"change_percent":5.8,"trend":"up"},{"period":"2026-06","value":71.8,"change_percent":9.8,"trend":"up"}]'::jsonb);
INSERT INTO public.metric_cards (id,project_id,title,description,category,position_x,position_y,created_by,data) VALUES ('cc664436-ba3d-4e7d-857d-19cd1377f7b3','6708d0d1-85cc-4de6-9dd7-93821408aa30','Window Display Score','','Data/Metric',-1530,1000,'user_30uQARGezqSApAChPSGSwFyUy85','[{"period":"2025-12","value":3417,"change_percent":0,"trend":"neutral"},{"period":"2026-01","value":3504,"change_percent":2.5,"trend":"up"},{"period":"2026-02","value":3658,"change_percent":4.4,"trend":"up"},{"period":"2026-03","value":3744,"change_percent":2.4,"trend":"up"},{"period":"2026-04","value":3874,"change_percent":3.5,"trend":"up"},{"period":"2026-05","value":3971,"change_percent":2.5,"trend":"up"},{"period":"2026-06","value":4229,"change_percent":6.5,"trend":"up"}]'::jsonb);
INSERT INTO public.metric_cards (id,project_id,title,description,category,position_x,position_y,created_by,data) VALUES ('362e2ae7-1a87-4c7f-b838-b4bcf75e96c8','6708d0d1-85cc-4de6-9dd7-93821408aa30','Signage / Promo Visibility','','Data/Metric',-1190,1000,'user_30uQARGezqSApAChPSGSwFyUy85','[{"period":"2025-12","value":3623,"change_percent":0,"trend":"neutral"},{"period":"2026-01","value":3842,"change_percent":6,"trend":"up"},{"period":"2026-02","value":4196,"change_percent":9.2,"trend":"up"},{"period":"2026-03","value":4424,"change_percent":5.4,"trend":"up"},{"period":"2026-04","value":4825,"change_percent":9.1,"trend":"up"},{"period":"2026-05","value":5038,"change_percent":4.4,"trend":"up"},{"period":"2026-06","value":5477,"change_percent":8.7,"trend":"up"}]'::jsonb);
INSERT INTO public.metric_cards (id,project_id,title,description,category,position_x,position_y,created_by,data) VALUES ('d7f44a1d-8d29-46f3-8454-cbb4e1fe389f','6708d0d1-85cc-4de6-9dd7-93821408aa30','Local Marketing Reach','','Data/Metric',-850,1000,'user_30uQARGezqSApAChPSGSwFyUy85','[{"period":"2025-12","value":54275,"change_percent":0,"trend":"neutral"},{"period":"2026-01","value":55769,"change_percent":2.8,"trend":"up"},{"period":"2026-02","value":59009,"change_percent":5.8,"trend":"up"},{"period":"2026-03","value":60059,"change_percent":1.8,"trend":"up"},{"period":"2026-04","value":61712,"change_percent":2.8,"trend":"up"},{"period":"2026-05","value":64289,"change_percent":4.2,"trend":"up"},{"period":"2026-06","value":66709,"change_percent":3.8,"trend":"up"}]'::jsonb);
INSERT INTO public.metric_cards (id,project_id,title,description,category,position_x,position_y,created_by,data) VALUES ('a8d54a2a-8e16-418b-8edc-769134626fb8','6708d0d1-85cc-4de6-9dd7-93821408aa30','Local Social Awareness','Reach × engagement','Data/Metric',-510,1000,'user_30uQARGezqSApAChPSGSwFyUy85','[{"period":"2025-12","value":4483,"change_percent":0,"trend":"neutral"},{"period":"2026-01","value":4636,"change_percent":3.4,"trend":"up"},{"period":"2026-02","value":4777,"change_percent":3,"trend":"up"},{"period":"2026-03","value":4951,"change_percent":3.6,"trend":"up"},{"period":"2026-04","value":5111,"change_percent":3.2,"trend":"up"},{"period":"2026-05","value":5475,"change_percent":7.1,"trend":"up"},{"period":"2026-06","value":5839,"change_percent":6.6,"trend":"up"}]'::jsonb);
INSERT INTO public.metric_cards (id,project_id,title,description,category,position_x,position_y,created_by,data) VALUES ('fa9c9c81-e222-4b72-be6d-0871a40d0712','6708d0d1-85cc-4de6-9dd7-93821408aa30','Social Reach / Followers','','Data/Metric',-510,1200,'user_30uQARGezqSApAChPSGSwFyUy85','[{"period":"2025-12","value":21127,"change_percent":0,"trend":"neutral"},{"period":"2026-01","value":22129,"change_percent":4.7,"trend":"up"},{"period":"2026-02","value":22280,"change_percent":0.7,"trend":"neutral"},{"period":"2026-03","value":23511,"change_percent":5.5,"trend":"up"},{"period":"2026-04","value":24073,"change_percent":2.4,"trend":"up"},{"period":"2026-05","value":24950,"change_percent":3.6,"trend":"up"},{"period":"2026-06","value":26260,"change_percent":5.3,"trend":"up"}]'::jsonb);
INSERT INTO public.metric_cards (id,project_id,title,description,category,position_x,position_y,created_by,data) VALUES ('f8a66f67-053f-435b-9eed-5c7f3e48cf60','6708d0d1-85cc-4de6-9dd7-93821408aa30','Social Engagement','','Data/Metric',-170,1200,'user_30uQARGezqSApAChPSGSwFyUy85','[{"period":"2025-12","value":2354,"change_percent":0,"trend":"neutral"},{"period":"2026-01","value":2408,"change_percent":2.3,"trend":"up"},{"period":"2026-02","value":2460,"change_percent":2.2,"trend":"up"},{"period":"2026-03","value":2537,"change_percent":3.1,"trend":"up"},{"period":"2026-04","value":2657,"change_percent":4.7,"trend":"up"},{"period":"2026-05","value":2699,"change_percent":1.6,"trend":"up"},{"period":"2026-06","value":2782,"change_percent":3.1,"trend":"up"}]'::jsonb);
INSERT INTO public.metric_cards (id,project_id,title,description,category,position_x,position_y,created_by,data) VALUES ('e8768d1b-9778-45d1-bf11-efa43876eb96','6708d0d1-85cc-4de6-9dd7-93821408aa30','In-store Events / Promos','','Data/Metric',-680,800,'user_30uQARGezqSApAChPSGSwFyUy85','[{"period":"2025-12","value":3906,"change_percent":0,"trend":"neutral"},{"period":"2026-01","value":4208,"change_percent":7.7,"trend":"up"},{"period":"2026-02","value":4453,"change_percent":5.8,"trend":"up"},{"period":"2026-03","value":4664,"change_percent":4.7,"trend":"up"},{"period":"2026-04","value":5042,"change_percent":8.1,"trend":"up"},{"period":"2026-05","value":5354,"change_percent":6.2,"trend":"up"},{"period":"2026-06","value":5590,"change_percent":4.4,"trend":"up"}]'::jsonb);
INSERT INTO public.metric_cards (id,project_id,title,description,category,position_x,position_y,created_by,data) VALUES ('d24338e0-2c05-442f-9c87-796a7ea47d08','6708d0d1-85cc-4de6-9dd7-93821408aa30','Seasonality / Weather','','Data/Metric',-170,1000,'user_30uQARGezqSApAChPSGSwFyUy85','[{"period":"2025-12","value":2171,"change_percent":0,"trend":"neutral"},{"period":"2026-01","value":2273,"change_percent":4.7,"trend":"up"},{"period":"2026-02","value":2424,"change_percent":6.6,"trend":"up"},{"period":"2026-03","value":2616,"change_percent":7.9,"trend":"up"},{"period":"2026-04","value":2784,"change_percent":6.4,"trend":"up"},{"period":"2026-05","value":3017,"change_percent":8.4,"trend":"up"},{"period":"2026-06","value":3239,"change_percent":7.4,"trend":"up"}]'::jsonb);
INSERT INTO public.metric_cards (id,project_id,title,description,category,position_x,position_y,created_by,data) VALUES ('df2b9180-81fb-436c-97d6-3e0709142dda','6708d0d1-85cc-4de6-9dd7-93821408aa30','Staff : Customer Ratio','','Data/Metric',-340,800,'user_30uQARGezqSApAChPSGSwFyUy85','[{"period":"2025-12","value":3.3,"change_percent":0,"trend":"neutral"},{"period":"2026-01","value":3.5,"change_percent":6.1,"trend":"up"},{"period":"2026-02","value":3.8,"change_percent":8.6,"trend":"up"},{"period":"2026-03","value":4.1,"change_percent":7.9,"trend":"up"},{"period":"2026-04","value":4.5,"change_percent":9.8,"trend":"up"},{"period":"2026-05","value":4.8,"change_percent":6.7,"trend":"up"},{"period":"2026-06","value":5.3,"change_percent":10.4,"trend":"up"}]'::jsonb);
INSERT INTO public.metric_cards (id,project_id,title,description,category,position_x,position_y,created_by,data) VALUES ('8ad4a944-94b1-4c0b-80b1-2d5f84065b48','6708d0d1-85cc-4de6-9dd7-93821408aa30','Product Availability %','','Data/Metric',0,800,'user_30uQARGezqSApAChPSGSwFyUy85','[{"period":"2025-12","value":62.9,"change_percent":0,"trend":"neutral"},{"period":"2026-01","value":65.1,"change_percent":3.5,"trend":"up"},{"period":"2026-02","value":65.6,"change_percent":0.8,"trend":"neutral"},{"period":"2026-03","value":67.3,"change_percent":2.6,"trend":"up"},{"period":"2026-04","value":70.9,"change_percent":5.3,"trend":"up"},{"period":"2026-05","value":72.6,"change_percent":2.4,"trend":"up"},{"period":"2026-06","value":73.6,"change_percent":1.4,"trend":"up"}]'::jsonb);
INSERT INTO public.metric_cards (id,project_id,title,description,category,position_x,position_y,created_by,data) VALUES ('f48049f4-ffb7-4a44-9c88-5ad38e091cc7','6708d0d1-85cc-4de6-9dd7-93821408aa30','Avg Queue Time','','Data/Metric',340,800,'user_30uQARGezqSApAChPSGSwFyUy85','[{"period":"2025-12","value":971,"change_percent":0,"trend":"neutral"},{"period":"2026-01","value":925,"change_percent":-4.7,"trend":"down"},{"period":"2026-02","value":903,"change_percent":-2.4,"trend":"down"},{"period":"2026-03","value":868,"change_percent":-3.9,"trend":"down"},{"period":"2026-04","value":848,"change_percent":-2.3,"trend":"down"},{"period":"2026-05","value":811,"change_percent":-4.4,"trend":"down"},{"period":"2026-06","value":767,"change_percent":-5.4,"trend":"down"}]'::jsonb);
INSERT INTO public.metric_cards (id,project_id,title,description,category,position_x,position_y,created_by,data) VALUES ('bcb91413-d521-48c8-827a-c3695943590c','6708d0d1-85cc-4de6-9dd7-93821408aa30','Loyalty Members','','Data/Metric',170,1000,'user_30uQARGezqSApAChPSGSwFyUy85','[{"period":"2025-12","value":29676,"change_percent":0,"trend":"neutral"},{"period":"2026-01","value":30279,"change_percent":2,"trend":"up"},{"period":"2026-02","value":30437,"change_percent":0.5,"trend":"neutral"},{"period":"2026-03","value":30880,"change_percent":1.5,"trend":"up"},{"period":"2026-04","value":31354,"change_percent":1.5,"trend":"up"},{"period":"2026-05","value":32397,"change_percent":3.3,"trend":"up"},{"period":"2026-06","value":32975,"change_percent":1.8,"trend":"up"}]'::jsonb);
INSERT INTO public.metric_cards (id,project_id,title,description,category,position_x,position_y,created_by,data) VALUES ('de3a9469-4a51-4c22-927d-a095e198fcfa','6708d0d1-85cc-4de6-9dd7-93821408aa30','Repeat Visit Rate','','Data/Metric',680,800,'user_30uQARGezqSApAChPSGSwFyUy85','[{"period":"2025-12","value":58.7,"change_percent":0,"trend":"neutral"},{"period":"2026-01","value":61.1,"change_percent":4.1,"trend":"up"},{"period":"2026-02","value":63.8,"change_percent":4.4,"trend":"up"},{"period":"2026-03","value":67.9,"change_percent":6.4,"trend":"up"},{"period":"2026-04","value":70.9,"change_percent":4.4,"trend":"up"},{"period":"2026-05","value":74.9,"change_percent":5.6,"trend":"up"},{"period":"2026-06","value":80,"change_percent":6.8,"trend":"up"}]'::jsonb);
INSERT INTO public.metric_cards (id,project_id,title,description,category,position_x,position_y,created_by,data) VALUES ('9cea41af-a062-426b-92c8-3d4f9998210a','6708d0d1-85cc-4de6-9dd7-93821408aa30','Customer Satisfaction (NPS)','','Data/Metric',510,1000,'user_30uQARGezqSApAChPSGSwFyUy85','[{"period":"2025-12","value":45.9,"change_percent":0,"trend":"neutral"},{"period":"2026-01","value":50.2,"change_percent":9.4,"trend":"up"},{"period":"2026-02","value":54.6,"change_percent":8.8,"trend":"up"},{"period":"2026-03","value":59.6,"change_percent":9.2,"trend":"up"},{"period":"2026-04","value":63.5,"change_percent":6.5,"trend":"up"},{"period":"2026-05","value":66.9,"change_percent":5.4,"trend":"up"},{"period":"2026-06","value":70.5,"change_percent":5.4,"trend":"up"}]'::jsonb);
INSERT INTO public.metric_cards (id,project_id,title,description,category,position_x,position_y,created_by,data) VALUES ('8a57344c-40d2-469a-9e1b-b1cff3d6964b','6708d0d1-85cc-4de6-9dd7-93821408aa30','Total Costs','','Data/Metric',0,200,'user_30uQARGezqSApAChPSGSwFyUy85','[{"period":"2025-12","value":684261,"change_percent":0,"trend":"neutral"},{"period":"2026-01","value":655076,"change_percent":-4.3,"trend":"down"},{"period":"2026-02","value":611636,"change_percent":-6.6,"trend":"down"},{"period":"2026-03","value":574934,"change_percent":-6,"trend":"down"},{"period":"2026-04","value":546308,"change_percent":-5,"trend":"down"},{"period":"2026-05","value":505625,"change_percent":-7.4,"trend":"down"},{"period":"2026-06","value":482600,"change_percent":-4.6,"trend":"down"}]'::jsonb);
INSERT INTO public.metric_cards (id,project_id,title,description,category,position_x,position_y,created_by,data) VALUES ('246ae0da-905c-47d8-9a9e-5cdb7a7e490d','6708d0d1-85cc-4de6-9dd7-93821408aa30','COGS','','Data/Metric',-510,400,'user_30uQARGezqSApAChPSGSwFyUy85','[{"period":"2025-12","value":520340,"change_percent":0,"trend":"neutral"},{"period":"2026-01","value":490084,"change_percent":-5.8,"trend":"down"},{"period":"2026-02","value":478500,"change_percent":-2.4,"trend":"down"},{"period":"2026-03","value":462464,"change_percent":-3.4,"trend":"down"},{"period":"2026-04","value":438536,"change_percent":-5.2,"trend":"down"},{"period":"2026-05","value":423245,"change_percent":-3.5,"trend":"down"},{"period":"2026-06","value":418922,"change_percent":-1,"trend":"neutral"}]'::jsonb);
INSERT INTO public.metric_cards (id,project_id,title,description,category,position_x,position_y,created_by,data) VALUES ('9e25c2d2-de73-4c73-8a02-fd14077cb765','6708d0d1-85cc-4de6-9dd7-93821408aa30','Gross Margin %','','Data/Metric',340,200,'user_30uQARGezqSApAChPSGSwFyUy85','[{"period":"2025-12","value":28.3,"change_percent":0,"trend":"neutral"},{"period":"2026-01","value":29.3,"change_percent":3.5,"trend":"up"},{"period":"2026-02","value":31,"change_percent":5.8,"trend":"up"},{"period":"2026-03","value":33.1,"change_percent":6.8,"trend":"up"},{"period":"2026-04","value":35.4,"change_percent":6.9,"trend":"up"},{"period":"2026-05","value":37.4,"change_percent":5.6,"trend":"up"},{"period":"2026-06","value":38.3,"change_percent":2.4,"trend":"up"}]'::jsonb);
INSERT INTO public.metric_cards (id,project_id,title,description,category,position_x,position_y,created_by,data) VALUES ('baccdace-c432-4c67-ac30-60dd0b3f714b','6708d0d1-85cc-4de6-9dd7-93821408aa30','Rent','','Data/Metric',-170,400,'user_30uQARGezqSApAChPSGSwFyUy85','[{"period":"2025-12","value":441133,"change_percent":0,"trend":"neutral"},{"period":"2026-01","value":444927,"change_percent":0.9,"trend":"neutral"},{"period":"2026-02","value":465931,"change_percent":4.7,"trend":"up"},{"period":"2026-03","value":480864,"change_percent":3.2,"trend":"up"},{"period":"2026-04","value":488988,"change_percent":1.7,"trend":"up"},{"period":"2026-05","value":501908,"change_percent":2.6,"trend":"up"},{"period":"2026-06","value":523498,"change_percent":4.3,"trend":"up"}]'::jsonb);
INSERT INTO public.metric_cards (id,project_id,title,description,category,position_x,position_y,created_by,data) VALUES ('3f429522-5324-446a-95bf-7ef9ef7224a7','6708d0d1-85cc-4de6-9dd7-93821408aa30','Labor Cost','','Data/Metric',170,400,'user_30uQARGezqSApAChPSGSwFyUy85','[{"period":"2025-12","value":483010,"change_percent":0,"trend":"neutral"},{"period":"2026-01","value":464162,"change_percent":-3.9,"trend":"down"},{"period":"2026-02","value":457585,"change_percent":-1.4,"trend":"down"},{"period":"2026-03","value":442370,"change_percent":-3.3,"trend":"down"},{"period":"2026-04","value":426564,"change_percent":-3.6,"trend":"down"},{"period":"2026-05","value":413285,"change_percent":-3.1,"trend":"down"},{"period":"2026-06","value":405233,"change_percent":-1.9,"trend":"down"}]'::jsonb);
INSERT INTO public.metric_cards (id,project_id,title,description,category,position_x,position_y,created_by,data) VALUES ('64054be4-400c-4680-8499-b6989d76c7e7','6708d0d1-85cc-4de6-9dd7-93821408aa30','Staff Hours','','Data/Metric',850,1000,'user_30uQARGezqSApAChPSGSwFyUy85','[{"period":"2025-12","value":4372,"change_percent":0,"trend":"neutral"},{"period":"2026-01","value":4577,"change_percent":4.7,"trend":"up"},{"period":"2026-02","value":4842,"change_percent":5.8,"trend":"up"},{"period":"2026-03","value":5022,"change_percent":3.7,"trend":"up"},{"period":"2026-04","value":5372,"change_percent":7,"trend":"up"},{"period":"2026-05","value":5602,"change_percent":4.3,"trend":"up"},{"period":"2026-06","value":5948,"change_percent":6.2,"trend":"up"}]'::jsonb);
INSERT INTO public.metric_cards (id,project_id,title,description,category,position_x,position_y,created_by,data) VALUES ('1ea1d416-66f5-4ae2-817e-6326d2246888','6708d0d1-85cc-4de6-9dd7-93821408aa30','Avg Wage','','Data/Metric',850,600,'user_30uQARGezqSApAChPSGSwFyUy85','[{"period":"2025-12","value":59583,"change_percent":0,"trend":"neutral"},{"period":"2026-01","value":60936,"change_percent":2.3,"trend":"up"},{"period":"2026-02","value":64595,"change_percent":6,"trend":"up"},{"period":"2026-03","value":66834,"change_percent":3.5,"trend":"up"},{"period":"2026-04","value":69364,"change_percent":3.8,"trend":"up"},{"period":"2026-05","value":72972,"change_percent":5.2,"trend":"up"},{"period":"2026-06","value":75353,"change_percent":3.3,"trend":"up"}]'::jsonb);
INSERT INTO public.metric_cards (id,project_id,title,description,category,position_x,position_y,created_by,data) VALUES ('6ef5bf34-90d6-42c4-8f37-e7605540dc03','6708d0d1-85cc-4de6-9dd7-93821408aa30','Utilities','','Data/Metric',510,400,'user_30uQARGezqSApAChPSGSwFyUy85','[{"period":"2025-12","value":110,"change_percent":0,"trend":"neutral"},{"period":"2026-01","value":112,"change_percent":1.8,"trend":"up"},{"period":"2026-02","value":116,"change_percent":3.6,"trend":"up"},{"period":"2026-03","value":116,"change_percent":0,"trend":"neutral"},{"period":"2026-04","value":119,"change_percent":2.6,"trend":"up"},{"period":"2026-05","value":123,"change_percent":3.4,"trend":"up"},{"period":"2026-06","value":127,"change_percent":3.3,"trend":"up"}]'::jsonb);
INSERT INTO public.metric_cards (id,project_id,title,description,category,position_x,position_y,created_by,data) VALUES ('40e84485-0780-431e-a031-06125ba165e2','6708d0d1-85cc-4de6-9dd7-93821408aa30','Shrinkage (loss/theft)','','Data/Metric',850,400,'user_30uQARGezqSApAChPSGSwFyUy85','[{"period":"2025-12","value":2324,"change_percent":0,"trend":"neutral"},{"period":"2026-01","value":2108,"change_percent":-9.3,"trend":"down"},{"period":"2026-02","value":1952,"change_percent":-7.4,"trend":"down"},{"period":"2026-03","value":1796,"change_percent":-8,"trend":"down"},{"period":"2026-04","value":1632,"change_percent":-9.1,"trend":"down"},{"period":"2026-05","value":1491,"change_percent":-8.6,"trend":"down"},{"period":"2026-06","value":1415,"change_percent":-5.1,"trend":"down"}]'::jsonb);
INSERT INTO public.metric_cards (id,project_id,title,description,category,position_x,position_y,created_by,data) VALUES ('8db70769-83d7-4fe4-aefc-5594e95bfb44','6708d0d1-85cc-4de6-9dd7-93821408aa30','Marketing Spend','','Data/Metric',1190,400,'user_30uQARGezqSApAChPSGSwFyUy85','[{"period":"2025-12","value":59370,"change_percent":0,"trend":"neutral"},{"period":"2026-01","value":64548,"change_percent":8.7,"trend":"up"},{"period":"2026-02","value":69372,"change_percent":7.5,"trend":"up"},{"period":"2026-03","value":73855,"change_percent":6.5,"trend":"up"},{"period":"2026-04","value":79896,"change_percent":8.2,"trend":"up"},{"period":"2026-05","value":86900,"change_percent":8.8,"trend":"up"},{"period":"2026-06","value":92482,"change_percent":6.4,"trend":"up"}]'::jsonb);
INSERT INTO public.metric_cards (id,project_id,title,description,category,position_x,position_y,created_by,data) VALUES ('c01863fe-ce51-4fd3-88b1-ffc8db7e2de4','6708d0d1-85cc-4de6-9dd7-93821408aa30','Staff sales training','','Work/Action',1020,800,'user_30uQARGezqSApAChPSGSwFyUy85','[]'::jsonb);
INSERT INTO public.metric_cards (id,project_id,title,description,category,position_x,position_y,created_by,data) VALUES ('b3d0ed00-cd23-4148-b05c-80eb7eeb47c4','6708d0d1-85cc-4de6-9dd7-93821408aa30','Loyalty program','','Work/Action',170,1200,'user_30uQARGezqSApAChPSGSwFyUy85','[]'::jsonb);
INSERT INTO public.metric_cards (id,project_id,title,description,category,position_x,position_y,created_by,data) VALUES ('ff477210-0298-41af-b9a5-9e3edd44f6d2','6708d0d1-85cc-4de6-9dd7-93821408aa30','Refresh window display','','Work/Action',510,1200,'user_30uQARGezqSApAChPSGSwFyUy85','[]'::jsonb);
INSERT INTO public.metric_cards (id,project_id,title,description,category,position_x,position_y,created_by,data) VALUES ('53e2cfd3-2c4f-455f-9056-419fc28c77b2','6708d0d1-85cc-4de6-9dd7-93821408aa30','Local social campaign','','Work/Action',0,1400,'user_30uQARGezqSApAChPSGSwFyUy85','[]'::jsonb);
INSERT INTO public.metric_cards (id,project_id,title,description,category,position_x,position_y,created_by,data) VALUES ('7d3bfb69-9838-44fa-962e-6f9a49b3b491','6708d0d1-85cc-4de6-9dd7-93821408aa30','Optimize store layout','','Work/Action',1360,800,'user_30uQARGezqSApAChPSGSwFyUy85','[]'::jsonb);
INSERT INTO public.metric_cards (id,project_id,title,description,category,position_x,position_y,created_by,data) VALUES ('cd8b890a-ec55-4477-8b3e-6d279410a635','6708d0d1-85cc-4de6-9dd7-93821408aa30','Weekend events lift foot traffic','','Ideas/Hypothesis',1190,1000,'user_30uQARGezqSApAChPSGSwFyUy85','[]'::jsonb);
INSERT INTO public.metric_cards (id,project_id,title,description,category,position_x,position_y,created_by,data) VALUES ('165c1d8d-4b19-47fe-ac15-8a6697fa1d2e','6708d0d1-85cc-4de6-9dd7-93821408aa30','More staff lifts conversion','','Ideas/Hypothesis',1530,1000,'user_30uQARGezqSApAChPSGSwFyUy85','[]'::jsonb);
INSERT INTO public.metric_cards (id,project_id,title,description,category,position_x,position_y,created_by,data) VALUES ('9cea7b1d-8444-4c3c-bd79-d7bdf9940443','6708d0d1-85cc-4de6-9dd7-93821408aa30','Revenue — Projection','Operator output: Revenue × 1.1 + live feed','Data/Metric',2770,0,'user_30uQARGezqSApAChPSGSwFyUy85','[{"period":"2025-12","value":303386,"change_percent":0,"trend":"neutral"},{"period":"2026-01","value":320469,"change_percent":5.6,"trend":"up"},{"period":"2026-02","value":332233,"change_percent":3.7,"trend":"up"},{"period":"2026-03","value":346496,"change_percent":4.3,"trend":"up"},{"period":"2026-04","value":366126,"change_percent":5.7,"trend":"up"},{"period":"2026-05","value":381027,"change_percent":4.1,"trend":"up"},{"period":"2026-06","value":394756,"change_percent":3.6,"trend":"up"}]'::jsonb);
INSERT INTO public.relationships (id,project_id,source_id,target_id,type,confidence,weight,created_by) VALUES ('b119e204-d5a4-4909-92da-f3670b8eeae5','6708d0d1-85cc-4de6-9dd7-93821408aa30','9b71910a-156e-4947-8366-122ea8957858','265a9a37-1945-4ead-a53a-e820a09b5220','Compositional','High',95,'user_30uQARGezqSApAChPSGSwFyUy85');
INSERT INTO public.relationships (id,project_id,source_id,target_id,type,confidence,weight,created_by) VALUES ('8d018d85-e210-42d8-86e8-5511395e86a0','6708d0d1-85cc-4de6-9dd7-93821408aa30','8a57344c-40d2-469a-9e1b-b1cff3d6964b','265a9a37-1945-4ead-a53a-e820a09b5220','Compositional','High',90,'user_30uQARGezqSApAChPSGSwFyUy85');
INSERT INTO public.relationships (id,project_id,source_id,target_id,type,confidence,weight,created_by) VALUES ('3c73a5a4-c2ff-4dd4-899e-467a12111aa0','6708d0d1-85cc-4de6-9dd7-93821408aa30','9e25c2d2-de73-4c73-8a02-fd14077cb765','265a9a37-1945-4ead-a53a-e820a09b5220','Causal','High',70,'user_30uQARGezqSApAChPSGSwFyUy85');
INSERT INTO public.relationships (id,project_id,source_id,target_id,type,confidence,weight,created_by) VALUES ('7f29de78-cedc-4fc4-90c9-73fa82ac521f','6708d0d1-85cc-4de6-9dd7-93821408aa30','03a69ab3-0f28-443f-adf9-e083a50d2913','9b71910a-156e-4947-8366-122ea8957858','Deterministic','High',95,'user_30uQARGezqSApAChPSGSwFyUy85');
INSERT INTO public.relationships (id,project_id,source_id,target_id,type,confidence,weight,created_by) VALUES ('d8220eb4-49df-4f0e-b834-b31af84ebbea','6708d0d1-85cc-4de6-9dd7-93821408aa30','87e016b0-e8d5-4b56-968f-f1e65020a4b0','9b71910a-156e-4947-8366-122ea8957858','Deterministic','High',90,'user_30uQARGezqSApAChPSGSwFyUy85');
INSERT INTO public.relationships (id,project_id,source_id,target_id,type,confidence,weight,created_by) VALUES ('ba2d8bf0-b6e2-4319-a928-79a44d86488f','6708d0d1-85cc-4de6-9dd7-93821408aa30','d13426e4-7e02-4283-910e-d18b31c47b24','03a69ab3-0f28-443f-adf9-e083a50d2913','Deterministic','High',90,'user_30uQARGezqSApAChPSGSwFyUy85');
INSERT INTO public.relationships (id,project_id,source_id,target_id,type,confidence,weight,created_by) VALUES ('d50bda40-1fd2-4155-a456-a23a1f63d8e9','6708d0d1-85cc-4de6-9dd7-93821408aa30','e2f8c5b9-a151-44ed-8115-d61fcf654b89','03a69ab3-0f28-443f-adf9-e083a50d2913','Probabilistic','High',85,'user_30uQARGezqSApAChPSGSwFyUy85');
INSERT INTO public.relationships (id,project_id,source_id,target_id,type,confidence,weight,created_by) VALUES ('493c7412-3ffb-4b01-ae57-c48f57467d50','6708d0d1-85cc-4de6-9dd7-93821408aa30','7e3f0bd4-334d-4295-9130-92b72476ba16','87e016b0-e8d5-4b56-968f-f1e65020a4b0','Deterministic','High',80,'user_30uQARGezqSApAChPSGSwFyUy85');
INSERT INTO public.relationships (id,project_id,source_id,target_id,type,confidence,weight,created_by) VALUES ('e7a7088b-20fc-4f12-b764-0e82fa14e861','6708d0d1-85cc-4de6-9dd7-93821408aa30','9cd80d41-be2e-482c-9d32-71b25c853cff','87e016b0-e8d5-4b56-968f-f1e65020a4b0','Deterministic','High',75,'user_30uQARGezqSApAChPSGSwFyUy85');
INSERT INTO public.relationships (id,project_id,source_id,target_id,type,confidence,weight,created_by) VALUES ('3eb82154-2cb5-4aa4-b032-8f3951bf8681','6708d0d1-85cc-4de6-9dd7-93821408aa30','3332bd11-e0dd-4600-b9da-1b9a78d09a73','87e016b0-e8d5-4b56-968f-f1e65020a4b0','Causal','High',55,'user_30uQARGezqSApAChPSGSwFyUy85');
INSERT INTO public.relationships (id,project_id,source_id,target_id,type,confidence,weight,created_by) VALUES ('cd179fa9-faf1-4300-9426-7c5326f98e35','6708d0d1-85cc-4de6-9dd7-93821408aa30','615323cd-bf5d-4a7c-90b3-7d60c98f746c','d13426e4-7e02-4283-910e-d18b31c47b24','Deterministic','High',80,'user_30uQARGezqSApAChPSGSwFyUy85');
INSERT INTO public.relationships (id,project_id,source_id,target_id,type,confidence,weight,created_by) VALUES ('d2466006-4c63-4210-9a3b-6be837d18244','6708d0d1-85cc-4de6-9dd7-93821408aa30','f3645c08-7f3d-458c-bb3f-f59243c86b31','d13426e4-7e02-4283-910e-d18b31c47b24','Probabilistic','High',75,'user_30uQARGezqSApAChPSGSwFyUy85');
INSERT INTO public.relationships (id,project_id,source_id,target_id,type,confidence,weight,created_by) VALUES ('4b5bc40d-8ac0-4943-9c51-f82258ea0337','6708d0d1-85cc-4de6-9dd7-93821408aa30','cc664436-ba3d-4e7d-857d-19cd1377f7b3','f3645c08-7f3d-458c-bb3f-f59243c86b31','Causal','High',70,'user_30uQARGezqSApAChPSGSwFyUy85');
INSERT INTO public.relationships (id,project_id,source_id,target_id,type,confidence,weight,created_by) VALUES ('65800dec-7775-47dc-8743-17793d824e5a','6708d0d1-85cc-4de6-9dd7-93821408aa30','362e2ae7-1a87-4c7f-b838-b4bcf75e96c8','f3645c08-7f3d-458c-bb3f-f59243c86b31','Causal','High',60,'user_30uQARGezqSApAChPSGSwFyUy85');
INSERT INTO public.relationships (id,project_id,source_id,target_id,type,confidence,weight,created_by) VALUES ('ad178a71-4d1e-4e9c-9d5f-a047da9ffcd1','6708d0d1-85cc-4de6-9dd7-93821408aa30','d7f44a1d-8d29-46f3-8454-cbb4e1fe389f','615323cd-bf5d-4a7c-90b3-7d60c98f746c','Causal','High',55,'user_30uQARGezqSApAChPSGSwFyUy85');
INSERT INTO public.relationships (id,project_id,source_id,target_id,type,confidence,weight,created_by) VALUES ('da07c6f2-c98f-4593-b385-4cace0318a7d','6708d0d1-85cc-4de6-9dd7-93821408aa30','a8d54a2a-8e16-418b-8edc-769134626fb8','615323cd-bf5d-4a7c-90b3-7d60c98f746c','Causal','High',50,'user_30uQARGezqSApAChPSGSwFyUy85');
INSERT INTO public.relationships (id,project_id,source_id,target_id,type,confidence,weight,created_by) VALUES ('1ef4f5fd-e71f-4ec7-9d93-256ffd48e002','6708d0d1-85cc-4de6-9dd7-93821408aa30','fa9c9c81-e222-4b72-be6d-0871a40d0712','a8d54a2a-8e16-418b-8edc-769134626fb8','Causal','High',65,'user_30uQARGezqSApAChPSGSwFyUy85');
INSERT INTO public.relationships (id,project_id,source_id,target_id,type,confidence,weight,created_by) VALUES ('2519cea6-9e52-42fd-88d7-6ec6667d17c3','6708d0d1-85cc-4de6-9dd7-93821408aa30','f8a66f67-053f-435b-9eed-5c7f3e48cf60','a8d54a2a-8e16-418b-8edc-769134626fb8','Causal','High',55,'user_30uQARGezqSApAChPSGSwFyUy85');
INSERT INTO public.relationships (id,project_id,source_id,target_id,type,confidence,weight,created_by) VALUES ('7d579718-4d82-43e5-8b32-52f580871122','6708d0d1-85cc-4de6-9dd7-93821408aa30','e8768d1b-9778-45d1-bf11-efa43876eb96','d13426e4-7e02-4283-910e-d18b31c47b24','Causal','High',60,'user_30uQARGezqSApAChPSGSwFyUy85');
INSERT INTO public.relationships (id,project_id,source_id,target_id,type,confidence,weight,created_by) VALUES ('39ff50f0-b8dc-4e9b-9c3d-3ae75a842e55','6708d0d1-85cc-4de6-9dd7-93821408aa30','d24338e0-2c05-442f-9c87-796a7ea47d08','615323cd-bf5d-4a7c-90b3-7d60c98f746c','Causal','High',50,'user_30uQARGezqSApAChPSGSwFyUy85');
INSERT INTO public.relationships (id,project_id,source_id,target_id,type,confidence,weight,created_by) VALUES ('627d82c2-91d1-45e6-bc54-daac9ff1a524','6708d0d1-85cc-4de6-9dd7-93821408aa30','df2b9180-81fb-436c-97d6-3e0709142dda','e2f8c5b9-a151-44ed-8115-d61fcf654b89','Causal','High',70,'user_30uQARGezqSApAChPSGSwFyUy85');
INSERT INTO public.relationships (id,project_id,source_id,target_id,type,confidence,weight,created_by) VALUES ('9e182816-c3f6-4b27-82a1-677f69ad43ef','6708d0d1-85cc-4de6-9dd7-93821408aa30','8ad4a944-94b1-4c0b-80b1-2d5f84065b48','e2f8c5b9-a151-44ed-8115-d61fcf654b89','Causal','High',70,'user_30uQARGezqSApAChPSGSwFyUy85');
INSERT INTO public.relationships (id,project_id,source_id,target_id,type,confidence,weight,created_by) VALUES ('ea2bff27-6f87-4c23-9f21-1a55893ecb51','6708d0d1-85cc-4de6-9dd7-93821408aa30','f48049f4-ffb7-4a44-9c88-5ad38e091cc7','e2f8c5b9-a151-44ed-8115-d61fcf654b89','Causal','High',60,'user_30uQARGezqSApAChPSGSwFyUy85');
INSERT INTO public.relationships (id,project_id,source_id,target_id,type,confidence,weight,created_by) VALUES ('68ce7622-668e-42d8-80ae-42c2645e2825','6708d0d1-85cc-4de6-9dd7-93821408aa30','bcb91413-d521-48c8-827a-c3695943590c','de3a9469-4a51-4c22-927d-a095e198fcfa','Causal','High',70,'user_30uQARGezqSApAChPSGSwFyUy85');
INSERT INTO public.relationships (id,project_id,source_id,target_id,type,confidence,weight,created_by) VALUES ('a1cd332c-4754-4c90-8e52-336d2b981ce3','6708d0d1-85cc-4de6-9dd7-93821408aa30','de3a9469-4a51-4c22-927d-a095e198fcfa','d13426e4-7e02-4283-910e-d18b31c47b24','Causal','High',55,'user_30uQARGezqSApAChPSGSwFyUy85');
INSERT INTO public.relationships (id,project_id,source_id,target_id,type,confidence,weight,created_by) VALUES ('e33b3f22-fe48-4206-bc29-c732a0e2912a','6708d0d1-85cc-4de6-9dd7-93821408aa30','9cea41af-a062-426b-92c8-3d4f9998210a','de3a9469-4a51-4c22-927d-a095e198fcfa','Causal','High',60,'user_30uQARGezqSApAChPSGSwFyUy85');
INSERT INTO public.relationships (id,project_id,source_id,target_id,type,confidence,weight,created_by) VALUES ('ba467050-83c9-4503-98dd-156595fe172c','6708d0d1-85cc-4de6-9dd7-93821408aa30','246ae0da-905c-47d8-9a9e-5cdb7a7e490d','8a57344c-40d2-469a-9e1b-b1cff3d6964b','Compositional','High',80,'user_30uQARGezqSApAChPSGSwFyUy85');
INSERT INTO public.relationships (id,project_id,source_id,target_id,type,confidence,weight,created_by) VALUES ('de57d345-3ac9-4aeb-9d04-19f1d3eaf54a','6708d0d1-85cc-4de6-9dd7-93821408aa30','baccdace-c432-4c67-ac30-60dd0b3f714b','8a57344c-40d2-469a-9e1b-b1cff3d6964b','Compositional','High',70,'user_30uQARGezqSApAChPSGSwFyUy85');
INSERT INTO public.relationships (id,project_id,source_id,target_id,type,confidence,weight,created_by) VALUES ('b986f753-206d-481c-82c3-4211acc79da8','6708d0d1-85cc-4de6-9dd7-93821408aa30','3f429522-5324-446a-95bf-7ef9ef7224a7','8a57344c-40d2-469a-9e1b-b1cff3d6964b','Compositional','High',75,'user_30uQARGezqSApAChPSGSwFyUy85');
INSERT INTO public.relationships (id,project_id,source_id,target_id,type,confidence,weight,created_by) VALUES ('f0929d30-a02c-4c82-9c32-2ab16b270611','6708d0d1-85cc-4de6-9dd7-93821408aa30','64054be4-400c-4680-8499-b6989d76c7e7','3f429522-5324-446a-95bf-7ef9ef7224a7','Deterministic','High',80,'user_30uQARGezqSApAChPSGSwFyUy85');
INSERT INTO public.relationships (id,project_id,source_id,target_id,type,confidence,weight,created_by) VALUES ('6b8cdcd2-0dc4-4554-80b5-e9e4c253b179','6708d0d1-85cc-4de6-9dd7-93821408aa30','1ea1d416-66f5-4ae2-817e-6326d2246888','3f429522-5324-446a-95bf-7ef9ef7224a7','Deterministic','High',70,'user_30uQARGezqSApAChPSGSwFyUy85');
INSERT INTO public.relationships (id,project_id,source_id,target_id,type,confidence,weight,created_by) VALUES ('dbf27d95-ef96-45e4-8e03-35d91b88679c','6708d0d1-85cc-4de6-9dd7-93821408aa30','6ef5bf34-90d6-42c4-8f37-e7605540dc03','8a57344c-40d2-469a-9e1b-b1cff3d6964b','Compositional','High',50,'user_30uQARGezqSApAChPSGSwFyUy85');
INSERT INTO public.relationships (id,project_id,source_id,target_id,type,confidence,weight,created_by) VALUES ('34159f00-e024-4271-9c73-99bcc8b5a43a','6708d0d1-85cc-4de6-9dd7-93821408aa30','40e84485-0780-431e-a031-06125ba165e2','8a57344c-40d2-469a-9e1b-b1cff3d6964b','Causal','High',55,'user_30uQARGezqSApAChPSGSwFyUy85');
INSERT INTO public.relationships (id,project_id,source_id,target_id,type,confidence,weight,created_by) VALUES ('681a974a-2452-4621-8174-63225ac6237a','6708d0d1-85cc-4de6-9dd7-93821408aa30','8db70769-83d7-4fe4-aefc-5594e95bfb44','8a57344c-40d2-469a-9e1b-b1cff3d6964b','Compositional','High',60,'user_30uQARGezqSApAChPSGSwFyUy85');
INSERT INTO public.relationships (id,project_id,source_id,target_id,type,confidence,weight,created_by) VALUES ('35cd4d68-2046-4c4b-861c-7434012db4b4','6708d0d1-85cc-4de6-9dd7-93821408aa30','246ae0da-905c-47d8-9a9e-5cdb7a7e490d','9e25c2d2-de73-4c73-8a02-fd14077cb765','Causal','High',75,'user_30uQARGezqSApAChPSGSwFyUy85');
INSERT INTO public.relationships (id,project_id,source_id,target_id,type,confidence,weight,created_by) VALUES ('309d73d1-1641-40db-84ea-301db559463b','6708d0d1-85cc-4de6-9dd7-93821408aa30','64054be4-400c-4680-8499-b6989d76c7e7','df2b9180-81fb-436c-97d6-3e0709142dda','Causal','High',60,'user_30uQARGezqSApAChPSGSwFyUy85');
INSERT INTO public.relationships (id,project_id,source_id,target_id,type,confidence,weight,created_by) VALUES ('18b5185c-7ff7-4b53-bc25-57a0a86f8eb2','6708d0d1-85cc-4de6-9dd7-93821408aa30','d7f44a1d-8d29-46f3-8454-cbb4e1fe389f','8db70769-83d7-4fe4-aefc-5594e95bfb44','Compositional','High',60,'user_30uQARGezqSApAChPSGSwFyUy85');
INSERT INTO public.relationships (id,project_id,source_id,target_id,type,confidence,weight,created_by) VALUES ('803ad323-5ef0-4db7-8427-bace5af0e8f3','6708d0d1-85cc-4de6-9dd7-93821408aa30','c01863fe-ce51-4fd3-88b1-ffc8db7e2de4','e2f8c5b9-a151-44ed-8115-d61fcf654b89','Causal','High',70,'user_30uQARGezqSApAChPSGSwFyUy85');
INSERT INTO public.relationships (id,project_id,source_id,target_id,type,confidence,weight,created_by) VALUES ('dd8e711c-927e-41dc-b7f6-46f23d679aed','6708d0d1-85cc-4de6-9dd7-93821408aa30','b3d0ed00-cd23-4148-b05c-80eb7eeb47c4','bcb91413-d521-48c8-827a-c3695943590c','Causal','High',75,'user_30uQARGezqSApAChPSGSwFyUy85');
INSERT INTO public.relationships (id,project_id,source_id,target_id,type,confidence,weight,created_by) VALUES ('3af904d1-65f2-4916-923c-8af927ecc62e','6708d0d1-85cc-4de6-9dd7-93821408aa30','ff477210-0298-41af-b9a5-9e3edd44f6d2','cc664436-ba3d-4e7d-857d-19cd1377f7b3','Causal','High',75,'user_30uQARGezqSApAChPSGSwFyUy85');
INSERT INTO public.relationships (id,project_id,source_id,target_id,type,confidence,weight,created_by) VALUES ('8f0d7597-a6f6-408f-9aa8-2349201dcb7d','6708d0d1-85cc-4de6-9dd7-93821408aa30','53e2cfd3-2c4f-455f-9056-419fc28c77b2','fa9c9c81-e222-4b72-be6d-0871a40d0712','Causal','High',65,'user_30uQARGezqSApAChPSGSwFyUy85');
INSERT INTO public.relationships (id,project_id,source_id,target_id,type,confidence,weight,created_by) VALUES ('65b1e9ac-72df-41e6-8de0-b7727edfbddb','6708d0d1-85cc-4de6-9dd7-93821408aa30','7d3bfb69-9838-44fa-962e-6f9a49b3b491','3332bd11-e0dd-4600-b9da-1b9a78d09a73','Causal','High',55,'user_30uQARGezqSApAChPSGSwFyUy85');
INSERT INTO public.relationships (id,project_id,source_id,target_id,type,confidence,weight,created_by) VALUES ('59936d2d-3eee-46e6-96c7-e5440ce56eb4','6708d0d1-85cc-4de6-9dd7-93821408aa30','cd8b890a-ec55-4477-8b3e-6d279410a635','e8768d1b-9778-45d1-bf11-efa43876eb96','Probabilistic','High',50,'user_30uQARGezqSApAChPSGSwFyUy85');
INSERT INTO public.relationships (id,project_id,source_id,target_id,type,confidence,weight,created_by) VALUES ('bdb2ba56-f117-4f96-97ee-d06f28e16baf','6708d0d1-85cc-4de6-9dd7-93821408aa30','165c1d8d-4b19-47fe-ac15-8a6697fa1d2e','df2b9180-81fb-436c-97d6-3e0709142dda','Probabilistic','High',50,'user_30uQARGezqSApAChPSGSwFyUy85');
INSERT INTO public.groups (id,project_id,name,color,node_ids,position_x,position_y,width,height,created_by) VALUES ('b297638f-c7b2-4e87-9c99-9ef57efa87c7','6708d0d1-85cc-4de6-9dd7-93821408aa30','Foot Traffic','#3b82f6',ARRAY['d13426e4-7e02-4283-910e-d18b31c47b24','615323cd-bf5d-4a7c-90b3-7d60c98f746c','f3645c08-7f3d-458c-bb3f-f59243c86b31','cc664436-ba3d-4e7d-857d-19cd1377f7b3','362e2ae7-1a87-4c7f-b838-b4bcf75e96c8','d7f44a1d-8d29-46f3-8454-cbb4e1fe389f','a8d54a2a-8e16-418b-8edc-769134626fb8','fa9c9c81-e222-4b72-be6d-0871a40d0712','f8a66f67-053f-435b-9eed-5c7f3e48cf60','e8768d1b-9778-45d1-bf11-efa43876eb96','d24338e0-2c05-442f-9c87-796a7ea47d08']::uuid[],-1560,514,1700,886,'user_30uQARGezqSApAChPSGSwFyUy85');
INSERT INTO public.groups (id,project_id,name,color,node_ids,position_x,position_y,width,height,created_by) VALUES ('2e152c07-23c8-490f-9d0d-66ebfda84ad6','6708d0d1-85cc-4de6-9dd7-93821408aa30','Conversion & Basket','#22c55e',ARRAY['03a69ab3-0f28-443f-adf9-e083a50d2913','e2f8c5b9-a151-44ed-8115-d61fcf654b89','df2b9180-81fb-436c-97d6-3e0709142dda','8ad4a944-94b1-4c0b-80b1-2d5f84065b48','f48049f4-ffb7-4a44-9c88-5ad38e091cc7','87e016b0-e8d5-4b56-968f-f1e65020a4b0','7e3f0bd4-334d-4295-9130-92b72476ba16','9cd80d41-be2e-482c-9d32-71b25c853cff','3332bd11-e0dd-4600-b9da-1b9a78d09a73']::uuid[],-1220,314,2040,686,'user_30uQARGezqSApAChPSGSwFyUy85');
INSERT INTO public.groups (id,project_id,name,color,node_ids,position_x,position_y,width,height,created_by) VALUES ('9247e48f-f2b4-45dd-a43d-da8b29c90935','6708d0d1-85cc-4de6-9dd7-93821408aa30','Retention','#f59e0b',ARRAY['bcb91413-d521-48c8-827a-c3695943590c','de3a9469-4a51-4c22-927d-a095e198fcfa','9cea41af-a062-426b-92c8-3d4f9998210a']::uuid[],140,714,850,486,'user_30uQARGezqSApAChPSGSwFyUy85');
INSERT INTO public.groups (id,project_id,name,color,node_ids,position_x,position_y,width,height,created_by) VALUES ('5334dc66-5934-4305-b9ca-aebd66ef3c3f','6708d0d1-85cc-4de6-9dd7-93821408aa30','Cost Structure','#a855f7',ARRAY['8a57344c-40d2-469a-9e1b-b1cff3d6964b','246ae0da-905c-47d8-9a9e-5cdb7a7e490d','9e25c2d2-de73-4c73-8a02-fd14077cb765','baccdace-c432-4c67-ac30-60dd0b3f714b','3f429522-5324-446a-95bf-7ef9ef7224a7','64054be4-400c-4680-8499-b6989d76c7e7','1ea1d416-66f5-4ae2-817e-6326d2246888','6ef5bf34-90d6-42c4-8f37-e7605540dc03','40e84485-0780-431e-a031-06125ba165e2','8db70769-83d7-4fe4-aefc-5594e95bfb44']::uuid[],-540,114,2040,1086,'user_30uQARGezqSApAChPSGSwFyUy85');
INSERT INTO public.canvas_nodes (id,project_id,node_type,title,position_x,position_y,data,created_by) VALUES ('96baa832-8609-4df4-8a04-2315351d262c','6708d0d1-85cc-4de6-9dd7-93821408aa30','whiteboardNode','Label',2050,-170,'{"shape":"text","text":"📊 Live Data Pipeline","fontSize":18,"width":300,"height":96,"fill":"#eef2ff","stroke":"#6366f1"}'::jsonb,'user_30uQARGezqSApAChPSGSwFyUy85');
INSERT INTO public.canvas_nodes (id,project_id,node_type,title,position_x,position_y,data,created_by) VALUES ('1bf11c4c-fa35-403c-a624-fadadd2d97e5','6708d0d1-85cc-4de6-9dd7-93821408aa30','sourceNode','Live Feed',2050,0,'{"title":"Live Feed (new bookings)","config":{"origin":"manual","rows":[{"period":"2025-12","value":16986},{"period":"2026-01","value":17665},{"period":"2026-02","value":18345},{"period":"2026-03","value":19024},{"period":"2026-04","value":19704},{"period":"2026-05","value":20383},{"period":"2026-06","value":21063}]},"series":[{"period":"2025-12","value":16986,"change_percent":0,"trend":"neutral"},{"period":"2026-01","value":17665,"change_percent":4,"trend":"up"},{"period":"2026-02","value":18345,"change_percent":3.8,"trend":"up"},{"period":"2026-03","value":19024,"change_percent":3.7,"trend":"up"},{"period":"2026-04","value":19704,"change_percent":3.6,"trend":"up"},{"period":"2026-05","value":20383,"change_percent":3.4,"trend":"up"},{"period":"2026-06","value":21063,"change_percent":3.3,"trend":"up"}],"refreshedAt":"2026-06-28T13:20:53.153Z"}'::jsonb,'user_30uQARGezqSApAChPSGSwFyUy85');
INSERT INTO public.canvas_nodes (id,project_id,node_type,title,position_x,position_y,data,created_by) VALUES ('72109beb-f5b0-40d8-9492-288df44512bd','6708d0d1-85cc-4de6-9dd7-93821408aa30','operatorNode','Projection',2410,0,'{"label":"Projection (a × 1.1 + feed)","operationType":"formula","isActive":true,"formula":"a * 1.1 + b","inputs":[{"key":"a","sourceId":"9b71910a-156e-4947-8366-122ea8957858","label":"Revenue"},{"key":"b","sourceId":"1bf11c4c-fa35-403c-a624-fadadd2d97e5","label":"Live feed"}]}'::jsonb,'user_30uQARGezqSApAChPSGSwFyUy85');
INSERT INTO public.canvas_nodes (id,project_id,node_type,title,position_x,position_y,data,created_by) VALUES ('0237a437-2774-4dfb-8d33-d0aa9bd4d33b','6708d0d1-85cc-4de6-9dd7-93821408aa30','chartNode','Actual vs Projection',3150,0,'{"chartType":"area","title":"Actual vs Projection","seriesCardIds":["9b71910a-156e-4947-8366-122ea8957858","9cea7b1d-8444-4c3c-bd79-d7bdf9940443"],"showLegend":true}'::jsonb,'user_30uQARGezqSApAChPSGSwFyUy85');
INSERT INTO public.canvas_nodes (id,project_id,node_type,title,position_x,position_y,data,created_by) VALUES ('27a90689-5525-4815-b93b-5b429475461a','6708d0d1-85cc-4de6-9dd7-93821408aa30','commentNode','Pipeline',2050,260,'{"title":"Live pipeline: Source → Operator → Card → Chart. Edit the Source, then Run Simulation.","projectId":"6708d0d1-85cc-4de6-9dd7-93821408aa30"}'::jsonb,'user_30uQARGezqSApAChPSGSwFyUy85');

COMMIT;
