-- Example metric trees (SaaS / E-commerce / Retail). Owner: user_30uQARGezqSApAChPSGSwFyUy85
-- Re-runnable: deletes prior projects with the same names (cascade) first.
BEGIN;

DELETE FROM public.projects WHERE created_by='user_30uQARGezqSApAChPSGSwFyUy85' AND name='SaaS — Example Metric Tree';
INSERT INTO public.projects (id,name,description,created_by,last_modified_by,is_public,tags,settings) VALUES ('0880debe-9bb7-4332-88bc-f1ca18f20a94','SaaS — Example Metric Tree','Decomposition of profit for a B2B SaaS: ARR/MRR movements, acquisition funnel, channels (incl. social), unit economics, and cost structure.','user_30uQARGezqSApAChPSGSwFyUy85','user_30uQARGezqSApAChPSGSwFyUy85',true,ARRAY['example','template'],'{}');
INSERT INTO public.metric_cards (id,project_id,title,description,category,position_x,position_y,created_by,data) VALUES ('f3d11e59-b642-48d2-9d91-464f673310c8','0880debe-9bb7-4332-88bc-f1ca18f20a94','Profit','Revenue − Total Costs','Core/Value',0,0,'user_30uQARGezqSApAChPSGSwFyUy85','[{"period":"2025-12","value":218848,"change_percent":0,"trend":"neutral"},{"period":"2026-01","value":226739,"change_percent":3.6,"trend":"up"},{"period":"2026-02","value":236954,"change_percent":4.5,"trend":"up"},{"period":"2026-03","value":244913,"change_percent":3.4,"trend":"up"},{"period":"2026-04","value":263532,"change_percent":7.6,"trend":"up"},{"period":"2026-05","value":277184,"change_percent":5.2,"trend":"up"},{"period":"2026-06","value":286942,"change_percent":3.5,"trend":"up"}]'::jsonb);
INSERT INTO public.metric_cards (id,project_id,title,description,category,position_x,position_y,created_by,data) VALUES ('45433b7d-e179-49a6-93dc-8d64f35cb7b5','0880debe-9bb7-4332-88bc-f1ca18f20a94','Revenue (ARR)','MRR × 12','Data/Metric',-1190,200,'user_30uQARGezqSApAChPSGSwFyUy85','[{"period":"2025-12","value":257391,"change_percent":0,"trend":"neutral"},{"period":"2026-01","value":267010,"change_percent":3.7,"trend":"up"},{"period":"2026-02","value":278743,"change_percent":4.4,"trend":"up"},{"period":"2026-03","value":287938,"change_percent":3.3,"trend":"up"},{"period":"2026-04","value":303042,"change_percent":5.2,"trend":"up"},{"period":"2026-05","value":322237,"change_percent":6.3,"trend":"up"},{"period":"2026-06","value":333734,"change_percent":3.6,"trend":"up"}]'::jsonb);
INSERT INTO public.metric_cards (id,project_id,title,description,category,position_x,position_y,created_by,data) VALUES ('aa3d0bce-4439-4a6a-94d1-a2c77857fd33','0880debe-9bb7-4332-88bc-f1ca18f20a94','MRR','Monthly Recurring Revenue','Data/Metric',-680,400,'user_30uQARGezqSApAChPSGSwFyUy85','[{"period":"2025-12","value":554091,"change_percent":0,"trend":"neutral"},{"period":"2026-01","value":574365,"change_percent":3.7,"trend":"up"},{"period":"2026-02","value":608019,"change_percent":5.9,"trend":"up"},{"period":"2026-03","value":619728,"change_percent":1.9,"trend":"up"},{"period":"2026-04","value":647582,"change_percent":4.5,"trend":"up"},{"period":"2026-05","value":680826,"change_percent":5.1,"trend":"up"},{"period":"2026-06","value":702948,"change_percent":3.2,"trend":"up"}]'::jsonb);
INSERT INTO public.metric_cards (id,project_id,title,description,category,position_x,position_y,created_by,data) VALUES ('1ed12d5a-3bff-4611-9e7a-b5ffff392a02','0880debe-9bb7-4332-88bc-f1ca18f20a94','New MRR','New Customers × ARPA','Data/Metric',-1020,600,'user_30uQARGezqSApAChPSGSwFyUy85','[{"period":"2025-12","value":554422,"change_percent":0,"trend":"neutral"},{"period":"2026-01","value":584661,"change_percent":5.5,"trend":"up"},{"period":"2026-02","value":634380,"change_percent":8.5,"trend":"up"},{"period":"2026-03","value":675329,"change_percent":6.5,"trend":"up"},{"period":"2026-04","value":700410,"change_percent":3.7,"trend":"up"},{"period":"2026-05","value":754009,"change_percent":7.7,"trend":"up"},{"period":"2026-06","value":806526,"change_percent":7,"trend":"up"}]'::jsonb);
INSERT INTO public.metric_cards (id,project_id,title,description,category,position_x,position_y,created_by,data) VALUES ('44e4461c-cfc3-486c-bbef-089e5058dbef','0880debe-9bb7-4332-88bc-f1ca18f20a94','Expansion MRR','Upsell + cross-sell','Data/Metric',-680,600,'user_30uQARGezqSApAChPSGSwFyUy85','[{"period":"2025-12","value":531956,"change_percent":0,"trend":"neutral"},{"period":"2026-01","value":578185,"change_percent":8.7,"trend":"up"},{"period":"2026-02","value":608909,"change_percent":5.3,"trend":"up"},{"period":"2026-03","value":642422,"change_percent":5.5,"trend":"up"},{"period":"2026-04","value":703096,"change_percent":9.4,"trend":"up"},{"period":"2026-05","value":770835,"change_percent":9.6,"trend":"up"},{"period":"2026-06","value":833656,"change_percent":8.1,"trend":"up"}]'::jsonb);
INSERT INTO public.metric_cards (id,project_id,title,description,category,position_x,position_y,created_by,data) VALUES ('ee1b0b44-24db-4b8d-84d1-c198dfc1337a','0880debe-9bb7-4332-88bc-f1ca18f20a94','Reactivation MRR','','Data/Metric',-340,600,'user_30uQARGezqSApAChPSGSwFyUy85','[{"period":"2025-12","value":743449,"change_percent":0,"trend":"neutral"},{"period":"2026-01","value":792724,"change_percent":6.6,"trend":"up"},{"period":"2026-02","value":837463,"change_percent":5.6,"trend":"up"},{"period":"2026-03","value":896796,"change_percent":7.1,"trend":"up"},{"period":"2026-04","value":953159,"change_percent":6.3,"trend":"up"},{"period":"2026-05","value":995153,"change_percent":4.4,"trend":"up"},{"period":"2026-06","value":1060010,"change_percent":6.5,"trend":"up"}]'::jsonb);
INSERT INTO public.metric_cards (id,project_id,title,description,category,position_x,position_y,created_by,data) VALUES ('232e17c2-8165-40e2-8b53-1595d2cd013f','0880debe-9bb7-4332-88bc-f1ca18f20a94','Churned MRR','Lost recurring revenue','Data/Metric',0,600,'user_30uQARGezqSApAChPSGSwFyUy85','[{"period":"2025-12","value":38.3,"change_percent":0,"trend":"neutral"},{"period":"2026-01","value":36.5,"change_percent":-4.7,"trend":"down"},{"period":"2026-02","value":34.5,"change_percent":-5.5,"trend":"down"},{"period":"2026-03","value":33.6,"change_percent":-2.6,"trend":"down"},{"period":"2026-04","value":32.9,"change_percent":-2.1,"trend":"down"},{"period":"2026-05","value":32.3,"change_percent":-1.8,"trend":"down"},{"period":"2026-06","value":30.7,"change_percent":-5,"trend":"down"}]'::jsonb);
INSERT INTO public.metric_cards (id,project_id,title,description,category,position_x,position_y,created_by,data) VALUES ('7db46314-8645-46f0-bc4a-ba17a960a3af','0880debe-9bb7-4332-88bc-f1ca18f20a94','Contraction MRR','Downgrades','Data/Metric',340,600,'user_30uQARGezqSApAChPSGSwFyUy85','[{"period":"2025-12","value":642079,"change_percent":0,"trend":"neutral"},{"period":"2026-01","value":594357,"change_percent":-7.4,"trend":"down"},{"period":"2026-02","value":554655,"change_percent":-6.7,"trend":"down"},{"period":"2026-03","value":524308,"change_percent":-5.5,"trend":"down"},{"period":"2026-04","value":487339,"change_percent":-7.1,"trend":"down"},{"period":"2026-05","value":454705,"change_percent":-6.7,"trend":"down"},{"period":"2026-06","value":417336,"change_percent":-8.2,"trend":"down"}]'::jsonb);
INSERT INTO public.metric_cards (id,project_id,title,description,category,position_x,position_y,created_by,data) VALUES ('dc2e96e9-2a3e-4f2a-a57e-4a610557add8','0880debe-9bb7-4332-88bc-f1ca18f20a94','New Customers','Trials × Trial→Paid','Data/Metric',-340,800,'user_30uQARGezqSApAChPSGSwFyUy85','[{"period":"2025-12","value":12115,"change_percent":0,"trend":"neutral"},{"period":"2026-01","value":12630,"change_percent":4.3,"trend":"up"},{"period":"2026-02","value":13082,"change_percent":3.6,"trend":"up"},{"period":"2026-03","value":13631,"change_percent":4.2,"trend":"up"},{"period":"2026-04","value":14614,"change_percent":7.2,"trend":"up"},{"period":"2026-05","value":15496,"change_percent":6,"trend":"up"},{"period":"2026-06","value":16513,"change_percent":6.6,"trend":"up"}]'::jsonb);
INSERT INTO public.metric_cards (id,project_id,title,description,category,position_x,position_y,created_by,data) VALUES ('760a4550-71d6-4f46-8920-6d1b65df8d0e','0880debe-9bb7-4332-88bc-f1ca18f20a94','ARPA','Avg revenue per account','Data/Metric',0,800,'user_30uQARGezqSApAChPSGSwFyUy85','[{"period":"2025-12","value":602866,"change_percent":0,"trend":"neutral"},{"period":"2026-01","value":639085,"change_percent":6,"trend":"up"},{"period":"2026-02","value":673677,"change_percent":5.4,"trend":"up"},{"period":"2026-03","value":708691,"change_percent":5.2,"trend":"up"},{"period":"2026-04","value":728854,"change_percent":2.8,"trend":"up"},{"period":"2026-05","value":765448,"change_percent":5,"trend":"up"},{"period":"2026-06","value":792478,"change_percent":3.5,"trend":"up"}]'::jsonb);
INSERT INTO public.metric_cards (id,project_id,title,description,category,position_x,position_y,created_by,data) VALUES ('a95b7312-57d5-4529-87e2-53211e3e096d','0880debe-9bb7-4332-88bc-f1ca18f20a94','Avg Price','','Data/Metric',-850,1000,'user_30uQARGezqSApAChPSGSwFyUy85','[{"period":"2025-12","value":104749,"change_percent":0,"trend":"neutral"},{"period":"2026-01","value":107617,"change_percent":2.7,"trend":"up"},{"period":"2026-02","value":112294,"change_percent":4.3,"trend":"up"},{"period":"2026-03","value":114559,"change_percent":2,"trend":"up"},{"period":"2026-04","value":117536,"change_percent":2.6,"trend":"up"},{"period":"2026-05","value":118293,"change_percent":0.6,"trend":"neutral"},{"period":"2026-06","value":121841,"change_percent":3,"trend":"up"}]'::jsonb);
INSERT INTO public.metric_cards (id,project_id,title,description,category,position_x,position_y,created_by,data) VALUES ('02db666f-58b5-4112-b567-b21ec5eadc3b','0880debe-9bb7-4332-88bc-f1ca18f20a94','Avg Seats / Account','','Data/Metric',-510,1000,'user_30uQARGezqSApAChPSGSwFyUy85','[{"period":"2025-12","value":76829,"change_percent":0,"trend":"neutral"},{"period":"2026-01","value":83428,"change_percent":8.6,"trend":"up"},{"period":"2026-02","value":90648,"change_percent":8.7,"trend":"up"},{"period":"2026-03","value":95257,"change_percent":5.1,"trend":"up"},{"period":"2026-04","value":104203,"change_percent":9.4,"trend":"up"},{"period":"2026-05","value":110885,"change_percent":6.4,"trend":"up"},{"period":"2026-06","value":117500,"change_percent":6,"trend":"up"}]'::jsonb);
INSERT INTO public.metric_cards (id,project_id,title,description,category,position_x,position_y,created_by,data) VALUES ('001c317c-5688-4a40-9807-0b3e26daa5f7','0880debe-9bb7-4332-88bc-f1ca18f20a94','Trials Started','MQLs × Lead→Trial','Data/Metric',-170,1000,'user_30uQARGezqSApAChPSGSwFyUy85','[{"period":"2025-12","value":53068,"change_percent":0,"trend":"neutral"},{"period":"2026-01","value":57395,"change_percent":8.2,"trend":"up"},{"period":"2026-02","value":61937,"change_percent":7.9,"trend":"up"},{"period":"2026-03","value":65427,"change_percent":5.6,"trend":"up"},{"period":"2026-04","value":69160,"change_percent":5.7,"trend":"up"},{"period":"2026-05","value":72204,"change_percent":4.4,"trend":"up"},{"period":"2026-06","value":76652,"change_percent":6.2,"trend":"up"}]'::jsonb);
INSERT INTO public.metric_cards (id,project_id,title,description,category,position_x,position_y,created_by,data) VALUES ('da5cf0d2-06ca-4fff-982a-f9158a9d74a0','0880debe-9bb7-4332-88bc-f1ca18f20a94','Trial→Paid Conversion %','','Data/Metric',170,1000,'user_30uQARGezqSApAChPSGSwFyUy85','[{"period":"2025-12","value":35.8,"change_percent":0,"trend":"neutral"},{"period":"2026-01","value":36.9,"change_percent":3.1,"trend":"up"},{"period":"2026-02","value":37.8,"change_percent":2.4,"trend":"up"},{"period":"2026-03","value":39.1,"change_percent":3.4,"trend":"up"},{"period":"2026-04","value":40.8,"change_percent":4.3,"trend":"up"},{"period":"2026-05","value":41.6,"change_percent":2,"trend":"up"},{"period":"2026-06","value":43.7,"change_percent":5,"trend":"up"}]'::jsonb);
INSERT INTO public.metric_cards (id,project_id,title,description,category,position_x,position_y,created_by,data) VALUES ('0ee45b71-867b-48a0-a0a4-7fc6fcf988db','0880debe-9bb7-4332-88bc-f1ca18f20a94','Marketing Qualified Leads','Visitors × Visitor→Lead','Data/Metric',-510,1200,'user_30uQARGezqSApAChPSGSwFyUy85','[{"period":"2025-12","value":8975,"change_percent":0,"trend":"neutral"},{"period":"2026-01","value":9722,"change_percent":8.3,"trend":"up"},{"period":"2026-02","value":10311,"change_percent":6.1,"trend":"up"},{"period":"2026-03","value":10924,"change_percent":5.9,"trend":"up"},{"period":"2026-04","value":11743,"change_percent":7.5,"trend":"up"},{"period":"2026-05","value":12675,"change_percent":7.9,"trend":"up"},{"period":"2026-06","value":13501,"change_percent":6.5,"trend":"up"}]'::jsonb);
INSERT INTO public.metric_cards (id,project_id,title,description,category,position_x,position_y,created_by,data) VALUES ('92e1cba0-b08b-4fc6-a886-aefde6752edc','0880debe-9bb7-4332-88bc-f1ca18f20a94','Visitor→Lead %','','Data/Metric',-170,1200,'user_30uQARGezqSApAChPSGSwFyUy85','[{"period":"2025-12","value":61.2,"change_percent":0,"trend":"neutral"},{"period":"2026-01","value":64.9,"change_percent":6,"trend":"up"},{"period":"2026-02","value":71,"change_percent":9.4,"trend":"up"},{"period":"2026-03","value":74.7,"change_percent":5.2,"trend":"up"},{"period":"2026-04","value":81.9,"change_percent":9.6,"trend":"up"},{"period":"2026-05","value":88.2,"change_percent":7.7,"trend":"up"},{"period":"2026-06","value":97,"change_percent":10,"trend":"up"}]'::jsonb);
INSERT INTO public.metric_cards (id,project_id,title,description,category,position_x,position_y,created_by,data) VALUES ('dcbbca73-f3e1-4c32-820d-0101d8df1eba','0880debe-9bb7-4332-88bc-f1ca18f20a94','Website Visitors','Sum of channels','Data/Metric',0,1400,'user_30uQARGezqSApAChPSGSwFyUy85','[{"period":"2025-12","value":53935,"change_percent":0,"trend":"neutral"},{"period":"2026-01","value":56658,"change_percent":5,"trend":"up"},{"period":"2026-02","value":60997,"change_percent":7.7,"trend":"up"},{"period":"2026-03","value":65740,"change_percent":7.8,"trend":"up"},{"period":"2026-04","value":69709,"change_percent":6,"trend":"up"},{"period":"2026-05","value":75196,"change_percent":7.9,"trend":"up"},{"period":"2026-06","value":82128,"change_percent":9.2,"trend":"up"}]'::jsonb);
INSERT INTO public.metric_cards (id,project_id,title,description,category,position_x,position_y,created_by,data) VALUES ('3ef68528-c662-4606-bcd7-e570ec7c9ae4','0880debe-9bb7-4332-88bc-f1ca18f20a94','Organic / SEO Traffic','','Data/Metric',-850,1600,'user_30uQARGezqSApAChPSGSwFyUy85','[{"period":"2025-12","value":64358,"change_percent":0,"trend":"neutral"},{"period":"2026-01","value":65215,"change_percent":1.3,"trend":"up"},{"period":"2026-02","value":68289,"change_percent":4.7,"trend":"up"},{"period":"2026-03","value":69867,"change_percent":2.3,"trend":"up"},{"period":"2026-04","value":73593,"change_percent":5.3,"trend":"up"},{"period":"2026-05","value":78091,"change_percent":6.1,"trend":"up"},{"period":"2026-06","value":79624,"change_percent":2,"trend":"up"}]'::jsonb);
INSERT INTO public.metric_cards (id,project_id,title,description,category,position_x,position_y,created_by,data) VALUES ('351a009d-f0db-4cae-aba4-b91d27478d27','0880debe-9bb7-4332-88bc-f1ca18f20a94','Paid Search Traffic','Ad Spend / CPC','Data/Metric',-510,1600,'user_30uQARGezqSApAChPSGSwFyUy85','[{"period":"2025-12","value":87515,"change_percent":0,"trend":"neutral"},{"period":"2026-01","value":91132,"change_percent":4.1,"trend":"up"},{"period":"2026-02","value":93364,"change_percent":2.4,"trend":"up"},{"period":"2026-03","value":95926,"change_percent":2.7,"trend":"up"},{"period":"2026-04","value":97809,"change_percent":2,"trend":"up"},{"period":"2026-05","value":100041,"change_percent":2.3,"trend":"up"},{"period":"2026-06","value":103861,"change_percent":3.8,"trend":"up"}]'::jsonb);
INSERT INTO public.metric_cards (id,project_id,title,description,category,position_x,position_y,created_by,data) VALUES ('ecf765e3-935d-4901-93d7-1c9ff4bdc7f2','0880debe-9bb7-4332-88bc-f1ca18f20a94','Social Media Traffic','Reach × CTR','Data/Metric',-170,1600,'user_30uQARGezqSApAChPSGSwFyUy85','[{"period":"2025-12","value":8894,"change_percent":0,"trend":"neutral"},{"period":"2026-01","value":9176,"change_percent":3.2,"trend":"up"},{"period":"2026-02","value":9576,"change_percent":4.4,"trend":"up"},{"period":"2026-03","value":9853,"change_percent":2.9,"trend":"up"},{"period":"2026-04","value":10162,"change_percent":3.1,"trend":"up"},{"period":"2026-05","value":10818,"change_percent":6.5,"trend":"up"},{"period":"2026-06","value":11303,"change_percent":4.5,"trend":"up"}]'::jsonb);
INSERT INTO public.metric_cards (id,project_id,title,description,category,position_x,position_y,created_by,data) VALUES ('f94f65ce-7635-461d-ab28-4e1978872763','0880debe-9bb7-4332-88bc-f1ca18f20a94','Referral Traffic','','Data/Metric',170,1600,'user_30uQARGezqSApAChPSGSwFyUy85','[{"period":"2025-12","value":77364,"change_percent":0,"trend":"neutral"},{"period":"2026-01","value":80045,"change_percent":3.5,"trend":"up"},{"period":"2026-02","value":83878,"change_percent":4.8,"trend":"up"},{"period":"2026-03","value":85023,"change_percent":1.4,"trend":"up"},{"period":"2026-04","value":87336,"change_percent":2.7,"trend":"up"},{"period":"2026-05","value":89785,"change_percent":2.8,"trend":"up"},{"period":"2026-06","value":92236,"change_percent":2.7,"trend":"up"}]'::jsonb);
INSERT INTO public.metric_cards (id,project_id,title,description,category,position_x,position_y,created_by,data) VALUES ('9db144d7-a323-4866-9a36-b697d2dac801','0880debe-9bb7-4332-88bc-f1ca18f20a94','Direct Traffic','','Data/Metric',510,1600,'user_30uQARGezqSApAChPSGSwFyUy85','[{"period":"2025-12","value":60794,"change_percent":0,"trend":"neutral"},{"period":"2026-01","value":64057,"change_percent":5.4,"trend":"up"},{"period":"2026-02","value":67822,"change_percent":5.9,"trend":"up"},{"period":"2026-03","value":72409,"change_percent":6.8,"trend":"up"},{"period":"2026-04","value":77111,"change_percent":6.5,"trend":"up"},{"period":"2026-05","value":81171,"change_percent":5.3,"trend":"up"},{"period":"2026-06","value":84522,"change_percent":4.1,"trend":"up"}]'::jsonb);
INSERT INTO public.metric_cards (id,project_id,title,description,category,position_x,position_y,created_by,data) VALUES ('d19f8e23-1cdd-46c5-88f2-04c0d55101bf','0880debe-9bb7-4332-88bc-f1ca18f20a94','Email Traffic','','Data/Metric',850,1600,'user_30uQARGezqSApAChPSGSwFyUy85','[{"period":"2025-12","value":83479,"change_percent":0,"trend":"neutral"},{"period":"2026-01","value":85474,"change_percent":2.4,"trend":"up"},{"period":"2026-02","value":86711,"change_percent":1.4,"trend":"up"},{"period":"2026-03","value":89797,"change_percent":3.6,"trend":"up"},{"period":"2026-04","value":93813,"change_percent":4.5,"trend":"up"},{"period":"2026-05","value":98591,"change_percent":5.1,"trend":"up"},{"period":"2026-06","value":101175,"change_percent":2.6,"trend":"up"}]'::jsonb);
INSERT INTO public.metric_cards (id,project_id,title,description,category,position_x,position_y,created_by,data) VALUES ('ce6edc98-a54a-4573-a1a3-d15468f81504','0880debe-9bb7-4332-88bc-f1ca18f20a94','Social Reach / Followers','','Data/Metric',-850,1800,'user_30uQARGezqSApAChPSGSwFyUy85','[{"period":"2025-12","value":86767,"change_percent":0,"trend":"neutral"},{"period":"2026-01","value":93393,"change_percent":7.6,"trend":"up"},{"period":"2026-02","value":100770,"change_percent":7.9,"trend":"up"},{"period":"2026-03","value":110729,"change_percent":9.9,"trend":"up"},{"period":"2026-04","value":121120,"change_percent":9.4,"trend":"up"},{"period":"2026-05","value":130808,"change_percent":8,"trend":"up"},{"period":"2026-06","value":141494,"change_percent":8.2,"trend":"up"}]'::jsonb);
INSERT INTO public.metric_cards (id,project_id,title,description,category,position_x,position_y,created_by,data) VALUES ('cf77e895-8876-4d51-bb90-a181e01982c2','0880debe-9bb7-4332-88bc-f1ca18f20a94','Social Engagement Rate','','Data/Metric',-510,1800,'user_30uQARGezqSApAChPSGSwFyUy85','[{"period":"2025-12","value":62,"change_percent":0,"trend":"neutral"},{"period":"2026-01","value":62.3,"change_percent":0.5,"trend":"neutral"},{"period":"2026-02","value":63.4,"change_percent":1.8,"trend":"up"},{"period":"2026-03","value":66,"change_percent":4.1,"trend":"up"},{"period":"2026-04","value":68.1,"change_percent":3.2,"trend":"up"},{"period":"2026-05","value":68.8,"change_percent":1,"trend":"neutral"},{"period":"2026-06","value":71.8,"change_percent":4.4,"trend":"up"}]'::jsonb);
INSERT INTO public.metric_cards (id,project_id,title,description,category,position_x,position_y,created_by,data) VALUES ('829eab39-cd01-454e-aac3-cdf16e692f56','0880debe-9bb7-4332-88bc-f1ca18f20a94','Content Cadence (posts/wk)','','Data/Metric',0,2000,'user_30uQARGezqSApAChPSGSwFyUy85','[{"period":"2025-12","value":2170,"change_percent":0,"trend":"neutral"},{"period":"2026-01","value":2365,"change_percent":9,"trend":"up"},{"period":"2026-02","value":2493,"change_percent":5.4,"trend":"up"},{"period":"2026-03","value":2607,"change_percent":4.6,"trend":"up"},{"period":"2026-04","value":2778,"change_percent":6.6,"trend":"up"},{"period":"2026-05","value":3015,"change_percent":8.5,"trend":"up"},{"period":"2026-06","value":3247,"change_percent":7.7,"trend":"up"}]'::jsonb);
INSERT INTO public.metric_cards (id,project_id,title,description,category,position_x,position_y,created_by,data) VALUES ('d3756940-30b5-4ed1-86a0-71d253f32be9','0880debe-9bb7-4332-88bc-f1ca18f20a94','Ad Spend','','Data/Metric',-170,1800,'user_30uQARGezqSApAChPSGSwFyUy85','[{"period":"2025-12","value":397079,"change_percent":0,"trend":"neutral"},{"period":"2026-01","value":418681,"change_percent":5.4,"trend":"up"},{"period":"2026-02","value":436343,"change_percent":4.2,"trend":"up"},{"period":"2026-03","value":458905,"change_percent":5.2,"trend":"up"},{"period":"2026-04","value":476571,"change_percent":3.8,"trend":"up"},{"period":"2026-05","value":492980,"change_percent":3.4,"trend":"up"},{"period":"2026-06","value":520802,"change_percent":5.6,"trend":"up"}]'::jsonb);
INSERT INTO public.metric_cards (id,project_id,title,description,category,position_x,position_y,created_by,data) VALUES ('8f304770-af12-4f4f-a961-7ba54f4aa66c','0880debe-9bb7-4332-88bc-f1ca18f20a94','CPC','','Data/Metric',170,1800,'user_30uQARGezqSApAChPSGSwFyUy85','[{"period":"2025-12","value":2665,"change_percent":0,"trend":"neutral"},{"period":"2026-01","value":2810,"change_percent":5.4,"trend":"up"},{"period":"2026-02","value":2970,"change_percent":5.7,"trend":"up"},{"period":"2026-03","value":3043,"change_percent":2.5,"trend":"up"},{"period":"2026-04","value":3126,"change_percent":2.7,"trend":"up"},{"period":"2026-05","value":3214,"change_percent":2.8,"trend":"up"},{"period":"2026-06","value":3344,"change_percent":4,"trend":"up"}]'::jsonb);
INSERT INTO public.metric_cards (id,project_id,title,description,category,position_x,position_y,created_by,data) VALUES ('90130c86-2cd2-4cb2-9bcc-4c8486f6d55c','0880debe-9bb7-4332-88bc-f1ca18f20a94','Customer Churn Rate','','Data/Metric',340,800,'user_30uQARGezqSApAChPSGSwFyUy85','[{"period":"2025-12","value":32.3,"change_percent":0,"trend":"neutral"},{"period":"2026-01","value":30.5,"change_percent":-5.6,"trend":"down"},{"period":"2026-02","value":29.5,"change_percent":-3.3,"trend":"down"},{"period":"2026-03","value":28.6,"change_percent":-3.1,"trend":"down"},{"period":"2026-04","value":27.6,"change_percent":-3.5,"trend":"down"},{"period":"2026-05","value":26.5,"change_percent":-4,"trend":"down"},{"period":"2026-06","value":25.2,"change_percent":-4.9,"trend":"down"}]'::jsonb);
INSERT INTO public.metric_cards (id,project_id,title,description,category,position_x,position_y,created_by,data) VALUES ('c67b9799-4477-472b-aca9-838f5a84f188','0880debe-9bb7-4332-88bc-f1ca18f20a94','Net Revenue Retention','','Data/Metric',-850,200,'user_30uQARGezqSApAChPSGSwFyUy85','[{"period":"2025-12","value":56.3,"change_percent":0,"trend":"neutral"},{"period":"2026-01","value":58.9,"change_percent":4.6,"trend":"up"},{"period":"2026-02","value":61,"change_percent":3.6,"trend":"up"},{"period":"2026-03","value":62.5,"change_percent":2.5,"trend":"up"},{"period":"2026-04","value":64.5,"change_percent":3.2,"trend":"up"},{"period":"2026-05","value":66.2,"change_percent":2.6,"trend":"up"},{"period":"2026-06","value":69.1,"change_percent":4.4,"trend":"up"}]'::jsonb);
INSERT INTO public.metric_cards (id,project_id,title,description,category,position_x,position_y,created_by,data) VALUES ('b980d9f0-c377-450b-a694-50fdca3d9da6','0880debe-9bb7-4332-88bc-f1ca18f20a94','CAC','S&M / New Customers','Data/Metric',-510,200,'user_30uQARGezqSApAChPSGSwFyUy85','[{"period":"2025-12","value":227164,"change_percent":0,"trend":"neutral"},{"period":"2026-01","value":208901,"change_percent":-8,"trend":"down"},{"period":"2026-02","value":191952,"change_percent":-8.1,"trend":"down"},{"period":"2026-03","value":176964,"change_percent":-7.8,"trend":"down"},{"period":"2026-04","value":161309,"change_percent":-8.8,"trend":"down"},{"period":"2026-05","value":148036,"change_percent":-8.2,"trend":"down"},{"period":"2026-06","value":138707,"change_percent":-6.3,"trend":"down"}]'::jsonb);
INSERT INTO public.metric_cards (id,project_id,title,description,category,position_x,position_y,created_by,data) VALUES ('5e8873d9-2356-4d25-82ad-ad417e3bf7dd','0880debe-9bb7-4332-88bc-f1ca18f20a94','LTV','ARPA × GM% / churn','Data/Metric',-170,200,'user_30uQARGezqSApAChPSGSwFyUy85','[{"period":"2025-12","value":365695,"change_percent":0,"trend":"neutral"},{"period":"2026-01","value":389857,"change_percent":6.6,"trend":"up"},{"period":"2026-02","value":404712,"change_percent":3.8,"trend":"up"},{"period":"2026-03","value":432489,"change_percent":6.9,"trend":"up"},{"period":"2026-04","value":460487,"change_percent":6.5,"trend":"up"},{"period":"2026-05","value":490343,"change_percent":6.5,"trend":"up"},{"period":"2026-06","value":515768,"change_percent":5.2,"trend":"up"}]'::jsonb);
INSERT INTO public.metric_cards (id,project_id,title,description,category,position_x,position_y,created_by,data) VALUES ('f323b567-5c31-4d07-b6a0-a8b1cec56fbc','0880debe-9bb7-4332-88bc-f1ca18f20a94','LTV : CAC','','Data/Metric',170,200,'user_30uQARGezqSApAChPSGSwFyUy85','[{"period":"2025-12","value":701203,"change_percent":0,"trend":"neutral"},{"period":"2026-01","value":675191,"change_percent":-3.7,"trend":"down"},{"period":"2026-02","value":654240,"change_percent":-3.1,"trend":"down"},{"period":"2026-03","value":648608,"change_percent":-0.9,"trend":"neutral"},{"period":"2026-04","value":638568,"change_percent":-1.5,"trend":"down"},{"period":"2026-05","value":636484,"change_percent":-0.3,"trend":"neutral"},{"period":"2026-06","value":611934,"change_percent":-3.9,"trend":"down"}]'::jsonb);
INSERT INTO public.metric_cards (id,project_id,title,description,category,position_x,position_y,created_by,data) VALUES ('f32cb556-b32e-41f5-92e2-7c969c197d1d','0880debe-9bb7-4332-88bc-f1ca18f20a94','CAC Payback (months)','','Data/Metric',510,200,'user_30uQARGezqSApAChPSGSwFyUy85','[{"period":"2025-12","value":549040,"change_percent":0,"trend":"neutral"},{"period":"2026-01","value":541238,"change_percent":-1.4,"trend":"down"},{"period":"2026-02","value":511101,"change_percent":-5.6,"trend":"down"},{"period":"2026-03","value":484419,"change_percent":-5.2,"trend":"down"},{"period":"2026-04","value":474884,"change_percent":-2,"trend":"down"},{"period":"2026-05","value":464801,"change_percent":-2.1,"trend":"down"},{"period":"2026-06","value":453652,"change_percent":-2.4,"trend":"down"}]'::jsonb);
INSERT INTO public.metric_cards (id,project_id,title,description,category,position_x,position_y,created_by,data) VALUES ('9723539d-7eda-437d-a546-bec45feaf5af','0880debe-9bb7-4332-88bc-f1ca18f20a94','Gross Margin %','','Data/Metric',850,200,'user_30uQARGezqSApAChPSGSwFyUy85','[{"period":"2025-12","value":8,"change_percent":0,"trend":"neutral"},{"period":"2026-01","value":8.2,"change_percent":2.5,"trend":"up"},{"period":"2026-02","value":8.3,"change_percent":1.2,"trend":"up"},{"period":"2026-03","value":8.6,"change_percent":3.6,"trend":"up"},{"period":"2026-04","value":9.1,"change_percent":5.8,"trend":"up"},{"period":"2026-05","value":9.4,"change_percent":3.3,"trend":"up"},{"period":"2026-06","value":9.8,"change_percent":4.3,"trend":"up"}]'::jsonb);
INSERT INTO public.metric_cards (id,project_id,title,description,category,position_x,position_y,created_by,data) VALUES ('b6f55a4d-638c-4c37-8841-0174a7ea0595','0880debe-9bb7-4332-88bc-f1ca18f20a94','Total Costs','COGS + S&M + R&D + G&A','Data/Metric',1190,200,'user_30uQARGezqSApAChPSGSwFyUy85','[{"period":"2025-12","value":447897,"change_percent":0,"trend":"neutral"},{"period":"2026-01","value":421169,"change_percent":-6,"trend":"down"},{"period":"2026-02","value":402707,"change_percent":-4.4,"trend":"down"},{"period":"2026-03","value":373115,"change_percent":-7.3,"trend":"down"},{"period":"2026-04","value":358435,"change_percent":-3.9,"trend":"down"},{"period":"2026-05","value":341977,"change_percent":-4.6,"trend":"down"},{"period":"2026-06","value":319348,"change_percent":-6.6,"trend":"down"}]'::jsonb);
INSERT INTO public.metric_cards (id,project_id,title,description,category,position_x,position_y,created_by,data) VALUES ('0f691e81-3238-47cc-bf2c-0134644f1b11','0880debe-9bb7-4332-88bc-f1ca18f20a94','COGS','Hosting + Support','Data/Metric',-340,400,'user_30uQARGezqSApAChPSGSwFyUy85','[{"period":"2025-12","value":128970,"change_percent":0,"trend":"neutral"},{"period":"2026-01","value":128133,"change_percent":-0.6,"trend":"neutral"},{"period":"2026-02","value":127639,"change_percent":-0.4,"trend":"neutral"},{"period":"2026-03","value":126875,"change_percent":-0.6,"trend":"neutral"},{"period":"2026-04","value":125336,"change_percent":-1.2,"trend":"down"},{"period":"2026-05","value":120192,"change_percent":-4.1,"trend":"down"},{"period":"2026-06","value":115424,"change_percent":-4,"trend":"down"}]'::jsonb);
INSERT INTO public.metric_cards (id,project_id,title,description,category,position_x,position_y,created_by,data) VALUES ('2ff19843-2944-4b02-ac31-c7d309c5a344','0880debe-9bb7-4332-88bc-f1ca18f20a94','Hosting / Infra','','Data/Metric',680,600,'user_30uQARGezqSApAChPSGSwFyUy85','[{"period":"2025-12","value":1019,"change_percent":0,"trend":"neutral"},{"period":"2026-01","value":1078,"change_percent":5.8,"trend":"up"},{"period":"2026-02","value":1139,"change_percent":5.7,"trend":"up"},{"period":"2026-03","value":1163,"change_percent":2.1,"trend":"up"},{"period":"2026-04","value":1203,"change_percent":3.4,"trend":"up"},{"period":"2026-05","value":1271,"change_percent":5.7,"trend":"up"},{"period":"2026-06","value":1318,"change_percent":3.7,"trend":"up"}]'::jsonb);
INSERT INTO public.metric_cards (id,project_id,title,description,category,position_x,position_y,created_by,data) VALUES ('f31bafe4-7d1a-4b9d-941f-e5b86e0d27f1','0880debe-9bb7-4332-88bc-f1ca18f20a94','Support Cost','','Data/Metric',1020,600,'user_30uQARGezqSApAChPSGSwFyUy85','[{"period":"2025-12","value":788852,"change_percent":0,"trend":"neutral"},{"period":"2026-01","value":786726,"change_percent":-0.3,"trend":"neutral"},{"period":"2026-02","value":774180,"change_percent":-1.6,"trend":"down"},{"period":"2026-03","value":735022,"change_percent":-5.1,"trend":"down"},{"period":"2026-04","value":723383,"change_percent":-1.6,"trend":"down"},{"period":"2026-05","value":692353,"change_percent":-4.3,"trend":"down"},{"period":"2026-06","value":681569,"change_percent":-1.6,"trend":"down"}]'::jsonb);
INSERT INTO public.metric_cards (id,project_id,title,description,category,position_x,position_y,created_by,data) VALUES ('17b9795a-fa9f-42de-91b0-ab70062cc98e','0880debe-9bb7-4332-88bc-f1ca18f20a94','Sales & Marketing','','Data/Metric',0,400,'user_30uQARGezqSApAChPSGSwFyUy85','[{"period":"2025-12","value":2404,"change_percent":0,"trend":"neutral"},{"period":"2026-01","value":2561,"change_percent":6.5,"trend":"up"},{"period":"2026-02","value":2779,"change_percent":8.5,"trend":"up"},{"period":"2026-03","value":2930,"change_percent":5.4,"trend":"up"},{"period":"2026-04","value":3135,"change_percent":7,"trend":"up"},{"period":"2026-05","value":3393,"change_percent":8.2,"trend":"up"},{"period":"2026-06","value":3591,"change_percent":5.8,"trend":"up"}]'::jsonb);
INSERT INTO public.metric_cards (id,project_id,title,description,category,position_x,position_y,created_by,data) VALUES ('1faef2d5-7c2b-4dfe-906f-4128e56ed7d8','0880debe-9bb7-4332-88bc-f1ca18f20a94','R&D','','Data/Metric',340,400,'user_30uQARGezqSApAChPSGSwFyUy85','[{"period":"2025-12","value":3988,"change_percent":0,"trend":"neutral"},{"period":"2026-01","value":4040,"change_percent":1.3,"trend":"up"},{"period":"2026-02","value":4218,"change_percent":4.4,"trend":"up"},{"period":"2026-03","value":4292,"change_percent":1.8,"trend":"up"},{"period":"2026-04","value":4456,"change_percent":3.8,"trend":"up"},{"period":"2026-05","value":4468,"change_percent":0.3,"trend":"neutral"},{"period":"2026-06","value":4496,"change_percent":0.6,"trend":"neutral"}]'::jsonb);
INSERT INTO public.metric_cards (id,project_id,title,description,category,position_x,position_y,created_by,data) VALUES ('e4096822-1419-4ac8-9824-eb240346d28e','0880debe-9bb7-4332-88bc-f1ca18f20a94','G&A','','Data/Metric',680,400,'user_30uQARGezqSApAChPSGSwFyUy85','[{"period":"2025-12","value":1853,"change_percent":0,"trend":"neutral"},{"period":"2026-01","value":1971,"change_percent":6.4,"trend":"up"},{"period":"2026-02","value":2125,"change_percent":7.8,"trend":"up"},{"period":"2026-03","value":2235,"change_percent":5.2,"trend":"up"},{"period":"2026-04","value":2393,"change_percent":7.1,"trend":"up"},{"period":"2026-05","value":2599,"change_percent":8.6,"trend":"up"},{"period":"2026-06","value":2764,"change_percent":6.3,"trend":"up"}]'::jsonb);
INSERT INTO public.metric_cards (id,project_id,title,description,category,position_x,position_y,created_by,data) VALUES ('005935a6-ce0f-4ec7-91e2-f67622aa8d89','0880debe-9bb7-4332-88bc-f1ca18f20a94','Launch content/SEO program','','Work/Action',510,1800,'user_30uQARGezqSApAChPSGSwFyUy85','[]'::jsonb);
INSERT INTO public.metric_cards (id,project_id,title,description,category,position_x,position_y,created_by,data) VALUES ('ab714719-5db6-44e2-92cb-b8f05124dc75','0880debe-9bb7-4332-88bc-f1ca18f20a94','Improve onboarding flow','','Work/Action',170,1200,'user_30uQARGezqSApAChPSGSwFyUy85','[]'::jsonb);
INSERT INTO public.metric_cards (id,project_id,title,description,category,position_x,position_y,created_by,data) VALUES ('c804df89-173e-460a-b210-170688cfc6e4','0880debe-9bb7-4332-88bc-f1ca18f20a94','Customer success program','','Work/Action',510,1000,'user_30uQARGezqSApAChPSGSwFyUy85','[]'::jsonb);
INSERT INTO public.metric_cards (id,project_id,title,description,category,position_x,position_y,created_by,data) VALUES ('f38863ad-6011-4f8e-9313-6c70e6088d0e','0880debe-9bb7-4332-88bc-f1ca18f20a94','Referral program','','Work/Action',850,1800,'user_30uQARGezqSApAChPSGSwFyUy85','[]'::jsonb);
INSERT INTO public.metric_cards (id,project_id,title,description,category,position_x,position_y,created_by,data) VALUES ('d5157d8a-b265-4a6e-a6c2-f4b981ac7651','0880debe-9bb7-4332-88bc-f1ca18f20a94','Annual billing reduces churn','','Ideas/Hypothesis',850,1000,'user_30uQARGezqSApAChPSGSwFyUy85','[]'::jsonb);
INSERT INTO public.metric_cards (id,project_id,title,description,category,position_x,position_y,created_by,data) VALUES ('afc41f12-b964-426a-868f-31b734008bbc','0880debe-9bb7-4332-88bc-f1ca18f20a94','Self-serve trial lifts conversion','','Ideas/Hypothesis',510,1200,'user_30uQARGezqSApAChPSGSwFyUy85','[]'::jsonb);
INSERT INTO public.relationships (id,project_id,source_id,target_id,type,confidence,weight,created_by) VALUES ('249b3cd1-0acc-4b34-a20e-3cb6b7b7fafe','0880debe-9bb7-4332-88bc-f1ca18f20a94','45433b7d-e179-49a6-93dc-8d64f35cb7b5','f3d11e59-b642-48d2-9d91-464f673310c8','Compositional','High',95,'user_30uQARGezqSApAChPSGSwFyUy85');
INSERT INTO public.relationships (id,project_id,source_id,target_id,type,confidence,weight,created_by) VALUES ('21089354-3984-4897-aee8-c8c26e2b1361','0880debe-9bb7-4332-88bc-f1ca18f20a94','b6f55a4d-638c-4c37-8841-0174a7ea0595','f3d11e59-b642-48d2-9d91-464f673310c8','Compositional','High',90,'user_30uQARGezqSApAChPSGSwFyUy85');
INSERT INTO public.relationships (id,project_id,source_id,target_id,type,confidence,weight,created_by) VALUES ('2b0ff792-043b-4fda-a2b1-fd69e87807b7','0880debe-9bb7-4332-88bc-f1ca18f20a94','9723539d-7eda-437d-a546-bec45feaf5af','f3d11e59-b642-48d2-9d91-464f673310c8','Causal','High',70,'user_30uQARGezqSApAChPSGSwFyUy85');
INSERT INTO public.relationships (id,project_id,source_id,target_id,type,confidence,weight,created_by) VALUES ('11ae607c-be82-4ae4-8560-0aee86ddc96c','0880debe-9bb7-4332-88bc-f1ca18f20a94','aa3d0bce-4439-4a6a-94d1-a2c77857fd33','45433b7d-e179-49a6-93dc-8d64f35cb7b5','Deterministic','High',95,'user_30uQARGezqSApAChPSGSwFyUy85');
INSERT INTO public.relationships (id,project_id,source_id,target_id,type,confidence,weight,created_by) VALUES ('bb5a7010-b1f7-44d0-9083-61b339dee064','0880debe-9bb7-4332-88bc-f1ca18f20a94','1ed12d5a-3bff-4611-9e7a-b5ffff392a02','aa3d0bce-4439-4a6a-94d1-a2c77857fd33','Compositional','High',80,'user_30uQARGezqSApAChPSGSwFyUy85');
INSERT INTO public.relationships (id,project_id,source_id,target_id,type,confidence,weight,created_by) VALUES ('5bfcba58-2ac2-4a40-88af-134c520e4b32','0880debe-9bb7-4332-88bc-f1ca18f20a94','44e4461c-cfc3-486c-bbef-089e5058dbef','aa3d0bce-4439-4a6a-94d1-a2c77857fd33','Compositional','High',70,'user_30uQARGezqSApAChPSGSwFyUy85');
INSERT INTO public.relationships (id,project_id,source_id,target_id,type,confidence,weight,created_by) VALUES ('d91117d1-13b3-4177-aff9-cdafb0174288','0880debe-9bb7-4332-88bc-f1ca18f20a94','ee1b0b44-24db-4b8d-84d1-c198dfc1337a','aa3d0bce-4439-4a6a-94d1-a2c77857fd33','Compositional','High',40,'user_30uQARGezqSApAChPSGSwFyUy85');
INSERT INTO public.relationships (id,project_id,source_id,target_id,type,confidence,weight,created_by) VALUES ('414d70f7-2000-492f-b445-b6efbda40e29','0880debe-9bb7-4332-88bc-f1ca18f20a94','232e17c2-8165-40e2-8b53-1595d2cd013f','aa3d0bce-4439-4a6a-94d1-a2c77857fd33','Compositional','High',75,'user_30uQARGezqSApAChPSGSwFyUy85');
INSERT INTO public.relationships (id,project_id,source_id,target_id,type,confidence,weight,created_by) VALUES ('a03c4c45-aedc-4c49-907a-117d93fb7153','0880debe-9bb7-4332-88bc-f1ca18f20a94','7db46314-8645-46f0-bc4a-ba17a960a3af','aa3d0bce-4439-4a6a-94d1-a2c77857fd33','Compositional','High',50,'user_30uQARGezqSApAChPSGSwFyUy85');
INSERT INTO public.relationships (id,project_id,source_id,target_id,type,confidence,weight,created_by) VALUES ('2f9d045d-3f1b-42a9-b1ac-73871ebb6d03','0880debe-9bb7-4332-88bc-f1ca18f20a94','dc2e96e9-2a3e-4f2a-a57e-4a610557add8','1ed12d5a-3bff-4611-9e7a-b5ffff392a02','Deterministic','High',90,'user_30uQARGezqSApAChPSGSwFyUy85');
INSERT INTO public.relationships (id,project_id,source_id,target_id,type,confidence,weight,created_by) VALUES ('f1f8174c-b9b2-4390-b3c5-e2832d1a5f95','0880debe-9bb7-4332-88bc-f1ca18f20a94','760a4550-71d6-4f46-8920-6d1b65df8d0e','1ed12d5a-3bff-4611-9e7a-b5ffff392a02','Deterministic','High',80,'user_30uQARGezqSApAChPSGSwFyUy85');
INSERT INTO public.relationships (id,project_id,source_id,target_id,type,confidence,weight,created_by) VALUES ('15dd597a-8bb5-4d4a-a8c8-96f91546a3c9','0880debe-9bb7-4332-88bc-f1ca18f20a94','a95b7312-57d5-4529-87e2-53211e3e096d','760a4550-71d6-4f46-8920-6d1b65df8d0e','Deterministic','High',80,'user_30uQARGezqSApAChPSGSwFyUy85');
INSERT INTO public.relationships (id,project_id,source_id,target_id,type,confidence,weight,created_by) VALUES ('42ec7bb4-1867-4690-8819-3ba5a48cc04d','0880debe-9bb7-4332-88bc-f1ca18f20a94','02db666f-58b5-4112-b567-b21ec5eadc3b','760a4550-71d6-4f46-8920-6d1b65df8d0e','Deterministic','High',70,'user_30uQARGezqSApAChPSGSwFyUy85');
INSERT INTO public.relationships (id,project_id,source_id,target_id,type,confidence,weight,created_by) VALUES ('d574e485-7e52-40a1-acd8-cec48f8aaf36','0880debe-9bb7-4332-88bc-f1ca18f20a94','001c317c-5688-4a40-9807-0b3e26daa5f7','dc2e96e9-2a3e-4f2a-a57e-4a610557add8','Deterministic','High',85,'user_30uQARGezqSApAChPSGSwFyUy85');
INSERT INTO public.relationships (id,project_id,source_id,target_id,type,confidence,weight,created_by) VALUES ('c6996d3b-ff2c-4a90-a8b4-b95e46c410b9','0880debe-9bb7-4332-88bc-f1ca18f20a94','da5cf0d2-06ca-4fff-982a-f9158a9d74a0','dc2e96e9-2a3e-4f2a-a57e-4a610557add8','Probabilistic','High',80,'user_30uQARGezqSApAChPSGSwFyUy85');
INSERT INTO public.relationships (id,project_id,source_id,target_id,type,confidence,weight,created_by) VALUES ('a588becd-6395-4305-9fca-a1c84aa1fe0d','0880debe-9bb7-4332-88bc-f1ca18f20a94','0ee45b71-867b-48a0-a0a4-7fc6fcf988db','001c317c-5688-4a40-9807-0b3e26daa5f7','Deterministic','High',80,'user_30uQARGezqSApAChPSGSwFyUy85');
INSERT INTO public.relationships (id,project_id,source_id,target_id,type,confidence,weight,created_by) VALUES ('fb9e6252-8055-4fff-85a5-f68370516398','0880debe-9bb7-4332-88bc-f1ca18f20a94','92e1cba0-b08b-4fc6-a886-aefde6752edc','001c317c-5688-4a40-9807-0b3e26daa5f7','Probabilistic','High',70,'user_30uQARGezqSApAChPSGSwFyUy85');
INSERT INTO public.relationships (id,project_id,source_id,target_id,type,confidence,weight,created_by) VALUES ('3ece3b19-c20f-4495-b1bc-0bc9c52e10ec','0880debe-9bb7-4332-88bc-f1ca18f20a94','dcbbca73-f3e1-4c32-820d-0101d8df1eba','0ee45b71-867b-48a0-a0a4-7fc6fcf988db','Deterministic','High',85,'user_30uQARGezqSApAChPSGSwFyUy85');
INSERT INTO public.relationships (id,project_id,source_id,target_id,type,confidence,weight,created_by) VALUES ('8f1eca03-9ea7-4c37-9442-d67b3aba8407','0880debe-9bb7-4332-88bc-f1ca18f20a94','3ef68528-c662-4606-bcd7-e570ec7c9ae4','dcbbca73-f3e1-4c32-820d-0101d8df1eba','Compositional','High',70,'user_30uQARGezqSApAChPSGSwFyUy85');
INSERT INTO public.relationships (id,project_id,source_id,target_id,type,confidence,weight,created_by) VALUES ('efc3b00f-48ea-4923-aea4-d72316bdc498','0880debe-9bb7-4332-88bc-f1ca18f20a94','351a009d-f0db-4cae-aba4-b91d27478d27','dcbbca73-f3e1-4c32-820d-0101d8df1eba','Compositional','High',65,'user_30uQARGezqSApAChPSGSwFyUy85');
INSERT INTO public.relationships (id,project_id,source_id,target_id,type,confidence,weight,created_by) VALUES ('91696690-6a64-4419-b34c-3f443bffcdaa','0880debe-9bb7-4332-88bc-f1ca18f20a94','ecf765e3-935d-4901-93d7-1c9ff4bdc7f2','dcbbca73-f3e1-4c32-820d-0101d8df1eba','Compositional','High',55,'user_30uQARGezqSApAChPSGSwFyUy85');
INSERT INTO public.relationships (id,project_id,source_id,target_id,type,confidence,weight,created_by) VALUES ('11e6b58b-2f36-4108-b32a-a246b235e578','0880debe-9bb7-4332-88bc-f1ca18f20a94','f94f65ce-7635-461d-ab28-4e1978872763','dcbbca73-f3e1-4c32-820d-0101d8df1eba','Compositional','High',45,'user_30uQARGezqSApAChPSGSwFyUy85');
INSERT INTO public.relationships (id,project_id,source_id,target_id,type,confidence,weight,created_by) VALUES ('307809c5-9509-4120-a109-fb6d3fc51c50','0880debe-9bb7-4332-88bc-f1ca18f20a94','9db144d7-a323-4866-9a36-b697d2dac801','dcbbca73-f3e1-4c32-820d-0101d8df1eba','Compositional','High',50,'user_30uQARGezqSApAChPSGSwFyUy85');
INSERT INTO public.relationships (id,project_id,source_id,target_id,type,confidence,weight,created_by) VALUES ('ec1b9ce2-6bf0-44df-a8b8-012bb6bcb73c','0880debe-9bb7-4332-88bc-f1ca18f20a94','d19f8e23-1cdd-46c5-88f2-04c0d55101bf','dcbbca73-f3e1-4c32-820d-0101d8df1eba','Compositional','High',50,'user_30uQARGezqSApAChPSGSwFyUy85');
INSERT INTO public.relationships (id,project_id,source_id,target_id,type,confidence,weight,created_by) VALUES ('b564be43-0b82-41fc-8f50-032ab92440b6','0880debe-9bb7-4332-88bc-f1ca18f20a94','ce6edc98-a54a-4573-a1a3-d15468f81504','ecf765e3-935d-4901-93d7-1c9ff4bdc7f2','Causal','High',70,'user_30uQARGezqSApAChPSGSwFyUy85');
INSERT INTO public.relationships (id,project_id,source_id,target_id,type,confidence,weight,created_by) VALUES ('2682054c-5330-4fc3-b1cb-9f819d3c9fcc','0880debe-9bb7-4332-88bc-f1ca18f20a94','cf77e895-8876-4d51-bb90-a181e01982c2','ecf765e3-935d-4901-93d7-1c9ff4bdc7f2','Causal','High',60,'user_30uQARGezqSApAChPSGSwFyUy85');
INSERT INTO public.relationships (id,project_id,source_id,target_id,type,confidence,weight,created_by) VALUES ('17e99683-0c2e-43f9-9cc8-aa5ee5a2743a','0880debe-9bb7-4332-88bc-f1ca18f20a94','829eab39-cd01-454e-aac3-cdf16e692f56','ce6edc98-a54a-4573-a1a3-d15468f81504','Causal','High',55,'user_30uQARGezqSApAChPSGSwFyUy85');
INSERT INTO public.relationships (id,project_id,source_id,target_id,type,confidence,weight,created_by) VALUES ('f510c870-bb67-43ec-b659-c6ff084c9998','0880debe-9bb7-4332-88bc-f1ca18f20a94','d3756940-30b5-4ed1-86a0-71d253f32be9','351a009d-f0db-4cae-aba4-b91d27478d27','Deterministic','High',80,'user_30uQARGezqSApAChPSGSwFyUy85');
INSERT INTO public.relationships (id,project_id,source_id,target_id,type,confidence,weight,created_by) VALUES ('21e849f7-fe0b-48ee-8205-7c0789283ee5','0880debe-9bb7-4332-88bc-f1ca18f20a94','8f304770-af12-4f4f-a961-7ba54f4aa66c','351a009d-f0db-4cae-aba4-b91d27478d27','Deterministic','High',70,'user_30uQARGezqSApAChPSGSwFyUy85');
INSERT INTO public.relationships (id,project_id,source_id,target_id,type,confidence,weight,created_by) VALUES ('926c6aa3-cafd-4bd5-b596-aaad4b754d11','0880debe-9bb7-4332-88bc-f1ca18f20a94','90130c86-2cd2-4cb2-9bcc-4c8486f6d55c','232e17c2-8165-40e2-8b53-1595d2cd013f','Causal','High',85,'user_30uQARGezqSApAChPSGSwFyUy85');
INSERT INTO public.relationships (id,project_id,source_id,target_id,type,confidence,weight,created_by) VALUES ('9c062cc5-60f4-4cf1-b5bf-ee7f42be488e','0880debe-9bb7-4332-88bc-f1ca18f20a94','90130c86-2cd2-4cb2-9bcc-4c8486f6d55c','c67b9799-4477-472b-aca9-838f5a84f188','Causal','High',70,'user_30uQARGezqSApAChPSGSwFyUy85');
INSERT INTO public.relationships (id,project_id,source_id,target_id,type,confidence,weight,created_by) VALUES ('070a99df-5a5c-4930-ae08-201964b1936e','0880debe-9bb7-4332-88bc-f1ca18f20a94','17b9795a-fa9f-42de-91b0-ab70062cc98e','b980d9f0-c377-450b-a694-50fdca3d9da6','Deterministic','High',85,'user_30uQARGezqSApAChPSGSwFyUy85');
INSERT INTO public.relationships (id,project_id,source_id,target_id,type,confidence,weight,created_by) VALUES ('a1d32573-b994-403b-8d06-c442822e5182','0880debe-9bb7-4332-88bc-f1ca18f20a94','dc2e96e9-2a3e-4f2a-a57e-4a610557add8','b980d9f0-c377-450b-a694-50fdca3d9da6','Deterministic','High',80,'user_30uQARGezqSApAChPSGSwFyUy85');
INSERT INTO public.relationships (id,project_id,source_id,target_id,type,confidence,weight,created_by) VALUES ('6ee9977e-530b-49b3-8c50-4d0aac20e988','0880debe-9bb7-4332-88bc-f1ca18f20a94','760a4550-71d6-4f46-8920-6d1b65df8d0e','5e8873d9-2356-4d25-82ad-ad417e3bf7dd','Deterministic','High',75,'user_30uQARGezqSApAChPSGSwFyUy85');
INSERT INTO public.relationships (id,project_id,source_id,target_id,type,confidence,weight,created_by) VALUES ('999e3f34-c3e9-461b-8372-f07d69edecb9','0880debe-9bb7-4332-88bc-f1ca18f20a94','90130c86-2cd2-4cb2-9bcc-4c8486f6d55c','5e8873d9-2356-4d25-82ad-ad417e3bf7dd','Causal','High',80,'user_30uQARGezqSApAChPSGSwFyUy85');
INSERT INTO public.relationships (id,project_id,source_id,target_id,type,confidence,weight,created_by) VALUES ('34cc57a4-dab1-4dae-98cc-de5804b97fdc','0880debe-9bb7-4332-88bc-f1ca18f20a94','5e8873d9-2356-4d25-82ad-ad417e3bf7dd','f323b567-5c31-4d07-b6a0-a8b1cec56fbc','Deterministic','High',80,'user_30uQARGezqSApAChPSGSwFyUy85');
INSERT INTO public.relationships (id,project_id,source_id,target_id,type,confidence,weight,created_by) VALUES ('54cad437-626a-4dcf-b6c1-2435269f3e16','0880debe-9bb7-4332-88bc-f1ca18f20a94','b980d9f0-c377-450b-a694-50fdca3d9da6','f323b567-5c31-4d07-b6a0-a8b1cec56fbc','Deterministic','High',80,'user_30uQARGezqSApAChPSGSwFyUy85');
INSERT INTO public.relationships (id,project_id,source_id,target_id,type,confidence,weight,created_by) VALUES ('5a2c9f92-1c82-4cd0-ac71-948d1d8b5eb2','0880debe-9bb7-4332-88bc-f1ca18f20a94','b980d9f0-c377-450b-a694-50fdca3d9da6','f32cb556-b32e-41f5-92e2-7c969c197d1d','Deterministic','High',70,'user_30uQARGezqSApAChPSGSwFyUy85');
INSERT INTO public.relationships (id,project_id,source_id,target_id,type,confidence,weight,created_by) VALUES ('d245ef9e-e154-416d-b504-8e47b7123793','0880debe-9bb7-4332-88bc-f1ca18f20a94','0f691e81-3238-47cc-bf2c-0134644f1b11','b6f55a4d-638c-4c37-8841-0174a7ea0595','Compositional','High',80,'user_30uQARGezqSApAChPSGSwFyUy85');
INSERT INTO public.relationships (id,project_id,source_id,target_id,type,confidence,weight,created_by) VALUES ('769f4abb-8f7f-4d04-b9fc-dcd7f425ba97','0880debe-9bb7-4332-88bc-f1ca18f20a94','17b9795a-fa9f-42de-91b0-ab70062cc98e','b6f55a4d-638c-4c37-8841-0174a7ea0595','Compositional','High',80,'user_30uQARGezqSApAChPSGSwFyUy85');
INSERT INTO public.relationships (id,project_id,source_id,target_id,type,confidence,weight,created_by) VALUES ('e33890a9-1feb-4f25-9a6d-1f69a1246957','0880debe-9bb7-4332-88bc-f1ca18f20a94','1faef2d5-7c2b-4dfe-906f-4128e56ed7d8','b6f55a4d-638c-4c37-8841-0174a7ea0595','Compositional','High',70,'user_30uQARGezqSApAChPSGSwFyUy85');
INSERT INTO public.relationships (id,project_id,source_id,target_id,type,confidence,weight,created_by) VALUES ('8a28f084-f579-463e-b8e2-52d000738d73','0880debe-9bb7-4332-88bc-f1ca18f20a94','e4096822-1419-4ac8-9824-eb240346d28e','b6f55a4d-638c-4c37-8841-0174a7ea0595','Compositional','High',60,'user_30uQARGezqSApAChPSGSwFyUy85');
INSERT INTO public.relationships (id,project_id,source_id,target_id,type,confidence,weight,created_by) VALUES ('98d4a5a4-74d9-42fa-9e08-7bf2b3c264a9','0880debe-9bb7-4332-88bc-f1ca18f20a94','2ff19843-2944-4b02-ac31-c7d309c5a344','0f691e81-3238-47cc-bf2c-0134644f1b11','Compositional','High',70,'user_30uQARGezqSApAChPSGSwFyUy85');
INSERT INTO public.relationships (id,project_id,source_id,target_id,type,confidence,weight,created_by) VALUES ('a935f843-95f0-4e8e-8e1d-9bdc4c22030c','0880debe-9bb7-4332-88bc-f1ca18f20a94','f31bafe4-7d1a-4b9d-941f-e5b86e0d27f1','0f691e81-3238-47cc-bf2c-0134644f1b11','Compositional','High',60,'user_30uQARGezqSApAChPSGSwFyUy85');
INSERT INTO public.relationships (id,project_id,source_id,target_id,type,confidence,weight,created_by) VALUES ('6be813b0-13b8-4ca4-8def-3bf565e409ea','0880debe-9bb7-4332-88bc-f1ca18f20a94','0f691e81-3238-47cc-bf2c-0134644f1b11','9723539d-7eda-437d-a546-bec45feaf5af','Causal','High',70,'user_30uQARGezqSApAChPSGSwFyUy85');
INSERT INTO public.relationships (id,project_id,source_id,target_id,type,confidence,weight,created_by) VALUES ('1619f6c7-fa5a-4789-81bb-62281ef0693e','0880debe-9bb7-4332-88bc-f1ca18f20a94','d3756940-30b5-4ed1-86a0-71d253f32be9','17b9795a-fa9f-42de-91b0-ab70062cc98e','Compositional','High',70,'user_30uQARGezqSApAChPSGSwFyUy85');
INSERT INTO public.relationships (id,project_id,source_id,target_id,type,confidence,weight,created_by) VALUES ('cb213405-c02a-479c-8fa5-2a44507abbca','0880debe-9bb7-4332-88bc-f1ca18f20a94','005935a6-ce0f-4ec7-91e2-f67622aa8d89','3ef68528-c662-4606-bcd7-e570ec7c9ae4','Causal','High',70,'user_30uQARGezqSApAChPSGSwFyUy85');
INSERT INTO public.relationships (id,project_id,source_id,target_id,type,confidence,weight,created_by) VALUES ('183f5d13-df2b-47e9-b874-6842de27c173','0880debe-9bb7-4332-88bc-f1ca18f20a94','ab714719-5db6-44e2-92cb-b8f05124dc75','da5cf0d2-06ca-4fff-982a-f9158a9d74a0','Causal','High',75,'user_30uQARGezqSApAChPSGSwFyUy85');
INSERT INTO public.relationships (id,project_id,source_id,target_id,type,confidence,weight,created_by) VALUES ('d8eb070e-8eb4-40ec-a9c9-32cbf62747b1','0880debe-9bb7-4332-88bc-f1ca18f20a94','c804df89-173e-460a-b210-170688cfc6e4','90130c86-2cd2-4cb2-9bcc-4c8486f6d55c','Causal','High',70,'user_30uQARGezqSApAChPSGSwFyUy85');
INSERT INTO public.relationships (id,project_id,source_id,target_id,type,confidence,weight,created_by) VALUES ('f2145ba1-0370-45e5-b790-0ddf0c03258a','0880debe-9bb7-4332-88bc-f1ca18f20a94','f38863ad-6011-4f8e-9313-6c70e6088d0e','f94f65ce-7635-461d-ab28-4e1978872763','Causal','High',70,'user_30uQARGezqSApAChPSGSwFyUy85');
INSERT INTO public.relationships (id,project_id,source_id,target_id,type,confidence,weight,created_by) VALUES ('028dd4ab-3c25-4aaf-a9ef-9a4a3779cb0e','0880debe-9bb7-4332-88bc-f1ca18f20a94','d5157d8a-b265-4a6e-a6c2-f4b981ac7651','90130c86-2cd2-4cb2-9bcc-4c8486f6d55c','Probabilistic','High',50,'user_30uQARGezqSApAChPSGSwFyUy85');
INSERT INTO public.relationships (id,project_id,source_id,target_id,type,confidence,weight,created_by) VALUES ('e8dfd814-a2f5-478e-864b-4b590666bfe8','0880debe-9bb7-4332-88bc-f1ca18f20a94','afc41f12-b964-426a-868f-31b734008bbc','da5cf0d2-06ca-4fff-982a-f9158a9d74a0','Probabilistic','High',50,'user_30uQARGezqSApAChPSGSwFyUy85');
INSERT INTO public.groups (id,project_id,name,node_ids,position_x,position_y,width,height,created_by) VALUES ('a013b0ff-5c3c-450e-b990-72c769184a13','0880debe-9bb7-4332-88bc-f1ca18f20a94','Acquisition Funnel',ARRAY['dcbbca73-f3e1-4c32-820d-0101d8df1eba','3ef68528-c662-4606-bcd7-e570ec7c9ae4','351a009d-f0db-4cae-aba4-b91d27478d27','ecf765e3-935d-4901-93d7-1c9ff4bdc7f2','f94f65ce-7635-461d-ab28-4e1978872763','9db144d7-a323-4866-9a36-b697d2dac801','d19f8e23-1cdd-46c5-88f2-04c0d55101bf','ce6edc98-a54a-4573-a1a3-d15468f81504','cf77e895-8876-4d51-bb90-a181e01982c2','829eab39-cd01-454e-aac3-cdf16e692f56','d3756940-30b5-4ed1-86a0-71d253f32be9','8f304770-af12-4f4f-a961-7ba54f4aa66c','0ee45b71-867b-48a0-a0a4-7fc6fcf988db','92e1cba0-b08b-4fc6-a886-aefde6752edc','001c317c-5688-4a40-9807-0b3e26daa5f7','da5cf0d2-06ca-4fff-982a-f9158a9d74a0','dc2e96e9-2a3e-4f2a-a57e-4a610557add8']::uuid[],-890,760,2040,1410,'user_30uQARGezqSApAChPSGSwFyUy85');
INSERT INTO public.groups (id,project_id,name,node_ids,position_x,position_y,width,height,created_by) VALUES ('7499212f-f162-4b74-aa3a-1d0e28424756','0880debe-9bb7-4332-88bc-f1ca18f20a94','Revenue & MRR',ARRAY['45433b7d-e179-49a6-93dc-8d64f35cb7b5','aa3d0bce-4439-4a6a-94d1-a2c77857fd33','1ed12d5a-3bff-4611-9e7a-b5ffff392a02','44e4461c-cfc3-486c-bbef-089e5058dbef','ee1b0b44-24db-4b8d-84d1-c198dfc1337a','232e17c2-8165-40e2-8b53-1595d2cd013f','7db46314-8645-46f0-bc4a-ba17a960a3af','760a4550-71d6-4f46-8920-6d1b65df8d0e','a95b7312-57d5-4529-87e2-53211e3e096d','02db666f-58b5-4112-b567-b21ec5eadc3b']::uuid[],-1230,160,1870,1010,'user_30uQARGezqSApAChPSGSwFyUy85');
INSERT INTO public.groups (id,project_id,name,node_ids,position_x,position_y,width,height,created_by) VALUES ('fc8e8ca3-06b8-4a0c-9860-3119e56080bc','0880debe-9bb7-4332-88bc-f1ca18f20a94','Unit Economics',ARRAY['b980d9f0-c377-450b-a694-50fdca3d9da6','5e8873d9-2356-4d25-82ad-ad417e3bf7dd','f323b567-5c31-4d07-b6a0-a8b1cec56fbc','f32cb556-b32e-41f5-92e2-7c969c197d1d','90130c86-2cd2-4cb2-9bcc-4c8486f6d55c','c67b9799-4477-472b-aca9-838f5a84f188']::uuid[],-890,160,1700,810,'user_30uQARGezqSApAChPSGSwFyUy85');
INSERT INTO public.groups (id,project_id,name,node_ids,position_x,position_y,width,height,created_by) VALUES ('7d8414d5-af0b-4dfe-89f6-f82cd13c4688','0880debe-9bb7-4332-88bc-f1ca18f20a94','Cost Structure',ARRAY['b6f55a4d-638c-4c37-8841-0174a7ea0595','0f691e81-3238-47cc-bf2c-0134644f1b11','2ff19843-2944-4b02-ac31-c7d309c5a344','f31bafe4-7d1a-4b9d-941f-e5b86e0d27f1','17b9795a-fa9f-42de-91b0-ab70062cc98e','1faef2d5-7c2b-4dfe-906f-4128e56ed7d8','e4096822-1419-4ac8-9824-eb240346d28e','9723539d-7eda-437d-a546-bec45feaf5af']::uuid[],-380,160,1870,610,'user_30uQARGezqSApAChPSGSwFyUy85');

DELETE FROM public.projects WHERE created_by='user_30uQARGezqSApAChPSGSwFyUy85' AND name='E-commerce — Example Metric Tree';
INSERT INTO public.projects (id,name,description,created_by,last_modified_by,is_public,tags,settings) VALUES ('6f15dea4-a37b-4315-91a2-f5b83319dfc8','E-commerce — Example Metric Tree','Decomposition of profit for an online store: orders = sessions × conversion, AOV, channel mix (incl. social/email), retention, and cost structure.','user_30uQARGezqSApAChPSGSwFyUy85','user_30uQARGezqSApAChPSGSwFyUy85',true,ARRAY['example','template'],'{}');
INSERT INTO public.metric_cards (id,project_id,title,description,category,position_x,position_y,created_by,data) VALUES ('17c8cb9e-d6aa-4bfa-9e5c-0abc5d0a74e5','6f15dea4-a37b-4315-91a2-f5b83319dfc8','Profit','Revenue − Total Costs','Core/Value',0,0,'user_30uQARGezqSApAChPSGSwFyUy85','[{"period":"2025-12","value":318554,"change_percent":0,"trend":"neutral"},{"period":"2026-01","value":346802,"change_percent":8.9,"trend":"up"},{"period":"2026-02","value":363613,"change_percent":4.8,"trend":"up"},{"period":"2026-03","value":392250,"change_percent":7.9,"trend":"up"},{"period":"2026-04","value":422457,"change_percent":7.7,"trend":"up"},{"period":"2026-05","value":441546,"change_percent":4.5,"trend":"up"},{"period":"2026-06","value":464671,"change_percent":5.2,"trend":"up"}]'::jsonb);
INSERT INTO public.metric_cards (id,project_id,title,description,category,position_x,position_y,created_by,data) VALUES ('18a7ed44-598e-444a-9e06-08926dd5d0ee','6f15dea4-a37b-4315-91a2-f5b83319dfc8','Revenue','Orders × AOV','Data/Metric',-1020,200,'user_30uQARGezqSApAChPSGSwFyUy85','[{"period":"2025-12","value":136139,"change_percent":0,"trend":"neutral"},{"period":"2026-01","value":143303,"change_percent":5.3,"trend":"up"},{"period":"2026-02","value":148042,"change_percent":3.3,"trend":"up"},{"period":"2026-03","value":155872,"change_percent":5.3,"trend":"up"},{"period":"2026-04","value":167232,"change_percent":7.3,"trend":"up"},{"period":"2026-05","value":171795,"change_percent":2.7,"trend":"up"},{"period":"2026-06","value":180216,"change_percent":4.9,"trend":"up"}]'::jsonb);
INSERT INTO public.metric_cards (id,project_id,title,description,category,position_x,position_y,created_by,data) VALUES ('e1599806-9ff9-4c8c-a227-e45b983000f7','6f15dea4-a37b-4315-91a2-f5b83319dfc8','Orders','Sessions × Conversion','Data/Metric',-1190,400,'user_30uQARGezqSApAChPSGSwFyUy85','[{"period":"2025-12","value":85338,"change_percent":0,"trend":"neutral"},{"period":"2026-01","value":88947,"change_percent":4.2,"trend":"up"},{"period":"2026-02","value":92887,"change_percent":4.4,"trend":"up"},{"period":"2026-03","value":96758,"change_percent":4.2,"trend":"up"},{"period":"2026-04","value":97734,"change_percent":1,"trend":"neutral"},{"period":"2026-05","value":101402,"change_percent":3.8,"trend":"up"},{"period":"2026-06","value":105666,"change_percent":4.2,"trend":"up"}]'::jsonb);
INSERT INTO public.metric_cards (id,project_id,title,description,category,position_x,position_y,created_by,data) VALUES ('22ba82ba-5539-4bdb-bdbe-df3c16ac9af2','6f15dea4-a37b-4315-91a2-f5b83319dfc8','Average Order Value','Items × Avg item price','Data/Metric',-850,400,'user_30uQARGezqSApAChPSGSwFyUy85','[{"period":"2025-12","value":370236,"change_percent":0,"trend":"neutral"},{"period":"2026-01","value":384745,"change_percent":3.9,"trend":"up"},{"period":"2026-02","value":399984,"change_percent":4,"trend":"up"},{"period":"2026-03","value":413799,"change_percent":3.5,"trend":"up"},{"period":"2026-04","value":419730,"change_percent":1.4,"trend":"up"},{"period":"2026-05","value":436892,"change_percent":4.1,"trend":"up"},{"period":"2026-06","value":453023,"change_percent":3.7,"trend":"up"}]'::jsonb);
INSERT INTO public.metric_cards (id,project_id,title,description,category,position_x,position_y,created_by,data) VALUES ('d9aa5005-1c39-4df5-ab39-c04010fd229e','6f15dea4-a37b-4315-91a2-f5b83319dfc8','Sessions','Sum of channels','Data/Metric',-1360,600,'user_30uQARGezqSApAChPSGSwFyUy85','[{"period":"2025-12","value":49658,"change_percent":0,"trend":"neutral"},{"period":"2026-01","value":54292,"change_percent":9.3,"trend":"up"},{"period":"2026-02","value":57298,"change_percent":5.5,"trend":"up"},{"period":"2026-03","value":61545,"change_percent":7.4,"trend":"up"},{"period":"2026-04","value":65812,"change_percent":6.9,"trend":"up"},{"period":"2026-05","value":72043,"change_percent":9.5,"trend":"up"},{"period":"2026-06","value":77879,"change_percent":8.1,"trend":"up"}]'::jsonb);
INSERT INTO public.metric_cards (id,project_id,title,description,category,position_x,position_y,created_by,data) VALUES ('5c12e3ca-e6f1-4dd2-b93d-1d9b1a19c063','6f15dea4-a37b-4315-91a2-f5b83319dfc8','Conversion Rate','','Data/Metric',-1020,600,'user_30uQARGezqSApAChPSGSwFyUy85','[{"period":"2025-12","value":16.5,"change_percent":0,"trend":"neutral"},{"period":"2026-01","value":16.9,"change_percent":2.4,"trend":"up"},{"period":"2026-02","value":17.1,"change_percent":1.2,"trend":"up"},{"period":"2026-03","value":17.6,"change_percent":2.9,"trend":"up"},{"period":"2026-04","value":17.9,"change_percent":1.7,"trend":"up"},{"period":"2026-05","value":18.6,"change_percent":3.9,"trend":"up"},{"period":"2026-06","value":19.4,"change_percent":4.3,"trend":"up"}]'::jsonb);
INSERT INTO public.metric_cards (id,project_id,title,description,category,position_x,position_y,created_by,data) VALUES ('1d41ab72-7215-48d1-8377-45bd69da6673','6f15dea4-a37b-4315-91a2-f5b83319dfc8','Items per Order','','Data/Metric',-680,600,'user_30uQARGezqSApAChPSGSwFyUy85','[{"period":"2025-12","value":38605,"change_percent":0,"trend":"neutral"},{"period":"2026-01","value":38758,"change_percent":0.4,"trend":"neutral"},{"period":"2026-02","value":39328,"change_percent":1.5,"trend":"up"},{"period":"2026-03","value":40557,"change_percent":3.1,"trend":"up"},{"period":"2026-04","value":42078,"change_percent":3.8,"trend":"up"},{"period":"2026-05","value":42135,"change_percent":0.1,"trend":"neutral"},{"period":"2026-06","value":43523,"change_percent":3.3,"trend":"up"}]'::jsonb);
INSERT INTO public.metric_cards (id,project_id,title,description,category,position_x,position_y,created_by,data) VALUES ('09301a9e-dce3-446c-9ba6-e2fc78b7f4f5','6f15dea4-a37b-4315-91a2-f5b83319dfc8','Avg Item Price','','Data/Metric',-340,600,'user_30uQARGezqSApAChPSGSwFyUy85','[{"period":"2025-12","value":367721,"change_percent":0,"trend":"neutral"},{"period":"2026-01","value":380471,"change_percent":3.5,"trend":"up"},{"period":"2026-02","value":394860,"change_percent":3.8,"trend":"up"},{"period":"2026-03","value":413033,"change_percent":4.6,"trend":"up"},{"period":"2026-04","value":437576,"change_percent":5.9,"trend":"up"},{"period":"2026-05","value":452443,"change_percent":3.4,"trend":"up"},{"period":"2026-06","value":475544,"change_percent":5.1,"trend":"up"}]'::jsonb);
INSERT INTO public.metric_cards (id,project_id,title,description,category,position_x,position_y,created_by,data) VALUES ('594a9815-78a9-4716-b8f4-18a9a66b181a','6f15dea4-a37b-4315-91a2-f5b83319dfc8','Cross-sell Rate','','Data/Metric',0,600,'user_30uQARGezqSApAChPSGSwFyUy85','[{"period":"2025-12","value":42.8,"change_percent":0,"trend":"neutral"},{"period":"2026-01","value":46.4,"change_percent":8.4,"trend":"up"},{"period":"2026-02","value":49.1,"change_percent":5.8,"trend":"up"},{"period":"2026-03","value":52.1,"change_percent":6.1,"trend":"up"},{"period":"2026-04","value":57.2,"change_percent":9.8,"trend":"up"},{"period":"2026-05","value":62.9,"change_percent":10,"trend":"up"},{"period":"2026-06","value":68.8,"change_percent":9.4,"trend":"up"}]'::jsonb);
INSERT INTO public.metric_cards (id,project_id,title,description,category,position_x,position_y,created_by,data) VALUES ('7913e773-1129-4440-b259-940bfe1e6320','6f15dea4-a37b-4315-91a2-f5b83319dfc8','Upsell Rate','','Data/Metric',340,600,'user_30uQARGezqSApAChPSGSwFyUy85','[{"period":"2025-12","value":23.2,"change_percent":0,"trend":"neutral"},{"period":"2026-01","value":25.4,"change_percent":9.5,"trend":"up"},{"period":"2026-02","value":27.8,"change_percent":9.4,"trend":"up"},{"period":"2026-03","value":29.9,"change_percent":7.6,"trend":"up"},{"period":"2026-04","value":32.4,"change_percent":8.4,"trend":"up"},{"period":"2026-05","value":35.4,"change_percent":9.3,"trend":"up"},{"period":"2026-06","value":38,"change_percent":7.3,"trend":"up"}]'::jsonb);
INSERT INTO public.metric_cards (id,project_id,title,description,category,position_x,position_y,created_by,data) VALUES ('a7cbcca3-a22a-4493-ae69-8426e9c460ba','6f15dea4-a37b-4315-91a2-f5b83319dfc8','Organic Sessions','','Data/Metric',-1360,800,'user_30uQARGezqSApAChPSGSwFyUy85','[{"period":"2025-12","value":44351,"change_percent":0,"trend":"neutral"},{"period":"2026-01","value":46456,"change_percent":4.7,"trend":"up"},{"period":"2026-02","value":49452,"change_percent":6.4,"trend":"up"},{"period":"2026-03","value":51915,"change_percent":5,"trend":"up"},{"period":"2026-04","value":55241,"change_percent":6.4,"trend":"up"},{"period":"2026-05","value":59240,"change_percent":7.2,"trend":"up"},{"period":"2026-06","value":62334,"change_percent":5.2,"trend":"up"}]'::jsonb);
INSERT INTO public.metric_cards (id,project_id,title,description,category,position_x,position_y,created_by,data) VALUES ('d08acbf6-539a-483b-a8f2-b1c18eb77137','6f15dea4-a37b-4315-91a2-f5b83319dfc8','Paid Sessions','Ad Spend / CPC','Data/Metric',-1020,800,'user_30uQARGezqSApAChPSGSwFyUy85','[{"period":"2025-12","value":88984,"change_percent":0,"trend":"neutral"},{"period":"2026-01","value":93912,"change_percent":5.5,"trend":"up"},{"period":"2026-02","value":101007,"change_percent":7.6,"trend":"up"},{"period":"2026-03","value":109861,"change_percent":8.8,"trend":"up"},{"period":"2026-04","value":118278,"change_percent":7.7,"trend":"up"},{"period":"2026-05","value":125987,"change_percent":6.5,"trend":"up"},{"period":"2026-06","value":136534,"change_percent":8.4,"trend":"up"}]'::jsonb);
INSERT INTO public.metric_cards (id,project_id,title,description,category,position_x,position_y,created_by,data) VALUES ('2c4334e5-4b15-40fb-82d1-f7cc72ecb43a','6f15dea4-a37b-4315-91a2-f5b83319dfc8','Social Sessions','Reach × CTR','Data/Metric',-680,800,'user_30uQARGezqSApAChPSGSwFyUy85','[{"period":"2025-12","value":24728,"change_percent":0,"trend":"neutral"},{"period":"2026-01","value":25701,"change_percent":3.9,"trend":"up"},{"period":"2026-02","value":26565,"change_percent":3.4,"trend":"up"},{"period":"2026-03","value":28013,"change_percent":5.5,"trend":"up"},{"period":"2026-04","value":29805,"change_percent":6.4,"trend":"up"},{"period":"2026-05","value":32123,"change_percent":7.8,"trend":"up"},{"period":"2026-06","value":33545,"change_percent":4.4,"trend":"up"}]'::jsonb);
INSERT INTO public.metric_cards (id,project_id,title,description,category,position_x,position_y,created_by,data) VALUES ('21ad5779-fdef-4983-8435-dd8dbd3f1b9c','6f15dea4-a37b-4315-91a2-f5b83319dfc8','Email Sessions','List × Open × CTR','Data/Metric',-340,800,'user_30uQARGezqSApAChPSGSwFyUy85','[{"period":"2025-12","value":15715,"change_percent":0,"trend":"neutral"},{"period":"2026-01","value":16425,"change_percent":4.5,"trend":"up"},{"period":"2026-02","value":16944,"change_percent":3.2,"trend":"up"},{"period":"2026-03","value":17008,"change_percent":0.4,"trend":"neutral"},{"period":"2026-04","value":17657,"change_percent":3.8,"trend":"up"},{"period":"2026-05","value":17723,"change_percent":0.4,"trend":"neutral"},{"period":"2026-06","value":18227,"change_percent":2.8,"trend":"up"}]'::jsonb);
INSERT INTO public.metric_cards (id,project_id,title,description,category,position_x,position_y,created_by,data) VALUES ('812bd03a-659c-4682-8e6c-5c83f7887286','6f15dea4-a37b-4315-91a2-f5b83319dfc8','Direct Sessions','','Data/Metric',0,800,'user_30uQARGezqSApAChPSGSwFyUy85','[{"period":"2025-12","value":7297,"change_percent":0,"trend":"neutral"},{"period":"2026-01","value":7438,"change_percent":1.9,"trend":"up"},{"period":"2026-02","value":7785,"change_percent":4.7,"trend":"up"},{"period":"2026-03","value":8058,"change_percent":3.5,"trend":"up"},{"period":"2026-04","value":8139,"change_percent":1,"trend":"neutral"},{"period":"2026-05","value":8272,"change_percent":1.6,"trend":"up"},{"period":"2026-06","value":8543,"change_percent":3.3,"trend":"up"}]'::jsonb);
INSERT INTO public.metric_cards (id,project_id,title,description,category,position_x,position_y,created_by,data) VALUES ('f73c61e6-728d-41cb-ad62-c3ad2430a0ff','6f15dea4-a37b-4315-91a2-f5b83319dfc8','Affiliate Sessions','','Data/Metric',340,800,'user_30uQARGezqSApAChPSGSwFyUy85','[{"period":"2025-12","value":35526,"change_percent":0,"trend":"neutral"},{"period":"2026-01","value":36068,"change_percent":1.5,"trend":"up"},{"period":"2026-02","value":37848,"change_percent":4.9,"trend":"up"},{"period":"2026-03","value":38593,"change_percent":2,"trend":"up"},{"period":"2026-04","value":40130,"change_percent":4,"trend":"up"},{"period":"2026-05","value":41898,"change_percent":4.4,"trend":"up"},{"period":"2026-06","value":42578,"change_percent":1.6,"trend":"up"}]'::jsonb);
INSERT INTO public.metric_cards (id,project_id,title,description,category,position_x,position_y,created_by,data) VALUES ('ef83a2c9-2f70-4cbb-bedf-ced24effbd8c','6f15dea4-a37b-4315-91a2-f5b83319dfc8','Social Reach / Followers','','Data/Metric',-1360,1000,'user_30uQARGezqSApAChPSGSwFyUy85','[{"period":"2025-12","value":88895,"change_percent":0,"trend":"neutral"},{"period":"2026-01","value":94958,"change_percent":6.8,"trend":"up"},{"period":"2026-02","value":100383,"change_percent":5.7,"trend":"up"},{"period":"2026-03","value":109482,"change_percent":9.1,"trend":"up"},{"period":"2026-04","value":117383,"change_percent":7.2,"trend":"up"},{"period":"2026-05","value":128775,"change_percent":9.7,"trend":"up"},{"period":"2026-06","value":138648,"change_percent":7.7,"trend":"up"}]'::jsonb);
INSERT INTO public.metric_cards (id,project_id,title,description,category,position_x,position_y,created_by,data) VALUES ('adeb2b96-fbe9-4675-ba96-9bd7dadec448','6f15dea4-a37b-4315-91a2-f5b83319dfc8','Social CTR','','Data/Metric',-1020,1000,'user_30uQARGezqSApAChPSGSwFyUy85','[{"period":"2025-12","value":2568,"change_percent":0,"trend":"neutral"},{"period":"2026-01","value":2736,"change_percent":6.5,"trend":"up"},{"period":"2026-02","value":2857,"change_percent":4.4,"trend":"up"},{"period":"2026-03","value":3034,"change_percent":6.2,"trend":"up"},{"period":"2026-04","value":3151,"change_percent":3.9,"trend":"up"},{"period":"2026-05","value":3378,"change_percent":7.2,"trend":"up"},{"period":"2026-06","value":3534,"change_percent":4.6,"trend":"up"}]'::jsonb);
INSERT INTO public.metric_cards (id,project_id,title,description,category,position_x,position_y,created_by,data) VALUES ('01c878f4-ef78-412c-86a1-ae2b20e1401e','6f15dea4-a37b-4315-91a2-f5b83319dfc8','Content Cadence','','Data/Metric',-340,1200,'user_30uQARGezqSApAChPSGSwFyUy85','[{"period":"2025-12","value":3667,"change_percent":0,"trend":"neutral"},{"period":"2026-01","value":3723,"change_percent":1.5,"trend":"up"},{"period":"2026-02","value":3799,"change_percent":2,"trend":"up"},{"period":"2026-03","value":3861,"change_percent":1.6,"trend":"up"},{"period":"2026-04","value":3884,"change_percent":0.6,"trend":"neutral"},{"period":"2026-05","value":4052,"change_percent":4.3,"trend":"up"},{"period":"2026-06","value":4192,"change_percent":3.5,"trend":"up"}]'::jsonb);
INSERT INTO public.metric_cards (id,project_id,title,description,category,position_x,position_y,created_by,data) VALUES ('c2c9d60b-3afd-4b5f-b20a-53c2217c7aea','6f15dea4-a37b-4315-91a2-f5b83319dfc8','Email List Size','','Data/Metric',-680,1000,'user_30uQARGezqSApAChPSGSwFyUy85','[{"period":"2025-12","value":62229,"change_percent":0,"trend":"neutral"},{"period":"2026-01","value":65639,"change_percent":5.5,"trend":"up"},{"period":"2026-02","value":70590,"change_percent":7.5,"trend":"up"},{"period":"2026-03","value":74172,"change_percent":5.1,"trend":"up"},{"period":"2026-04","value":76919,"change_percent":3.7,"trend":"up"},{"period":"2026-05","value":83189,"change_percent":8.2,"trend":"up"},{"period":"2026-06","value":87803,"change_percent":5.5,"trend":"up"}]'::jsonb);
INSERT INTO public.metric_cards (id,project_id,title,description,category,position_x,position_y,created_by,data) VALUES ('4bf8715f-0d6c-4829-addf-5ba7472c7381','6f15dea4-a37b-4315-91a2-f5b83319dfc8','Email Open Rate','','Data/Metric',-340,1000,'user_30uQARGezqSApAChPSGSwFyUy85','[{"period":"2025-12","value":30.6,"change_percent":0,"trend":"neutral"},{"period":"2026-01","value":32.9,"change_percent":7.5,"trend":"up"},{"period":"2026-02","value":34.4,"change_percent":4.6,"trend":"up"},{"period":"2026-03","value":36,"change_percent":4.7,"trend":"up"},{"period":"2026-04","value":38.7,"change_percent":7.5,"trend":"up"},{"period":"2026-05","value":41.2,"change_percent":6.5,"trend":"up"},{"period":"2026-06","value":43.3,"change_percent":5.1,"trend":"up"}]'::jsonb);
INSERT INTO public.metric_cards (id,project_id,title,description,category,position_x,position_y,created_by,data) VALUES ('c4fb9aad-3735-42fd-9dcc-554fbe474fe3','6f15dea4-a37b-4315-91a2-f5b83319dfc8','Ad Spend','','Data/Metric',0,1000,'user_30uQARGezqSApAChPSGSwFyUy85','[{"period":"2025-12","value":733134,"change_percent":0,"trend":"neutral"},{"period":"2026-01","value":771290,"change_percent":5.2,"trend":"up"},{"period":"2026-02","value":808673,"change_percent":4.8,"trend":"up"},{"period":"2026-03","value":850862,"change_percent":5.2,"trend":"up"},{"period":"2026-04","value":875847,"change_percent":2.9,"trend":"up"},{"period":"2026-05","value":906731,"change_percent":3.5,"trend":"up"},{"period":"2026-06","value":918335,"change_percent":1.3,"trend":"up"}]'::jsonb);
INSERT INTO public.metric_cards (id,project_id,title,description,category,position_x,position_y,created_by,data) VALUES ('ce4850a5-83b6-415d-8cfd-929437817f47','6f15dea4-a37b-4315-91a2-f5b83319dfc8','CPC','','Data/Metric',340,1000,'user_30uQARGezqSApAChPSGSwFyUy85','[{"period":"2025-12","value":3977,"change_percent":0,"trend":"neutral"},{"period":"2026-01","value":4035,"change_percent":1.5,"trend":"up"},{"period":"2026-02","value":4241,"change_percent":5.1,"trend":"up"},{"period":"2026-03","value":4279,"change_percent":0.9,"trend":"neutral"},{"period":"2026-04","value":4391,"change_percent":2.6,"trend":"up"},{"period":"2026-05","value":4508,"change_percent":2.7,"trend":"up"},{"period":"2026-06","value":4667,"change_percent":3.5,"trend":"up"}]'::jsonb);
INSERT INTO public.metric_cards (id,project_id,title,description,category,position_x,position_y,created_by,data) VALUES ('73beadc2-7705-46ba-9fe4-3be15a9dcf0b','6f15dea4-a37b-4315-91a2-f5b83319dfc8','Product Page CVR','','Data/Metric',680,800,'user_30uQARGezqSApAChPSGSwFyUy85','[{"period":"2025-12","value":2044,"change_percent":0,"trend":"neutral"},{"period":"2026-01","value":2174,"change_percent":6.4,"trend":"up"},{"period":"2026-02","value":2277,"change_percent":4.7,"trend":"up"},{"period":"2026-03","value":2356,"change_percent":3.5,"trend":"up"},{"period":"2026-04","value":2512,"change_percent":6.6,"trend":"up"},{"period":"2026-05","value":2664,"change_percent":6.1,"trend":"up"},{"period":"2026-06","value":2860,"change_percent":7.4,"trend":"up"}]'::jsonb);
INSERT INTO public.metric_cards (id,project_id,title,description,category,position_x,position_y,created_by,data) VALUES ('69ce7439-73bc-467c-9ab4-469c4bfd7b52','6f15dea4-a37b-4315-91a2-f5b83319dfc8','Add-to-Cart Rate','','Data/Metric',1020,800,'user_30uQARGezqSApAChPSGSwFyUy85','[{"period":"2025-12","value":54.7,"change_percent":0,"trend":"neutral"},{"period":"2026-01","value":58.5,"change_percent":6.9,"trend":"up"},{"period":"2026-02","value":61.7,"change_percent":5.5,"trend":"up"},{"period":"2026-03","value":66.9,"change_percent":8.4,"trend":"up"},{"period":"2026-04","value":70.4,"change_percent":5.2,"trend":"up"},{"period":"2026-05","value":73.9,"change_percent":5,"trend":"up"},{"period":"2026-06","value":79.3,"change_percent":7.3,"trend":"up"}]'::jsonb);
INSERT INTO public.metric_cards (id,project_id,title,description,category,position_x,position_y,created_by,data) VALUES ('9178a5c1-31b0-4e6f-9abf-4228378e34ad','6f15dea4-a37b-4315-91a2-f5b83319dfc8','Cart Abandonment Rate','','Data/Metric',680,1000,'user_30uQARGezqSApAChPSGSwFyUy85','[{"period":"2025-12","value":57.1,"change_percent":0,"trend":"neutral"},{"period":"2026-01","value":55.3,"change_percent":-3.2,"trend":"down"},{"period":"2026-02","value":53.7,"change_percent":-2.9,"trend":"down"},{"period":"2026-03","value":50.5,"change_percent":-6,"trend":"down"},{"period":"2026-04","value":47.7,"change_percent":-5.5,"trend":"down"},{"period":"2026-05","value":46.4,"change_percent":-2.7,"trend":"down"},{"period":"2026-06","value":43.7,"change_percent":-5.8,"trend":"down"}]'::jsonb);
INSERT INTO public.metric_cards (id,project_id,title,description,category,position_x,position_y,created_by,data) VALUES ('babd6981-ecb2-4f9c-a0ff-d39d75c86c0a','6f15dea4-a37b-4315-91a2-f5b83319dfc8','Checkout Completion %','','Data/Metric',1360,800,'user_30uQARGezqSApAChPSGSwFyUy85','[{"period":"2025-12","value":54.6,"change_percent":0,"trend":"neutral"},{"period":"2026-01","value":57.5,"change_percent":5.3,"trend":"up"},{"period":"2026-02","value":59.1,"change_percent":2.8,"trend":"up"},{"period":"2026-03","value":62.1,"change_percent":5.1,"trend":"up"},{"period":"2026-04","value":62.9,"change_percent":1.3,"trend":"up"},{"period":"2026-05","value":66.4,"change_percent":5.6,"trend":"up"},{"period":"2026-06","value":67.6,"change_percent":1.8,"trend":"up"}]'::jsonb);
INSERT INTO public.metric_cards (id,project_id,title,description,category,position_x,position_y,created_by,data) VALUES ('ec9cf1c9-53ca-4d55-b871-d44ab171f98b','6f15dea4-a37b-4315-91a2-f5b83319dfc8','New Customers','','Data/Metric',680,600,'user_30uQARGezqSApAChPSGSwFyUy85','[{"period":"2025-12","value":19176,"change_percent":0,"trend":"neutral"},{"period":"2026-01","value":20138,"change_percent":5,"trend":"up"},{"period":"2026-02","value":20685,"change_percent":2.7,"trend":"up"},{"period":"2026-03","value":21298,"change_percent":3,"trend":"up"},{"period":"2026-04","value":21618,"change_percent":1.5,"trend":"up"},{"period":"2026-05","value":22396,"change_percent":3.6,"trend":"up"},{"period":"2026-06","value":23097,"change_percent":3.1,"trend":"up"}]'::jsonb);
INSERT INTO public.metric_cards (id,project_id,title,description,category,position_x,position_y,created_by,data) VALUES ('c69af377-181e-455b-a56a-a42885a0a43a','6f15dea4-a37b-4315-91a2-f5b83319dfc8','Repeat Purchase Rate','','Data/Metric',-680,200,'user_30uQARGezqSApAChPSGSwFyUy85','[{"period":"2025-12","value":57.1,"change_percent":0,"trend":"neutral"},{"period":"2026-01","value":57.9,"change_percent":1.4,"trend":"up"},{"period":"2026-02","value":59.9,"change_percent":3.5,"trend":"up"},{"period":"2026-03","value":61.9,"change_percent":3.3,"trend":"up"},{"period":"2026-04","value":63.8,"change_percent":3.1,"trend":"up"},{"period":"2026-05","value":66.6,"change_percent":4.4,"trend":"up"},{"period":"2026-06","value":68.5,"change_percent":2.9,"trend":"up"}]'::jsonb);
INSERT INTO public.metric_cards (id,project_id,title,description,category,position_x,position_y,created_by,data) VALUES ('fb9fe226-5464-4474-b787-a8de542e1126','6f15dea4-a37b-4315-91a2-f5b83319dfc8','Purchase Frequency','','Data/Metric',-340,200,'user_30uQARGezqSApAChPSGSwFyUy85','[{"period":"2025-12","value":1931,"change_percent":0,"trend":"neutral"},{"period":"2026-01","value":1937,"change_percent":0.3,"trend":"neutral"},{"period":"2026-02","value":1951,"change_percent":0.7,"trend":"neutral"},{"period":"2026-03","value":1970,"change_percent":1,"trend":"neutral"},{"period":"2026-04","value":2014,"change_percent":2.2,"trend":"up"},{"period":"2026-05","value":2075,"change_percent":3,"trend":"up"},{"period":"2026-06","value":2163,"change_percent":4.2,"trend":"up"}]'::jsonb);
INSERT INTO public.metric_cards (id,project_id,title,description,category,position_x,position_y,created_by,data) VALUES ('1ac746dc-5551-40fd-9702-a134c3efebed','6f15dea4-a37b-4315-91a2-f5b83319dfc8','Customer LTV','','Data/Metric',0,200,'user_30uQARGezqSApAChPSGSwFyUy85','[{"period":"2025-12","value":628964,"change_percent":0,"trend":"neutral"},{"period":"2026-01","value":660091,"change_percent":4.9,"trend":"up"},{"period":"2026-02","value":686536,"change_percent":4,"trend":"up"},{"period":"2026-03","value":716079,"change_percent":4.3,"trend":"up"},{"period":"2026-04","value":755647,"change_percent":5.5,"trend":"up"},{"period":"2026-05","value":772357,"change_percent":2.2,"trend":"up"},{"period":"2026-06","value":812527,"change_percent":5.2,"trend":"up"}]'::jsonb);
INSERT INTO public.metric_cards (id,project_id,title,description,category,position_x,position_y,created_by,data) VALUES ('cde55833-6b3b-4b15-9051-54ac18013247','6f15dea4-a37b-4315-91a2-f5b83319dfc8','CAC','','Data/Metric',340,200,'user_30uQARGezqSApAChPSGSwFyUy85','[{"period":"2025-12","value":29324,"change_percent":0,"trend":"neutral"},{"period":"2026-01","value":28633,"change_percent":-2.4,"trend":"down"},{"period":"2026-02","value":26960,"change_percent":-5.8,"trend":"down"},{"period":"2026-03","value":25535,"change_percent":-5.3,"trend":"down"},{"period":"2026-04","value":24697,"change_percent":-3.3,"trend":"down"},{"period":"2026-05","value":24329,"change_percent":-1.5,"trend":"down"},{"period":"2026-06","value":23572,"change_percent":-3.1,"trend":"down"}]'::jsonb);
INSERT INTO public.metric_cards (id,project_id,title,description,category,position_x,position_y,created_by,data) VALUES ('a0aaac06-4919-44ec-917f-cb9fbd2736c0','6f15dea4-a37b-4315-91a2-f5b83319dfc8','Total Costs','','Data/Metric',680,200,'user_30uQARGezqSApAChPSGSwFyUy85','[{"period":"2025-12","value":295895,"change_percent":0,"trend":"neutral"},{"period":"2026-01","value":277314,"change_percent":-6.3,"trend":"down"},{"period":"2026-02","value":262447,"change_percent":-5.4,"trend":"down"},{"period":"2026-03","value":249226,"change_percent":-5,"trend":"down"},{"period":"2026-04","value":235106,"change_percent":-5.7,"trend":"down"},{"period":"2026-05","value":229649,"change_percent":-2.3,"trend":"down"},{"period":"2026-06","value":215420,"change_percent":-6.2,"trend":"down"}]'::jsonb);
INSERT INTO public.metric_cards (id,project_id,title,description,category,position_x,position_y,created_by,data) VALUES ('b0d5523d-3d78-40e9-8476-afe50b347091','6f15dea4-a37b-4315-91a2-f5b83319dfc8','COGS','','Data/Metric',-510,400,'user_30uQARGezqSApAChPSGSwFyUy85','[{"period":"2025-12","value":282758,"change_percent":0,"trend":"neutral"},{"period":"2026-01","value":270861,"change_percent":-4.2,"trend":"down"},{"period":"2026-02","value":261853,"change_percent":-3.3,"trend":"down"},{"period":"2026-03","value":260345,"change_percent":-0.6,"trend":"neutral"},{"period":"2026-04","value":252251,"change_percent":-3.1,"trend":"down"},{"period":"2026-05","value":239124,"change_percent":-5.2,"trend":"down"},{"period":"2026-06","value":231413,"change_percent":-3.2,"trend":"down"}]'::jsonb);
INSERT INTO public.metric_cards (id,project_id,title,description,category,position_x,position_y,created_by,data) VALUES ('8261a96a-2a02-40b8-885b-2d8fd63a680f','6f15dea4-a37b-4315-91a2-f5b83319dfc8','Gross Margin %','','Data/Metric',1020,200,'user_30uQARGezqSApAChPSGSwFyUy85','[{"period":"2025-12","value":38.1,"change_percent":0,"trend":"neutral"},{"period":"2026-01","value":40.9,"change_percent":7.3,"trend":"up"},{"period":"2026-02","value":44,"change_percent":7.6,"trend":"up"},{"period":"2026-03","value":46.9,"change_percent":6.6,"trend":"up"},{"period":"2026-04","value":49.4,"change_percent":5.3,"trend":"up"},{"period":"2026-05","value":52,"change_percent":5.3,"trend":"up"},{"period":"2026-06","value":55.8,"change_percent":7.3,"trend":"up"}]'::jsonb);
INSERT INTO public.metric_cards (id,project_id,title,description,category,position_x,position_y,created_by,data) VALUES ('3e33f78a-45cd-4c1e-8cc7-ca13e6153c7d','6f15dea4-a37b-4315-91a2-f5b83319dfc8','Shipping Cost','','Data/Metric',-170,400,'user_30uQARGezqSApAChPSGSwFyUy85','[{"period":"2025-12","value":279486,"change_percent":0,"trend":"neutral"},{"period":"2026-01","value":260985,"change_percent":-6.6,"trend":"down"},{"period":"2026-02","value":246089,"change_percent":-5.7,"trend":"down"},{"period":"2026-03","value":232529,"change_percent":-5.5,"trend":"down"},{"period":"2026-04","value":217156,"change_percent":-6.6,"trend":"down"},{"period":"2026-05","value":210217,"change_percent":-3.2,"trend":"down"},{"period":"2026-06","value":197293,"change_percent":-6.1,"trend":"down"}]'::jsonb);
INSERT INTO public.metric_cards (id,project_id,title,description,category,position_x,position_y,created_by,data) VALUES ('17e85d61-6d55-4ee8-862c-0fc55b8b6ec7','6f15dea4-a37b-4315-91a2-f5b83319dfc8','Returns Rate','','Data/Metric',170,400,'user_30uQARGezqSApAChPSGSwFyUy85','[{"period":"2025-12","value":60.5,"change_percent":0,"trend":"neutral"},{"period":"2026-01","value":59.3,"change_percent":-2,"trend":"down"},{"period":"2026-02","value":57.7,"change_percent":-2.7,"trend":"down"},{"period":"2026-03","value":54.9,"change_percent":-4.9,"trend":"down"},{"period":"2026-04","value":53.2,"change_percent":-3.1,"trend":"down"},{"period":"2026-05","value":51.6,"change_percent":-3,"trend":"down"},{"period":"2026-06","value":49.4,"change_percent":-4.3,"trend":"down"}]'::jsonb);
INSERT INTO public.metric_cards (id,project_id,title,description,category,position_x,position_y,created_by,data) VALUES ('35be4c2e-695f-4b06-8e8a-cc579d77eb7b','6f15dea4-a37b-4315-91a2-f5b83319dfc8','Marketing Spend','','Data/Metric',510,400,'user_30uQARGezqSApAChPSGSwFyUy85','[{"period":"2025-12","value":8887,"change_percent":0,"trend":"neutral"},{"period":"2026-01","value":9320,"change_percent":4.9,"trend":"up"},{"period":"2026-02","value":9788,"change_percent":5,"trend":"up"},{"period":"2026-03","value":10363,"change_percent":5.9,"trend":"up"},{"period":"2026-04","value":10700,"change_percent":3.3,"trend":"up"},{"period":"2026-05","value":11078,"change_percent":3.5,"trend":"up"},{"period":"2026-06","value":11634,"change_percent":5,"trend":"up"}]'::jsonb);
INSERT INTO public.metric_cards (id,project_id,title,description,category,position_x,position_y,created_by,data) VALUES ('d3947a0e-0dbe-4760-88f8-d361c00e9e9d','6f15dea4-a37b-4315-91a2-f5b83319dfc8','Payment Fees','','Data/Metric',850,400,'user_30uQARGezqSApAChPSGSwFyUy85','[{"period":"2025-12","value":391076,"change_percent":0,"trend":"neutral"},{"period":"2026-01","value":413062,"change_percent":5.6,"trend":"up"},{"period":"2026-02","value":435425,"change_percent":5.4,"trend":"up"},{"period":"2026-03","value":445906,"change_percent":2.4,"trend":"up"},{"period":"2026-04","value":459941,"change_percent":3.1,"trend":"up"},{"period":"2026-05","value":469766,"change_percent":2.1,"trend":"up"},{"period":"2026-06","value":477152,"change_percent":1.6,"trend":"up"}]'::jsonb);
INSERT INTO public.metric_cards (id,project_id,title,description,category,position_x,position_y,created_by,data) VALUES ('5270d4a9-d432-4880-80f9-8309aa3a5f60','6f15dea4-a37b-4315-91a2-f5b83319dfc8','Fulfilment / Ops','','Data/Metric',1190,400,'user_30uQARGezqSApAChPSGSwFyUy85','[{"period":"2025-12","value":1330,"change_percent":0,"trend":"neutral"},{"period":"2026-01","value":1378,"change_percent":3.6,"trend":"up"},{"period":"2026-02","value":1414,"change_percent":2.6,"trend":"up"},{"period":"2026-03","value":1465,"change_percent":3.6,"trend":"up"},{"period":"2026-04","value":1493,"change_percent":1.9,"trend":"up"},{"period":"2026-05","value":1513,"change_percent":1.3,"trend":"up"},{"period":"2026-06","value":1579,"change_percent":4.4,"trend":"up"}]'::jsonb);
INSERT INTO public.metric_cards (id,project_id,title,description,category,position_x,position_y,created_by,data) VALUES ('8f08f526-d6c2-4096-bb44-4519c0ab4337','6f15dea4-a37b-4315-91a2-f5b83319dfc8','Retargeting campaign','','Work/Action',1020,1000,'user_30uQARGezqSApAChPSGSwFyUy85','[]'::jsonb);
INSERT INTO public.metric_cards (id,project_id,title,description,category,position_x,position_y,created_by,data) VALUES ('a50a28ef-47be-4d88-9374-1d2a7a9b7dda','6f15dea4-a37b-4315-91a2-f5b83319dfc8','Abandoned-cart email flow','','Work/Action',0,1200,'user_30uQARGezqSApAChPSGSwFyUy85','[]'::jsonb);
INSERT INTO public.metric_cards (id,project_id,title,description,category,position_x,position_y,created_by,data) VALUES ('d8551228-a88b-49b9-bc4e-6c54db3667b3','6f15dea4-a37b-4315-91a2-f5b83319dfc8','Product bundles','','Work/Action',1020,600,'user_30uQARGezqSApAChPSGSwFyUy85','[]'::jsonb);
INSERT INTO public.metric_cards (id,project_id,title,description,category,position_x,position_y,created_by,data) VALUES ('effb9fcd-5b11-4574-a042-980e7ee1e634','6f15dea4-a37b-4315-91a2-f5b83319dfc8','UGC / influencer social','','Work/Action',340,1200,'user_30uQARGezqSApAChPSGSwFyUy85','[]'::jsonb);
INSERT INTO public.metric_cards (id,project_id,title,description,category,position_x,position_y,created_by,data) VALUES ('f0b870cc-8866-4cca-938d-eb4613cb4ce9','6f15dea4-a37b-4315-91a2-f5b83319dfc8','Free-ship threshold lifts AOV','','Ideas/Hypothesis',1360,600,'user_30uQARGezqSApAChPSGSwFyUy85','[]'::jsonb);
INSERT INTO public.metric_cards (id,project_id,title,description,category,position_x,position_y,created_by,data) VALUES ('3a4e2843-4622-4c03-b3e0-82edf558b759','6f15dea4-a37b-4315-91a2-f5b83319dfc8','Reviews lift product-page CVR','','Ideas/Hypothesis',1360,1000,'user_30uQARGezqSApAChPSGSwFyUy85','[]'::jsonb);
INSERT INTO public.relationships (id,project_id,source_id,target_id,type,confidence,weight,created_by) VALUES ('be3252c0-a69d-43e7-b48a-752018b42179','6f15dea4-a37b-4315-91a2-f5b83319dfc8','18a7ed44-598e-444a-9e06-08926dd5d0ee','17c8cb9e-d6aa-4bfa-9e5c-0abc5d0a74e5','Compositional','High',95,'user_30uQARGezqSApAChPSGSwFyUy85');
INSERT INTO public.relationships (id,project_id,source_id,target_id,type,confidence,weight,created_by) VALUES ('5e584ac7-fa7b-48a2-b7ce-dbc59162bd53','6f15dea4-a37b-4315-91a2-f5b83319dfc8','a0aaac06-4919-44ec-917f-cb9fbd2736c0','17c8cb9e-d6aa-4bfa-9e5c-0abc5d0a74e5','Compositional','High',90,'user_30uQARGezqSApAChPSGSwFyUy85');
INSERT INTO public.relationships (id,project_id,source_id,target_id,type,confidence,weight,created_by) VALUES ('2c325467-e17c-41dd-96f4-928ba14cabb1','6f15dea4-a37b-4315-91a2-f5b83319dfc8','8261a96a-2a02-40b8-885b-2d8fd63a680f','17c8cb9e-d6aa-4bfa-9e5c-0abc5d0a74e5','Causal','High',70,'user_30uQARGezqSApAChPSGSwFyUy85');
INSERT INTO public.relationships (id,project_id,source_id,target_id,type,confidence,weight,created_by) VALUES ('1f7065ff-e99c-412b-8114-a1ff19c8ef06','6f15dea4-a37b-4315-91a2-f5b83319dfc8','e1599806-9ff9-4c8c-a227-e45b983000f7','18a7ed44-598e-444a-9e06-08926dd5d0ee','Deterministic','High',95,'user_30uQARGezqSApAChPSGSwFyUy85');
INSERT INTO public.relationships (id,project_id,source_id,target_id,type,confidence,weight,created_by) VALUES ('6261974c-e0c0-4dff-9196-67ede3e19143','6f15dea4-a37b-4315-91a2-f5b83319dfc8','22ba82ba-5539-4bdb-bdbe-df3c16ac9af2','18a7ed44-598e-444a-9e06-08926dd5d0ee','Deterministic','High',90,'user_30uQARGezqSApAChPSGSwFyUy85');
INSERT INTO public.relationships (id,project_id,source_id,target_id,type,confidence,weight,created_by) VALUES ('4007927d-86ad-43d4-84e5-ea5bde87bcab','6f15dea4-a37b-4315-91a2-f5b83319dfc8','d9aa5005-1c39-4df5-ab39-c04010fd229e','e1599806-9ff9-4c8c-a227-e45b983000f7','Deterministic','High',90,'user_30uQARGezqSApAChPSGSwFyUy85');
INSERT INTO public.relationships (id,project_id,source_id,target_id,type,confidence,weight,created_by) VALUES ('8a452325-9fd5-4f30-8a48-014b00426d89','6f15dea4-a37b-4315-91a2-f5b83319dfc8','5c12e3ca-e6f1-4dd2-b93d-1d9b1a19c063','e1599806-9ff9-4c8c-a227-e45b983000f7','Probabilistic','High',85,'user_30uQARGezqSApAChPSGSwFyUy85');
INSERT INTO public.relationships (id,project_id,source_id,target_id,type,confidence,weight,created_by) VALUES ('da55d50e-0a63-4c9f-9176-6273c9fe7b70','6f15dea4-a37b-4315-91a2-f5b83319dfc8','1d41ab72-7215-48d1-8377-45bd69da6673','22ba82ba-5539-4bdb-bdbe-df3c16ac9af2','Deterministic','High',80,'user_30uQARGezqSApAChPSGSwFyUy85');
INSERT INTO public.relationships (id,project_id,source_id,target_id,type,confidence,weight,created_by) VALUES ('14f1f9d5-0b39-46d5-888d-8b5659590623','6f15dea4-a37b-4315-91a2-f5b83319dfc8','09301a9e-dce3-446c-9ba6-e2fc78b7f4f5','22ba82ba-5539-4bdb-bdbe-df3c16ac9af2','Deterministic','High',75,'user_30uQARGezqSApAChPSGSwFyUy85');
INSERT INTO public.relationships (id,project_id,source_id,target_id,type,confidence,weight,created_by) VALUES ('06ac0950-142d-484e-bf79-09bba6e6fe7e','6f15dea4-a37b-4315-91a2-f5b83319dfc8','594a9815-78a9-4716-b8f4-18a9a66b181a','22ba82ba-5539-4bdb-bdbe-df3c16ac9af2','Causal','High',60,'user_30uQARGezqSApAChPSGSwFyUy85');
INSERT INTO public.relationships (id,project_id,source_id,target_id,type,confidence,weight,created_by) VALUES ('3208c47e-fcab-4960-a8d2-571769a15e4a','6f15dea4-a37b-4315-91a2-f5b83319dfc8','7913e773-1129-4440-b259-940bfe1e6320','22ba82ba-5539-4bdb-bdbe-df3c16ac9af2','Causal','High',60,'user_30uQARGezqSApAChPSGSwFyUy85');
INSERT INTO public.relationships (id,project_id,source_id,target_id,type,confidence,weight,created_by) VALUES ('59e10c26-be3c-4e18-aefa-f569556300c1','6f15dea4-a37b-4315-91a2-f5b83319dfc8','a7cbcca3-a22a-4493-ae69-8426e9c460ba','d9aa5005-1c39-4df5-ab39-c04010fd229e','Compositional','High',70,'user_30uQARGezqSApAChPSGSwFyUy85');
INSERT INTO public.relationships (id,project_id,source_id,target_id,type,confidence,weight,created_by) VALUES ('8e5a0c7c-e2fa-4875-8065-3b98d050911b','6f15dea4-a37b-4315-91a2-f5b83319dfc8','d08acbf6-539a-483b-a8f2-b1c18eb77137','d9aa5005-1c39-4df5-ab39-c04010fd229e','Compositional','High',70,'user_30uQARGezqSApAChPSGSwFyUy85');
INSERT INTO public.relationships (id,project_id,source_id,target_id,type,confidence,weight,created_by) VALUES ('492b2fee-97cc-4d3e-bcb4-b615532b7d9c','6f15dea4-a37b-4315-91a2-f5b83319dfc8','2c4334e5-4b15-40fb-82d1-f7cc72ecb43a','d9aa5005-1c39-4df5-ab39-c04010fd229e','Compositional','High',60,'user_30uQARGezqSApAChPSGSwFyUy85');
INSERT INTO public.relationships (id,project_id,source_id,target_id,type,confidence,weight,created_by) VALUES ('9eb975ae-7646-47a9-be93-c31f005c6f61','6f15dea4-a37b-4315-91a2-f5b83319dfc8','21ad5779-fdef-4983-8435-dd8dbd3f1b9c','d9aa5005-1c39-4df5-ab39-c04010fd229e','Compositional','High',60,'user_30uQARGezqSApAChPSGSwFyUy85');
INSERT INTO public.relationships (id,project_id,source_id,target_id,type,confidence,weight,created_by) VALUES ('ab4ec2ad-c415-4a9e-8b76-e5eb9d70edb6','6f15dea4-a37b-4315-91a2-f5b83319dfc8','812bd03a-659c-4682-8e6c-5c83f7887286','d9aa5005-1c39-4df5-ab39-c04010fd229e','Compositional','High',50,'user_30uQARGezqSApAChPSGSwFyUy85');
INSERT INTO public.relationships (id,project_id,source_id,target_id,type,confidence,weight,created_by) VALUES ('e4e7e7cd-3e71-49ab-b3ae-7d67d9e6bb1c','6f15dea4-a37b-4315-91a2-f5b83319dfc8','f73c61e6-728d-41cb-ad62-c3ad2430a0ff','d9aa5005-1c39-4df5-ab39-c04010fd229e','Compositional','High',45,'user_30uQARGezqSApAChPSGSwFyUy85');
INSERT INTO public.relationships (id,project_id,source_id,target_id,type,confidence,weight,created_by) VALUES ('27594574-0fb5-4763-8af5-764a884f1df0','6f15dea4-a37b-4315-91a2-f5b83319dfc8','ef83a2c9-2f70-4cbb-bedf-ced24effbd8c','2c4334e5-4b15-40fb-82d1-f7cc72ecb43a','Causal','High',70,'user_30uQARGezqSApAChPSGSwFyUy85');
INSERT INTO public.relationships (id,project_id,source_id,target_id,type,confidence,weight,created_by) VALUES ('8cf4c1b7-54be-441d-b923-9a692afb9e66','6f15dea4-a37b-4315-91a2-f5b83319dfc8','adeb2b96-fbe9-4675-ba96-9bd7dadec448','2c4334e5-4b15-40fb-82d1-f7cc72ecb43a','Causal','High',65,'user_30uQARGezqSApAChPSGSwFyUy85');
INSERT INTO public.relationships (id,project_id,source_id,target_id,type,confidence,weight,created_by) VALUES ('d8ad8170-7071-4214-a159-81ad8311810b','6f15dea4-a37b-4315-91a2-f5b83319dfc8','01c878f4-ef78-412c-86a1-ae2b20e1401e','ef83a2c9-2f70-4cbb-bedf-ced24effbd8c','Causal','High',55,'user_30uQARGezqSApAChPSGSwFyUy85');
INSERT INTO public.relationships (id,project_id,source_id,target_id,type,confidence,weight,created_by) VALUES ('8f776f3e-cade-4a93-9076-21012eb5b57e','6f15dea4-a37b-4315-91a2-f5b83319dfc8','c2c9d60b-3afd-4b5f-b20a-53c2217c7aea','21ad5779-fdef-4983-8435-dd8dbd3f1b9c','Deterministic','High',70,'user_30uQARGezqSApAChPSGSwFyUy85');
INSERT INTO public.relationships (id,project_id,source_id,target_id,type,confidence,weight,created_by) VALUES ('65e8110c-4e19-4e58-9ebd-5ebc9a433caf','6f15dea4-a37b-4315-91a2-f5b83319dfc8','4bf8715f-0d6c-4829-addf-5ba7472c7381','21ad5779-fdef-4983-8435-dd8dbd3f1b9c','Probabilistic','High',65,'user_30uQARGezqSApAChPSGSwFyUy85');
INSERT INTO public.relationships (id,project_id,source_id,target_id,type,confidence,weight,created_by) VALUES ('42941a55-05fc-4811-881a-8886215dff6c','6f15dea4-a37b-4315-91a2-f5b83319dfc8','c4fb9aad-3735-42fd-9dcc-554fbe474fe3','d08acbf6-539a-483b-a8f2-b1c18eb77137','Deterministic','High',80,'user_30uQARGezqSApAChPSGSwFyUy85');
INSERT INTO public.relationships (id,project_id,source_id,target_id,type,confidence,weight,created_by) VALUES ('0b41c4e2-4dc3-4688-acc5-f5a5fcc493da','6f15dea4-a37b-4315-91a2-f5b83319dfc8','ce4850a5-83b6-415d-8cfd-929437817f47','d08acbf6-539a-483b-a8f2-b1c18eb77137','Deterministic','High',70,'user_30uQARGezqSApAChPSGSwFyUy85');
INSERT INTO public.relationships (id,project_id,source_id,target_id,type,confidence,weight,created_by) VALUES ('a5238a69-3659-4a45-ad73-ed7e131d1448','6f15dea4-a37b-4315-91a2-f5b83319dfc8','73beadc2-7705-46ba-9fe4-3be15a9dcf0b','5c12e3ca-e6f1-4dd2-b93d-1d9b1a19c063','Causal','High',75,'user_30uQARGezqSApAChPSGSwFyUy85');
INSERT INTO public.relationships (id,project_id,source_id,target_id,type,confidence,weight,created_by) VALUES ('99821dad-24be-4842-b8d7-65f4234122d0','6f15dea4-a37b-4315-91a2-f5b83319dfc8','69ce7439-73bc-467c-9ab4-469c4bfd7b52','5c12e3ca-e6f1-4dd2-b93d-1d9b1a19c063','Causal','High',75,'user_30uQARGezqSApAChPSGSwFyUy85');
INSERT INTO public.relationships (id,project_id,source_id,target_id,type,confidence,weight,created_by) VALUES ('f4373f9c-09b7-4ea3-8c7a-a7eddef03878','6f15dea4-a37b-4315-91a2-f5b83319dfc8','9178a5c1-31b0-4e6f-9abf-4228378e34ad','babd6981-ecb2-4f9c-a0ff-d39d75c86c0a','Causal','High',80,'user_30uQARGezqSApAChPSGSwFyUy85');
INSERT INTO public.relationships (id,project_id,source_id,target_id,type,confidence,weight,created_by) VALUES ('83518357-d5ad-47e0-9136-c0ce130897a7','6f15dea4-a37b-4315-91a2-f5b83319dfc8','babd6981-ecb2-4f9c-a0ff-d39d75c86c0a','5c12e3ca-e6f1-4dd2-b93d-1d9b1a19c063','Deterministic','High',80,'user_30uQARGezqSApAChPSGSwFyUy85');
INSERT INTO public.relationships (id,project_id,source_id,target_id,type,confidence,weight,created_by) VALUES ('9ceaecb3-5b28-4897-8ad5-bf61f7ba0b4a','6f15dea4-a37b-4315-91a2-f5b83319dfc8','ec9cf1c9-53ca-4d55-b871-d44ab171f98b','e1599806-9ff9-4c8c-a227-e45b983000f7','Causal','High',55,'user_30uQARGezqSApAChPSGSwFyUy85');
INSERT INTO public.relationships (id,project_id,source_id,target_id,type,confidence,weight,created_by) VALUES ('9038c458-7ede-4a9a-a386-58d954678246','6f15dea4-a37b-4315-91a2-f5b83319dfc8','c69af377-181e-455b-a56a-a42885a0a43a','fb9fe226-5464-4474-b787-a8de542e1126','Causal','High',70,'user_30uQARGezqSApAChPSGSwFyUy85');
INSERT INTO public.relationships (id,project_id,source_id,target_id,type,confidence,weight,created_by) VALUES ('4381ec1a-e879-47b9-9102-7d137533f1ac','6f15dea4-a37b-4315-91a2-f5b83319dfc8','fb9fe226-5464-4474-b787-a8de542e1126','1ac746dc-5551-40fd-9702-a134c3efebed','Deterministic','High',75,'user_30uQARGezqSApAChPSGSwFyUy85');
INSERT INTO public.relationships (id,project_id,source_id,target_id,type,confidence,weight,created_by) VALUES ('0caf4671-7a29-4945-b214-e1bdd23b14b6','6f15dea4-a37b-4315-91a2-f5b83319dfc8','22ba82ba-5539-4bdb-bdbe-df3c16ac9af2','1ac746dc-5551-40fd-9702-a134c3efebed','Causal','High',60,'user_30uQARGezqSApAChPSGSwFyUy85');
INSERT INTO public.relationships (id,project_id,source_id,target_id,type,confidence,weight,created_by) VALUES ('790037f9-a40a-4c78-8adf-7653b53fdb22','6f15dea4-a37b-4315-91a2-f5b83319dfc8','35be4c2e-695f-4b06-8e8a-cc579d77eb7b','cde55833-6b3b-4b15-9051-54ac18013247','Deterministic','High',80,'user_30uQARGezqSApAChPSGSwFyUy85');
INSERT INTO public.relationships (id,project_id,source_id,target_id,type,confidence,weight,created_by) VALUES ('0c730b5d-5d41-470c-a02d-f7f9ec80d2e8','6f15dea4-a37b-4315-91a2-f5b83319dfc8','ec9cf1c9-53ca-4d55-b871-d44ab171f98b','cde55833-6b3b-4b15-9051-54ac18013247','Deterministic','High',75,'user_30uQARGezqSApAChPSGSwFyUy85');
INSERT INTO public.relationships (id,project_id,source_id,target_id,type,confidence,weight,created_by) VALUES ('e9984015-4fa9-4b8e-a59a-3f87767aa5e5','6f15dea4-a37b-4315-91a2-f5b83319dfc8','b0d5523d-3d78-40e9-8476-afe50b347091','a0aaac06-4919-44ec-917f-cb9fbd2736c0','Compositional','High',80,'user_30uQARGezqSApAChPSGSwFyUy85');
INSERT INTO public.relationships (id,project_id,source_id,target_id,type,confidence,weight,created_by) VALUES ('3d84ba4f-04e4-44d1-8acb-dd3aef8cf62e','6f15dea4-a37b-4315-91a2-f5b83319dfc8','3e33f78a-45cd-4c1e-8cc7-ca13e6153c7d','a0aaac06-4919-44ec-917f-cb9fbd2736c0','Compositional','High',65,'user_30uQARGezqSApAChPSGSwFyUy85');
INSERT INTO public.relationships (id,project_id,source_id,target_id,type,confidence,weight,created_by) VALUES ('5e35eb70-c0e0-4694-a033-2d386d510e9b','6f15dea4-a37b-4315-91a2-f5b83319dfc8','35be4c2e-695f-4b06-8e8a-cc579d77eb7b','a0aaac06-4919-44ec-917f-cb9fbd2736c0','Compositional','High',70,'user_30uQARGezqSApAChPSGSwFyUy85');
INSERT INTO public.relationships (id,project_id,source_id,target_id,type,confidence,weight,created_by) VALUES ('55521926-0154-478b-b00d-4e4a3be348b5','6f15dea4-a37b-4315-91a2-f5b83319dfc8','17e85d61-6d55-4ee8-862c-0fc55b8b6ec7','a0aaac06-4919-44ec-917f-cb9fbd2736c0','Causal','High',60,'user_30uQARGezqSApAChPSGSwFyUy85');
INSERT INTO public.relationships (id,project_id,source_id,target_id,type,confidence,weight,created_by) VALUES ('685d6e5b-cb59-4b70-9bd9-c0fd00cf4ed9','6f15dea4-a37b-4315-91a2-f5b83319dfc8','d3947a0e-0dbe-4760-88f8-d361c00e9e9d','a0aaac06-4919-44ec-917f-cb9fbd2736c0','Compositional','High',50,'user_30uQARGezqSApAChPSGSwFyUy85');
INSERT INTO public.relationships (id,project_id,source_id,target_id,type,confidence,weight,created_by) VALUES ('9ec5e6e0-62ac-4c76-8526-4f16c340d663','6f15dea4-a37b-4315-91a2-f5b83319dfc8','5270d4a9-d432-4880-80f9-8309aa3a5f60','a0aaac06-4919-44ec-917f-cb9fbd2736c0','Compositional','High',60,'user_30uQARGezqSApAChPSGSwFyUy85');
INSERT INTO public.relationships (id,project_id,source_id,target_id,type,confidence,weight,created_by) VALUES ('69224962-1936-4717-a3aa-e637eeaf8095','6f15dea4-a37b-4315-91a2-f5b83319dfc8','b0d5523d-3d78-40e9-8476-afe50b347091','8261a96a-2a02-40b8-885b-2d8fd63a680f','Causal','High',75,'user_30uQARGezqSApAChPSGSwFyUy85');
INSERT INTO public.relationships (id,project_id,source_id,target_id,type,confidence,weight,created_by) VALUES ('b6beea9f-b3e5-4f81-abad-15ca7ed6b82d','6f15dea4-a37b-4315-91a2-f5b83319dfc8','c4fb9aad-3735-42fd-9dcc-554fbe474fe3','35be4c2e-695f-4b06-8e8a-cc579d77eb7b','Compositional','High',70,'user_30uQARGezqSApAChPSGSwFyUy85');
INSERT INTO public.relationships (id,project_id,source_id,target_id,type,confidence,weight,created_by) VALUES ('32045f28-d177-437e-a36e-30e74391363d','6f15dea4-a37b-4315-91a2-f5b83319dfc8','8f08f526-d6c2-4096-bb44-4519c0ab4337','d08acbf6-539a-483b-a8f2-b1c18eb77137','Causal','High',60,'user_30uQARGezqSApAChPSGSwFyUy85');
INSERT INTO public.relationships (id,project_id,source_id,target_id,type,confidence,weight,created_by) VALUES ('bb6b2fc4-f6f3-4c26-aa4d-40c823bb872c','6f15dea4-a37b-4315-91a2-f5b83319dfc8','a50a28ef-47be-4d88-9374-1d2a7a9b7dda','9178a5c1-31b0-4e6f-9abf-4228378e34ad','Causal','High',70,'user_30uQARGezqSApAChPSGSwFyUy85');
INSERT INTO public.relationships (id,project_id,source_id,target_id,type,confidence,weight,created_by) VALUES ('c2b8620a-0d44-410b-932b-a39e3b8b1fcb','6f15dea4-a37b-4315-91a2-f5b83319dfc8','d8551228-a88b-49b9-bc4e-6c54db3667b3','22ba82ba-5539-4bdb-bdbe-df3c16ac9af2','Causal','High',65,'user_30uQARGezqSApAChPSGSwFyUy85');
INSERT INTO public.relationships (id,project_id,source_id,target_id,type,confidence,weight,created_by) VALUES ('13211550-d635-434d-8ee5-528d39e70bf2','6f15dea4-a37b-4315-91a2-f5b83319dfc8','effb9fcd-5b11-4574-a042-980e7ee1e634','ef83a2c9-2f70-4cbb-bedf-ced24effbd8c','Causal','High',60,'user_30uQARGezqSApAChPSGSwFyUy85');
INSERT INTO public.relationships (id,project_id,source_id,target_id,type,confidence,weight,created_by) VALUES ('b005bc68-47d1-4089-a5a8-7dc3db7f293a','6f15dea4-a37b-4315-91a2-f5b83319dfc8','f0b870cc-8866-4cca-938d-eb4613cb4ce9','22ba82ba-5539-4bdb-bdbe-df3c16ac9af2','Probabilistic','High',50,'user_30uQARGezqSApAChPSGSwFyUy85');
INSERT INTO public.relationships (id,project_id,source_id,target_id,type,confidence,weight,created_by) VALUES ('7e9157ff-059e-4117-b96b-e8232b14e61f','6f15dea4-a37b-4315-91a2-f5b83319dfc8','3a4e2843-4622-4c03-b3e0-82edf558b759','73beadc2-7705-46ba-9fe4-3be15a9dcf0b','Probabilistic','High',50,'user_30uQARGezqSApAChPSGSwFyUy85');
INSERT INTO public.groups (id,project_id,name,node_ids,position_x,position_y,width,height,created_by) VALUES ('5a25b7b4-140d-4098-b79f-a57b7ce21c10','6f15dea4-a37b-4315-91a2-f5b83319dfc8','Traffic & Channels',ARRAY['d9aa5005-1c39-4df5-ab39-c04010fd229e','a7cbcca3-a22a-4493-ae69-8426e9c460ba','d08acbf6-539a-483b-a8f2-b1c18eb77137','2c4334e5-4b15-40fb-82d1-f7cc72ecb43a','21ad5779-fdef-4983-8435-dd8dbd3f1b9c','812bd03a-659c-4682-8e6c-5c83f7887286','f73c61e6-728d-41cb-ad62-c3ad2430a0ff','ef83a2c9-2f70-4cbb-bedf-ced24effbd8c','adeb2b96-fbe9-4675-ba96-9bd7dadec448','01c878f4-ef78-412c-86a1-ae2b20e1401e','c2c9d60b-3afd-4b5f-b20a-53c2217c7aea','4bf8715f-0d6c-4829-addf-5ba7472c7381','c4fb9aad-3735-42fd-9dcc-554fbe474fe3','ce4850a5-83b6-415d-8cfd-929437817f47']::uuid[],-1400,560,2040,810,'user_30uQARGezqSApAChPSGSwFyUy85');
INSERT INTO public.groups (id,project_id,name,node_ids,position_x,position_y,width,height,created_by) VALUES ('03f06506-40f6-4f49-abaa-dedc08637c79','6f15dea4-a37b-4315-91a2-f5b83319dfc8','Conversion & Orders',ARRAY['e1599806-9ff9-4c8c-a227-e45b983000f7','5c12e3ca-e6f1-4dd2-b93d-1d9b1a19c063','73beadc2-7705-46ba-9fe4-3be15a9dcf0b','69ce7439-73bc-467c-9ab4-469c4bfd7b52','9178a5c1-31b0-4e6f-9abf-4228378e34ad','babd6981-ecb2-4f9c-a0ff-d39d75c86c0a','ec9cf1c9-53ca-4d55-b871-d44ab171f98b']::uuid[],-1230,360,2890,810,'user_30uQARGezqSApAChPSGSwFyUy85');
INSERT INTO public.groups (id,project_id,name,node_ids,position_x,position_y,width,height,created_by) VALUES ('ead86279-b19b-4bf8-a371-efb6c8da2956','6f15dea4-a37b-4315-91a2-f5b83319dfc8','AOV & Retention',ARRAY['22ba82ba-5539-4bdb-bdbe-df3c16ac9af2','1d41ab72-7215-48d1-8377-45bd69da6673','09301a9e-dce3-446c-9ba6-e2fc78b7f4f5','594a9815-78a9-4716-b8f4-18a9a66b181a','7913e773-1129-4440-b259-940bfe1e6320','c69af377-181e-455b-a56a-a42885a0a43a','fb9fe226-5464-4474-b787-a8de542e1126','1ac746dc-5551-40fd-9702-a134c3efebed']::uuid[],-890,160,1530,610,'user_30uQARGezqSApAChPSGSwFyUy85');
INSERT INTO public.groups (id,project_id,name,node_ids,position_x,position_y,width,height,created_by) VALUES ('77b4cad6-3251-4847-85f9-7e4dd13e4133','6f15dea4-a37b-4315-91a2-f5b83319dfc8','Cost Structure',ARRAY['a0aaac06-4919-44ec-917f-cb9fbd2736c0','b0d5523d-3d78-40e9-8476-afe50b347091','8261a96a-2a02-40b8-885b-2d8fd63a680f','3e33f78a-45cd-4c1e-8cc7-ca13e6153c7d','17e85d61-6d55-4ee8-862c-0fc55b8b6ec7','35be4c2e-695f-4b06-8e8a-cc579d77eb7b','d3947a0e-0dbe-4760-88f8-d361c00e9e9d','5270d4a9-d432-4880-80f9-8309aa3a5f60','cde55833-6b3b-4b15-9051-54ac18013247']::uuid[],-550,160,2040,410,'user_30uQARGezqSApAChPSGSwFyUy85');

DELETE FROM public.projects WHERE created_by='user_30uQARGezqSApAChPSGSwFyUy85' AND name='Retail (Walk-in) — Example Metric Tree';
INSERT INTO public.projects (id,name,description,created_by,last_modified_by,is_public,tags,settings) VALUES ('43646308-2e42-416b-a91a-37f2c4cfe661','Retail (Walk-in) — Example Metric Tree','Decomposition of profit for a physical store: transactions = foot traffic × conversion, basket size, footfall drivers (incl. local social), and store cost structure.','user_30uQARGezqSApAChPSGSwFyUy85','user_30uQARGezqSApAChPSGSwFyUy85',true,ARRAY['example','template'],'{}');
INSERT INTO public.metric_cards (id,project_id,title,description,category,position_x,position_y,created_by,data) VALUES ('aa24b181-9621-4560-95e9-33f3ff2ec556','43646308-2e42-416b-a91a-37f2c4cfe661','Profit','Revenue − Total Costs','Core/Value',0,0,'user_30uQARGezqSApAChPSGSwFyUy85','[{"period":"2025-12","value":309006,"change_percent":0,"trend":"neutral"},{"period":"2026-01","value":323804,"change_percent":4.8,"trend":"up"},{"period":"2026-02","value":332226,"change_percent":2.6,"trend":"up"},{"period":"2026-03","value":341274,"change_percent":2.7,"trend":"up"},{"period":"2026-04","value":360840,"change_percent":5.7,"trend":"up"},{"period":"2026-05","value":376853,"change_percent":4.4,"trend":"up"},{"period":"2026-06","value":389309,"change_percent":3.3,"trend":"up"}]'::jsonb);
INSERT INTO public.metric_cards (id,project_id,title,description,category,position_x,position_y,created_by,data) VALUES ('f128cdfd-8168-4259-93d7-018dcaf8ad32','43646308-2e42-416b-a91a-37f2c4cfe661','Revenue','Transactions × Avg Basket','Data/Metric',-340,200,'user_30uQARGezqSApAChPSGSwFyUy85','[{"period":"2025-12","value":679375,"change_percent":0,"trend":"neutral"},{"period":"2026-01","value":701543,"change_percent":3.3,"trend":"up"},{"period":"2026-02","value":718843,"change_percent":2.5,"trend":"up"},{"period":"2026-03","value":744569,"change_percent":3.6,"trend":"up"},{"period":"2026-04","value":788217,"change_percent":5.9,"trend":"up"},{"period":"2026-05","value":831429,"change_percent":5.5,"trend":"up"},{"period":"2026-06","value":869539,"change_percent":4.6,"trend":"up"}]'::jsonb);
INSERT INTO public.metric_cards (id,project_id,title,description,category,position_x,position_y,created_by,data) VALUES ('973b7ad9-dde7-497e-85d1-1fb511dfd13c','43646308-2e42-416b-a91a-37f2c4cfe661','Transactions','Foot traffic × Conversion','Data/Metric',-1190,400,'user_30uQARGezqSApAChPSGSwFyUy85','[{"period":"2025-12","value":11437,"change_percent":0,"trend":"neutral"},{"period":"2026-01","value":12040,"change_percent":5.3,"trend":"up"},{"period":"2026-02","value":13038,"change_percent":8.3,"trend":"up"},{"period":"2026-03","value":14067,"change_percent":7.9,"trend":"up"},{"period":"2026-04","value":14995,"change_percent":6.6,"trend":"up"},{"period":"2026-05","value":15736,"change_percent":4.9,"trend":"up"},{"period":"2026-06","value":16925,"change_percent":7.6,"trend":"up"}]'::jsonb);
INSERT INTO public.metric_cards (id,project_id,title,description,category,position_x,position_y,created_by,data) VALUES ('0d5d1c0a-5a64-4395-9430-e4cc1b6893d9','43646308-2e42-416b-a91a-37f2c4cfe661','Average Basket Value','Items × Avg item price','Data/Metric',-850,400,'user_30uQARGezqSApAChPSGSwFyUy85','[{"period":"2025-12","value":698023,"change_percent":0,"trend":"neutral"},{"period":"2026-01","value":716665,"change_percent":2.7,"trend":"up"},{"period":"2026-02","value":725636,"change_percent":1.3,"trend":"up"},{"period":"2026-03","value":739660,"change_percent":1.9,"trend":"up"},{"period":"2026-04","value":780200,"change_percent":5.5,"trend":"up"},{"period":"2026-05","value":819588,"change_percent":5,"trend":"up"},{"period":"2026-06","value":847344,"change_percent":3.4,"trend":"up"}]'::jsonb);
INSERT INTO public.metric_cards (id,project_id,title,description,category,position_x,position_y,created_by,data) VALUES ('e2c4295c-fdcb-4a74-8715-51377189f2d8','43646308-2e42-416b-a91a-37f2c4cfe661','Foot Traffic','Passersby × Capture rate','Data/Metric',-850,600,'user_30uQARGezqSApAChPSGSwFyUy85','[{"period":"2025-12","value":11354,"change_percent":0,"trend":"neutral"},{"period":"2026-01","value":11817,"change_percent":4.1,"trend":"up"},{"period":"2026-02","value":12491,"change_percent":5.7,"trend":"up"},{"period":"2026-03","value":12972,"change_percent":3.9,"trend":"up"},{"period":"2026-04","value":13647,"change_percent":5.2,"trend":"up"},{"period":"2026-05","value":14664,"change_percent":7.5,"trend":"up"},{"period":"2026-06","value":15563,"change_percent":6.1,"trend":"up"}]'::jsonb);
INSERT INTO public.metric_cards (id,project_id,title,description,category,position_x,position_y,created_by,data) VALUES ('fc30dced-bdf0-4101-ad67-c08f28f8cddb','43646308-2e42-416b-a91a-37f2c4cfe661','Walk-in Conversion %','','Data/Metric',-510,600,'user_30uQARGezqSApAChPSGSwFyUy85','[{"period":"2025-12","value":40.2,"change_percent":0,"trend":"neutral"},{"period":"2026-01","value":41.5,"change_percent":3.2,"trend":"up"},{"period":"2026-02","value":42.5,"change_percent":2.4,"trend":"up"},{"period":"2026-03","value":44.6,"change_percent":4.9,"trend":"up"},{"period":"2026-04","value":45.3,"change_percent":1.6,"trend":"up"},{"period":"2026-05","value":47.3,"change_percent":4.4,"trend":"up"},{"period":"2026-06","value":47.8,"change_percent":1.1,"trend":"up"}]'::jsonb);
INSERT INTO public.metric_cards (id,project_id,title,description,category,position_x,position_y,created_by,data) VALUES ('a4592e1f-6924-421f-b59b-5429ac902fd9','43646308-2e42-416b-a91a-37f2c4cfe661','Items per Basket','','Data/Metric',-170,600,'user_30uQARGezqSApAChPSGSwFyUy85','[{"period":"2025-12","value":531510,"change_percent":0,"trend":"neutral"},{"period":"2026-01","value":564526,"change_percent":6.2,"trend":"up"},{"period":"2026-02","value":586135,"change_percent":3.8,"trend":"up"},{"period":"2026-03","value":621177,"change_percent":6,"trend":"up"},{"period":"2026-04","value":650790,"change_percent":4.8,"trend":"up"},{"period":"2026-05","value":681724,"change_percent":4.8,"trend":"up"},{"period":"2026-06","value":717789,"change_percent":5.3,"trend":"up"}]'::jsonb);
INSERT INTO public.metric_cards (id,project_id,title,description,category,position_x,position_y,created_by,data) VALUES ('c70e133d-b2bf-4d7c-b90d-e6c1b1942de1','43646308-2e42-416b-a91a-37f2c4cfe661','Avg Item Price','','Data/Metric',170,600,'user_30uQARGezqSApAChPSGSwFyUy85','[{"period":"2025-12","value":479728,"change_percent":0,"trend":"neutral"},{"period":"2026-01","value":511059,"change_percent":6.5,"trend":"up"},{"period":"2026-02","value":536030,"change_percent":4.9,"trend":"up"},{"period":"2026-03","value":567760,"change_percent":5.9,"trend":"up"},{"period":"2026-04","value":600220,"change_percent":5.7,"trend":"up"},{"period":"2026-05","value":623346,"change_percent":3.9,"trend":"up"},{"period":"2026-06","value":651753,"change_percent":4.6,"trend":"up"}]'::jsonb);
INSERT INTO public.metric_cards (id,project_id,title,description,category,position_x,position_y,created_by,data) VALUES ('7fd43b1c-aa4f-4205-af23-f162e426fb56','43646308-2e42-416b-a91a-37f2c4cfe661','Impulse / POS add-ons','','Data/Metric',510,600,'user_30uQARGezqSApAChPSGSwFyUy85','[{"period":"2025-12","value":4996,"change_percent":0,"trend":"neutral"},{"period":"2026-01","value":5095,"change_percent":2,"trend":"up"},{"period":"2026-02","value":5332,"change_percent":4.7,"trend":"up"},{"period":"2026-03","value":5597,"change_percent":5,"trend":"up"},{"period":"2026-04","value":5813,"change_percent":3.9,"trend":"up"},{"period":"2026-05","value":6154,"change_percent":5.9,"trend":"up"},{"period":"2026-06","value":6324,"change_percent":2.8,"trend":"up"}]'::jsonb);
INSERT INTO public.metric_cards (id,project_id,title,description,category,position_x,position_y,created_by,data) VALUES ('8e9fa651-e0ce-44ac-8750-edd883c2237c','43646308-2e42-416b-a91a-37f2c4cfe661','Passersby (location footfall)','','Data/Metric',-1360,800,'user_30uQARGezqSApAChPSGSwFyUy85','[{"period":"2025-12","value":70466,"change_percent":0,"trend":"neutral"},{"period":"2026-01","value":75892,"change_percent":7.7,"trend":"up"},{"period":"2026-02","value":81844,"change_percent":7.8,"trend":"up"},{"period":"2026-03","value":87351,"change_percent":6.7,"trend":"up"},{"period":"2026-04","value":93433,"change_percent":7,"trend":"up"},{"period":"2026-05","value":97584,"change_percent":4.4,"trend":"up"},{"period":"2026-06","value":105688,"change_percent":8.3,"trend":"up"}]'::jsonb);
INSERT INTO public.metric_cards (id,project_id,title,description,category,position_x,position_y,created_by,data) VALUES ('3a2f17c5-0e98-4b32-ad6c-2a6ac0f98fc0','43646308-2e42-416b-a91a-37f2c4cfe661','Capture Rate','Share who enter','Data/Metric',-1020,800,'user_30uQARGezqSApAChPSGSwFyUy85','[{"period":"2025-12","value":26.8,"change_percent":0,"trend":"neutral"},{"period":"2026-01","value":28.6,"change_percent":6.7,"trend":"up"},{"period":"2026-02","value":30.3,"change_percent":5.9,"trend":"up"},{"period":"2026-03","value":32.1,"change_percent":5.9,"trend":"up"},{"period":"2026-04","value":33.6,"change_percent":4.7,"trend":"up"},{"period":"2026-05","value":34.9,"change_percent":3.9,"trend":"up"},{"period":"2026-06","value":36.3,"change_percent":4,"trend":"up"}]'::jsonb);
INSERT INTO public.metric_cards (id,project_id,title,description,category,position_x,position_y,created_by,data) VALUES ('6d03547c-c91c-461d-9fdb-d4d3f0abadf2','43646308-2e42-416b-a91a-37f2c4cfe661','Window Display Score','','Data/Metric',-1530,1000,'user_30uQARGezqSApAChPSGSwFyUy85','[{"period":"2025-12","value":288,"change_percent":0,"trend":"neutral"},{"period":"2026-01","value":290,"change_percent":0.7,"trend":"neutral"},{"period":"2026-02","value":296,"change_percent":2.1,"trend":"up"},{"period":"2026-03","value":297,"change_percent":0.3,"trend":"neutral"},{"period":"2026-04","value":305,"change_percent":2.7,"trend":"up"},{"period":"2026-05","value":312,"change_percent":2.3,"trend":"up"},{"period":"2026-06","value":324,"change_percent":3.8,"trend":"up"}]'::jsonb);
INSERT INTO public.metric_cards (id,project_id,title,description,category,position_x,position_y,created_by,data) VALUES ('78ff1281-c91e-4221-b966-de6ae48ad66a','43646308-2e42-416b-a91a-37f2c4cfe661','Signage / Promo Visibility','','Data/Metric',-1190,1000,'user_30uQARGezqSApAChPSGSwFyUy85','[{"period":"2025-12","value":2351,"change_percent":0,"trend":"neutral"},{"period":"2026-01","value":2465,"change_percent":4.8,"trend":"up"},{"period":"2026-02","value":2668,"change_percent":8.2,"trend":"up"},{"period":"2026-03","value":2811,"change_percent":5.4,"trend":"up"},{"period":"2026-04","value":2996,"change_percent":6.6,"trend":"up"},{"period":"2026-05","value":3119,"change_percent":4.1,"trend":"up"},{"period":"2026-06","value":3305,"change_percent":6,"trend":"up"}]'::jsonb);
INSERT INTO public.metric_cards (id,project_id,title,description,category,position_x,position_y,created_by,data) VALUES ('efe8e640-3ea2-4eba-b2b1-bf4ee65c84da','43646308-2e42-416b-a91a-37f2c4cfe661','Local Marketing Reach','','Data/Metric',-850,1000,'user_30uQARGezqSApAChPSGSwFyUy85','[{"period":"2025-12","value":21269,"change_percent":0,"trend":"neutral"},{"period":"2026-01","value":21374,"change_percent":0.5,"trend":"neutral"},{"period":"2026-02","value":22351,"change_percent":4.6,"trend":"up"},{"period":"2026-03","value":23189,"change_percent":3.7,"trend":"up"},{"period":"2026-04","value":23539,"change_percent":1.5,"trend":"up"},{"period":"2026-05","value":24203,"change_percent":2.8,"trend":"up"},{"period":"2026-06","value":24254,"change_percent":0.2,"trend":"neutral"}]'::jsonb);
INSERT INTO public.metric_cards (id,project_id,title,description,category,position_x,position_y,created_by,data) VALUES ('e35ba059-2de4-439b-9547-c6aa45a0af83','43646308-2e42-416b-a91a-37f2c4cfe661','Local Social Awareness','Reach × engagement','Data/Metric',-510,1000,'user_30uQARGezqSApAChPSGSwFyUy85','[{"period":"2025-12","value":1490,"change_percent":0,"trend":"neutral"},{"period":"2026-01","value":1578,"change_percent":5.9,"trend":"up"},{"period":"2026-02","value":1656,"change_percent":4.9,"trend":"up"},{"period":"2026-03","value":1791,"change_percent":8.2,"trend":"up"},{"period":"2026-04","value":1897,"change_percent":5.9,"trend":"up"},{"period":"2026-05","value":1959,"change_percent":3.3,"trend":"up"},{"period":"2026-06","value":2089,"change_percent":6.6,"trend":"up"}]'::jsonb);
INSERT INTO public.metric_cards (id,project_id,title,description,category,position_x,position_y,created_by,data) VALUES ('28f46190-2dab-4a0f-b58d-ce3103567258','43646308-2e42-416b-a91a-37f2c4cfe661','Social Reach / Followers','','Data/Metric',-510,1200,'user_30uQARGezqSApAChPSGSwFyUy85','[{"period":"2025-12","value":64698,"change_percent":0,"trend":"neutral"},{"period":"2026-01","value":69697,"change_percent":7.7,"trend":"up"},{"period":"2026-02","value":73250,"change_percent":5.1,"trend":"up"},{"period":"2026-03","value":76123,"change_percent":3.9,"trend":"up"},{"period":"2026-04","value":81582,"change_percent":7.2,"trend":"up"},{"period":"2026-05","value":85862,"change_percent":5.2,"trend":"up"},{"period":"2026-06","value":90434,"change_percent":5.3,"trend":"up"}]'::jsonb);
INSERT INTO public.metric_cards (id,project_id,title,description,category,position_x,position_y,created_by,data) VALUES ('1f6e9d0f-6163-4b03-9311-470a9188b439','43646308-2e42-416b-a91a-37f2c4cfe661','Social Engagement','','Data/Metric',-170,1200,'user_30uQARGezqSApAChPSGSwFyUy85','[{"period":"2025-12","value":4822,"change_percent":0,"trend":"neutral"},{"period":"2026-01","value":4871,"change_percent":1,"trend":"neutral"},{"period":"2026-02","value":5004,"change_percent":2.7,"trend":"up"},{"period":"2026-03","value":5040,"change_percent":0.7,"trend":"neutral"},{"period":"2026-04","value":5201,"change_percent":3.2,"trend":"up"},{"period":"2026-05","value":5360,"change_percent":3.1,"trend":"up"},{"period":"2026-06","value":5626,"change_percent":5,"trend":"up"}]'::jsonb);
INSERT INTO public.metric_cards (id,project_id,title,description,category,position_x,position_y,created_by,data) VALUES ('6908cbd2-f6f3-44fb-b6c1-86d0cf097dd2','43646308-2e42-416b-a91a-37f2c4cfe661','In-store Events / Promos','','Data/Metric',-680,800,'user_30uQARGezqSApAChPSGSwFyUy85','[{"period":"2025-12","value":4315,"change_percent":0,"trend":"neutral"},{"period":"2026-01","value":4605,"change_percent":6.7,"trend":"up"},{"period":"2026-02","value":4863,"change_percent":5.6,"trend":"up"},{"period":"2026-03","value":5212,"change_percent":7.2,"trend":"up"},{"period":"2026-04","value":5394,"change_percent":3.5,"trend":"up"},{"period":"2026-05","value":5686,"change_percent":5.4,"trend":"up"},{"period":"2026-06","value":6027,"change_percent":6,"trend":"up"}]'::jsonb);
INSERT INTO public.metric_cards (id,project_id,title,description,category,position_x,position_y,created_by,data) VALUES ('0c8472fa-a429-4b8d-964c-36b64f7efc7f','43646308-2e42-416b-a91a-37f2c4cfe661','Seasonality / Weather','','Data/Metric',-170,1000,'user_30uQARGezqSApAChPSGSwFyUy85','[{"period":"2025-12","value":4930,"change_percent":0,"trend":"neutral"},{"period":"2026-01","value":5237,"change_percent":6.2,"trend":"up"},{"period":"2026-02","value":5423,"change_percent":3.6,"trend":"up"},{"period":"2026-03","value":5542,"change_percent":2.2,"trend":"up"},{"period":"2026-04","value":5690,"change_percent":2.7,"trend":"up"},{"period":"2026-05","value":5967,"change_percent":4.9,"trend":"up"},{"period":"2026-06","value":6363,"change_percent":6.6,"trend":"up"}]'::jsonb);
INSERT INTO public.metric_cards (id,project_id,title,description,category,position_x,position_y,created_by,data) VALUES ('34b65fc7-5ea5-44f6-9442-16ae41b6706e','43646308-2e42-416b-a91a-37f2c4cfe661','Staff : Customer Ratio','','Data/Metric',-340,800,'user_30uQARGezqSApAChPSGSwFyUy85','[{"period":"2025-12","value":39.5,"change_percent":0,"trend":"neutral"},{"period":"2026-01","value":41.8,"change_percent":5.8,"trend":"up"},{"period":"2026-02","value":43.2,"change_percent":3.3,"trend":"up"},{"period":"2026-03","value":45.4,"change_percent":5.1,"trend":"up"},{"period":"2026-04","value":47.8,"change_percent":5.3,"trend":"up"},{"period":"2026-05","value":49.3,"change_percent":3.1,"trend":"up"},{"period":"2026-06","value":53.2,"change_percent":7.9,"trend":"up"}]'::jsonb);
INSERT INTO public.metric_cards (id,project_id,title,description,category,position_x,position_y,created_by,data) VALUES ('e61314a7-3f5c-43ba-95ca-1c60c4a0a634','43646308-2e42-416b-a91a-37f2c4cfe661','Product Availability %','','Data/Metric',0,800,'user_30uQARGezqSApAChPSGSwFyUy85','[{"period":"2025-12","value":31.5,"change_percent":0,"trend":"neutral"},{"period":"2026-01","value":33.9,"change_percent":7.6,"trend":"up"},{"period":"2026-02","value":35.8,"change_percent":5.6,"trend":"up"},{"period":"2026-03","value":38.4,"change_percent":7.3,"trend":"up"},{"period":"2026-04","value":41.6,"change_percent":8.3,"trend":"up"},{"period":"2026-05","value":44.9,"change_percent":7.9,"trend":"up"},{"period":"2026-06","value":48.6,"change_percent":8.2,"trend":"up"}]'::jsonb);
INSERT INTO public.metric_cards (id,project_id,title,description,category,position_x,position_y,created_by,data) VALUES ('cbe46104-c3ac-4802-9755-389e03dfe6e5','43646308-2e42-416b-a91a-37f2c4cfe661','Avg Queue Time','','Data/Metric',340,800,'user_30uQARGezqSApAChPSGSwFyUy85','[{"period":"2025-12","value":4835,"change_percent":0,"trend":"neutral"},{"period":"2026-01","value":4460,"change_percent":-7.8,"trend":"down"},{"period":"2026-02","value":4134,"change_percent":-7.3,"trend":"down"},{"period":"2026-03","value":3972,"change_percent":-3.9,"trend":"down"},{"period":"2026-04","value":3633,"change_percent":-8.5,"trend":"down"},{"period":"2026-05","value":3368,"change_percent":-7.3,"trend":"down"},{"period":"2026-06","value":3125,"change_percent":-7.2,"trend":"down"}]'::jsonb);
INSERT INTO public.metric_cards (id,project_id,title,description,category,position_x,position_y,created_by,data) VALUES ('2a3a339e-693d-4e2f-94da-dae037787116','43646308-2e42-416b-a91a-37f2c4cfe661','Loyalty Members','','Data/Metric',170,1000,'user_30uQARGezqSApAChPSGSwFyUy85','[{"period":"2025-12","value":22386,"change_percent":0,"trend":"neutral"},{"period":"2026-01","value":23218,"change_percent":3.7,"trend":"up"},{"period":"2026-02","value":24399,"change_percent":5.1,"trend":"up"},{"period":"2026-03","value":25137,"change_percent":3,"trend":"up"},{"period":"2026-04","value":26354,"change_percent":4.8,"trend":"up"},{"period":"2026-05","value":27095,"change_percent":2.8,"trend":"up"},{"period":"2026-06","value":28836,"change_percent":6.4,"trend":"up"}]'::jsonb);
INSERT INTO public.metric_cards (id,project_id,title,description,category,position_x,position_y,created_by,data) VALUES ('cd55f54f-9904-4197-818c-0d7d8d5bdcef','43646308-2e42-416b-a91a-37f2c4cfe661','Repeat Visit Rate','','Data/Metric',680,800,'user_30uQARGezqSApAChPSGSwFyUy85','[{"period":"2025-12","value":11.3,"change_percent":0,"trend":"neutral"},{"period":"2026-01","value":11.9,"change_percent":5.3,"trend":"up"},{"period":"2026-02","value":12.5,"change_percent":5,"trend":"up"},{"period":"2026-03","value":13.2,"change_percent":5.6,"trend":"up"},{"period":"2026-04","value":13.5,"change_percent":2.3,"trend":"up"},{"period":"2026-05","value":13.8,"change_percent":2.2,"trend":"up"},{"period":"2026-06","value":14.3,"change_percent":3.6,"trend":"up"}]'::jsonb);
INSERT INTO public.metric_cards (id,project_id,title,description,category,position_x,position_y,created_by,data) VALUES ('35ed9b00-c224-4a74-8d2e-104215b2e594','43646308-2e42-416b-a91a-37f2c4cfe661','Customer Satisfaction (NPS)','','Data/Metric',510,1000,'user_30uQARGezqSApAChPSGSwFyUy85','[{"period":"2025-12","value":63.9,"change_percent":0,"trend":"neutral"},{"period":"2026-01","value":68.6,"change_percent":7.4,"trend":"up"},{"period":"2026-02","value":73.6,"change_percent":7.3,"trend":"up"},{"period":"2026-03","value":79.5,"change_percent":8,"trend":"up"},{"period":"2026-04","value":83.7,"change_percent":5.3,"trend":"up"},{"period":"2026-05","value":91.1,"change_percent":8.8,"trend":"up"},{"period":"2026-06","value":95.6,"change_percent":4.9,"trend":"up"}]'::jsonb);
INSERT INTO public.metric_cards (id,project_id,title,description,category,position_x,position_y,created_by,data) VALUES ('261bcd22-11a5-4d7d-bc20-2c380343918a','43646308-2e42-416b-a91a-37f2c4cfe661','Total Costs','','Data/Metric',0,200,'user_30uQARGezqSApAChPSGSwFyUy85','[{"period":"2025-12","value":793773,"change_percent":0,"trend":"neutral"},{"period":"2026-01","value":750561,"change_percent":-5.4,"trend":"down"},{"period":"2026-02","value":727502,"change_percent":-3.1,"trend":"down"},{"period":"2026-03","value":702487,"change_percent":-3.4,"trend":"down"},{"period":"2026-04","value":696645,"change_percent":-0.8,"trend":"neutral"},{"period":"2026-05","value":661408,"change_percent":-5.1,"trend":"down"},{"period":"2026-06","value":632982,"change_percent":-4.3,"trend":"down"}]'::jsonb);
INSERT INTO public.metric_cards (id,project_id,title,description,category,position_x,position_y,created_by,data) VALUES ('3e390688-ac6e-4729-a493-a9b8dc00ec0f','43646308-2e42-416b-a91a-37f2c4cfe661','COGS','','Data/Metric',-510,400,'user_30uQARGezqSApAChPSGSwFyUy85','[{"period":"2025-12","value":109770,"change_percent":0,"trend":"neutral"},{"period":"2026-01","value":106152,"change_percent":-3.3,"trend":"down"},{"period":"2026-02","value":103369,"change_percent":-2.6,"trend":"down"},{"period":"2026-03","value":100498,"change_percent":-2.8,"trend":"down"},{"period":"2026-04","value":97184,"change_percent":-3.3,"trend":"down"},{"period":"2026-05","value":91899,"change_percent":-5.4,"trend":"down"},{"period":"2026-06","value":90778,"change_percent":-1.2,"trend":"down"}]'::jsonb);
INSERT INTO public.metric_cards (id,project_id,title,description,category,position_x,position_y,created_by,data) VALUES ('c101f886-2d01-4e2a-adcc-2fd3cd247674','43646308-2e42-416b-a91a-37f2c4cfe661','Gross Margin %','','Data/Metric',340,200,'user_30uQARGezqSApAChPSGSwFyUy85','[{"period":"2025-12","value":60.7,"change_percent":0,"trend":"neutral"},{"period":"2026-01","value":65.9,"change_percent":8.6,"trend":"up"},{"period":"2026-02","value":69.4,"change_percent":5.3,"trend":"up"},{"period":"2026-03","value":75.4,"change_percent":8.6,"trend":"up"},{"period":"2026-04","value":81.4,"change_percent":8,"trend":"up"},{"period":"2026-05","value":86.8,"change_percent":6.6,"trend":"up"},{"period":"2026-06","value":94.1,"change_percent":8.4,"trend":"up"}]'::jsonb);
INSERT INTO public.metric_cards (id,project_id,title,description,category,position_x,position_y,created_by,data) VALUES ('f5ca328e-065c-410b-af45-6f719a854dc0','43646308-2e42-416b-a91a-37f2c4cfe661','Rent','','Data/Metric',-170,400,'user_30uQARGezqSApAChPSGSwFyUy85','[{"period":"2025-12","value":554959,"change_percent":0,"trend":"neutral"},{"period":"2026-01","value":605660,"change_percent":9.1,"trend":"up"},{"period":"2026-02","value":654293,"change_percent":8,"trend":"up"},{"period":"2026-03","value":698735,"change_percent":6.8,"trend":"up"},{"period":"2026-04","value":742741,"change_percent":6.3,"trend":"up"},{"period":"2026-05","value":811562,"change_percent":9.3,"trend":"up"},{"period":"2026-06","value":878893,"change_percent":8.3,"trend":"up"}]'::jsonb);
INSERT INTO public.metric_cards (id,project_id,title,description,category,position_x,position_y,created_by,data) VALUES ('0ab1e02e-a151-474e-baf9-981b837443c3','43646308-2e42-416b-a91a-37f2c4cfe661','Labor Cost','','Data/Metric',170,400,'user_30uQARGezqSApAChPSGSwFyUy85','[{"period":"2025-12","value":7965,"change_percent":0,"trend":"neutral"},{"period":"2026-01","value":7585,"change_percent":-4.8,"trend":"down"},{"period":"2026-02","value":7316,"change_percent":-3.5,"trend":"down"},{"period":"2026-03","value":7038,"change_percent":-3.8,"trend":"down"},{"period":"2026-04","value":6868,"change_percent":-2.4,"trend":"down"},{"period":"2026-05","value":6716,"change_percent":-2.2,"trend":"down"},{"period":"2026-06","value":6454,"change_percent":-3.9,"trend":"down"}]'::jsonb);
INSERT INTO public.metric_cards (id,project_id,title,description,category,position_x,position_y,created_by,data) VALUES ('f67dca1e-fcca-4489-bf77-1859eaa5b6a3','43646308-2e42-416b-a91a-37f2c4cfe661','Staff Hours','','Data/Metric',850,1000,'user_30uQARGezqSApAChPSGSwFyUy85','[{"period":"2025-12","value":1513,"change_percent":0,"trend":"neutral"},{"period":"2026-01","value":1618,"change_percent":6.9,"trend":"up"},{"period":"2026-02","value":1705,"change_percent":5.4,"trend":"up"},{"period":"2026-03","value":1805,"change_percent":5.9,"trend":"up"},{"period":"2026-04","value":1873,"change_percent":3.8,"trend":"up"},{"period":"2026-05","value":1964,"change_percent":4.9,"trend":"up"},{"period":"2026-06","value":2115,"change_percent":7.7,"trend":"up"}]'::jsonb);
INSERT INTO public.metric_cards (id,project_id,title,description,category,position_x,position_y,created_by,data) VALUES ('308c0c8d-e9d4-4deb-afe3-70f6b6df8949','43646308-2e42-416b-a91a-37f2c4cfe661','Avg Wage','','Data/Metric',850,600,'user_30uQARGezqSApAChPSGSwFyUy85','[{"period":"2025-12","value":744300,"change_percent":0,"trend":"neutral"},{"period":"2026-01","value":744481,"change_percent":0,"trend":"neutral"},{"period":"2026-02","value":752055,"change_percent":1,"trend":"neutral"},{"period":"2026-03","value":786133,"change_percent":4.5,"trend":"up"},{"period":"2026-04","value":795921,"change_percent":1.2,"trend":"up"},{"period":"2026-05","value":825600,"change_percent":3.7,"trend":"up"},{"period":"2026-06","value":830774,"change_percent":0.6,"trend":"neutral"}]'::jsonb);
INSERT INTO public.metric_cards (id,project_id,title,description,category,position_x,position_y,created_by,data) VALUES ('8d101c2f-20df-4642-be0b-efa687b22d69','43646308-2e42-416b-a91a-37f2c4cfe661','Utilities','','Data/Metric',510,400,'user_30uQARGezqSApAChPSGSwFyUy85','[{"period":"2025-12","value":4344,"change_percent":0,"trend":"neutral"},{"period":"2026-01","value":4415,"change_percent":1.6,"trend":"up"},{"period":"2026-02","value":4410,"change_percent":-0.1,"trend":"neutral"},{"period":"2026-03","value":4610,"change_percent":4.5,"trend":"up"},{"period":"2026-04","value":4759,"change_percent":3.2,"trend":"up"},{"period":"2026-05","value":4911,"change_percent":3.2,"trend":"up"},{"period":"2026-06","value":5061,"change_percent":3.1,"trend":"up"}]'::jsonb);
INSERT INTO public.metric_cards (id,project_id,title,description,category,position_x,position_y,created_by,data) VALUES ('b6902b55-d08c-48a5-997e-e1449f81b1e8','43646308-2e42-416b-a91a-37f2c4cfe661','Shrinkage (loss/theft)','','Data/Metric',850,400,'user_30uQARGezqSApAChPSGSwFyUy85','[{"period":"2025-12","value":1926,"change_percent":0,"trend":"neutral"},{"period":"2026-01","value":1871,"change_percent":-2.9,"trend":"down"},{"period":"2026-02","value":1817,"change_percent":-2.9,"trend":"down"},{"period":"2026-03","value":1694,"change_percent":-6.8,"trend":"down"},{"period":"2026-04","value":1586,"change_percent":-6.4,"trend":"down"},{"period":"2026-05","value":1540,"change_percent":-2.9,"trend":"down"},{"period":"2026-06","value":1444,"change_percent":-6.2,"trend":"down"}]'::jsonb);
INSERT INTO public.metric_cards (id,project_id,title,description,category,position_x,position_y,created_by,data) VALUES ('9369386a-b6e0-4648-b78f-951b68b06bd0','43646308-2e42-416b-a91a-37f2c4cfe661','Marketing Spend','','Data/Metric',1190,400,'user_30uQARGezqSApAChPSGSwFyUy85','[{"period":"2025-12","value":707183,"change_percent":0,"trend":"neutral"},{"period":"2026-01","value":757796,"change_percent":7.2,"trend":"up"},{"period":"2026-02","value":800423,"change_percent":5.6,"trend":"up"},{"period":"2026-03","value":859217,"change_percent":7.3,"trend":"up"},{"period":"2026-04","value":924371,"change_percent":7.6,"trend":"up"},{"period":"2026-05","value":980000,"change_percent":6,"trend":"up"},{"period":"2026-06","value":1033112,"change_percent":5.4,"trend":"up"}]'::jsonb);
INSERT INTO public.metric_cards (id,project_id,title,description,category,position_x,position_y,created_by,data) VALUES ('94770b73-942b-4c4a-b6fd-a50f201e95c2','43646308-2e42-416b-a91a-37f2c4cfe661','Staff sales training','','Work/Action',1020,800,'user_30uQARGezqSApAChPSGSwFyUy85','[]'::jsonb);
INSERT INTO public.metric_cards (id,project_id,title,description,category,position_x,position_y,created_by,data) VALUES ('13be3ae3-4698-4e50-aee4-86473672acf2','43646308-2e42-416b-a91a-37f2c4cfe661','Loyalty program','','Work/Action',170,1200,'user_30uQARGezqSApAChPSGSwFyUy85','[]'::jsonb);
INSERT INTO public.metric_cards (id,project_id,title,description,category,position_x,position_y,created_by,data) VALUES ('f4a5070c-a0b7-4a43-a068-0616f3fe5cc4','43646308-2e42-416b-a91a-37f2c4cfe661','Refresh window display','','Work/Action',510,1200,'user_30uQARGezqSApAChPSGSwFyUy85','[]'::jsonb);
INSERT INTO public.metric_cards (id,project_id,title,description,category,position_x,position_y,created_by,data) VALUES ('5fc25af2-162c-4e99-9f6a-1928b04f03c6','43646308-2e42-416b-a91a-37f2c4cfe661','Local social campaign','','Work/Action',0,1400,'user_30uQARGezqSApAChPSGSwFyUy85','[]'::jsonb);
INSERT INTO public.metric_cards (id,project_id,title,description,category,position_x,position_y,created_by,data) VALUES ('529c0ef3-caba-4066-b113-1518c3f14a0a','43646308-2e42-416b-a91a-37f2c4cfe661','Optimize store layout','','Work/Action',1360,800,'user_30uQARGezqSApAChPSGSwFyUy85','[]'::jsonb);
INSERT INTO public.metric_cards (id,project_id,title,description,category,position_x,position_y,created_by,data) VALUES ('772ca8e3-e12a-45a4-adcc-f20af2c4b7b9','43646308-2e42-416b-a91a-37f2c4cfe661','Weekend events lift foot traffic','','Ideas/Hypothesis',1190,1000,'user_30uQARGezqSApAChPSGSwFyUy85','[]'::jsonb);
INSERT INTO public.metric_cards (id,project_id,title,description,category,position_x,position_y,created_by,data) VALUES ('bbdae9cb-8541-4958-b7b9-901d9e56277b','43646308-2e42-416b-a91a-37f2c4cfe661','More staff lifts conversion','','Ideas/Hypothesis',1530,1000,'user_30uQARGezqSApAChPSGSwFyUy85','[]'::jsonb);
INSERT INTO public.relationships (id,project_id,source_id,target_id,type,confidence,weight,created_by) VALUES ('5537da7d-a588-43ca-8e38-c2b068246c75','43646308-2e42-416b-a91a-37f2c4cfe661','f128cdfd-8168-4259-93d7-018dcaf8ad32','aa24b181-9621-4560-95e9-33f3ff2ec556','Compositional','High',95,'user_30uQARGezqSApAChPSGSwFyUy85');
INSERT INTO public.relationships (id,project_id,source_id,target_id,type,confidence,weight,created_by) VALUES ('f4baf493-fb3b-4a5c-a583-5cf5827f9936','43646308-2e42-416b-a91a-37f2c4cfe661','261bcd22-11a5-4d7d-bc20-2c380343918a','aa24b181-9621-4560-95e9-33f3ff2ec556','Compositional','High',90,'user_30uQARGezqSApAChPSGSwFyUy85');
INSERT INTO public.relationships (id,project_id,source_id,target_id,type,confidence,weight,created_by) VALUES ('451b4be6-497f-468e-bdb0-c3631983a0a5','43646308-2e42-416b-a91a-37f2c4cfe661','c101f886-2d01-4e2a-adcc-2fd3cd247674','aa24b181-9621-4560-95e9-33f3ff2ec556','Causal','High',70,'user_30uQARGezqSApAChPSGSwFyUy85');
INSERT INTO public.relationships (id,project_id,source_id,target_id,type,confidence,weight,created_by) VALUES ('81428094-cf8d-45e2-b897-d71365d46f6f','43646308-2e42-416b-a91a-37f2c4cfe661','973b7ad9-dde7-497e-85d1-1fb511dfd13c','f128cdfd-8168-4259-93d7-018dcaf8ad32','Deterministic','High',95,'user_30uQARGezqSApAChPSGSwFyUy85');
INSERT INTO public.relationships (id,project_id,source_id,target_id,type,confidence,weight,created_by) VALUES ('4cf2de47-dcb7-436d-b066-15d4048cbb17','43646308-2e42-416b-a91a-37f2c4cfe661','0d5d1c0a-5a64-4395-9430-e4cc1b6893d9','f128cdfd-8168-4259-93d7-018dcaf8ad32','Deterministic','High',90,'user_30uQARGezqSApAChPSGSwFyUy85');
INSERT INTO public.relationships (id,project_id,source_id,target_id,type,confidence,weight,created_by) VALUES ('79becf55-b12e-42e4-86ef-760d34e2eca1','43646308-2e42-416b-a91a-37f2c4cfe661','e2c4295c-fdcb-4a74-8715-51377189f2d8','973b7ad9-dde7-497e-85d1-1fb511dfd13c','Deterministic','High',90,'user_30uQARGezqSApAChPSGSwFyUy85');
INSERT INTO public.relationships (id,project_id,source_id,target_id,type,confidence,weight,created_by) VALUES ('f0f2e276-ba68-4335-b466-5852a197270d','43646308-2e42-416b-a91a-37f2c4cfe661','fc30dced-bdf0-4101-ad67-c08f28f8cddb','973b7ad9-dde7-497e-85d1-1fb511dfd13c','Probabilistic','High',85,'user_30uQARGezqSApAChPSGSwFyUy85');
INSERT INTO public.relationships (id,project_id,source_id,target_id,type,confidence,weight,created_by) VALUES ('617f2d0f-b3ca-476a-bf41-4e8ad975cafa','43646308-2e42-416b-a91a-37f2c4cfe661','a4592e1f-6924-421f-b59b-5429ac902fd9','0d5d1c0a-5a64-4395-9430-e4cc1b6893d9','Deterministic','High',80,'user_30uQARGezqSApAChPSGSwFyUy85');
INSERT INTO public.relationships (id,project_id,source_id,target_id,type,confidence,weight,created_by) VALUES ('ecc128b7-8108-4a71-b21f-137575a538f8','43646308-2e42-416b-a91a-37f2c4cfe661','c70e133d-b2bf-4d7c-b90d-e6c1b1942de1','0d5d1c0a-5a64-4395-9430-e4cc1b6893d9','Deterministic','High',75,'user_30uQARGezqSApAChPSGSwFyUy85');
INSERT INTO public.relationships (id,project_id,source_id,target_id,type,confidence,weight,created_by) VALUES ('d0d3fd65-0780-4a81-8b17-bf7b531905a9','43646308-2e42-416b-a91a-37f2c4cfe661','7fd43b1c-aa4f-4205-af23-f162e426fb56','0d5d1c0a-5a64-4395-9430-e4cc1b6893d9','Causal','High',55,'user_30uQARGezqSApAChPSGSwFyUy85');
INSERT INTO public.relationships (id,project_id,source_id,target_id,type,confidence,weight,created_by) VALUES ('90ce187f-d054-4bec-929b-7c5d8bf6879a','43646308-2e42-416b-a91a-37f2c4cfe661','8e9fa651-e0ce-44ac-8750-edd883c2237c','e2c4295c-fdcb-4a74-8715-51377189f2d8','Deterministic','High',80,'user_30uQARGezqSApAChPSGSwFyUy85');
INSERT INTO public.relationships (id,project_id,source_id,target_id,type,confidence,weight,created_by) VALUES ('72786302-dcef-462d-a476-70d8d79806f3','43646308-2e42-416b-a91a-37f2c4cfe661','3a2f17c5-0e98-4b32-ad6c-2a6ac0f98fc0','e2c4295c-fdcb-4a74-8715-51377189f2d8','Probabilistic','High',75,'user_30uQARGezqSApAChPSGSwFyUy85');
INSERT INTO public.relationships (id,project_id,source_id,target_id,type,confidence,weight,created_by) VALUES ('0267b8c4-788b-42c6-aec1-ac584ba02287','43646308-2e42-416b-a91a-37f2c4cfe661','6d03547c-c91c-461d-9fdb-d4d3f0abadf2','3a2f17c5-0e98-4b32-ad6c-2a6ac0f98fc0','Causal','High',70,'user_30uQARGezqSApAChPSGSwFyUy85');
INSERT INTO public.relationships (id,project_id,source_id,target_id,type,confidence,weight,created_by) VALUES ('d4129479-377c-44f4-81eb-dc0187661665','43646308-2e42-416b-a91a-37f2c4cfe661','78ff1281-c91e-4221-b966-de6ae48ad66a','3a2f17c5-0e98-4b32-ad6c-2a6ac0f98fc0','Causal','High',60,'user_30uQARGezqSApAChPSGSwFyUy85');
INSERT INTO public.relationships (id,project_id,source_id,target_id,type,confidence,weight,created_by) VALUES ('b61d1349-bb7d-4be9-8b07-0bef17ce0fc3','43646308-2e42-416b-a91a-37f2c4cfe661','efe8e640-3ea2-4eba-b2b1-bf4ee65c84da','8e9fa651-e0ce-44ac-8750-edd883c2237c','Causal','High',55,'user_30uQARGezqSApAChPSGSwFyUy85');
INSERT INTO public.relationships (id,project_id,source_id,target_id,type,confidence,weight,created_by) VALUES ('dd7dfa92-2f74-4227-9729-74908805d4aa','43646308-2e42-416b-a91a-37f2c4cfe661','e35ba059-2de4-439b-9547-c6aa45a0af83','8e9fa651-e0ce-44ac-8750-edd883c2237c','Causal','High',50,'user_30uQARGezqSApAChPSGSwFyUy85');
INSERT INTO public.relationships (id,project_id,source_id,target_id,type,confidence,weight,created_by) VALUES ('499f723f-f6e7-48a7-aefa-54c66808548f','43646308-2e42-416b-a91a-37f2c4cfe661','28f46190-2dab-4a0f-b58d-ce3103567258','e35ba059-2de4-439b-9547-c6aa45a0af83','Causal','High',65,'user_30uQARGezqSApAChPSGSwFyUy85');
INSERT INTO public.relationships (id,project_id,source_id,target_id,type,confidence,weight,created_by) VALUES ('e525a48c-71c5-4db8-90d6-c77b0466941e','43646308-2e42-416b-a91a-37f2c4cfe661','1f6e9d0f-6163-4b03-9311-470a9188b439','e35ba059-2de4-439b-9547-c6aa45a0af83','Causal','High',55,'user_30uQARGezqSApAChPSGSwFyUy85');
INSERT INTO public.relationships (id,project_id,source_id,target_id,type,confidence,weight,created_by) VALUES ('fe30238c-e527-4073-831a-306bd4d95264','43646308-2e42-416b-a91a-37f2c4cfe661','6908cbd2-f6f3-44fb-b6c1-86d0cf097dd2','e2c4295c-fdcb-4a74-8715-51377189f2d8','Causal','High',60,'user_30uQARGezqSApAChPSGSwFyUy85');
INSERT INTO public.relationships (id,project_id,source_id,target_id,type,confidence,weight,created_by) VALUES ('c4844f56-20bb-459c-8986-e4c3cb40eaf6','43646308-2e42-416b-a91a-37f2c4cfe661','0c8472fa-a429-4b8d-964c-36b64f7efc7f','8e9fa651-e0ce-44ac-8750-edd883c2237c','Causal','High',50,'user_30uQARGezqSApAChPSGSwFyUy85');
INSERT INTO public.relationships (id,project_id,source_id,target_id,type,confidence,weight,created_by) VALUES ('fcf39c28-dd68-4225-9ee2-7e67ee238199','43646308-2e42-416b-a91a-37f2c4cfe661','34b65fc7-5ea5-44f6-9442-16ae41b6706e','fc30dced-bdf0-4101-ad67-c08f28f8cddb','Causal','High',70,'user_30uQARGezqSApAChPSGSwFyUy85');
INSERT INTO public.relationships (id,project_id,source_id,target_id,type,confidence,weight,created_by) VALUES ('44f0cc2f-80e6-4b94-be59-265200ced30c','43646308-2e42-416b-a91a-37f2c4cfe661','e61314a7-3f5c-43ba-95ca-1c60c4a0a634','fc30dced-bdf0-4101-ad67-c08f28f8cddb','Causal','High',70,'user_30uQARGezqSApAChPSGSwFyUy85');
INSERT INTO public.relationships (id,project_id,source_id,target_id,type,confidence,weight,created_by) VALUES ('97721056-6407-468f-8703-7685ea43a773','43646308-2e42-416b-a91a-37f2c4cfe661','cbe46104-c3ac-4802-9755-389e03dfe6e5','fc30dced-bdf0-4101-ad67-c08f28f8cddb','Causal','High',60,'user_30uQARGezqSApAChPSGSwFyUy85');
INSERT INTO public.relationships (id,project_id,source_id,target_id,type,confidence,weight,created_by) VALUES ('b570a3c4-c050-4e20-88ad-b92c998e559c','43646308-2e42-416b-a91a-37f2c4cfe661','2a3a339e-693d-4e2f-94da-dae037787116','cd55f54f-9904-4197-818c-0d7d8d5bdcef','Causal','High',70,'user_30uQARGezqSApAChPSGSwFyUy85');
INSERT INTO public.relationships (id,project_id,source_id,target_id,type,confidence,weight,created_by) VALUES ('ac318bc0-ead7-452f-8d65-521cb3c0496c','43646308-2e42-416b-a91a-37f2c4cfe661','cd55f54f-9904-4197-818c-0d7d8d5bdcef','e2c4295c-fdcb-4a74-8715-51377189f2d8','Causal','High',55,'user_30uQARGezqSApAChPSGSwFyUy85');
INSERT INTO public.relationships (id,project_id,source_id,target_id,type,confidence,weight,created_by) VALUES ('90032578-b876-4e5e-87f1-2476962ae389','43646308-2e42-416b-a91a-37f2c4cfe661','35ed9b00-c224-4a74-8d2e-104215b2e594','cd55f54f-9904-4197-818c-0d7d8d5bdcef','Causal','High',60,'user_30uQARGezqSApAChPSGSwFyUy85');
INSERT INTO public.relationships (id,project_id,source_id,target_id,type,confidence,weight,created_by) VALUES ('ff1a0465-823f-4658-9e82-6d81d7ecff59','43646308-2e42-416b-a91a-37f2c4cfe661','3e390688-ac6e-4729-a493-a9b8dc00ec0f','261bcd22-11a5-4d7d-bc20-2c380343918a','Compositional','High',80,'user_30uQARGezqSApAChPSGSwFyUy85');
INSERT INTO public.relationships (id,project_id,source_id,target_id,type,confidence,weight,created_by) VALUES ('2f3c8491-1b05-4de2-9dae-b82e5e1253bb','43646308-2e42-416b-a91a-37f2c4cfe661','f5ca328e-065c-410b-af45-6f719a854dc0','261bcd22-11a5-4d7d-bc20-2c380343918a','Compositional','High',70,'user_30uQARGezqSApAChPSGSwFyUy85');
INSERT INTO public.relationships (id,project_id,source_id,target_id,type,confidence,weight,created_by) VALUES ('cb2fdf10-d7ea-424e-86e1-a5326d805b33','43646308-2e42-416b-a91a-37f2c4cfe661','0ab1e02e-a151-474e-baf9-981b837443c3','261bcd22-11a5-4d7d-bc20-2c380343918a','Compositional','High',75,'user_30uQARGezqSApAChPSGSwFyUy85');
INSERT INTO public.relationships (id,project_id,source_id,target_id,type,confidence,weight,created_by) VALUES ('cb62bdcc-4773-42f6-9573-57f9de896c44','43646308-2e42-416b-a91a-37f2c4cfe661','f67dca1e-fcca-4489-bf77-1859eaa5b6a3','0ab1e02e-a151-474e-baf9-981b837443c3','Deterministic','High',80,'user_30uQARGezqSApAChPSGSwFyUy85');
INSERT INTO public.relationships (id,project_id,source_id,target_id,type,confidence,weight,created_by) VALUES ('3a04135b-7da6-430a-ac69-c90611d9246c','43646308-2e42-416b-a91a-37f2c4cfe661','308c0c8d-e9d4-4deb-afe3-70f6b6df8949','0ab1e02e-a151-474e-baf9-981b837443c3','Deterministic','High',70,'user_30uQARGezqSApAChPSGSwFyUy85');
INSERT INTO public.relationships (id,project_id,source_id,target_id,type,confidence,weight,created_by) VALUES ('66c9a2b6-f969-4ec3-bff8-ca8df91306dc','43646308-2e42-416b-a91a-37f2c4cfe661','8d101c2f-20df-4642-be0b-efa687b22d69','261bcd22-11a5-4d7d-bc20-2c380343918a','Compositional','High',50,'user_30uQARGezqSApAChPSGSwFyUy85');
INSERT INTO public.relationships (id,project_id,source_id,target_id,type,confidence,weight,created_by) VALUES ('9dc02065-b6c6-4c93-8a28-7ad2473f2789','43646308-2e42-416b-a91a-37f2c4cfe661','b6902b55-d08c-48a5-997e-e1449f81b1e8','261bcd22-11a5-4d7d-bc20-2c380343918a','Causal','High',55,'user_30uQARGezqSApAChPSGSwFyUy85');
INSERT INTO public.relationships (id,project_id,source_id,target_id,type,confidence,weight,created_by) VALUES ('53266332-cbf6-4869-88b8-200060ad62b3','43646308-2e42-416b-a91a-37f2c4cfe661','9369386a-b6e0-4648-b78f-951b68b06bd0','261bcd22-11a5-4d7d-bc20-2c380343918a','Compositional','High',60,'user_30uQARGezqSApAChPSGSwFyUy85');
INSERT INTO public.relationships (id,project_id,source_id,target_id,type,confidence,weight,created_by) VALUES ('1389ca56-e691-4eb3-aba3-c29731221b15','43646308-2e42-416b-a91a-37f2c4cfe661','3e390688-ac6e-4729-a493-a9b8dc00ec0f','c101f886-2d01-4e2a-adcc-2fd3cd247674','Causal','High',75,'user_30uQARGezqSApAChPSGSwFyUy85');
INSERT INTO public.relationships (id,project_id,source_id,target_id,type,confidence,weight,created_by) VALUES ('69c8a8f1-db4a-4f4c-beaf-ad4960f00e17','43646308-2e42-416b-a91a-37f2c4cfe661','f67dca1e-fcca-4489-bf77-1859eaa5b6a3','34b65fc7-5ea5-44f6-9442-16ae41b6706e','Causal','High',60,'user_30uQARGezqSApAChPSGSwFyUy85');
INSERT INTO public.relationships (id,project_id,source_id,target_id,type,confidence,weight,created_by) VALUES ('de4d4c32-92e9-4374-82a7-2c59f21ef382','43646308-2e42-416b-a91a-37f2c4cfe661','efe8e640-3ea2-4eba-b2b1-bf4ee65c84da','9369386a-b6e0-4648-b78f-951b68b06bd0','Compositional','High',60,'user_30uQARGezqSApAChPSGSwFyUy85');
INSERT INTO public.relationships (id,project_id,source_id,target_id,type,confidence,weight,created_by) VALUES ('91c93a55-1ed6-45fb-b98b-f490679f53c9','43646308-2e42-416b-a91a-37f2c4cfe661','94770b73-942b-4c4a-b6fd-a50f201e95c2','fc30dced-bdf0-4101-ad67-c08f28f8cddb','Causal','High',70,'user_30uQARGezqSApAChPSGSwFyUy85');
INSERT INTO public.relationships (id,project_id,source_id,target_id,type,confidence,weight,created_by) VALUES ('cbcb3f7f-b312-4881-b366-5d2ba9fa9738','43646308-2e42-416b-a91a-37f2c4cfe661','13be3ae3-4698-4e50-aee4-86473672acf2','2a3a339e-693d-4e2f-94da-dae037787116','Causal','High',75,'user_30uQARGezqSApAChPSGSwFyUy85');
INSERT INTO public.relationships (id,project_id,source_id,target_id,type,confidence,weight,created_by) VALUES ('6df75b10-52e2-44e3-8fe8-27720df464e5','43646308-2e42-416b-a91a-37f2c4cfe661','f4a5070c-a0b7-4a43-a068-0616f3fe5cc4','6d03547c-c91c-461d-9fdb-d4d3f0abadf2','Causal','High',75,'user_30uQARGezqSApAChPSGSwFyUy85');
INSERT INTO public.relationships (id,project_id,source_id,target_id,type,confidence,weight,created_by) VALUES ('2a68de0e-981d-4aaf-83a9-702ad6b7aa1c','43646308-2e42-416b-a91a-37f2c4cfe661','5fc25af2-162c-4e99-9f6a-1928b04f03c6','28f46190-2dab-4a0f-b58d-ce3103567258','Causal','High',65,'user_30uQARGezqSApAChPSGSwFyUy85');
INSERT INTO public.relationships (id,project_id,source_id,target_id,type,confidence,weight,created_by) VALUES ('1e47c127-eaf2-4435-a04a-d15f4cccc473','43646308-2e42-416b-a91a-37f2c4cfe661','529c0ef3-caba-4066-b113-1518c3f14a0a','7fd43b1c-aa4f-4205-af23-f162e426fb56','Causal','High',55,'user_30uQARGezqSApAChPSGSwFyUy85');
INSERT INTO public.relationships (id,project_id,source_id,target_id,type,confidence,weight,created_by) VALUES ('8504ca97-9d47-4553-9b7d-e9abc9bc79ad','43646308-2e42-416b-a91a-37f2c4cfe661','772ca8e3-e12a-45a4-adcc-f20af2c4b7b9','6908cbd2-f6f3-44fb-b6c1-86d0cf097dd2','Probabilistic','High',50,'user_30uQARGezqSApAChPSGSwFyUy85');
INSERT INTO public.relationships (id,project_id,source_id,target_id,type,confidence,weight,created_by) VALUES ('bbad4bb9-764d-4dc1-9c63-b0519ab55b07','43646308-2e42-416b-a91a-37f2c4cfe661','bbdae9cb-8541-4958-b7b9-901d9e56277b','34b65fc7-5ea5-44f6-9442-16ae41b6706e','Probabilistic','High',50,'user_30uQARGezqSApAChPSGSwFyUy85');
INSERT INTO public.groups (id,project_id,name,node_ids,position_x,position_y,width,height,created_by) VALUES ('6144e048-658d-4be0-8417-612cd699016b','43646308-2e42-416b-a91a-37f2c4cfe661','Foot Traffic',ARRAY['e2c4295c-fdcb-4a74-8715-51377189f2d8','8e9fa651-e0ce-44ac-8750-edd883c2237c','3a2f17c5-0e98-4b32-ad6c-2a6ac0f98fc0','6d03547c-c91c-461d-9fdb-d4d3f0abadf2','78ff1281-c91e-4221-b966-de6ae48ad66a','efe8e640-3ea2-4eba-b2b1-bf4ee65c84da','e35ba059-2de4-439b-9547-c6aa45a0af83','28f46190-2dab-4a0f-b58d-ce3103567258','1f6e9d0f-6163-4b03-9311-470a9188b439','6908cbd2-f6f3-44fb-b6c1-86d0cf097dd2','0c8472fa-a429-4b8d-964c-36b64f7efc7f']::uuid[],-1570,560,1700,810,'user_30uQARGezqSApAChPSGSwFyUy85');
INSERT INTO public.groups (id,project_id,name,node_ids,position_x,position_y,width,height,created_by) VALUES ('21b1971d-f5bc-4e6e-927c-cc5c2d145d8f','43646308-2e42-416b-a91a-37f2c4cfe661','Conversion & Basket',ARRAY['973b7ad9-dde7-497e-85d1-1fb511dfd13c','fc30dced-bdf0-4101-ad67-c08f28f8cddb','34b65fc7-5ea5-44f6-9442-16ae41b6706e','e61314a7-3f5c-43ba-95ca-1c60c4a0a634','cbe46104-c3ac-4802-9755-389e03dfe6e5','0d5d1c0a-5a64-4395-9430-e4cc1b6893d9','a4592e1f-6924-421f-b59b-5429ac902fd9','c70e133d-b2bf-4d7c-b90d-e6c1b1942de1','7fd43b1c-aa4f-4205-af23-f162e426fb56']::uuid[],-1230,360,2040,610,'user_30uQARGezqSApAChPSGSwFyUy85');
INSERT INTO public.groups (id,project_id,name,node_ids,position_x,position_y,width,height,created_by) VALUES ('b12bdfad-834e-4c3a-8645-934e3bf3cd32','43646308-2e42-416b-a91a-37f2c4cfe661','Retention',ARRAY['2a3a339e-693d-4e2f-94da-dae037787116','cd55f54f-9904-4197-818c-0d7d8d5bdcef','35ed9b00-c224-4a74-8d2e-104215b2e594']::uuid[],130,760,850,410,'user_30uQARGezqSApAChPSGSwFyUy85');
INSERT INTO public.groups (id,project_id,name,node_ids,position_x,position_y,width,height,created_by) VALUES ('c00e7706-345f-40db-957c-118a40d1f6bd','43646308-2e42-416b-a91a-37f2c4cfe661','Cost Structure',ARRAY['261bcd22-11a5-4d7d-bc20-2c380343918a','3e390688-ac6e-4729-a493-a9b8dc00ec0f','c101f886-2d01-4e2a-adcc-2fd3cd247674','f5ca328e-065c-410b-af45-6f719a854dc0','0ab1e02e-a151-474e-baf9-981b837443c3','f67dca1e-fcca-4489-bf77-1859eaa5b6a3','308c0c8d-e9d4-4deb-afe3-70f6b6df8949','8d101c2f-20df-4642-be0b-efa687b22d69','b6902b55-d08c-48a5-997e-e1449f81b1e8','9369386a-b6e0-4648-b78f-951b68b06bd0']::uuid[],-550,160,2040,1010,'user_30uQARGezqSApAChPSGSwFyUy85');

COMMIT;
