-- Example metric trees (SaaS / E-commerce / Retail). Owner: user_30uQARGezqSApAChPSGSwFyUy85
-- Re-runnable: deletes prior projects with the same names (cascade) first.
BEGIN;

DELETE FROM public.projects WHERE created_by='user_30uQARGezqSApAChPSGSwFyUy85' AND name='SaaS — Example Metric Tree';
INSERT INTO public.projects (id,name,description,created_by,last_modified_by,is_public,tags,settings) VALUES ('8efd7301-828e-4442-a6f5-7f0c37699d55','SaaS — Example Metric Tree','Decomposition of profit for a B2B SaaS: ARR/MRR movements, acquisition funnel, channels (incl. social), unit economics, and cost structure.','user_30uQARGezqSApAChPSGSwFyUy85','user_30uQARGezqSApAChPSGSwFyUy85',true,ARRAY['example','template'],'{}');
INSERT INTO public.metric_cards (id,project_id,title,description,category,position_x,position_y,created_by,data) VALUES ('65ab5da6-0f4b-4f89-8b3e-7f4736598d47','8efd7301-828e-4442-a6f5-7f0c37699d55','Profit','Revenue − Total Costs','Core/Value',0,2292,'user_30uQARGezqSApAChPSGSwFyUy85','[{"period":"2025-12","value":687719,"change_percent":0,"trend":"neutral"},{"period":"2026-01","value":747346,"change_percent":8.7,"trend":"up"},{"period":"2026-02","value":806531,"change_percent":7.9,"trend":"up"},{"period":"2026-03","value":851327,"change_percent":5.6,"trend":"up"},{"period":"2026-04","value":893116,"change_percent":4.9,"trend":"up"},{"period":"2026-05","value":959781,"change_percent":7.5,"trend":"up"},{"period":"2026-06","value":1001393,"change_percent":4.3,"trend":"up"}]'::jsonb);
INSERT INTO public.metric_cards (id,project_id,title,description,category,position_x,position_y,created_by,data) VALUES ('2b1278d3-6907-40af-82c2-aea32513c490','8efd7301-828e-4442-a6f5-7f0c37699d55','Revenue (ARR)','MRR × 12','Data/Metric',1520,86,'user_30uQARGezqSApAChPSGSwFyUy85','[{"period":"2025-12","value":147132,"change_percent":0,"trend":"neutral"},{"period":"2026-01","value":156868,"change_percent":6.6,"trend":"up"},{"period":"2026-02","value":167877,"change_percent":7,"trend":"up"},{"period":"2026-03","value":179504,"change_percent":6.9,"trend":"up"},{"period":"2026-04","value":189652,"change_percent":5.7,"trend":"up"},{"period":"2026-05","value":196164,"change_percent":3.4,"trend":"up"},{"period":"2026-06","value":210034,"change_percent":7.1,"trend":"up"}]'::jsonb);
INSERT INTO public.metric_cards (id,project_id,title,description,category,position_x,position_y,created_by,data) VALUES ('b06e231a-a8eb-488f-b3c9-521c8210e258','8efd7301-828e-4442-a6f5-7f0c37699d55','MRR','Monthly Recurring Revenue','Data/Metric',1850,86,'user_30uQARGezqSApAChPSGSwFyUy85','[{"period":"2025-12","value":274057,"change_percent":0,"trend":"neutral"},{"period":"2026-01","value":299040,"change_percent":9.1,"trend":"up"},{"period":"2026-02","value":315111,"change_percent":5.4,"trend":"up"},{"period":"2026-03","value":331119,"change_percent":5.1,"trend":"up"},{"period":"2026-04","value":349499,"change_percent":5.6,"trend":"up"},{"period":"2026-05","value":369065,"change_percent":5.6,"trend":"up"},{"period":"2026-06","value":386821,"change_percent":4.8,"trend":"up"}]'::jsonb);
INSERT INTO public.metric_cards (id,project_id,title,description,category,position_x,position_y,created_by,data) VALUES ('867a4cf9-6118-4360-83d5-fd320f94832f','8efd7301-828e-4442-a6f5-7f0c37699d55','New MRR','New Customers × ARPA','Data/Metric',2180,86,'user_30uQARGezqSApAChPSGSwFyUy85','[{"period":"2025-12","value":308205,"change_percent":0,"trend":"neutral"},{"period":"2026-01","value":311791,"change_percent":1.2,"trend":"up"},{"period":"2026-02","value":329486,"change_percent":5.7,"trend":"up"},{"period":"2026-03","value":344421,"change_percent":4.5,"trend":"up"},{"period":"2026-04","value":356889,"change_percent":3.6,"trend":"up"},{"period":"2026-05","value":368226,"change_percent":3.2,"trend":"up"},{"period":"2026-06","value":375572,"change_percent":2,"trend":"up"}]'::jsonb);
INSERT INTO public.metric_cards (id,project_id,title,description,category,position_x,position_y,created_by,data) VALUES ('7f7688cc-e223-4ea2-8273-b04046b0ee52','8efd7301-828e-4442-a6f5-7f0c37699d55','Expansion MRR','Upsell + cross-sell','Data/Metric',2510,86,'user_30uQARGezqSApAChPSGSwFyUy85','[{"period":"2025-12","value":669742,"change_percent":0,"trend":"neutral"},{"period":"2026-01","value":716192,"change_percent":6.9,"trend":"up"},{"period":"2026-02","value":749232,"change_percent":4.6,"trend":"up"},{"period":"2026-03","value":791493,"change_percent":5.6,"trend":"up"},{"period":"2026-04","value":824120,"change_percent":4.1,"trend":"up"},{"period":"2026-05","value":870949,"change_percent":5.7,"trend":"up"},{"period":"2026-06","value":919946,"change_percent":5.6,"trend":"up"}]'::jsonb);
INSERT INTO public.metric_cards (id,project_id,title,description,category,position_x,position_y,created_by,data) VALUES ('a9a3944d-7444-4ee8-b888-244295d7e8aa','8efd7301-828e-4442-a6f5-7f0c37699d55','Reactivation MRR','','Data/Metric',1520,306,'user_30uQARGezqSApAChPSGSwFyUy85','[{"period":"2025-12","value":796713,"change_percent":0,"trend":"neutral"},{"period":"2026-01","value":838489,"change_percent":5.2,"trend":"up"},{"period":"2026-02","value":886308,"change_percent":5.7,"trend":"up"},{"period":"2026-03","value":921008,"change_percent":3.9,"trend":"up"},{"period":"2026-04","value":963328,"change_percent":4.6,"trend":"up"},{"period":"2026-05","value":996455,"change_percent":3.4,"trend":"up"},{"period":"2026-06","value":1047294,"change_percent":5.1,"trend":"up"}]'::jsonb);
INSERT INTO public.metric_cards (id,project_id,title,description,category,position_x,position_y,created_by,data) VALUES ('8025a2ab-2134-48c2-b175-c3934fc24749','8efd7301-828e-4442-a6f5-7f0c37699d55','Churned MRR','Lost recurring revenue','Data/Metric',1850,306,'user_30uQARGezqSApAChPSGSwFyUy85','[{"period":"2025-12","value":30.4,"change_percent":0,"trend":"neutral"},{"period":"2026-01","value":30,"change_percent":-1.3,"trend":"down"},{"period":"2026-02","value":28.5,"change_percent":-5,"trend":"down"},{"period":"2026-03","value":28.1,"change_percent":-1.4,"trend":"down"},{"period":"2026-04","value":26.9,"change_percent":-4.3,"trend":"down"},{"period":"2026-05","value":26.7,"change_percent":-0.7,"trend":"neutral"},{"period":"2026-06","value":25.5,"change_percent":-4.5,"trend":"down"}]'::jsonb);
INSERT INTO public.metric_cards (id,project_id,title,description,category,position_x,position_y,created_by,data) VALUES ('92be1810-244c-4cea-a3da-0e8e1d2545d6','8efd7301-828e-4442-a6f5-7f0c37699d55','Contraction MRR','Downgrades','Data/Metric',2180,306,'user_30uQARGezqSApAChPSGSwFyUy85','[{"period":"2025-12","value":404857,"change_percent":0,"trend":"neutral"},{"period":"2026-01","value":381656,"change_percent":-5.7,"trend":"down"},{"period":"2026-02","value":351351,"change_percent":-7.9,"trend":"down"},{"period":"2026-03","value":326704,"change_percent":-7,"trend":"down"},{"period":"2026-04","value":307766,"change_percent":-5.8,"trend":"down"},{"period":"2026-05","value":280230,"change_percent":-8.9,"trend":"down"},{"period":"2026-06","value":259933,"change_percent":-7.2,"trend":"down"}]'::jsonb);
INSERT INTO public.metric_cards (id,project_id,title,description,category,position_x,position_y,created_by,data) VALUES ('987fffe1-655b-4dc0-aac4-427f4f5a5380','8efd7301-828e-4442-a6f5-7f0c37699d55','New Customers','Trials × Trial→Paid','Data/Metric',30,966,'user_30uQARGezqSApAChPSGSwFyUy85','[{"period":"2025-12","value":89027,"change_percent":0,"trend":"neutral"},{"period":"2026-01","value":93592,"change_percent":5.1,"trend":"up"},{"period":"2026-02","value":99764,"change_percent":6.6,"trend":"up"},{"period":"2026-03","value":103225,"change_percent":3.5,"trend":"up"},{"period":"2026-04","value":106760,"change_percent":3.4,"trend":"up"},{"period":"2026-05","value":112427,"change_percent":5.3,"trend":"up"},{"period":"2026-06","value":116633,"change_percent":3.7,"trend":"up"}]'::jsonb);
INSERT INTO public.metric_cards (id,project_id,title,description,category,position_x,position_y,created_by,data) VALUES ('87f233c5-6fc5-48ca-81a7-d57622af3adc','8efd7301-828e-4442-a6f5-7f0c37699d55','ARPA','Avg revenue per account','Data/Metric',2510,306,'user_30uQARGezqSApAChPSGSwFyUy85','[{"period":"2025-12","value":424985,"change_percent":0,"trend":"neutral"},{"period":"2026-01","value":465207,"change_percent":9.5,"trend":"up"},{"period":"2026-02","value":507408,"change_percent":9.1,"trend":"up"},{"period":"2026-03","value":546122,"change_percent":7.6,"trend":"up"},{"period":"2026-04","value":590390,"change_percent":8.1,"trend":"up"},{"period":"2026-05","value":642612,"change_percent":8.8,"trend":"up"},{"period":"2026-06","value":678496,"change_percent":5.6,"trend":"up"}]'::jsonb);
INSERT INTO public.metric_cards (id,project_id,title,description,category,position_x,position_y,created_by,data) VALUES ('ef5658ba-552d-4752-b7f4-5b8fb75e95d8','8efd7301-828e-4442-a6f5-7f0c37699d55','Avg Price','','Data/Metric',1520,526,'user_30uQARGezqSApAChPSGSwFyUy85','[{"period":"2025-12","value":785353,"change_percent":0,"trend":"neutral"},{"period":"2026-01","value":809769,"change_percent":3.1,"trend":"up"},{"period":"2026-02","value":857341,"change_percent":5.9,"trend":"up"},{"period":"2026-03","value":869998,"change_percent":1.5,"trend":"up"},{"period":"2026-04","value":881111,"change_percent":1.3,"trend":"up"},{"period":"2026-05","value":922432,"change_percent":4.7,"trend":"up"},{"period":"2026-06","value":936241,"change_percent":1.5,"trend":"up"}]'::jsonb);
INSERT INTO public.metric_cards (id,project_id,title,description,category,position_x,position_y,created_by,data) VALUES ('9538dcfa-4944-4a1c-bcb6-4d8263183a4a','8efd7301-828e-4442-a6f5-7f0c37699d55','Avg Seats / Account','','Data/Metric',1850,526,'user_30uQARGezqSApAChPSGSwFyUy85','[{"period":"2025-12","value":84147,"change_percent":0,"trend":"neutral"},{"period":"2026-01","value":87265,"change_percent":3.7,"trend":"up"},{"period":"2026-02","value":88854,"change_percent":1.8,"trend":"up"},{"period":"2026-03","value":92648,"change_percent":4.3,"trend":"up"},{"period":"2026-04","value":96518,"change_percent":4.2,"trend":"up"},{"period":"2026-05","value":99782,"change_percent":3.4,"trend":"up"},{"period":"2026-06","value":102517,"change_percent":2.7,"trend":"up"}]'::jsonb);
INSERT INTO public.metric_cards (id,project_id,title,description,category,position_x,position_y,created_by,data) VALUES ('a7565108-4ed6-489b-a50a-88d3d60b59ea','8efd7301-828e-4442-a6f5-7f0c37699d55','Trials Started','MQLs × Lead→Trial','Data/Metric',690,746,'user_30uQARGezqSApAChPSGSwFyUy85','[{"period":"2025-12","value":36593,"change_percent":0,"trend":"neutral"},{"period":"2026-01","value":38689,"change_percent":5.7,"trend":"up"},{"period":"2026-02","value":39032,"change_percent":0.9,"trend":"neutral"},{"period":"2026-03","value":39358,"change_percent":0.8,"trend":"neutral"},{"period":"2026-04","value":40811,"change_percent":3.7,"trend":"up"},{"period":"2026-05","value":42500,"change_percent":4.1,"trend":"up"},{"period":"2026-06","value":43930,"change_percent":3.4,"trend":"up"}]'::jsonb);
INSERT INTO public.metric_cards (id,project_id,title,description,category,position_x,position_y,created_by,data) VALUES ('887f6040-fc08-464b-a2a9-d11f9e13015c','8efd7301-828e-4442-a6f5-7f0c37699d55','Trial→Paid Conversion %','','Data/Metric',1020,746,'user_30uQARGezqSApAChPSGSwFyUy85','[{"period":"2025-12","value":48.8,"change_percent":0,"trend":"neutral"},{"period":"2026-01","value":51.6,"change_percent":5.7,"trend":"up"},{"period":"2026-02","value":54.1,"change_percent":4.8,"trend":"up"},{"period":"2026-03","value":58,"change_percent":7.2,"trend":"up"},{"period":"2026-04","value":60.4,"change_percent":4.1,"trend":"up"},{"period":"2026-05","value":63.7,"change_percent":5.5,"trend":"up"},{"period":"2026-06","value":66.8,"change_percent":4.9,"trend":"up"}]'::jsonb);
INSERT INTO public.metric_cards (id,project_id,title,description,category,position_x,position_y,created_by,data) VALUES ('29a0da72-1c48-465a-93f7-88a811854f29','8efd7301-828e-4442-a6f5-7f0c37699d55','Marketing Qualified Leads','Visitors × Visitor→Lead','Data/Metric',30,746,'user_30uQARGezqSApAChPSGSwFyUy85','[{"period":"2025-12","value":60494,"change_percent":0,"trend":"neutral"},{"period":"2026-01","value":64580,"change_percent":6.8,"trend":"up"},{"period":"2026-02","value":68237,"change_percent":5.7,"trend":"up"},{"period":"2026-03","value":73997,"change_percent":8.4,"trend":"up"},{"period":"2026-04","value":78479,"change_percent":6.1,"trend":"up"},{"period":"2026-05","value":85171,"change_percent":8.5,"trend":"up"},{"period":"2026-06","value":89994,"change_percent":5.7,"trend":"up"}]'::jsonb);
INSERT INTO public.metric_cards (id,project_id,title,description,category,position_x,position_y,created_by,data) VALUES ('94050e44-1898-4041-a8a9-6c9ac1dfc59f','8efd7301-828e-4442-a6f5-7f0c37699d55','Visitor→Lead %','','Data/Metric',360,746,'user_30uQARGezqSApAChPSGSwFyUy85','[{"period":"2025-12","value":29,"change_percent":0,"trend":"neutral"},{"period":"2026-01","value":29.7,"change_percent":2.4,"trend":"up"},{"period":"2026-02","value":31.3,"change_percent":5.4,"trend":"up"},{"period":"2026-03","value":33.1,"change_percent":5.8,"trend":"up"},{"period":"2026-04","value":34.2,"change_percent":3.3,"trend":"up"},{"period":"2026-05","value":35.9,"change_percent":5,"trend":"up"},{"period":"2026-06","value":36.8,"change_percent":2.5,"trend":"up"}]'::jsonb);
INSERT INTO public.metric_cards (id,project_id,title,description,category,position_x,position_y,created_by,data) VALUES ('c74f6d80-b13d-4c8d-8a68-5d99bbe95b02','8efd7301-828e-4442-a6f5-7f0c37699d55','Website Visitors','Sum of channels','Data/Metric',30,86,'user_30uQARGezqSApAChPSGSwFyUy85','[{"period":"2025-12","value":49725,"change_percent":0,"trend":"neutral"},{"period":"2026-01","value":49879,"change_percent":0.3,"trend":"neutral"},{"period":"2026-02","value":50240,"change_percent":0.7,"trend":"neutral"},{"period":"2026-03","value":50780,"change_percent":1.1,"trend":"up"},{"period":"2026-04","value":50825,"change_percent":0.1,"trend":"neutral"},{"period":"2026-05","value":52281,"change_percent":2.9,"trend":"up"},{"period":"2026-06","value":52383,"change_percent":0.2,"trend":"neutral"}]'::jsonb);
INSERT INTO public.metric_cards (id,project_id,title,description,category,position_x,position_y,created_by,data) VALUES ('4282ae73-3cdc-4a5c-96f3-6b0db112200c','8efd7301-828e-4442-a6f5-7f0c37699d55','Organic / SEO Traffic','','Data/Metric',360,86,'user_30uQARGezqSApAChPSGSwFyUy85','[{"period":"2025-12","value":53466,"change_percent":0,"trend":"neutral"},{"period":"2026-01","value":55567,"change_percent":3.9,"trend":"up"},{"period":"2026-02","value":57868,"change_percent":4.1,"trend":"up"},{"period":"2026-03","value":62060,"change_percent":7.2,"trend":"up"},{"period":"2026-04","value":66541,"change_percent":7.2,"trend":"up"},{"period":"2026-05","value":71032,"change_percent":6.7,"trend":"up"},{"period":"2026-06","value":75229,"change_percent":5.9,"trend":"up"}]'::jsonb);
INSERT INTO public.metric_cards (id,project_id,title,description,category,position_x,position_y,created_by,data) VALUES ('cfa2c684-e96a-44b6-bd85-2f258a0141a4','8efd7301-828e-4442-a6f5-7f0c37699d55','Paid Search Traffic','Ad Spend / CPC','Data/Metric',690,86,'user_30uQARGezqSApAChPSGSwFyUy85','[{"period":"2025-12","value":84817,"change_percent":0,"trend":"neutral"},{"period":"2026-01","value":88812,"change_percent":4.7,"trend":"up"},{"period":"2026-02","value":91162,"change_percent":2.6,"trend":"up"},{"period":"2026-03","value":94561,"change_percent":3.7,"trend":"up"},{"period":"2026-04","value":100899,"change_percent":6.7,"trend":"up"},{"period":"2026-05","value":103071,"change_percent":2.2,"trend":"up"},{"period":"2026-06","value":108748,"change_percent":5.5,"trend":"up"}]'::jsonb);
INSERT INTO public.metric_cards (id,project_id,title,description,category,position_x,position_y,created_by,data) VALUES ('7303b243-839b-4695-94b4-1cbbdf92f2e2','8efd7301-828e-4442-a6f5-7f0c37699d55','Social Media Traffic','Reach × CTR','Data/Metric',1020,86,'user_30uQARGezqSApAChPSGSwFyUy85','[{"period":"2025-12","value":6205,"change_percent":0,"trend":"neutral"},{"period":"2026-01","value":6655,"change_percent":7.3,"trend":"up"},{"period":"2026-02","value":7264,"change_percent":9.2,"trend":"up"},{"period":"2026-03","value":7749,"change_percent":6.7,"trend":"up"},{"period":"2026-04","value":8221,"change_percent":6.1,"trend":"up"},{"period":"2026-05","value":8942,"change_percent":8.8,"trend":"up"},{"period":"2026-06","value":9585,"change_percent":7.2,"trend":"up"}]'::jsonb);
INSERT INTO public.metric_cards (id,project_id,title,description,category,position_x,position_y,created_by,data) VALUES ('947784b1-d010-4e3e-8f54-4bce9aadfc5f','8efd7301-828e-4442-a6f5-7f0c37699d55','Referral Traffic','','Data/Metric',30,306,'user_30uQARGezqSApAChPSGSwFyUy85','[{"period":"2025-12","value":84015,"change_percent":0,"trend":"neutral"},{"period":"2026-01","value":88624,"change_percent":5.5,"trend":"up"},{"period":"2026-02","value":95743,"change_percent":8,"trend":"up"},{"period":"2026-03","value":101575,"change_percent":6.1,"trend":"up"},{"period":"2026-04","value":107695,"change_percent":6,"trend":"up"},{"period":"2026-05","value":113061,"change_percent":5,"trend":"up"},{"period":"2026-06","value":118473,"change_percent":4.8,"trend":"up"}]'::jsonb);
INSERT INTO public.metric_cards (id,project_id,title,description,category,position_x,position_y,created_by,data) VALUES ('8173a19a-e858-4a8f-a735-da2a22b08214','8efd7301-828e-4442-a6f5-7f0c37699d55','Direct Traffic','','Data/Metric',360,306,'user_30uQARGezqSApAChPSGSwFyUy85','[{"period":"2025-12","value":22408,"change_percent":0,"trend":"neutral"},{"period":"2026-01","value":23438,"change_percent":4.6,"trend":"up"},{"period":"2026-02","value":25217,"change_percent":7.6,"trend":"up"},{"period":"2026-03","value":26554,"change_percent":5.3,"trend":"up"},{"period":"2026-04","value":28999,"change_percent":9.2,"trend":"up"},{"period":"2026-05","value":30983,"change_percent":6.8,"trend":"up"},{"period":"2026-06","value":33112,"change_percent":6.9,"trend":"up"}]'::jsonb);
INSERT INTO public.metric_cards (id,project_id,title,description,category,position_x,position_y,created_by,data) VALUES ('7faae707-4540-4518-b7a2-14188e5ea9fe','8efd7301-828e-4442-a6f5-7f0c37699d55','Email Traffic','','Data/Metric',690,306,'user_30uQARGezqSApAChPSGSwFyUy85','[{"period":"2025-12","value":1834,"change_percent":0,"trend":"neutral"},{"period":"2026-01","value":1863,"change_percent":1.6,"trend":"up"},{"period":"2026-02","value":1879,"change_percent":0.9,"trend":"neutral"},{"period":"2026-03","value":1902,"change_percent":1.2,"trend":"up"},{"period":"2026-04","value":1975,"change_percent":3.8,"trend":"up"},{"period":"2026-05","value":2023,"change_percent":2.4,"trend":"up"},{"period":"2026-06","value":2070,"change_percent":2.3,"trend":"up"}]'::jsonb);
INSERT INTO public.metric_cards (id,project_id,title,description,category,position_x,position_y,created_by,data) VALUES ('d627bac6-51ca-4f80-8699-e39dc801094a','8efd7301-828e-4442-a6f5-7f0c37699d55','Social Reach / Followers','','Data/Metric',1020,306,'user_30uQARGezqSApAChPSGSwFyUy85','[{"period":"2025-12","value":88236,"change_percent":0,"trend":"neutral"},{"period":"2026-01","value":91991,"change_percent":4.3,"trend":"up"},{"period":"2026-02","value":97317,"change_percent":5.8,"trend":"up"},{"period":"2026-03","value":104076,"change_percent":6.9,"trend":"up"},{"period":"2026-04","value":110231,"change_percent":5.9,"trend":"up"},{"period":"2026-05","value":114888,"change_percent":4.2,"trend":"up"},{"period":"2026-06","value":119650,"change_percent":4.1,"trend":"up"}]'::jsonb);
INSERT INTO public.metric_cards (id,project_id,title,description,category,position_x,position_y,created_by,data) VALUES ('50095a0c-3f85-43e4-86e0-74b5ab228937','8efd7301-828e-4442-a6f5-7f0c37699d55','Social Engagement Rate','','Data/Metric',30,526,'user_30uQARGezqSApAChPSGSwFyUy85','[{"period":"2025-12","value":4.5,"change_percent":0,"trend":"neutral"},{"period":"2026-01","value":4.9,"change_percent":8.9,"trend":"up"},{"period":"2026-02","value":5.1,"change_percent":4.1,"trend":"up"},{"period":"2026-03","value":5.5,"change_percent":7.8,"trend":"up"},{"period":"2026-04","value":5.9,"change_percent":7.3,"trend":"up"},{"period":"2026-05","value":6.2,"change_percent":5.1,"trend":"up"},{"period":"2026-06","value":6.6,"change_percent":6.5,"trend":"up"}]'::jsonb);
INSERT INTO public.metric_cards (id,project_id,title,description,category,position_x,position_y,created_by,data) VALUES ('8be6ed64-9191-4f4e-925a-3d54743cca76','8efd7301-828e-4442-a6f5-7f0c37699d55','Content Cadence (posts/wk)','','Data/Metric',360,526,'user_30uQARGezqSApAChPSGSwFyUy85','[{"period":"2025-12","value":3985,"change_percent":0,"trend":"neutral"},{"period":"2026-01","value":4140,"change_percent":3.9,"trend":"up"},{"period":"2026-02","value":4303,"change_percent":3.9,"trend":"up"},{"period":"2026-03","value":4495,"change_percent":4.5,"trend":"up"},{"period":"2026-04","value":4634,"change_percent":3.1,"trend":"up"},{"period":"2026-05","value":4778,"change_percent":3.1,"trend":"up"},{"period":"2026-06","value":5082,"change_percent":6.4,"trend":"up"}]'::jsonb);
INSERT INTO public.metric_cards (id,project_id,title,description,category,position_x,position_y,created_by,data) VALUES ('69f0cdcc-738b-4769-aaa5-9d08e18f2248','8efd7301-828e-4442-a6f5-7f0c37699d55','Ad Spend','','Data/Metric',690,526,'user_30uQARGezqSApAChPSGSwFyUy85','[{"period":"2025-12","value":772797,"change_percent":0,"trend":"neutral"},{"period":"2026-01","value":800886,"change_percent":3.6,"trend":"up"},{"period":"2026-02","value":839525,"change_percent":4.8,"trend":"up"},{"period":"2026-03","value":892495,"change_percent":6.3,"trend":"up"},{"period":"2026-04","value":924766,"change_percent":3.6,"trend":"up"},{"period":"2026-05","value":966432,"change_percent":4.5,"trend":"up"},{"period":"2026-06","value":1030811,"change_percent":6.7,"trend":"up"}]'::jsonb);
INSERT INTO public.metric_cards (id,project_id,title,description,category,position_x,position_y,created_by,data) VALUES ('9ac8ad4e-3205-4a2f-b7b4-63529bec2e86','8efd7301-828e-4442-a6f5-7f0c37699d55','CPC','','Data/Metric',1020,526,'user_30uQARGezqSApAChPSGSwFyUy85','[{"period":"2025-12","value":4067,"change_percent":0,"trend":"neutral"},{"period":"2026-01","value":4139,"change_percent":1.8,"trend":"up"},{"period":"2026-02","value":4311,"change_percent":4.2,"trend":"up"},{"period":"2026-03","value":4398,"change_percent":2,"trend":"up"},{"period":"2026-04","value":4594,"change_percent":4.5,"trend":"up"},{"period":"2026-05","value":4840,"change_percent":5.4,"trend":"up"},{"period":"2026-06","value":5001,"change_percent":3.3,"trend":"up"}]'::jsonb);
INSERT INTO public.metric_cards (id,project_id,title,description,category,position_x,position_y,created_by,data) VALUES ('3862a029-2259-4d03-816e-ee397012d7ad','8efd7301-828e-4442-a6f5-7f0c37699d55','Customer Churn Rate','','Data/Metric',360,1672,'user_30uQARGezqSApAChPSGSwFyUy85','[{"period":"2025-12","value":30.8,"change_percent":0,"trend":"neutral"},{"period":"2026-01","value":29.4,"change_percent":-4.5,"trend":"down"},{"period":"2026-02","value":29,"change_percent":-1.4,"trend":"down"},{"period":"2026-03","value":28.4,"change_percent":-2.1,"trend":"down"},{"period":"2026-04","value":27.5,"change_percent":-3.2,"trend":"down"},{"period":"2026-05","value":26.5,"change_percent":-3.6,"trend":"down"},{"period":"2026-06","value":25.7,"change_percent":-3,"trend":"down"}]'::jsonb);
INSERT INTO public.metric_cards (id,project_id,title,description,category,position_x,position_y,created_by,data) VALUES ('14c5cc3b-fad5-4483-b973-20bd56df52b1','8efd7301-828e-4442-a6f5-7f0c37699d55','Net Revenue Retention','','Data/Metric',690,1672,'user_30uQARGezqSApAChPSGSwFyUy85','[{"period":"2025-12","value":44.6,"change_percent":0,"trend":"neutral"},{"period":"2026-01","value":47.5,"change_percent":6.5,"trend":"up"},{"period":"2026-02","value":50.8,"change_percent":6.9,"trend":"up"},{"period":"2026-03","value":52.6,"change_percent":3.5,"trend":"up"},{"period":"2026-04","value":55.9,"change_percent":6.3,"trend":"up"},{"period":"2026-05","value":59.2,"change_percent":5.9,"trend":"up"},{"period":"2026-06","value":61,"change_percent":3,"trend":"up"}]'::jsonb);
INSERT INTO public.metric_cards (id,project_id,title,description,category,position_x,position_y,created_by,data) VALUES ('d3dfbaf0-315b-4835-ad78-9a7cecff9922','8efd7301-828e-4442-a6f5-7f0c37699d55','CAC','S&M / New Customers','Data/Metric',30,1452,'user_30uQARGezqSApAChPSGSwFyUy85','[{"period":"2025-12","value":502682,"change_percent":0,"trend":"neutral"},{"period":"2026-01","value":491759,"change_percent":-2.2,"trend":"down"},{"period":"2026-02","value":465470,"change_percent":-5.3,"trend":"down"},{"period":"2026-03","value":441257,"change_percent":-5.2,"trend":"down"},{"period":"2026-04","value":417267,"change_percent":-5.4,"trend":"down"},{"period":"2026-05","value":410556,"change_percent":-1.6,"trend":"down"},{"period":"2026-06","value":393286,"change_percent":-4.2,"trend":"down"}]'::jsonb);
INSERT INTO public.metric_cards (id,project_id,title,description,category,position_x,position_y,created_by,data) VALUES ('3ffaadfb-bdc0-462a-b621-e837ebd1129c','8efd7301-828e-4442-a6f5-7f0c37699d55','LTV','ARPA × GM% / churn','Data/Metric',360,1452,'user_30uQARGezqSApAChPSGSwFyUy85','[{"period":"2025-12","value":226574,"change_percent":0,"trend":"neutral"},{"period":"2026-01","value":238981,"change_percent":5.5,"trend":"up"},{"period":"2026-02","value":257532,"change_percent":7.8,"trend":"up"},{"period":"2026-03","value":273482,"change_percent":6.2,"trend":"up"},{"period":"2026-04","value":297018,"change_percent":8.6,"trend":"up"},{"period":"2026-05","value":320083,"change_percent":7.8,"trend":"up"},{"period":"2026-06","value":336088,"change_percent":5,"trend":"up"}]'::jsonb);
INSERT INTO public.metric_cards (id,project_id,title,description,category,position_x,position_y,created_by,data) VALUES ('76284fba-10ca-4b02-a766-8ce4a58fcc17','8efd7301-828e-4442-a6f5-7f0c37699d55','LTV : CAC','','Data/Metric',690,1452,'user_30uQARGezqSApAChPSGSwFyUy85','[{"period":"2025-12","value":374699,"change_percent":0,"trend":"neutral"},{"period":"2026-01","value":367072,"change_percent":-2,"trend":"down"},{"period":"2026-02","value":347133,"change_percent":-5.4,"trend":"down"},{"period":"2026-03","value":327445,"change_percent":-5.7,"trend":"down"},{"period":"2026-04","value":316977,"change_percent":-3.2,"trend":"down"},{"period":"2026-05","value":302730,"change_percent":-4.5,"trend":"down"},{"period":"2026-06","value":286803,"change_percent":-5.3,"trend":"down"}]'::jsonb);
INSERT INTO public.metric_cards (id,project_id,title,description,category,position_x,position_y,created_by,data) VALUES ('704d8790-f7e0-4f2c-a122-8dbae018704f','8efd7301-828e-4442-a6f5-7f0c37699d55','CAC Payback (months)','','Data/Metric',30,1672,'user_30uQARGezqSApAChPSGSwFyUy85','[{"period":"2025-12","value":400574,"change_percent":0,"trend":"neutral"},{"period":"2026-01","value":383095,"change_percent":-4.4,"trend":"down"},{"period":"2026-02","value":365789,"change_percent":-4.5,"trend":"down"},{"period":"2026-03","value":350196,"change_percent":-4.3,"trend":"down"},{"period":"2026-04","value":330000,"change_percent":-5.8,"trend":"down"},{"period":"2026-05","value":309199,"change_percent":-6.3,"trend":"down"},{"period":"2026-06","value":288322,"change_percent":-6.8,"trend":"down"}]'::jsonb);
INSERT INTO public.metric_cards (id,project_id,title,description,category,position_x,position_y,created_by,data) VALUES ('920bd65f-69c2-417d-ba9d-cb4e8484f930','8efd7301-828e-4442-a6f5-7f0c37699d55','Gross Margin %','','Data/Metric',1520,1892,'user_30uQARGezqSApAChPSGSwFyUy85','[{"period":"2025-12","value":26.1,"change_percent":0,"trend":"neutral"},{"period":"2026-01","value":27.2,"change_percent":4.2,"trend":"up"},{"period":"2026-02","value":28.8,"change_percent":5.9,"trend":"up"},{"period":"2026-03","value":30.4,"change_percent":5.6,"trend":"up"},{"period":"2026-04","value":31.8,"change_percent":4.6,"trend":"up"},{"period":"2026-05","value":32.9,"change_percent":3.5,"trend":"up"},{"period":"2026-06","value":35.3,"change_percent":7.3,"trend":"up"}]'::jsonb);
INSERT INTO public.metric_cards (id,project_id,title,description,category,position_x,position_y,created_by,data) VALUES ('6fbc5d92-9b53-43f7-a389-4ff37e5eeb26','8efd7301-828e-4442-a6f5-7f0c37699d55','Total Costs','COGS + S&M + R&D + G&A','Data/Metric',1190,1452,'user_30uQARGezqSApAChPSGSwFyUy85','[{"period":"2025-12","value":240954,"change_percent":0,"trend":"neutral"},{"period":"2026-01","value":227422,"change_percent":-5.6,"trend":"down"},{"period":"2026-02","value":211209,"change_percent":-7.1,"trend":"down"},{"period":"2026-03","value":193302,"change_percent":-8.5,"trend":"down"},{"period":"2026-04","value":180451,"change_percent":-6.6,"trend":"down"},{"period":"2026-05","value":169818,"change_percent":-5.9,"trend":"down"},{"period":"2026-06","value":159731,"change_percent":-5.9,"trend":"down"}]'::jsonb);
INSERT INTO public.metric_cards (id,project_id,title,description,category,position_x,position_y,created_by,data) VALUES ('24dffb7c-b99c-473a-9964-ca2ccd37f223','8efd7301-828e-4442-a6f5-7f0c37699d55','COGS','Hosting + Support','Data/Metric',1520,1452,'user_30uQARGezqSApAChPSGSwFyUy85','[{"period":"2025-12","value":423968,"change_percent":0,"trend":"neutral"},{"period":"2026-01","value":397913,"change_percent":-6.1,"trend":"down"},{"period":"2026-02","value":378695,"change_percent":-4.8,"trend":"down"},{"period":"2026-03","value":354978,"change_percent":-6.3,"trend":"down"},{"period":"2026-04","value":341849,"change_percent":-3.7,"trend":"down"},{"period":"2026-05","value":325840,"change_percent":-4.7,"trend":"down"},{"period":"2026-06","value":303919,"change_percent":-6.7,"trend":"down"}]'::jsonb);
INSERT INTO public.metric_cards (id,project_id,title,description,category,position_x,position_y,created_by,data) VALUES ('a5fd138d-cda5-4885-8338-6445b60db55b','8efd7301-828e-4442-a6f5-7f0c37699d55','Hosting / Infra','','Data/Metric',1850,1452,'user_30uQARGezqSApAChPSGSwFyUy85','[{"period":"2025-12","value":3663,"change_percent":0,"trend":"neutral"},{"period":"2026-01","value":3936,"change_percent":7.5,"trend":"up"},{"period":"2026-02","value":4168,"change_percent":5.9,"trend":"up"},{"period":"2026-03","value":4515,"change_percent":8.3,"trend":"up"},{"period":"2026-04","value":4718,"change_percent":4.5,"trend":"up"},{"period":"2026-05","value":5135,"change_percent":8.8,"trend":"up"},{"period":"2026-06","value":5442,"change_percent":6,"trend":"up"}]'::jsonb);
INSERT INTO public.metric_cards (id,project_id,title,description,category,position_x,position_y,created_by,data) VALUES ('d3039361-1ef1-4964-bd4b-9f0ce32834a0','8efd7301-828e-4442-a6f5-7f0c37699d55','Support Cost','','Data/Metric',1190,1672,'user_30uQARGezqSApAChPSGSwFyUy85','[{"period":"2025-12","value":174416,"change_percent":0,"trend":"neutral"},{"period":"2026-01","value":162949,"change_percent":-6.6,"trend":"down"},{"period":"2026-02","value":150879,"change_percent":-7.4,"trend":"down"},{"period":"2026-03","value":143836,"change_percent":-4.7,"trend":"down"},{"period":"2026-04","value":136506,"change_percent":-5.1,"trend":"down"},{"period":"2026-05","value":125877,"change_percent":-7.8,"trend":"down"},{"period":"2026-06","value":117404,"change_percent":-6.7,"trend":"down"}]'::jsonb);
INSERT INTO public.metric_cards (id,project_id,title,description,category,position_x,position_y,created_by,data) VALUES ('411bb5c3-c9b4-4626-8133-58a66d192aa1','8efd7301-828e-4442-a6f5-7f0c37699d55','Sales & Marketing','','Data/Metric',1520,1672,'user_30uQARGezqSApAChPSGSwFyUy85','[{"period":"2025-12","value":122,"change_percent":0,"trend":"neutral"},{"period":"2026-01","value":128,"change_percent":4.9,"trend":"up"},{"period":"2026-02","value":129,"change_percent":0.8,"trend":"neutral"},{"period":"2026-03","value":131,"change_percent":1.6,"trend":"up"},{"period":"2026-04","value":132,"change_percent":0.8,"trend":"neutral"},{"period":"2026-05","value":133,"change_percent":0.8,"trend":"neutral"},{"period":"2026-06","value":135,"change_percent":1.5,"trend":"up"}]'::jsonb);
INSERT INTO public.metric_cards (id,project_id,title,description,category,position_x,position_y,created_by,data) VALUES ('c5bd99fd-0c67-442a-bde4-567b5842f8c4','8efd7301-828e-4442-a6f5-7f0c37699d55','R&D','','Data/Metric',1850,1672,'user_30uQARGezqSApAChPSGSwFyUy85','[{"period":"2025-12","value":1759,"change_percent":0,"trend":"neutral"},{"period":"2026-01","value":1894,"change_percent":7.7,"trend":"up"},{"period":"2026-02","value":2030,"change_percent":7.2,"trend":"up"},{"period":"2026-03","value":2132,"change_percent":5,"trend":"up"},{"period":"2026-04","value":2325,"change_percent":9.1,"trend":"up"},{"period":"2026-05","value":2512,"change_percent":8,"trend":"up"},{"period":"2026-06","value":2705,"change_percent":7.7,"trend":"up"}]'::jsonb);
INSERT INTO public.metric_cards (id,project_id,title,description,category,position_x,position_y,created_by,data) VALUES ('a2b1b7dc-1839-4200-b7fa-3587e3ad34e3','8efd7301-828e-4442-a6f5-7f0c37699d55','G&A','','Data/Metric',1190,1892,'user_30uQARGezqSApAChPSGSwFyUy85','[{"period":"2025-12","value":3598,"change_percent":0,"trend":"neutral"},{"period":"2026-01","value":3584,"change_percent":-0.4,"trend":"neutral"},{"period":"2026-02","value":3602,"change_percent":0.5,"trend":"neutral"},{"period":"2026-03","value":3599,"change_percent":-0.1,"trend":"neutral"},{"period":"2026-04","value":3748,"change_percent":4.1,"trend":"up"},{"period":"2026-05","value":3885,"change_percent":3.7,"trend":"up"},{"period":"2026-06","value":4039,"change_percent":4,"trend":"up"}]'::jsonb);
INSERT INTO public.metric_cards (id,project_id,title,description,category,position_x,position_y,created_by,data) VALUES ('63336882-d80f-4e3f-bddd-1d4009d5cd3d','8efd7301-828e-4442-a6f5-7f0c37699d55','Launch content/SEO program','','Work/Action',330,2292,'user_30uQARGezqSApAChPSGSwFyUy85','[]'::jsonb);
INSERT INTO public.metric_cards (id,project_id,title,description,category,position_x,position_y,created_by,data) VALUES ('1ea25061-9ab5-4651-8e56-83b1a11bf873','8efd7301-828e-4442-a6f5-7f0c37699d55','Improve onboarding flow','','Work/Action',660,2292,'user_30uQARGezqSApAChPSGSwFyUy85','[]'::jsonb);
INSERT INTO public.metric_cards (id,project_id,title,description,category,position_x,position_y,created_by,data) VALUES ('2c6c9ad9-355d-4911-bd22-a42d2f9ddd04','8efd7301-828e-4442-a6f5-7f0c37699d55','Customer success program','','Work/Action',990,2292,'user_30uQARGezqSApAChPSGSwFyUy85','[]'::jsonb);
INSERT INTO public.metric_cards (id,project_id,title,description,category,position_x,position_y,created_by,data) VALUES ('87e1134a-4185-4723-9c3d-e21f80c3eca3','8efd7301-828e-4442-a6f5-7f0c37699d55','Referral program','','Work/Action',1320,2292,'user_30uQARGezqSApAChPSGSwFyUy85','[]'::jsonb);
INSERT INTO public.metric_cards (id,project_id,title,description,category,position_x,position_y,created_by,data) VALUES ('3c88bedd-79d1-48cc-b4c6-c6b371a8f1e7','8efd7301-828e-4442-a6f5-7f0c37699d55','Annual billing reduces churn','','Ideas/Hypothesis',1650,2292,'user_30uQARGezqSApAChPSGSwFyUy85','[]'::jsonb);
INSERT INTO public.metric_cards (id,project_id,title,description,category,position_x,position_y,created_by,data) VALUES ('e988f796-ffdf-40c6-a6fe-66fa8b6c1349','8efd7301-828e-4442-a6f5-7f0c37699d55','Self-serve trial lifts conversion','','Ideas/Hypothesis',0,2512,'user_30uQARGezqSApAChPSGSwFyUy85','[]'::jsonb);
INSERT INTO public.relationships (id,project_id,source_id,target_id,type,confidence,weight,created_by) VALUES ('73f37eb7-8142-46e8-9c9c-36e45bc148e2','8efd7301-828e-4442-a6f5-7f0c37699d55','2b1278d3-6907-40af-82c2-aea32513c490','65ab5da6-0f4b-4f89-8b3e-7f4736598d47','Compositional','High',95,'user_30uQARGezqSApAChPSGSwFyUy85');
INSERT INTO public.relationships (id,project_id,source_id,target_id,type,confidence,weight,created_by) VALUES ('06458335-e8fc-4eb2-aaca-4c49798d9273','8efd7301-828e-4442-a6f5-7f0c37699d55','6fbc5d92-9b53-43f7-a389-4ff37e5eeb26','65ab5da6-0f4b-4f89-8b3e-7f4736598d47','Compositional','High',90,'user_30uQARGezqSApAChPSGSwFyUy85');
INSERT INTO public.relationships (id,project_id,source_id,target_id,type,confidence,weight,created_by) VALUES ('dbcc2631-ae06-4344-b6a9-8ce05be97692','8efd7301-828e-4442-a6f5-7f0c37699d55','920bd65f-69c2-417d-ba9d-cb4e8484f930','65ab5da6-0f4b-4f89-8b3e-7f4736598d47','Causal','High',70,'user_30uQARGezqSApAChPSGSwFyUy85');
INSERT INTO public.relationships (id,project_id,source_id,target_id,type,confidence,weight,created_by) VALUES ('7c974216-2f31-47e2-85bb-fc212cc0e212','8efd7301-828e-4442-a6f5-7f0c37699d55','b06e231a-a8eb-488f-b3c9-521c8210e258','2b1278d3-6907-40af-82c2-aea32513c490','Deterministic','High',95,'user_30uQARGezqSApAChPSGSwFyUy85');
INSERT INTO public.relationships (id,project_id,source_id,target_id,type,confidence,weight,created_by) VALUES ('492215ad-bd4c-4d98-bdc4-4a807db906c0','8efd7301-828e-4442-a6f5-7f0c37699d55','867a4cf9-6118-4360-83d5-fd320f94832f','b06e231a-a8eb-488f-b3c9-521c8210e258','Compositional','High',80,'user_30uQARGezqSApAChPSGSwFyUy85');
INSERT INTO public.relationships (id,project_id,source_id,target_id,type,confidence,weight,created_by) VALUES ('725f9315-8656-487a-9afb-c6c3dbb681fc','8efd7301-828e-4442-a6f5-7f0c37699d55','7f7688cc-e223-4ea2-8273-b04046b0ee52','b06e231a-a8eb-488f-b3c9-521c8210e258','Compositional','High',70,'user_30uQARGezqSApAChPSGSwFyUy85');
INSERT INTO public.relationships (id,project_id,source_id,target_id,type,confidence,weight,created_by) VALUES ('190184c8-7be7-4d4e-a3bb-31ca1e353773','8efd7301-828e-4442-a6f5-7f0c37699d55','a9a3944d-7444-4ee8-b888-244295d7e8aa','b06e231a-a8eb-488f-b3c9-521c8210e258','Compositional','High',40,'user_30uQARGezqSApAChPSGSwFyUy85');
INSERT INTO public.relationships (id,project_id,source_id,target_id,type,confidence,weight,created_by) VALUES ('aeda7f31-de0c-4fa6-aad0-5dbcd59af70a','8efd7301-828e-4442-a6f5-7f0c37699d55','8025a2ab-2134-48c2-b175-c3934fc24749','b06e231a-a8eb-488f-b3c9-521c8210e258','Compositional','High',75,'user_30uQARGezqSApAChPSGSwFyUy85');
INSERT INTO public.relationships (id,project_id,source_id,target_id,type,confidence,weight,created_by) VALUES ('862606ef-c3c7-43ac-b85a-3a1d1bc56626','8efd7301-828e-4442-a6f5-7f0c37699d55','92be1810-244c-4cea-a3da-0e8e1d2545d6','b06e231a-a8eb-488f-b3c9-521c8210e258','Compositional','High',50,'user_30uQARGezqSApAChPSGSwFyUy85');
INSERT INTO public.relationships (id,project_id,source_id,target_id,type,confidence,weight,created_by) VALUES ('056215d7-e7a1-400c-be73-cca845b297a8','8efd7301-828e-4442-a6f5-7f0c37699d55','987fffe1-655b-4dc0-aac4-427f4f5a5380','867a4cf9-6118-4360-83d5-fd320f94832f','Deterministic','High',90,'user_30uQARGezqSApAChPSGSwFyUy85');
INSERT INTO public.relationships (id,project_id,source_id,target_id,type,confidence,weight,created_by) VALUES ('d9ea2a42-463a-4372-9635-22faa56317a7','8efd7301-828e-4442-a6f5-7f0c37699d55','87f233c5-6fc5-48ca-81a7-d57622af3adc','867a4cf9-6118-4360-83d5-fd320f94832f','Deterministic','High',80,'user_30uQARGezqSApAChPSGSwFyUy85');
INSERT INTO public.relationships (id,project_id,source_id,target_id,type,confidence,weight,created_by) VALUES ('45c51336-88f6-47b4-aada-326484e76e0b','8efd7301-828e-4442-a6f5-7f0c37699d55','ef5658ba-552d-4752-b7f4-5b8fb75e95d8','87f233c5-6fc5-48ca-81a7-d57622af3adc','Deterministic','High',80,'user_30uQARGezqSApAChPSGSwFyUy85');
INSERT INTO public.relationships (id,project_id,source_id,target_id,type,confidence,weight,created_by) VALUES ('e9fd4c79-a027-420b-9493-4229132be59a','8efd7301-828e-4442-a6f5-7f0c37699d55','9538dcfa-4944-4a1c-bcb6-4d8263183a4a','87f233c5-6fc5-48ca-81a7-d57622af3adc','Deterministic','High',70,'user_30uQARGezqSApAChPSGSwFyUy85');
INSERT INTO public.relationships (id,project_id,source_id,target_id,type,confidence,weight,created_by) VALUES ('361fe488-f5c5-4d1f-bff9-f1d5ecd6b9aa','8efd7301-828e-4442-a6f5-7f0c37699d55','a7565108-4ed6-489b-a50a-88d3d60b59ea','987fffe1-655b-4dc0-aac4-427f4f5a5380','Deterministic','High',85,'user_30uQARGezqSApAChPSGSwFyUy85');
INSERT INTO public.relationships (id,project_id,source_id,target_id,type,confidence,weight,created_by) VALUES ('d678c3af-4645-4a09-8a97-c91241b789b7','8efd7301-828e-4442-a6f5-7f0c37699d55','887f6040-fc08-464b-a2a9-d11f9e13015c','987fffe1-655b-4dc0-aac4-427f4f5a5380','Probabilistic','High',80,'user_30uQARGezqSApAChPSGSwFyUy85');
INSERT INTO public.relationships (id,project_id,source_id,target_id,type,confidence,weight,created_by) VALUES ('b776edae-f655-4439-9148-6d8c0c94c18b','8efd7301-828e-4442-a6f5-7f0c37699d55','29a0da72-1c48-465a-93f7-88a811854f29','a7565108-4ed6-489b-a50a-88d3d60b59ea','Deterministic','High',80,'user_30uQARGezqSApAChPSGSwFyUy85');
INSERT INTO public.relationships (id,project_id,source_id,target_id,type,confidence,weight,created_by) VALUES ('aa73f246-600f-4766-a703-18c29614e050','8efd7301-828e-4442-a6f5-7f0c37699d55','94050e44-1898-4041-a8a9-6c9ac1dfc59f','a7565108-4ed6-489b-a50a-88d3d60b59ea','Probabilistic','High',70,'user_30uQARGezqSApAChPSGSwFyUy85');
INSERT INTO public.relationships (id,project_id,source_id,target_id,type,confidence,weight,created_by) VALUES ('29946da6-73fc-4cde-bad6-2784074964bf','8efd7301-828e-4442-a6f5-7f0c37699d55','c74f6d80-b13d-4c8d-8a68-5d99bbe95b02','29a0da72-1c48-465a-93f7-88a811854f29','Deterministic','High',85,'user_30uQARGezqSApAChPSGSwFyUy85');
INSERT INTO public.relationships (id,project_id,source_id,target_id,type,confidence,weight,created_by) VALUES ('b4403aa0-9438-4587-980d-21fae0837af6','8efd7301-828e-4442-a6f5-7f0c37699d55','4282ae73-3cdc-4a5c-96f3-6b0db112200c','c74f6d80-b13d-4c8d-8a68-5d99bbe95b02','Compositional','High',70,'user_30uQARGezqSApAChPSGSwFyUy85');
INSERT INTO public.relationships (id,project_id,source_id,target_id,type,confidence,weight,created_by) VALUES ('f6206b5a-3125-4e8e-a124-a75b342d1d5b','8efd7301-828e-4442-a6f5-7f0c37699d55','cfa2c684-e96a-44b6-bd85-2f258a0141a4','c74f6d80-b13d-4c8d-8a68-5d99bbe95b02','Compositional','High',65,'user_30uQARGezqSApAChPSGSwFyUy85');
INSERT INTO public.relationships (id,project_id,source_id,target_id,type,confidence,weight,created_by) VALUES ('e4deb172-8f8d-41da-89f3-ac153c0ef7fa','8efd7301-828e-4442-a6f5-7f0c37699d55','7303b243-839b-4695-94b4-1cbbdf92f2e2','c74f6d80-b13d-4c8d-8a68-5d99bbe95b02','Compositional','High',55,'user_30uQARGezqSApAChPSGSwFyUy85');
INSERT INTO public.relationships (id,project_id,source_id,target_id,type,confidence,weight,created_by) VALUES ('78eb5d26-4d16-4eb5-8d7f-881f77728b6f','8efd7301-828e-4442-a6f5-7f0c37699d55','947784b1-d010-4e3e-8f54-4bce9aadfc5f','c74f6d80-b13d-4c8d-8a68-5d99bbe95b02','Compositional','High',45,'user_30uQARGezqSApAChPSGSwFyUy85');
INSERT INTO public.relationships (id,project_id,source_id,target_id,type,confidence,weight,created_by) VALUES ('6744710b-7a1e-464a-96d0-8d7489106781','8efd7301-828e-4442-a6f5-7f0c37699d55','8173a19a-e858-4a8f-a735-da2a22b08214','c74f6d80-b13d-4c8d-8a68-5d99bbe95b02','Compositional','High',50,'user_30uQARGezqSApAChPSGSwFyUy85');
INSERT INTO public.relationships (id,project_id,source_id,target_id,type,confidence,weight,created_by) VALUES ('787875e1-4360-4057-8b5c-61441ebcc431','8efd7301-828e-4442-a6f5-7f0c37699d55','7faae707-4540-4518-b7a2-14188e5ea9fe','c74f6d80-b13d-4c8d-8a68-5d99bbe95b02','Compositional','High',50,'user_30uQARGezqSApAChPSGSwFyUy85');
INSERT INTO public.relationships (id,project_id,source_id,target_id,type,confidence,weight,created_by) VALUES ('eb70f843-8624-4592-971e-f76bd6be7ce0','8efd7301-828e-4442-a6f5-7f0c37699d55','d627bac6-51ca-4f80-8699-e39dc801094a','7303b243-839b-4695-94b4-1cbbdf92f2e2','Causal','High',70,'user_30uQARGezqSApAChPSGSwFyUy85');
INSERT INTO public.relationships (id,project_id,source_id,target_id,type,confidence,weight,created_by) VALUES ('003c9209-73f6-4f6d-8a82-f7cc1abc91ca','8efd7301-828e-4442-a6f5-7f0c37699d55','50095a0c-3f85-43e4-86e0-74b5ab228937','7303b243-839b-4695-94b4-1cbbdf92f2e2','Causal','High',60,'user_30uQARGezqSApAChPSGSwFyUy85');
INSERT INTO public.relationships (id,project_id,source_id,target_id,type,confidence,weight,created_by) VALUES ('528c5042-c03e-479d-918f-49863c5dab6e','8efd7301-828e-4442-a6f5-7f0c37699d55','8be6ed64-9191-4f4e-925a-3d54743cca76','d627bac6-51ca-4f80-8699-e39dc801094a','Causal','High',55,'user_30uQARGezqSApAChPSGSwFyUy85');
INSERT INTO public.relationships (id,project_id,source_id,target_id,type,confidence,weight,created_by) VALUES ('e034b520-45c6-4e86-a8d7-94cc58e0ac9d','8efd7301-828e-4442-a6f5-7f0c37699d55','69f0cdcc-738b-4769-aaa5-9d08e18f2248','cfa2c684-e96a-44b6-bd85-2f258a0141a4','Deterministic','High',80,'user_30uQARGezqSApAChPSGSwFyUy85');
INSERT INTO public.relationships (id,project_id,source_id,target_id,type,confidence,weight,created_by) VALUES ('54f9e2d2-7c77-4108-a64f-bd3505a5507d','8efd7301-828e-4442-a6f5-7f0c37699d55','9ac8ad4e-3205-4a2f-b7b4-63529bec2e86','cfa2c684-e96a-44b6-bd85-2f258a0141a4','Deterministic','High',70,'user_30uQARGezqSApAChPSGSwFyUy85');
INSERT INTO public.relationships (id,project_id,source_id,target_id,type,confidence,weight,created_by) VALUES ('b616fdbb-2a14-403a-961f-7b65f5e89db3','8efd7301-828e-4442-a6f5-7f0c37699d55','3862a029-2259-4d03-816e-ee397012d7ad','8025a2ab-2134-48c2-b175-c3934fc24749','Causal','High',85,'user_30uQARGezqSApAChPSGSwFyUy85');
INSERT INTO public.relationships (id,project_id,source_id,target_id,type,confidence,weight,created_by) VALUES ('5e8cead0-c18f-4581-8f5c-8b2ddc80ffc3','8efd7301-828e-4442-a6f5-7f0c37699d55','3862a029-2259-4d03-816e-ee397012d7ad','14c5cc3b-fad5-4483-b973-20bd56df52b1','Causal','High',70,'user_30uQARGezqSApAChPSGSwFyUy85');
INSERT INTO public.relationships (id,project_id,source_id,target_id,type,confidence,weight,created_by) VALUES ('d015d9cf-b8fa-4464-b823-80f2f5c0cc5d','8efd7301-828e-4442-a6f5-7f0c37699d55','411bb5c3-c9b4-4626-8133-58a66d192aa1','d3dfbaf0-315b-4835-ad78-9a7cecff9922','Deterministic','High',85,'user_30uQARGezqSApAChPSGSwFyUy85');
INSERT INTO public.relationships (id,project_id,source_id,target_id,type,confidence,weight,created_by) VALUES ('20a4da7d-738b-4ece-aa0b-c1caa918a878','8efd7301-828e-4442-a6f5-7f0c37699d55','987fffe1-655b-4dc0-aac4-427f4f5a5380','d3dfbaf0-315b-4835-ad78-9a7cecff9922','Deterministic','High',80,'user_30uQARGezqSApAChPSGSwFyUy85');
INSERT INTO public.relationships (id,project_id,source_id,target_id,type,confidence,weight,created_by) VALUES ('0adce9d0-c47e-4ba0-bcc8-abdff8fca403','8efd7301-828e-4442-a6f5-7f0c37699d55','87f233c5-6fc5-48ca-81a7-d57622af3adc','3ffaadfb-bdc0-462a-b621-e837ebd1129c','Deterministic','High',75,'user_30uQARGezqSApAChPSGSwFyUy85');
INSERT INTO public.relationships (id,project_id,source_id,target_id,type,confidence,weight,created_by) VALUES ('c425f34b-e19a-4072-b33f-3a73dce4d561','8efd7301-828e-4442-a6f5-7f0c37699d55','3862a029-2259-4d03-816e-ee397012d7ad','3ffaadfb-bdc0-462a-b621-e837ebd1129c','Causal','High',80,'user_30uQARGezqSApAChPSGSwFyUy85');
INSERT INTO public.relationships (id,project_id,source_id,target_id,type,confidence,weight,created_by) VALUES ('bda06661-79cf-4484-ae78-644402bff631','8efd7301-828e-4442-a6f5-7f0c37699d55','3ffaadfb-bdc0-462a-b621-e837ebd1129c','76284fba-10ca-4b02-a766-8ce4a58fcc17','Deterministic','High',80,'user_30uQARGezqSApAChPSGSwFyUy85');
INSERT INTO public.relationships (id,project_id,source_id,target_id,type,confidence,weight,created_by) VALUES ('ec06f8d3-39e2-4378-b7b0-7a555098f5bc','8efd7301-828e-4442-a6f5-7f0c37699d55','d3dfbaf0-315b-4835-ad78-9a7cecff9922','76284fba-10ca-4b02-a766-8ce4a58fcc17','Deterministic','High',80,'user_30uQARGezqSApAChPSGSwFyUy85');
INSERT INTO public.relationships (id,project_id,source_id,target_id,type,confidence,weight,created_by) VALUES ('573b236f-9632-420a-b2f6-b885653e382f','8efd7301-828e-4442-a6f5-7f0c37699d55','d3dfbaf0-315b-4835-ad78-9a7cecff9922','704d8790-f7e0-4f2c-a122-8dbae018704f','Deterministic','High',70,'user_30uQARGezqSApAChPSGSwFyUy85');
INSERT INTO public.relationships (id,project_id,source_id,target_id,type,confidence,weight,created_by) VALUES ('3a54a57d-d88a-46d2-89cd-243de2e293f5','8efd7301-828e-4442-a6f5-7f0c37699d55','24dffb7c-b99c-473a-9964-ca2ccd37f223','6fbc5d92-9b53-43f7-a389-4ff37e5eeb26','Compositional','High',80,'user_30uQARGezqSApAChPSGSwFyUy85');
INSERT INTO public.relationships (id,project_id,source_id,target_id,type,confidence,weight,created_by) VALUES ('21f425a4-4ce0-4bcb-aaa7-2d120d00e359','8efd7301-828e-4442-a6f5-7f0c37699d55','411bb5c3-c9b4-4626-8133-58a66d192aa1','6fbc5d92-9b53-43f7-a389-4ff37e5eeb26','Compositional','High',80,'user_30uQARGezqSApAChPSGSwFyUy85');
INSERT INTO public.relationships (id,project_id,source_id,target_id,type,confidence,weight,created_by) VALUES ('ff76cb80-cc48-4b81-b2fa-f60c7bf630b8','8efd7301-828e-4442-a6f5-7f0c37699d55','c5bd99fd-0c67-442a-bde4-567b5842f8c4','6fbc5d92-9b53-43f7-a389-4ff37e5eeb26','Compositional','High',70,'user_30uQARGezqSApAChPSGSwFyUy85');
INSERT INTO public.relationships (id,project_id,source_id,target_id,type,confidence,weight,created_by) VALUES ('4b875da4-bf09-4a3a-a18d-113e19a393ac','8efd7301-828e-4442-a6f5-7f0c37699d55','a2b1b7dc-1839-4200-b7fa-3587e3ad34e3','6fbc5d92-9b53-43f7-a389-4ff37e5eeb26','Compositional','High',60,'user_30uQARGezqSApAChPSGSwFyUy85');
INSERT INTO public.relationships (id,project_id,source_id,target_id,type,confidence,weight,created_by) VALUES ('40c8f565-580e-40c2-acdc-639e98e3ab71','8efd7301-828e-4442-a6f5-7f0c37699d55','a5fd138d-cda5-4885-8338-6445b60db55b','24dffb7c-b99c-473a-9964-ca2ccd37f223','Compositional','High',70,'user_30uQARGezqSApAChPSGSwFyUy85');
INSERT INTO public.relationships (id,project_id,source_id,target_id,type,confidence,weight,created_by) VALUES ('06c3053c-b02a-4535-8e24-d939e4dc9d5e','8efd7301-828e-4442-a6f5-7f0c37699d55','d3039361-1ef1-4964-bd4b-9f0ce32834a0','24dffb7c-b99c-473a-9964-ca2ccd37f223','Compositional','High',60,'user_30uQARGezqSApAChPSGSwFyUy85');
INSERT INTO public.relationships (id,project_id,source_id,target_id,type,confidence,weight,created_by) VALUES ('c6e2b581-4669-4d73-a30d-6783d258eb75','8efd7301-828e-4442-a6f5-7f0c37699d55','24dffb7c-b99c-473a-9964-ca2ccd37f223','920bd65f-69c2-417d-ba9d-cb4e8484f930','Causal','High',70,'user_30uQARGezqSApAChPSGSwFyUy85');
INSERT INTO public.relationships (id,project_id,source_id,target_id,type,confidence,weight,created_by) VALUES ('e14c4f34-e8a1-47af-95f5-21e5bf3c60e8','8efd7301-828e-4442-a6f5-7f0c37699d55','69f0cdcc-738b-4769-aaa5-9d08e18f2248','411bb5c3-c9b4-4626-8133-58a66d192aa1','Compositional','High',70,'user_30uQARGezqSApAChPSGSwFyUy85');
INSERT INTO public.relationships (id,project_id,source_id,target_id,type,confidence,weight,created_by) VALUES ('9401adac-561e-4305-be2f-08c32a8d7ed9','8efd7301-828e-4442-a6f5-7f0c37699d55','63336882-d80f-4e3f-bddd-1d4009d5cd3d','4282ae73-3cdc-4a5c-96f3-6b0db112200c','Causal','High',70,'user_30uQARGezqSApAChPSGSwFyUy85');
INSERT INTO public.relationships (id,project_id,source_id,target_id,type,confidence,weight,created_by) VALUES ('dce50742-a44c-4862-9a04-7b3b7fbe667b','8efd7301-828e-4442-a6f5-7f0c37699d55','1ea25061-9ab5-4651-8e56-83b1a11bf873','887f6040-fc08-464b-a2a9-d11f9e13015c','Causal','High',75,'user_30uQARGezqSApAChPSGSwFyUy85');
INSERT INTO public.relationships (id,project_id,source_id,target_id,type,confidence,weight,created_by) VALUES ('b0aa7469-74ba-4664-8cc0-f7b4635755ad','8efd7301-828e-4442-a6f5-7f0c37699d55','2c6c9ad9-355d-4911-bd22-a42d2f9ddd04','3862a029-2259-4d03-816e-ee397012d7ad','Causal','High',70,'user_30uQARGezqSApAChPSGSwFyUy85');
INSERT INTO public.relationships (id,project_id,source_id,target_id,type,confidence,weight,created_by) VALUES ('d3d3d71d-2b30-4a67-80ae-fa51767dbbd2','8efd7301-828e-4442-a6f5-7f0c37699d55','87e1134a-4185-4723-9c3d-e21f80c3eca3','947784b1-d010-4e3e-8f54-4bce9aadfc5f','Causal','High',70,'user_30uQARGezqSApAChPSGSwFyUy85');
INSERT INTO public.relationships (id,project_id,source_id,target_id,type,confidence,weight,created_by) VALUES ('4e6d27de-e874-462d-ad02-dd7ea28735e4','8efd7301-828e-4442-a6f5-7f0c37699d55','3c88bedd-79d1-48cc-b4c6-c6b371a8f1e7','3862a029-2259-4d03-816e-ee397012d7ad','Probabilistic','High',50,'user_30uQARGezqSApAChPSGSwFyUy85');
INSERT INTO public.relationships (id,project_id,source_id,target_id,type,confidence,weight,created_by) VALUES ('72e25815-9f1d-46de-9ad0-eed08afe589e','8efd7301-828e-4442-a6f5-7f0c37699d55','e988f796-ffdf-40c6-a6fe-66fa8b6c1349','887f6040-fc08-464b-a2a9-d11f9e13015c','Probabilistic','High',50,'user_30uQARGezqSApAChPSGSwFyUy85');
INSERT INTO public.groups (id,project_id,name,node_ids,position_x,position_y,width,height,created_by) VALUES ('01775708-0aeb-4ded-84b4-01538defbda7','8efd7301-828e-4442-a6f5-7f0c37699d55','Acquisition Funnel',ARRAY['c74f6d80-b13d-4c8d-8a68-5d99bbe95b02','4282ae73-3cdc-4a5c-96f3-6b0db112200c','cfa2c684-e96a-44b6-bd85-2f258a0141a4','7303b243-839b-4695-94b4-1cbbdf92f2e2','947784b1-d010-4e3e-8f54-4bce9aadfc5f','8173a19a-e858-4a8f-a735-da2a22b08214','7faae707-4540-4518-b7a2-14188e5ea9fe','d627bac6-51ca-4f80-8699-e39dc801094a','50095a0c-3f85-43e4-86e0-74b5ab228937','8be6ed64-9191-4f4e-925a-3d54743cca76','69f0cdcc-738b-4769-aaa5-9d08e18f2248','9ac8ad4e-3205-4a2f-b7b4-63529bec2e86','29a0da72-1c48-465a-93f7-88a811854f29','94050e44-1898-4041-a8a9-6c9ac1dfc59f','a7565108-4ed6-489b-a50a-88d3d60b59ea','887f6040-fc08-464b-a2a9-d11f9e13015c','987fffe1-655b-4dc0-aac4-427f4f5a5380']::uuid[],0,0,1330,1166,'user_30uQARGezqSApAChPSGSwFyUy85');
INSERT INTO public.groups (id,project_id,name,node_ids,position_x,position_y,width,height,created_by) VALUES ('10e4a73a-7256-431c-836b-f756d4c3acd3','8efd7301-828e-4442-a6f5-7f0c37699d55','Revenue & MRR',ARRAY['2b1278d3-6907-40af-82c2-aea32513c490','b06e231a-a8eb-488f-b3c9-521c8210e258','867a4cf9-6118-4360-83d5-fd320f94832f','7f7688cc-e223-4ea2-8273-b04046b0ee52','a9a3944d-7444-4ee8-b888-244295d7e8aa','8025a2ab-2134-48c2-b175-c3934fc24749','92be1810-244c-4cea-a3da-0e8e1d2545d6','87f233c5-6fc5-48ca-81a7-d57622af3adc','ef5658ba-552d-4752-b7f4-5b8fb75e95d8','9538dcfa-4944-4a1c-bcb6-4d8263183a4a']::uuid[],1490,0,1330,726,'user_30uQARGezqSApAChPSGSwFyUy85');
INSERT INTO public.groups (id,project_id,name,node_ids,position_x,position_y,width,height,created_by) VALUES ('7e9eb5df-a7c3-400f-a105-a7d6183baecc','8efd7301-828e-4442-a6f5-7f0c37699d55','Unit Economics',ARRAY['d3dfbaf0-315b-4835-ad78-9a7cecff9922','3ffaadfb-bdc0-462a-b621-e837ebd1129c','76284fba-10ca-4b02-a766-8ce4a58fcc17','704d8790-f7e0-4f2c-a122-8dbae018704f','3862a029-2259-4d03-816e-ee397012d7ad','14c5cc3b-fad5-4483-b973-20bd56df52b1']::uuid[],0,1366,1000,506,'user_30uQARGezqSApAChPSGSwFyUy85');
INSERT INTO public.groups (id,project_id,name,node_ids,position_x,position_y,width,height,created_by) VALUES ('9bd32aa8-8480-4ee0-b9ec-1c4ed409b1c9','8efd7301-828e-4442-a6f5-7f0c37699d55','Cost Structure',ARRAY['6fbc5d92-9b53-43f7-a389-4ff37e5eeb26','24dffb7c-b99c-473a-9964-ca2ccd37f223','a5fd138d-cda5-4885-8338-6445b60db55b','d3039361-1ef1-4964-bd4b-9f0ce32834a0','411bb5c3-c9b4-4626-8133-58a66d192aa1','c5bd99fd-0c67-442a-bde4-567b5842f8c4','a2b1b7dc-1839-4200-b7fa-3587e3ad34e3','920bd65f-69c2-417d-ba9d-cb4e8484f930']::uuid[],1160,1366,1000,726,'user_30uQARGezqSApAChPSGSwFyUy85');

DELETE FROM public.projects WHERE created_by='user_30uQARGezqSApAChPSGSwFyUy85' AND name='E-commerce — Example Metric Tree';
INSERT INTO public.projects (id,name,description,created_by,last_modified_by,is_public,tags,settings) VALUES ('fd22228f-ec06-4368-b383-eef691da9f0d','E-commerce — Example Metric Tree','Decomposition of profit for an online store: orders = sessions × conversion, AOV, channel mix (incl. social/email), retention, and cost structure.','user_30uQARGezqSApAChPSGSwFyUy85','user_30uQARGezqSApAChPSGSwFyUy85',true,ARRAY['example','template'],'{}');
INSERT INTO public.metric_cards (id,project_id,title,description,category,position_x,position_y,created_by,data) VALUES ('ddda2376-df83-41a4-b305-4ca99b72ecef','fd22228f-ec06-4368-b383-eef691da9f0d','Profit','Revenue − Total Costs','Core/Value',0,2072,'user_30uQARGezqSApAChPSGSwFyUy85','[{"period":"2025-12","value":67716,"change_percent":0,"trend":"neutral"},{"period":"2026-01","value":72144,"change_percent":6.5,"trend":"up"},{"period":"2026-02","value":77260,"change_percent":7.1,"trend":"up"},{"period":"2026-03","value":84830,"change_percent":9.8,"trend":"up"},{"period":"2026-04","value":92852,"change_percent":9.5,"trend":"up"},{"period":"2026-05","value":101843,"change_percent":9.7,"trend":"up"},{"period":"2026-06","value":111757,"change_percent":9.7,"trend":"up"}]'::jsonb);
INSERT INTO public.metric_cards (id,project_id,title,description,category,position_x,position_y,created_by,data) VALUES ('6979dd24-d10d-4713-8fc9-9216088e144f','fd22228f-ec06-4368-b383-eef691da9f0d','Revenue','Orders × AOV','Data/Metric',330,2072,'user_30uQARGezqSApAChPSGSwFyUy85','[{"period":"2025-12","value":783300,"change_percent":0,"trend":"neutral"},{"period":"2026-01","value":801646,"change_percent":2.3,"trend":"up"},{"period":"2026-02","value":828067,"change_percent":3.3,"trend":"up"},{"period":"2026-03","value":840999,"change_percent":1.6,"trend":"up"},{"period":"2026-04","value":889739,"change_percent":5.8,"trend":"up"},{"period":"2026-05","value":942308,"change_percent":5.9,"trend":"up"},{"period":"2026-06","value":980525,"change_percent":4.1,"trend":"up"}]'::jsonb);
INSERT INTO public.metric_cards (id,project_id,title,description,category,position_x,position_y,created_by,data) VALUES ('7f1a978d-043a-4222-89f4-f9e7205b25f2','fd22228f-ec06-4368-b383-eef691da9f0d','Orders','Sessions × Conversion','Data/Metric',1520,86,'user_30uQARGezqSApAChPSGSwFyUy85','[{"period":"2025-12","value":87501,"change_percent":0,"trend":"neutral"},{"period":"2026-01","value":94539,"change_percent":8,"trend":"up"},{"period":"2026-02","value":101684,"change_percent":7.6,"trend":"up"},{"period":"2026-03","value":106008,"change_percent":4.3,"trend":"up"},{"period":"2026-04","value":112360,"change_percent":6,"trend":"up"},{"period":"2026-05","value":120282,"change_percent":7.1,"trend":"up"},{"period":"2026-06","value":127313,"change_percent":5.8,"trend":"up"}]'::jsonb);
INSERT INTO public.metric_cards (id,project_id,title,description,category,position_x,position_y,created_by,data) VALUES ('b2f6caa1-4fa4-4e1f-a63b-6b9bde843a00','fd22228f-ec06-4368-b383-eef691da9f0d','Average Order Value','Items × Avg item price','Data/Metric',30,1232,'user_30uQARGezqSApAChPSGSwFyUy85','[{"period":"2025-12","value":238402,"change_percent":0,"trend":"neutral"},{"period":"2026-01","value":255235,"change_percent":7.1,"trend":"up"},{"period":"2026-02","value":266124,"change_percent":4.3,"trend":"up"},{"period":"2026-03","value":285040,"change_percent":7.1,"trend":"up"},{"period":"2026-04","value":298272,"change_percent":4.6,"trend":"up"},{"period":"2026-05","value":311479,"change_percent":4.4,"trend":"up"},{"period":"2026-06","value":327554,"change_percent":5.2,"trend":"up"}]'::jsonb);
INSERT INTO public.metric_cards (id,project_id,title,description,category,position_x,position_y,created_by,data) VALUES ('54567fdd-1c87-4b76-8548-77d4d936535f','fd22228f-ec06-4368-b383-eef691da9f0d','Sessions','Sum of channels','Data/Metric',30,86,'user_30uQARGezqSApAChPSGSwFyUy85','[{"period":"2025-12","value":50072,"change_percent":0,"trend":"neutral"},{"period":"2026-01","value":52443,"change_percent":4.7,"trend":"up"},{"period":"2026-02","value":53790,"change_percent":2.6,"trend":"up"},{"period":"2026-03","value":54506,"change_percent":1.3,"trend":"up"},{"period":"2026-04","value":55535,"change_percent":1.9,"trend":"up"},{"period":"2026-05","value":57148,"change_percent":2.9,"trend":"up"},{"period":"2026-06","value":58561,"change_percent":2.5,"trend":"up"}]'::jsonb);
INSERT INTO public.metric_cards (id,project_id,title,description,category,position_x,position_y,created_by,data) VALUES ('571b087d-923b-464d-838e-bf0dfceee656','fd22228f-ec06-4368-b383-eef691da9f0d','Conversion Rate','','Data/Metric',1850,86,'user_30uQARGezqSApAChPSGSwFyUy85','[{"period":"2025-12","value":42.6,"change_percent":0,"trend":"neutral"},{"period":"2026-01","value":44.4,"change_percent":4.2,"trend":"up"},{"period":"2026-02","value":45.9,"change_percent":3.4,"trend":"up"},{"period":"2026-03","value":47.2,"change_percent":2.8,"trend":"up"},{"period":"2026-04","value":49.9,"change_percent":5.7,"trend":"up"},{"period":"2026-05","value":52.2,"change_percent":4.6,"trend":"up"},{"period":"2026-06","value":53.6,"change_percent":2.7,"trend":"up"}]'::jsonb);
INSERT INTO public.metric_cards (id,project_id,title,description,category,position_x,position_y,created_by,data) VALUES ('b473be4f-f43d-475e-a351-0e72e8d2c6b6','fd22228f-ec06-4368-b383-eef691da9f0d','Items per Order','','Data/Metric',360,1232,'user_30uQARGezqSApAChPSGSwFyUy85','[{"period":"2025-12","value":30414,"change_percent":0,"trend":"neutral"},{"period":"2026-01","value":33058,"change_percent":8.7,"trend":"up"},{"period":"2026-02","value":35646,"change_percent":7.8,"trend":"up"},{"period":"2026-03","value":38414,"change_percent":7.8,"trend":"up"},{"period":"2026-04","value":42020,"change_percent":9.4,"trend":"up"},{"period":"2026-05","value":46071,"change_percent":9.6,"trend":"up"},{"period":"2026-06","value":50439,"change_percent":9.5,"trend":"up"}]'::jsonb);
INSERT INTO public.metric_cards (id,project_id,title,description,category,position_x,position_y,created_by,data) VALUES ('d38986e1-b8b8-45b1-8a7a-4ae87f24f21f','fd22228f-ec06-4368-b383-eef691da9f0d','Avg Item Price','','Data/Metric',690,1232,'user_30uQARGezqSApAChPSGSwFyUy85','[{"period":"2025-12","value":348916,"change_percent":0,"trend":"neutral"},{"period":"2026-01","value":370365,"change_percent":6.1,"trend":"up"},{"period":"2026-02","value":391378,"change_percent":5.7,"trend":"up"},{"period":"2026-03","value":407799,"change_percent":4.2,"trend":"up"},{"period":"2026-04","value":425403,"change_percent":4.3,"trend":"up"},{"period":"2026-05","value":442521,"change_percent":4,"trend":"up"},{"period":"2026-06","value":449668,"change_percent":1.6,"trend":"up"}]'::jsonb);
INSERT INTO public.metric_cards (id,project_id,title,description,category,position_x,position_y,created_by,data) VALUES ('b111902d-4515-4d14-816d-0deecad163c2','fd22228f-ec06-4368-b383-eef691da9f0d','Cross-sell Rate','','Data/Metric',30,1452,'user_30uQARGezqSApAChPSGSwFyUy85','[{"period":"2025-12","value":39.1,"change_percent":0,"trend":"neutral"},{"period":"2026-01","value":40.2,"change_percent":2.8,"trend":"up"},{"period":"2026-02","value":42.3,"change_percent":5.2,"trend":"up"},{"period":"2026-03","value":44.2,"change_percent":4.5,"trend":"up"},{"period":"2026-04","value":45.6,"change_percent":3.2,"trend":"up"},{"period":"2026-05","value":46.5,"change_percent":2,"trend":"up"},{"period":"2026-06","value":48.5,"change_percent":4.3,"trend":"up"}]'::jsonb);
INSERT INTO public.metric_cards (id,project_id,title,description,category,position_x,position_y,created_by,data) VALUES ('363b4ffa-ee67-4350-b816-5a5cca69973f','fd22228f-ec06-4368-b383-eef691da9f0d','Upsell Rate','','Data/Metric',360,1452,'user_30uQARGezqSApAChPSGSwFyUy85','[{"period":"2025-12","value":23.2,"change_percent":0,"trend":"neutral"},{"period":"2026-01","value":24.6,"change_percent":6,"trend":"up"},{"period":"2026-02","value":26.1,"change_percent":6.1,"trend":"up"},{"period":"2026-03","value":27.6,"change_percent":5.7,"trend":"up"},{"period":"2026-04","value":29,"change_percent":5.1,"trend":"up"},{"period":"2026-05","value":30.5,"change_percent":5.2,"trend":"up"},{"period":"2026-06","value":32.5,"change_percent":6.6,"trend":"up"}]'::jsonb);
INSERT INTO public.metric_cards (id,project_id,title,description,category,position_x,position_y,created_by,data) VALUES ('530c6348-3e57-4e64-9bbb-c6f9aa0f0af5','fd22228f-ec06-4368-b383-eef691da9f0d','Organic Sessions','','Data/Metric',360,86,'user_30uQARGezqSApAChPSGSwFyUy85','[{"period":"2025-12","value":66754,"change_percent":0,"trend":"neutral"},{"period":"2026-01","value":68537,"change_percent":2.7,"trend":"up"},{"period":"2026-02","value":71281,"change_percent":4,"trend":"up"},{"period":"2026-03","value":73649,"change_percent":3.3,"trend":"up"},{"period":"2026-04","value":74975,"change_percent":1.8,"trend":"up"},{"period":"2026-05","value":78288,"change_percent":4.4,"trend":"up"},{"period":"2026-06","value":80424,"change_percent":2.7,"trend":"up"}]'::jsonb);
INSERT INTO public.metric_cards (id,project_id,title,description,category,position_x,position_y,created_by,data) VALUES ('64d5d761-9cca-4d62-8241-99d481e92645','fd22228f-ec06-4368-b383-eef691da9f0d','Paid Sessions','Ad Spend / CPC','Data/Metric',690,86,'user_30uQARGezqSApAChPSGSwFyUy85','[{"period":"2025-12","value":15161,"change_percent":0,"trend":"neutral"},{"period":"2026-01","value":16570,"change_percent":9.3,"trend":"up"},{"period":"2026-02","value":17416,"change_percent":5.1,"trend":"up"},{"period":"2026-03","value":18580,"change_percent":6.7,"trend":"up"},{"period":"2026-04","value":20284,"change_percent":9.2,"trend":"up"},{"period":"2026-05","value":21488,"change_percent":5.9,"trend":"up"},{"period":"2026-06","value":23441,"change_percent":9.1,"trend":"up"}]'::jsonb);
INSERT INTO public.metric_cards (id,project_id,title,description,category,position_x,position_y,created_by,data) VALUES ('fa1b6b77-7243-4d6e-bf7a-33a39e7d51b9','fd22228f-ec06-4368-b383-eef691da9f0d','Social Sessions','Reach × CTR','Data/Metric',1020,86,'user_30uQARGezqSApAChPSGSwFyUy85','[{"period":"2025-12","value":62232,"change_percent":0,"trend":"neutral"},{"period":"2026-01","value":66620,"change_percent":7.1,"trend":"up"},{"period":"2026-02","value":69971,"change_percent":5,"trend":"up"},{"period":"2026-03","value":74572,"change_percent":6.6,"trend":"up"},{"period":"2026-04","value":78373,"change_percent":5.1,"trend":"up"},{"period":"2026-05","value":83646,"change_percent":6.7,"trend":"up"},{"period":"2026-06","value":88505,"change_percent":5.8,"trend":"up"}]'::jsonb);
INSERT INTO public.metric_cards (id,project_id,title,description,category,position_x,position_y,created_by,data) VALUES ('add3713b-879d-4e9c-9634-c1070979bea0','fd22228f-ec06-4368-b383-eef691da9f0d','Email Sessions','List × Open × CTR','Data/Metric',30,306,'user_30uQARGezqSApAChPSGSwFyUy85','[{"period":"2025-12","value":64145,"change_percent":0,"trend":"neutral"},{"period":"2026-01","value":66381,"change_percent":3.5,"trend":"up"},{"period":"2026-02","value":68627,"change_percent":3.4,"trend":"up"},{"period":"2026-03","value":69771,"change_percent":1.7,"trend":"up"},{"period":"2026-04","value":72500,"change_percent":3.9,"trend":"up"},{"period":"2026-05","value":74898,"change_percent":3.3,"trend":"up"},{"period":"2026-06","value":77162,"change_percent":3,"trend":"up"}]'::jsonb);
INSERT INTO public.metric_cards (id,project_id,title,description,category,position_x,position_y,created_by,data) VALUES ('641f66d3-5677-4add-9fe7-6d2daca111ee','fd22228f-ec06-4368-b383-eef691da9f0d','Direct Sessions','','Data/Metric',360,306,'user_30uQARGezqSApAChPSGSwFyUy85','[{"period":"2025-12","value":24444,"change_percent":0,"trend":"neutral"},{"period":"2026-01","value":25830,"change_percent":5.7,"trend":"up"},{"period":"2026-02","value":27423,"change_percent":6.2,"trend":"up"},{"period":"2026-03","value":28631,"change_percent":4.4,"trend":"up"},{"period":"2026-04","value":29723,"change_percent":3.8,"trend":"up"},{"period":"2026-05","value":30570,"change_percent":2.8,"trend":"up"},{"period":"2026-06","value":31787,"change_percent":4,"trend":"up"}]'::jsonb);
INSERT INTO public.metric_cards (id,project_id,title,description,category,position_x,position_y,created_by,data) VALUES ('7fddb910-c0a6-44d5-83a2-bf02c31eca35','fd22228f-ec06-4368-b383-eef691da9f0d','Affiliate Sessions','','Data/Metric',690,306,'user_30uQARGezqSApAChPSGSwFyUy85','[{"period":"2025-12","value":72171,"change_percent":0,"trend":"neutral"},{"period":"2026-01","value":76029,"change_percent":5.3,"trend":"up"},{"period":"2026-02","value":83003,"change_percent":9.2,"trend":"up"},{"period":"2026-03","value":89220,"change_percent":7.5,"trend":"up"},{"period":"2026-04","value":94739,"change_percent":6.2,"trend":"up"},{"period":"2026-05","value":102595,"change_percent":8.3,"trend":"up"},{"period":"2026-06","value":109595,"change_percent":6.8,"trend":"up"}]'::jsonb);
INSERT INTO public.metric_cards (id,project_id,title,description,category,position_x,position_y,created_by,data) VALUES ('b1ccf272-13e6-4995-abba-4008cca0e017','fd22228f-ec06-4368-b383-eef691da9f0d','Social Reach / Followers','','Data/Metric',1020,306,'user_30uQARGezqSApAChPSGSwFyUy85','[{"period":"2025-12","value":65469,"change_percent":0,"trend":"neutral"},{"period":"2026-01","value":69610,"change_percent":6.3,"trend":"up"},{"period":"2026-02","value":73016,"change_percent":4.9,"trend":"up"},{"period":"2026-03","value":77500,"change_percent":6.1,"trend":"up"},{"period":"2026-04","value":81598,"change_percent":5.3,"trend":"up"},{"period":"2026-05","value":87168,"change_percent":6.8,"trend":"up"},{"period":"2026-06","value":93844,"change_percent":7.7,"trend":"up"}]'::jsonb);
INSERT INTO public.metric_cards (id,project_id,title,description,category,position_x,position_y,created_by,data) VALUES ('02bd5a47-b188-492d-b629-181193687e4c','fd22228f-ec06-4368-b383-eef691da9f0d','Social CTR','','Data/Metric',30,526,'user_30uQARGezqSApAChPSGSwFyUy85','[{"period":"2025-12","value":994,"change_percent":0,"trend":"neutral"},{"period":"2026-01","value":1059,"change_percent":6.5,"trend":"up"},{"period":"2026-02","value":1104,"change_percent":4.2,"trend":"up"},{"period":"2026-03","value":1158,"change_percent":4.9,"trend":"up"},{"period":"2026-04","value":1236,"change_percent":6.7,"trend":"up"},{"period":"2026-05","value":1268,"change_percent":2.6,"trend":"up"},{"period":"2026-06","value":1300,"change_percent":2.5,"trend":"up"}]'::jsonb);
INSERT INTO public.metric_cards (id,project_id,title,description,category,position_x,position_y,created_by,data) VALUES ('6a1bd124-01cf-430c-a8a6-12d73ae35748','fd22228f-ec06-4368-b383-eef691da9f0d','Content Cadence','','Data/Metric',360,526,'user_30uQARGezqSApAChPSGSwFyUy85','[{"period":"2025-12","value":2048,"change_percent":0,"trend":"neutral"},{"period":"2026-01","value":2164,"change_percent":5.7,"trend":"up"},{"period":"2026-02","value":2314,"change_percent":6.9,"trend":"up"},{"period":"2026-03","value":2436,"change_percent":5.3,"trend":"up"},{"period":"2026-04","value":2553,"change_percent":4.8,"trend":"up"},{"period":"2026-05","value":2737,"change_percent":7.2,"trend":"up"},{"period":"2026-06","value":2983,"change_percent":9,"trend":"up"}]'::jsonb);
INSERT INTO public.metric_cards (id,project_id,title,description,category,position_x,position_y,created_by,data) VALUES ('a208a544-3ec1-42b0-bef1-ad686f557eca','fd22228f-ec06-4368-b383-eef691da9f0d','Email List Size','','Data/Metric',690,526,'user_30uQARGezqSApAChPSGSwFyUy85','[{"period":"2025-12","value":27869,"change_percent":0,"trend":"neutral"},{"period":"2026-01","value":28243,"change_percent":1.3,"trend":"up"},{"period":"2026-02","value":29398,"change_percent":4.1,"trend":"up"},{"period":"2026-03","value":30631,"change_percent":4.2,"trend":"up"},{"period":"2026-04","value":31829,"change_percent":3.9,"trend":"up"},{"period":"2026-05","value":32036,"change_percent":0.7,"trend":"neutral"},{"period":"2026-06","value":33636,"change_percent":5,"trend":"up"}]'::jsonb);
INSERT INTO public.metric_cards (id,project_id,title,description,category,position_x,position_y,created_by,data) VALUES ('535037fc-846b-4389-9eb0-477ea336ada6','fd22228f-ec06-4368-b383-eef691da9f0d','Email Open Rate','','Data/Metric',1020,526,'user_30uQARGezqSApAChPSGSwFyUy85','[{"period":"2025-12","value":63,"change_percent":0,"trend":"neutral"},{"period":"2026-01","value":66.3,"change_percent":5.2,"trend":"up"},{"period":"2026-02","value":69.5,"change_percent":4.8,"trend":"up"},{"period":"2026-03","value":75.6,"change_percent":8.8,"trend":"up"},{"period":"2026-04","value":81.6,"change_percent":7.9,"trend":"up"},{"period":"2026-05","value":88.3,"change_percent":8.2,"trend":"up"},{"period":"2026-06","value":93.7,"change_percent":6.1,"trend":"up"}]'::jsonb);
INSERT INTO public.metric_cards (id,project_id,title,description,category,position_x,position_y,created_by,data) VALUES ('ef78e25d-8a8a-4c60-9467-2c00a44e31b4','fd22228f-ec06-4368-b383-eef691da9f0d','Ad Spend','','Data/Metric',30,746,'user_30uQARGezqSApAChPSGSwFyUy85','[{"period":"2025-12","value":450193,"change_percent":0,"trend":"neutral"},{"period":"2026-01","value":480581,"change_percent":6.7,"trend":"up"},{"period":"2026-02","value":513565,"change_percent":6.9,"trend":"up"},{"period":"2026-03","value":552258,"change_percent":7.5,"trend":"up"},{"period":"2026-04","value":584324,"change_percent":5.8,"trend":"up"},{"period":"2026-05","value":612628,"change_percent":4.8,"trend":"up"},{"period":"2026-06","value":638927,"change_percent":4.3,"trend":"up"}]'::jsonb);
INSERT INTO public.metric_cards (id,project_id,title,description,category,position_x,position_y,created_by,data) VALUES ('7c0ec377-35e5-4718-9ee8-af8f7517c247','fd22228f-ec06-4368-b383-eef691da9f0d','CPC','','Data/Metric',360,746,'user_30uQARGezqSApAChPSGSwFyUy85','[{"period":"2025-12","value":4529,"change_percent":0,"trend":"neutral"},{"period":"2026-01","value":4702,"change_percent":3.8,"trend":"up"},{"period":"2026-02","value":4896,"change_percent":4.1,"trend":"up"},{"period":"2026-03","value":5193,"change_percent":6.1,"trend":"up"},{"period":"2026-04","value":5486,"change_percent":5.6,"trend":"up"},{"period":"2026-05","value":5841,"change_percent":6.5,"trend":"up"},{"period":"2026-06","value":6052,"change_percent":3.6,"trend":"up"}]'::jsonb);
INSERT INTO public.metric_cards (id,project_id,title,description,category,position_x,position_y,created_by,data) VALUES ('fd6b7a3e-1383-48f8-b94b-dfd776d1654d','fd22228f-ec06-4368-b383-eef691da9f0d','Product Page CVR','','Data/Metric',2180,86,'user_30uQARGezqSApAChPSGSwFyUy85','[{"period":"2025-12","value":1877,"change_percent":0,"trend":"neutral"},{"period":"2026-01","value":1995,"change_percent":6.3,"trend":"up"},{"period":"2026-02","value":2032,"change_percent":1.9,"trend":"up"},{"period":"2026-03","value":2145,"change_percent":5.6,"trend":"up"},{"period":"2026-04","value":2242,"change_percent":4.5,"trend":"up"},{"period":"2026-05","value":2330,"change_percent":3.9,"trend":"up"},{"period":"2026-06","value":2474,"change_percent":6.2,"trend":"up"}]'::jsonb);
INSERT INTO public.metric_cards (id,project_id,title,description,category,position_x,position_y,created_by,data) VALUES ('a8c8a673-2091-4262-8b54-88aee866c044','fd22228f-ec06-4368-b383-eef691da9f0d','Add-to-Cart Rate','','Data/Metric',1520,306,'user_30uQARGezqSApAChPSGSwFyUy85','[{"period":"2025-12","value":4.9,"change_percent":0,"trend":"neutral"},{"period":"2026-01","value":5.3,"change_percent":8.2,"trend":"up"},{"period":"2026-02","value":5.7,"change_percent":7.5,"trend":"up"},{"period":"2026-03","value":6,"change_percent":5.3,"trend":"up"},{"period":"2026-04","value":6.2,"change_percent":3.3,"trend":"up"},{"period":"2026-05","value":6.5,"change_percent":4.8,"trend":"up"},{"period":"2026-06","value":6.8,"change_percent":4.6,"trend":"up"}]'::jsonb);
INSERT INTO public.metric_cards (id,project_id,title,description,category,position_x,position_y,created_by,data) VALUES ('91a16d6d-72c0-4b71-86e6-20af573082db','fd22228f-ec06-4368-b383-eef691da9f0d','Cart Abandonment Rate','','Data/Metric',1850,306,'user_30uQARGezqSApAChPSGSwFyUy85','[{"period":"2025-12","value":53,"change_percent":0,"trend":"neutral"},{"period":"2026-01","value":48.5,"change_percent":-8.5,"trend":"down"},{"period":"2026-02","value":44.8,"change_percent":-7.6,"trend":"down"},{"period":"2026-03","value":40.8,"change_percent":-8.9,"trend":"down"},{"period":"2026-04","value":38.1,"change_percent":-6.6,"trend":"down"},{"period":"2026-05","value":35.2,"change_percent":-7.6,"trend":"down"},{"period":"2026-06","value":32.1,"change_percent":-8.8,"trend":"down"}]'::jsonb);
INSERT INTO public.metric_cards (id,project_id,title,description,category,position_x,position_y,created_by,data) VALUES ('d1bc0d83-813d-420f-a9b4-c9523025ef1e','fd22228f-ec06-4368-b383-eef691da9f0d','Checkout Completion %','','Data/Metric',2180,306,'user_30uQARGezqSApAChPSGSwFyUy85','[{"period":"2025-12","value":41.7,"change_percent":0,"trend":"neutral"},{"period":"2026-01","value":42.3,"change_percent":1.4,"trend":"up"},{"period":"2026-02","value":44.1,"change_percent":4.3,"trend":"up"},{"period":"2026-03","value":46.4,"change_percent":5.2,"trend":"up"},{"period":"2026-04","value":47.8,"change_percent":3,"trend":"up"},{"period":"2026-05","value":48,"change_percent":0.4,"trend":"neutral"},{"period":"2026-06","value":49.8,"change_percent":3.7,"trend":"up"}]'::jsonb);
INSERT INTO public.metric_cards (id,project_id,title,description,category,position_x,position_y,created_by,data) VALUES ('d336336e-7bea-4d3b-815f-24c11ef2b904','fd22228f-ec06-4368-b383-eef691da9f0d','New Customers','','Data/Metric',1520,526,'user_30uQARGezqSApAChPSGSwFyUy85','[{"period":"2025-12","value":1847,"change_percent":0,"trend":"neutral"},{"period":"2026-01","value":1864,"change_percent":0.9,"trend":"neutral"},{"period":"2026-02","value":1898,"change_percent":1.8,"trend":"up"},{"period":"2026-03","value":1928,"change_percent":1.6,"trend":"up"},{"period":"2026-04","value":1964,"change_percent":1.9,"trend":"up"},{"period":"2026-05","value":2030,"change_percent":3.4,"trend":"up"},{"period":"2026-06","value":2040,"change_percent":0.5,"trend":"neutral"}]'::jsonb);
INSERT INTO public.metric_cards (id,project_id,title,description,category,position_x,position_y,created_by,data) VALUES ('2972e82e-7f3d-4450-93e7-063865c7a605','fd22228f-ec06-4368-b383-eef691da9f0d','Repeat Purchase Rate','','Data/Metric',690,1452,'user_30uQARGezqSApAChPSGSwFyUy85','[{"period":"2025-12","value":36.7,"change_percent":0,"trend":"neutral"},{"period":"2026-01","value":39.3,"change_percent":7.1,"trend":"up"},{"period":"2026-02","value":41,"change_percent":4.3,"trend":"up"},{"period":"2026-03","value":43,"change_percent":4.9,"trend":"up"},{"period":"2026-04","value":45.3,"change_percent":5.3,"trend":"up"},{"period":"2026-05","value":48.2,"change_percent":6.4,"trend":"up"},{"period":"2026-06","value":50.6,"change_percent":5,"trend":"up"}]'::jsonb);
INSERT INTO public.metric_cards (id,project_id,title,description,category,position_x,position_y,created_by,data) VALUES ('6ac0c9f6-2582-4a18-bcf0-1b0547daec9f','fd22228f-ec06-4368-b383-eef691da9f0d','Purchase Frequency','','Data/Metric',30,1672,'user_30uQARGezqSApAChPSGSwFyUy85','[{"period":"2025-12","value":2215,"change_percent":0,"trend":"neutral"},{"period":"2026-01","value":2255,"change_percent":1.8,"trend":"up"},{"period":"2026-02","value":2355,"change_percent":4.4,"trend":"up"},{"period":"2026-03","value":2410,"change_percent":2.3,"trend":"up"},{"period":"2026-04","value":2475,"change_percent":2.7,"trend":"up"},{"period":"2026-05","value":2557,"change_percent":3.3,"trend":"up"},{"period":"2026-06","value":2547,"change_percent":-0.4,"trend":"neutral"}]'::jsonb);
INSERT INTO public.metric_cards (id,project_id,title,description,category,position_x,position_y,created_by,data) VALUES ('7f320bcb-c7f4-4177-80d0-f66f558b40da','fd22228f-ec06-4368-b383-eef691da9f0d','Customer LTV','','Data/Metric',360,1672,'user_30uQARGezqSApAChPSGSwFyUy85','[{"period":"2025-12","value":771448,"change_percent":0,"trend":"neutral"},{"period":"2026-01","value":809706,"change_percent":5,"trend":"up"},{"period":"2026-02","value":877654,"change_percent":8.4,"trend":"up"},{"period":"2026-03","value":934845,"change_percent":6.5,"trend":"up"},{"period":"2026-04","value":980218,"change_percent":4.9,"trend":"up"},{"period":"2026-05","value":1035644,"change_percent":5.7,"trend":"up"},{"period":"2026-06","value":1089364,"change_percent":5.2,"trend":"up"}]'::jsonb);
INSERT INTO public.metric_cards (id,project_id,title,description,category,position_x,position_y,created_by,data) VALUES ('a1b71e74-7f8f-4017-8ec4-ee1d448139c5','fd22228f-ec06-4368-b383-eef691da9f0d','CAC','','Data/Metric',1850,1672,'user_30uQARGezqSApAChPSGSwFyUy85','[{"period":"2025-12","value":765246,"change_percent":0,"trend":"neutral"},{"period":"2026-01","value":743441,"change_percent":-2.8,"trend":"down"},{"period":"2026-02","value":716456,"change_percent":-3.6,"trend":"down"},{"period":"2026-03","value":685663,"change_percent":-4.3,"trend":"down"},{"period":"2026-04","value":671487,"change_percent":-2.1,"trend":"down"},{"period":"2026-05","value":631221,"change_percent":-6,"trend":"down"},{"period":"2026-06","value":595524,"change_percent":-5.7,"trend":"down"}]'::jsonb);
INSERT INTO public.metric_cards (id,project_id,title,description,category,position_x,position_y,created_by,data) VALUES ('4a245d4b-1442-4c93-91a0-3f390c1528fc','fd22228f-ec06-4368-b383-eef691da9f0d','Total Costs','','Data/Metric',1190,1232,'user_30uQARGezqSApAChPSGSwFyUy85','[{"period":"2025-12","value":26359,"change_percent":0,"trend":"neutral"},{"period":"2026-01","value":24185,"change_percent":-8.2,"trend":"down"},{"period":"2026-02","value":22992,"change_percent":-4.9,"trend":"down"},{"period":"2026-03","value":22108,"change_percent":-3.8,"trend":"down"},{"period":"2026-04","value":20966,"change_percent":-5.2,"trend":"down"},{"period":"2026-05","value":20054,"change_percent":-4.3,"trend":"down"},{"period":"2026-06","value":18766,"change_percent":-6.4,"trend":"down"}]'::jsonb);
INSERT INTO public.metric_cards (id,project_id,title,description,category,position_x,position_y,created_by,data) VALUES ('37e85155-1eeb-484c-8f4c-7360af6f6436','fd22228f-ec06-4368-b383-eef691da9f0d','COGS','','Data/Metric',1520,1232,'user_30uQARGezqSApAChPSGSwFyUy85','[{"period":"2025-12","value":703005,"change_percent":0,"trend":"neutral"},{"period":"2026-01","value":664083,"change_percent":-5.5,"trend":"down"},{"period":"2026-02","value":640515,"change_percent":-3.5,"trend":"down"},{"period":"2026-03","value":612417,"change_percent":-4.4,"trend":"down"},{"period":"2026-04","value":584249,"change_percent":-4.6,"trend":"down"},{"period":"2026-05","value":536461,"change_percent":-8.2,"trend":"down"},{"period":"2026-06","value":503020,"change_percent":-6.2,"trend":"down"}]'::jsonb);
INSERT INTO public.metric_cards (id,project_id,title,description,category,position_x,position_y,created_by,data) VALUES ('546ed99e-8240-4bab-8348-6798ee8ebb60','fd22228f-ec06-4368-b383-eef691da9f0d','Gross Margin %','','Data/Metric',1850,1232,'user_30uQARGezqSApAChPSGSwFyUy85','[{"period":"2025-12","value":62.8,"change_percent":0,"trend":"neutral"},{"period":"2026-01","value":66.5,"change_percent":5.9,"trend":"up"},{"period":"2026-02","value":70.1,"change_percent":5.4,"trend":"up"},{"period":"2026-03","value":74.4,"change_percent":6.1,"trend":"up"},{"period":"2026-04","value":76.8,"change_percent":3.2,"trend":"up"},{"period":"2026-05","value":79.7,"change_percent":3.8,"trend":"up"},{"period":"2026-06","value":85.8,"change_percent":7.7,"trend":"up"}]'::jsonb);
INSERT INTO public.metric_cards (id,project_id,title,description,category,position_x,position_y,created_by,data) VALUES ('59636410-dc1f-4538-9c85-ca10dea0c381','fd22228f-ec06-4368-b383-eef691da9f0d','Shipping Cost','','Data/Metric',1190,1452,'user_30uQARGezqSApAChPSGSwFyUy85','[{"period":"2025-12","value":766185,"change_percent":0,"trend":"neutral"},{"period":"2026-01","value":741472,"change_percent":-3.2,"trend":"down"},{"period":"2026-02","value":734438,"change_percent":-0.9,"trend":"neutral"},{"period":"2026-03","value":716293,"change_percent":-2.5,"trend":"down"},{"period":"2026-04","value":700191,"change_percent":-2.2,"trend":"down"},{"period":"2026-05","value":698218,"change_percent":-0.3,"trend":"neutral"},{"period":"2026-06","value":680845,"change_percent":-2.5,"trend":"down"}]'::jsonb);
INSERT INTO public.metric_cards (id,project_id,title,description,category,position_x,position_y,created_by,data) VALUES ('9e6ee6f1-eb29-4fe3-a05e-3a10606f2173','fd22228f-ec06-4368-b383-eef691da9f0d','Returns Rate','','Data/Metric',1520,1452,'user_30uQARGezqSApAChPSGSwFyUy85','[{"period":"2025-12","value":27.4,"change_percent":0,"trend":"neutral"},{"period":"2026-01","value":26.2,"change_percent":-4.4,"trend":"down"},{"period":"2026-02","value":25.4,"change_percent":-3.1,"trend":"down"},{"period":"2026-03","value":24.7,"change_percent":-2.8,"trend":"down"},{"period":"2026-04","value":24,"change_percent":-2.8,"trend":"down"},{"period":"2026-05","value":23.9,"change_percent":-0.4,"trend":"neutral"},{"period":"2026-06","value":23.9,"change_percent":0,"trend":"neutral"}]'::jsonb);
INSERT INTO public.metric_cards (id,project_id,title,description,category,position_x,position_y,created_by,data) VALUES ('b57f102c-5607-44d1-93d5-301799a95a53','fd22228f-ec06-4368-b383-eef691da9f0d','Marketing Spend','','Data/Metric',1850,1452,'user_30uQARGezqSApAChPSGSwFyUy85','[{"period":"2025-12","value":414330,"change_percent":0,"trend":"neutral"},{"period":"2026-01","value":421291,"change_percent":1.7,"trend":"up"},{"period":"2026-02","value":425310,"change_percent":1,"trend":"neutral"},{"period":"2026-03","value":446367,"change_percent":5,"trend":"up"},{"period":"2026-04","value":464884,"change_percent":4.1,"trend":"up"},{"period":"2026-05","value":477522,"change_percent":2.7,"trend":"up"},{"period":"2026-06","value":487516,"change_percent":2.1,"trend":"up"}]'::jsonb);
INSERT INTO public.metric_cards (id,project_id,title,description,category,position_x,position_y,created_by,data) VALUES ('98f427a9-8580-4fc2-9478-355c0e249275','fd22228f-ec06-4368-b383-eef691da9f0d','Payment Fees','','Data/Metric',1190,1672,'user_30uQARGezqSApAChPSGSwFyUy85','[{"period":"2025-12","value":471445,"change_percent":0,"trend":"neutral"},{"period":"2026-01","value":500419,"change_percent":6.1,"trend":"up"},{"period":"2026-02","value":535013,"change_percent":6.9,"trend":"up"},{"period":"2026-03","value":568542,"change_percent":6.3,"trend":"up"},{"period":"2026-04","value":603322,"change_percent":6.1,"trend":"up"},{"period":"2026-05","value":637454,"change_percent":5.7,"trend":"up"},{"period":"2026-06","value":688866,"change_percent":8.1,"trend":"up"}]'::jsonb);
INSERT INTO public.metric_cards (id,project_id,title,description,category,position_x,position_y,created_by,data) VALUES ('127e76b9-b6b4-4b90-8a61-d8b0248f7544','fd22228f-ec06-4368-b383-eef691da9f0d','Fulfilment / Ops','','Data/Metric',1520,1672,'user_30uQARGezqSApAChPSGSwFyUy85','[{"period":"2025-12","value":1854,"change_percent":0,"trend":"neutral"},{"period":"2026-01","value":1993,"change_percent":7.5,"trend":"up"},{"period":"2026-02","value":2080,"change_percent":4.4,"trend":"up"},{"period":"2026-03","value":2175,"change_percent":4.6,"trend":"up"},{"period":"2026-04","value":2262,"change_percent":4,"trend":"up"},{"period":"2026-05","value":2331,"change_percent":3.1,"trend":"up"},{"period":"2026-06","value":2418,"change_percent":3.7,"trend":"up"}]'::jsonb);
INSERT INTO public.metric_cards (id,project_id,title,description,category,position_x,position_y,created_by,data) VALUES ('8f512dfd-2926-4caf-81ac-55664bddc75c','fd22228f-ec06-4368-b383-eef691da9f0d','Retargeting campaign','','Work/Action',660,2072,'user_30uQARGezqSApAChPSGSwFyUy85','[]'::jsonb);
INSERT INTO public.metric_cards (id,project_id,title,description,category,position_x,position_y,created_by,data) VALUES ('4537bae7-c21a-4ae7-b770-1f03b2e37715','fd22228f-ec06-4368-b383-eef691da9f0d','Abandoned-cart email flow','','Work/Action',990,2072,'user_30uQARGezqSApAChPSGSwFyUy85','[]'::jsonb);
INSERT INTO public.metric_cards (id,project_id,title,description,category,position_x,position_y,created_by,data) VALUES ('4ba484d1-89ea-4c53-bebc-1cd62f21697a','fd22228f-ec06-4368-b383-eef691da9f0d','Product bundles','','Work/Action',1320,2072,'user_30uQARGezqSApAChPSGSwFyUy85','[]'::jsonb);
INSERT INTO public.metric_cards (id,project_id,title,description,category,position_x,position_y,created_by,data) VALUES ('7659086d-27c8-4d84-a015-21d1b126f3ad','fd22228f-ec06-4368-b383-eef691da9f0d','UGC / influencer social','','Work/Action',1650,2072,'user_30uQARGezqSApAChPSGSwFyUy85','[]'::jsonb);
INSERT INTO public.metric_cards (id,project_id,title,description,category,position_x,position_y,created_by,data) VALUES ('0cfd7626-2fec-4a34-b7c4-5609bfc3dd68','fd22228f-ec06-4368-b383-eef691da9f0d','Free-ship threshold lifts AOV','','Ideas/Hypothesis',0,2292,'user_30uQARGezqSApAChPSGSwFyUy85','[]'::jsonb);
INSERT INTO public.metric_cards (id,project_id,title,description,category,position_x,position_y,created_by,data) VALUES ('b7714422-7847-4a4d-877a-2c3739ff510c','fd22228f-ec06-4368-b383-eef691da9f0d','Reviews lift product-page CVR','','Ideas/Hypothesis',330,2292,'user_30uQARGezqSApAChPSGSwFyUy85','[]'::jsonb);
INSERT INTO public.relationships (id,project_id,source_id,target_id,type,confidence,weight,created_by) VALUES ('5b74dc76-b44e-4ced-b74e-da9bc723a0d0','fd22228f-ec06-4368-b383-eef691da9f0d','6979dd24-d10d-4713-8fc9-9216088e144f','ddda2376-df83-41a4-b305-4ca99b72ecef','Compositional','High',95,'user_30uQARGezqSApAChPSGSwFyUy85');
INSERT INTO public.relationships (id,project_id,source_id,target_id,type,confidence,weight,created_by) VALUES ('b891584d-c4d2-4da3-b7ba-bcd37b458e20','fd22228f-ec06-4368-b383-eef691da9f0d','4a245d4b-1442-4c93-91a0-3f390c1528fc','ddda2376-df83-41a4-b305-4ca99b72ecef','Compositional','High',90,'user_30uQARGezqSApAChPSGSwFyUy85');
INSERT INTO public.relationships (id,project_id,source_id,target_id,type,confidence,weight,created_by) VALUES ('20d6fdd4-62f7-4551-abb8-bb4fdd421669','fd22228f-ec06-4368-b383-eef691da9f0d','546ed99e-8240-4bab-8348-6798ee8ebb60','ddda2376-df83-41a4-b305-4ca99b72ecef','Causal','High',70,'user_30uQARGezqSApAChPSGSwFyUy85');
INSERT INTO public.relationships (id,project_id,source_id,target_id,type,confidence,weight,created_by) VALUES ('93fb9258-80a3-426d-b2d5-2bc316f3282a','fd22228f-ec06-4368-b383-eef691da9f0d','7f1a978d-043a-4222-89f4-f9e7205b25f2','6979dd24-d10d-4713-8fc9-9216088e144f','Deterministic','High',95,'user_30uQARGezqSApAChPSGSwFyUy85');
INSERT INTO public.relationships (id,project_id,source_id,target_id,type,confidence,weight,created_by) VALUES ('39928eeb-080f-41ee-993e-6c8b50fcc5df','fd22228f-ec06-4368-b383-eef691da9f0d','b2f6caa1-4fa4-4e1f-a63b-6b9bde843a00','6979dd24-d10d-4713-8fc9-9216088e144f','Deterministic','High',90,'user_30uQARGezqSApAChPSGSwFyUy85');
INSERT INTO public.relationships (id,project_id,source_id,target_id,type,confidence,weight,created_by) VALUES ('b32abea0-36a6-4f47-8081-c66681fddb6d','fd22228f-ec06-4368-b383-eef691da9f0d','54567fdd-1c87-4b76-8548-77d4d936535f','7f1a978d-043a-4222-89f4-f9e7205b25f2','Deterministic','High',90,'user_30uQARGezqSApAChPSGSwFyUy85');
INSERT INTO public.relationships (id,project_id,source_id,target_id,type,confidence,weight,created_by) VALUES ('e8eb665b-e876-4a63-a277-5669897a8a51','fd22228f-ec06-4368-b383-eef691da9f0d','571b087d-923b-464d-838e-bf0dfceee656','7f1a978d-043a-4222-89f4-f9e7205b25f2','Probabilistic','High',85,'user_30uQARGezqSApAChPSGSwFyUy85');
INSERT INTO public.relationships (id,project_id,source_id,target_id,type,confidence,weight,created_by) VALUES ('5bb943ef-6c08-4719-9c55-2e24e3667f6c','fd22228f-ec06-4368-b383-eef691da9f0d','b473be4f-f43d-475e-a351-0e72e8d2c6b6','b2f6caa1-4fa4-4e1f-a63b-6b9bde843a00','Deterministic','High',80,'user_30uQARGezqSApAChPSGSwFyUy85');
INSERT INTO public.relationships (id,project_id,source_id,target_id,type,confidence,weight,created_by) VALUES ('8277cb2f-8a40-4054-ae03-c50789fe4e24','fd22228f-ec06-4368-b383-eef691da9f0d','d38986e1-b8b8-45b1-8a7a-4ae87f24f21f','b2f6caa1-4fa4-4e1f-a63b-6b9bde843a00','Deterministic','High',75,'user_30uQARGezqSApAChPSGSwFyUy85');
INSERT INTO public.relationships (id,project_id,source_id,target_id,type,confidence,weight,created_by) VALUES ('62e89261-f064-4701-bd6a-04bec2644a90','fd22228f-ec06-4368-b383-eef691da9f0d','b111902d-4515-4d14-816d-0deecad163c2','b2f6caa1-4fa4-4e1f-a63b-6b9bde843a00','Causal','High',60,'user_30uQARGezqSApAChPSGSwFyUy85');
INSERT INTO public.relationships (id,project_id,source_id,target_id,type,confidence,weight,created_by) VALUES ('54fffdf0-306a-478b-bbd2-5ac02c56691b','fd22228f-ec06-4368-b383-eef691da9f0d','363b4ffa-ee67-4350-b816-5a5cca69973f','b2f6caa1-4fa4-4e1f-a63b-6b9bde843a00','Causal','High',60,'user_30uQARGezqSApAChPSGSwFyUy85');
INSERT INTO public.relationships (id,project_id,source_id,target_id,type,confidence,weight,created_by) VALUES ('ca433711-33bd-48a3-8e0d-4c2789be1747','fd22228f-ec06-4368-b383-eef691da9f0d','530c6348-3e57-4e64-9bbb-c6f9aa0f0af5','54567fdd-1c87-4b76-8548-77d4d936535f','Compositional','High',70,'user_30uQARGezqSApAChPSGSwFyUy85');
INSERT INTO public.relationships (id,project_id,source_id,target_id,type,confidence,weight,created_by) VALUES ('de5f4411-d12d-4a93-8f33-bccb4aaf49e3','fd22228f-ec06-4368-b383-eef691da9f0d','64d5d761-9cca-4d62-8241-99d481e92645','54567fdd-1c87-4b76-8548-77d4d936535f','Compositional','High',70,'user_30uQARGezqSApAChPSGSwFyUy85');
INSERT INTO public.relationships (id,project_id,source_id,target_id,type,confidence,weight,created_by) VALUES ('022db321-2666-40e6-824d-b12f612deb22','fd22228f-ec06-4368-b383-eef691da9f0d','fa1b6b77-7243-4d6e-bf7a-33a39e7d51b9','54567fdd-1c87-4b76-8548-77d4d936535f','Compositional','High',60,'user_30uQARGezqSApAChPSGSwFyUy85');
INSERT INTO public.relationships (id,project_id,source_id,target_id,type,confidence,weight,created_by) VALUES ('62fc3af3-4afd-4927-ad52-19e35ca21d79','fd22228f-ec06-4368-b383-eef691da9f0d','add3713b-879d-4e9c-9634-c1070979bea0','54567fdd-1c87-4b76-8548-77d4d936535f','Compositional','High',60,'user_30uQARGezqSApAChPSGSwFyUy85');
INSERT INTO public.relationships (id,project_id,source_id,target_id,type,confidence,weight,created_by) VALUES ('8bce5afc-db98-477f-a0a0-4a90b79a7490','fd22228f-ec06-4368-b383-eef691da9f0d','641f66d3-5677-4add-9fe7-6d2daca111ee','54567fdd-1c87-4b76-8548-77d4d936535f','Compositional','High',50,'user_30uQARGezqSApAChPSGSwFyUy85');
INSERT INTO public.relationships (id,project_id,source_id,target_id,type,confidence,weight,created_by) VALUES ('35d50991-6934-4b0b-82d1-89f1767dd791','fd22228f-ec06-4368-b383-eef691da9f0d','7fddb910-c0a6-44d5-83a2-bf02c31eca35','54567fdd-1c87-4b76-8548-77d4d936535f','Compositional','High',45,'user_30uQARGezqSApAChPSGSwFyUy85');
INSERT INTO public.relationships (id,project_id,source_id,target_id,type,confidence,weight,created_by) VALUES ('92efafe9-3ddd-4970-9423-02edba404e7f','fd22228f-ec06-4368-b383-eef691da9f0d','b1ccf272-13e6-4995-abba-4008cca0e017','fa1b6b77-7243-4d6e-bf7a-33a39e7d51b9','Causal','High',70,'user_30uQARGezqSApAChPSGSwFyUy85');
INSERT INTO public.relationships (id,project_id,source_id,target_id,type,confidence,weight,created_by) VALUES ('7cf2bb00-d4aa-4b52-a7be-1a889fb153ad','fd22228f-ec06-4368-b383-eef691da9f0d','02bd5a47-b188-492d-b629-181193687e4c','fa1b6b77-7243-4d6e-bf7a-33a39e7d51b9','Causal','High',65,'user_30uQARGezqSApAChPSGSwFyUy85');
INSERT INTO public.relationships (id,project_id,source_id,target_id,type,confidence,weight,created_by) VALUES ('46f75919-70c9-4e6d-8996-ab0db92ae4b4','fd22228f-ec06-4368-b383-eef691da9f0d','6a1bd124-01cf-430c-a8a6-12d73ae35748','b1ccf272-13e6-4995-abba-4008cca0e017','Causal','High',55,'user_30uQARGezqSApAChPSGSwFyUy85');
INSERT INTO public.relationships (id,project_id,source_id,target_id,type,confidence,weight,created_by) VALUES ('395e5d5c-e170-4caa-846d-e8a59e61c8b2','fd22228f-ec06-4368-b383-eef691da9f0d','a208a544-3ec1-42b0-bef1-ad686f557eca','add3713b-879d-4e9c-9634-c1070979bea0','Deterministic','High',70,'user_30uQARGezqSApAChPSGSwFyUy85');
INSERT INTO public.relationships (id,project_id,source_id,target_id,type,confidence,weight,created_by) VALUES ('e7b3c924-5c1a-4b36-a642-142302375264','fd22228f-ec06-4368-b383-eef691da9f0d','535037fc-846b-4389-9eb0-477ea336ada6','add3713b-879d-4e9c-9634-c1070979bea0','Probabilistic','High',65,'user_30uQARGezqSApAChPSGSwFyUy85');
INSERT INTO public.relationships (id,project_id,source_id,target_id,type,confidence,weight,created_by) VALUES ('42d5077f-2448-407b-bf32-815a393dcc05','fd22228f-ec06-4368-b383-eef691da9f0d','ef78e25d-8a8a-4c60-9467-2c00a44e31b4','64d5d761-9cca-4d62-8241-99d481e92645','Deterministic','High',80,'user_30uQARGezqSApAChPSGSwFyUy85');
INSERT INTO public.relationships (id,project_id,source_id,target_id,type,confidence,weight,created_by) VALUES ('31ff0544-6b55-4278-87c5-0a9111a76001','fd22228f-ec06-4368-b383-eef691da9f0d','7c0ec377-35e5-4718-9ee8-af8f7517c247','64d5d761-9cca-4d62-8241-99d481e92645','Deterministic','High',70,'user_30uQARGezqSApAChPSGSwFyUy85');
INSERT INTO public.relationships (id,project_id,source_id,target_id,type,confidence,weight,created_by) VALUES ('f59edab8-3ce6-4add-9862-07b4b215657c','fd22228f-ec06-4368-b383-eef691da9f0d','fd6b7a3e-1383-48f8-b94b-dfd776d1654d','571b087d-923b-464d-838e-bf0dfceee656','Causal','High',75,'user_30uQARGezqSApAChPSGSwFyUy85');
INSERT INTO public.relationships (id,project_id,source_id,target_id,type,confidence,weight,created_by) VALUES ('985fc436-5098-4f62-8aaf-30d705899782','fd22228f-ec06-4368-b383-eef691da9f0d','a8c8a673-2091-4262-8b54-88aee866c044','571b087d-923b-464d-838e-bf0dfceee656','Causal','High',75,'user_30uQARGezqSApAChPSGSwFyUy85');
INSERT INTO public.relationships (id,project_id,source_id,target_id,type,confidence,weight,created_by) VALUES ('013ec7ed-b4ec-4a87-861e-5cf0fd83ce62','fd22228f-ec06-4368-b383-eef691da9f0d','91a16d6d-72c0-4b71-86e6-20af573082db','d1bc0d83-813d-420f-a9b4-c9523025ef1e','Causal','High',80,'user_30uQARGezqSApAChPSGSwFyUy85');
INSERT INTO public.relationships (id,project_id,source_id,target_id,type,confidence,weight,created_by) VALUES ('467e3692-84f8-4a90-a394-4820a47d5f01','fd22228f-ec06-4368-b383-eef691da9f0d','d1bc0d83-813d-420f-a9b4-c9523025ef1e','571b087d-923b-464d-838e-bf0dfceee656','Deterministic','High',80,'user_30uQARGezqSApAChPSGSwFyUy85');
INSERT INTO public.relationships (id,project_id,source_id,target_id,type,confidence,weight,created_by) VALUES ('bc499151-99eb-496d-95e9-daa70f8c33a0','fd22228f-ec06-4368-b383-eef691da9f0d','d336336e-7bea-4d3b-815f-24c11ef2b904','7f1a978d-043a-4222-89f4-f9e7205b25f2','Causal','High',55,'user_30uQARGezqSApAChPSGSwFyUy85');
INSERT INTO public.relationships (id,project_id,source_id,target_id,type,confidence,weight,created_by) VALUES ('10ad3680-60ac-4e6f-a020-afd400739e49','fd22228f-ec06-4368-b383-eef691da9f0d','2972e82e-7f3d-4450-93e7-063865c7a605','6ac0c9f6-2582-4a18-bcf0-1b0547daec9f','Causal','High',70,'user_30uQARGezqSApAChPSGSwFyUy85');
INSERT INTO public.relationships (id,project_id,source_id,target_id,type,confidence,weight,created_by) VALUES ('7e2648d0-1d1a-4842-a89a-9e524d6f55b7','fd22228f-ec06-4368-b383-eef691da9f0d','6ac0c9f6-2582-4a18-bcf0-1b0547daec9f','7f320bcb-c7f4-4177-80d0-f66f558b40da','Deterministic','High',75,'user_30uQARGezqSApAChPSGSwFyUy85');
INSERT INTO public.relationships (id,project_id,source_id,target_id,type,confidence,weight,created_by) VALUES ('ced2355e-a392-4176-b1b5-9f1cc4ce6717','fd22228f-ec06-4368-b383-eef691da9f0d','b2f6caa1-4fa4-4e1f-a63b-6b9bde843a00','7f320bcb-c7f4-4177-80d0-f66f558b40da','Causal','High',60,'user_30uQARGezqSApAChPSGSwFyUy85');
INSERT INTO public.relationships (id,project_id,source_id,target_id,type,confidence,weight,created_by) VALUES ('e38187bb-af2e-4460-96d6-89adebd2820c','fd22228f-ec06-4368-b383-eef691da9f0d','b57f102c-5607-44d1-93d5-301799a95a53','a1b71e74-7f8f-4017-8ec4-ee1d448139c5','Deterministic','High',80,'user_30uQARGezqSApAChPSGSwFyUy85');
INSERT INTO public.relationships (id,project_id,source_id,target_id,type,confidence,weight,created_by) VALUES ('2907e138-97bb-4a40-a64d-dd38e6e64727','fd22228f-ec06-4368-b383-eef691da9f0d','d336336e-7bea-4d3b-815f-24c11ef2b904','a1b71e74-7f8f-4017-8ec4-ee1d448139c5','Deterministic','High',75,'user_30uQARGezqSApAChPSGSwFyUy85');
INSERT INTO public.relationships (id,project_id,source_id,target_id,type,confidence,weight,created_by) VALUES ('9b2c18b4-8755-464d-b1ca-f024cb0c7867','fd22228f-ec06-4368-b383-eef691da9f0d','37e85155-1eeb-484c-8f4c-7360af6f6436','4a245d4b-1442-4c93-91a0-3f390c1528fc','Compositional','High',80,'user_30uQARGezqSApAChPSGSwFyUy85');
INSERT INTO public.relationships (id,project_id,source_id,target_id,type,confidence,weight,created_by) VALUES ('83a791e3-3de3-4a6e-a614-713fefe172af','fd22228f-ec06-4368-b383-eef691da9f0d','59636410-dc1f-4538-9c85-ca10dea0c381','4a245d4b-1442-4c93-91a0-3f390c1528fc','Compositional','High',65,'user_30uQARGezqSApAChPSGSwFyUy85');
INSERT INTO public.relationships (id,project_id,source_id,target_id,type,confidence,weight,created_by) VALUES ('5feb2d35-3f1b-4e7d-ba37-798011868ae9','fd22228f-ec06-4368-b383-eef691da9f0d','b57f102c-5607-44d1-93d5-301799a95a53','4a245d4b-1442-4c93-91a0-3f390c1528fc','Compositional','High',70,'user_30uQARGezqSApAChPSGSwFyUy85');
INSERT INTO public.relationships (id,project_id,source_id,target_id,type,confidence,weight,created_by) VALUES ('a7cbb1c6-4f33-477c-afa2-2f9d02771f90','fd22228f-ec06-4368-b383-eef691da9f0d','9e6ee6f1-eb29-4fe3-a05e-3a10606f2173','4a245d4b-1442-4c93-91a0-3f390c1528fc','Causal','High',60,'user_30uQARGezqSApAChPSGSwFyUy85');
INSERT INTO public.relationships (id,project_id,source_id,target_id,type,confidence,weight,created_by) VALUES ('b27adb66-6859-43f0-8337-41024cfae168','fd22228f-ec06-4368-b383-eef691da9f0d','98f427a9-8580-4fc2-9478-355c0e249275','4a245d4b-1442-4c93-91a0-3f390c1528fc','Compositional','High',50,'user_30uQARGezqSApAChPSGSwFyUy85');
INSERT INTO public.relationships (id,project_id,source_id,target_id,type,confidence,weight,created_by) VALUES ('b1df6bcb-1331-43c4-a35a-89e466004c89','fd22228f-ec06-4368-b383-eef691da9f0d','127e76b9-b6b4-4b90-8a61-d8b0248f7544','4a245d4b-1442-4c93-91a0-3f390c1528fc','Compositional','High',60,'user_30uQARGezqSApAChPSGSwFyUy85');
INSERT INTO public.relationships (id,project_id,source_id,target_id,type,confidence,weight,created_by) VALUES ('6c6f704e-8e47-40d8-b3d7-0d9e0df3319a','fd22228f-ec06-4368-b383-eef691da9f0d','37e85155-1eeb-484c-8f4c-7360af6f6436','546ed99e-8240-4bab-8348-6798ee8ebb60','Causal','High',75,'user_30uQARGezqSApAChPSGSwFyUy85');
INSERT INTO public.relationships (id,project_id,source_id,target_id,type,confidence,weight,created_by) VALUES ('a078d452-de87-4ae0-a4e8-8ab51576d7d5','fd22228f-ec06-4368-b383-eef691da9f0d','ef78e25d-8a8a-4c60-9467-2c00a44e31b4','b57f102c-5607-44d1-93d5-301799a95a53','Compositional','High',70,'user_30uQARGezqSApAChPSGSwFyUy85');
INSERT INTO public.relationships (id,project_id,source_id,target_id,type,confidence,weight,created_by) VALUES ('63d12cdd-8951-4330-9737-c4b33c6de2d5','fd22228f-ec06-4368-b383-eef691da9f0d','8f512dfd-2926-4caf-81ac-55664bddc75c','64d5d761-9cca-4d62-8241-99d481e92645','Causal','High',60,'user_30uQARGezqSApAChPSGSwFyUy85');
INSERT INTO public.relationships (id,project_id,source_id,target_id,type,confidence,weight,created_by) VALUES ('e44bba5b-2e55-4ce1-af70-02c5738274ec','fd22228f-ec06-4368-b383-eef691da9f0d','4537bae7-c21a-4ae7-b770-1f03b2e37715','91a16d6d-72c0-4b71-86e6-20af573082db','Causal','High',70,'user_30uQARGezqSApAChPSGSwFyUy85');
INSERT INTO public.relationships (id,project_id,source_id,target_id,type,confidence,weight,created_by) VALUES ('7200bb48-aedb-4605-a417-7dc09ea454bb','fd22228f-ec06-4368-b383-eef691da9f0d','4ba484d1-89ea-4c53-bebc-1cd62f21697a','b2f6caa1-4fa4-4e1f-a63b-6b9bde843a00','Causal','High',65,'user_30uQARGezqSApAChPSGSwFyUy85');
INSERT INTO public.relationships (id,project_id,source_id,target_id,type,confidence,weight,created_by) VALUES ('cbcc6e4b-358c-482e-8f91-64adbb37c6e4','fd22228f-ec06-4368-b383-eef691da9f0d','7659086d-27c8-4d84-a015-21d1b126f3ad','b1ccf272-13e6-4995-abba-4008cca0e017','Causal','High',60,'user_30uQARGezqSApAChPSGSwFyUy85');
INSERT INTO public.relationships (id,project_id,source_id,target_id,type,confidence,weight,created_by) VALUES ('6aeccd8e-b230-470b-8383-934e2e5c0c6d','fd22228f-ec06-4368-b383-eef691da9f0d','0cfd7626-2fec-4a34-b7c4-5609bfc3dd68','b2f6caa1-4fa4-4e1f-a63b-6b9bde843a00','Probabilistic','High',50,'user_30uQARGezqSApAChPSGSwFyUy85');
INSERT INTO public.relationships (id,project_id,source_id,target_id,type,confidence,weight,created_by) VALUES ('7410b1cd-4444-43d0-b967-b82f60550091','fd22228f-ec06-4368-b383-eef691da9f0d','b7714422-7847-4a4d-877a-2c3739ff510c','fd6b7a3e-1383-48f8-b94b-dfd776d1654d','Probabilistic','High',50,'user_30uQARGezqSApAChPSGSwFyUy85');
INSERT INTO public.groups (id,project_id,name,node_ids,position_x,position_y,width,height,created_by) VALUES ('cd1ebb65-8bcd-469f-94db-ad428bc0212f','fd22228f-ec06-4368-b383-eef691da9f0d','Traffic & Channels',ARRAY['54567fdd-1c87-4b76-8548-77d4d936535f','530c6348-3e57-4e64-9bbb-c6f9aa0f0af5','64d5d761-9cca-4d62-8241-99d481e92645','fa1b6b77-7243-4d6e-bf7a-33a39e7d51b9','add3713b-879d-4e9c-9634-c1070979bea0','641f66d3-5677-4add-9fe7-6d2daca111ee','7fddb910-c0a6-44d5-83a2-bf02c31eca35','b1ccf272-13e6-4995-abba-4008cca0e017','02bd5a47-b188-492d-b629-181193687e4c','6a1bd124-01cf-430c-a8a6-12d73ae35748','a208a544-3ec1-42b0-bef1-ad686f557eca','535037fc-846b-4389-9eb0-477ea336ada6','ef78e25d-8a8a-4c60-9467-2c00a44e31b4','7c0ec377-35e5-4718-9ee8-af8f7517c247']::uuid[],0,0,1330,946,'user_30uQARGezqSApAChPSGSwFyUy85');
INSERT INTO public.groups (id,project_id,name,node_ids,position_x,position_y,width,height,created_by) VALUES ('b8f4970a-4915-444a-8443-b18d4ec6bb4f','fd22228f-ec06-4368-b383-eef691da9f0d','Conversion & Orders',ARRAY['7f1a978d-043a-4222-89f4-f9e7205b25f2','571b087d-923b-464d-838e-bf0dfceee656','fd6b7a3e-1383-48f8-b94b-dfd776d1654d','a8c8a673-2091-4262-8b54-88aee866c044','91a16d6d-72c0-4b71-86e6-20af573082db','d1bc0d83-813d-420f-a9b4-c9523025ef1e','d336336e-7bea-4d3b-815f-24c11ef2b904']::uuid[],1490,0,1000,726,'user_30uQARGezqSApAChPSGSwFyUy85');
INSERT INTO public.groups (id,project_id,name,node_ids,position_x,position_y,width,height,created_by) VALUES ('8dc90c7c-051d-4856-921b-bb6f80a1e9bf','fd22228f-ec06-4368-b383-eef691da9f0d','AOV & Retention',ARRAY['b2f6caa1-4fa4-4e1f-a63b-6b9bde843a00','b473be4f-f43d-475e-a351-0e72e8d2c6b6','d38986e1-b8b8-45b1-8a7a-4ae87f24f21f','b111902d-4515-4d14-816d-0deecad163c2','363b4ffa-ee67-4350-b816-5a5cca69973f','2972e82e-7f3d-4450-93e7-063865c7a605','6ac0c9f6-2582-4a18-bcf0-1b0547daec9f','7f320bcb-c7f4-4177-80d0-f66f558b40da']::uuid[],0,1146,1000,726,'user_30uQARGezqSApAChPSGSwFyUy85');
INSERT INTO public.groups (id,project_id,name,node_ids,position_x,position_y,width,height,created_by) VALUES ('69688c63-7169-4c77-9ebf-b8977dc089e8','fd22228f-ec06-4368-b383-eef691da9f0d','Cost Structure',ARRAY['4a245d4b-1442-4c93-91a0-3f390c1528fc','37e85155-1eeb-484c-8f4c-7360af6f6436','546ed99e-8240-4bab-8348-6798ee8ebb60','59636410-dc1f-4538-9c85-ca10dea0c381','9e6ee6f1-eb29-4fe3-a05e-3a10606f2173','b57f102c-5607-44d1-93d5-301799a95a53','98f427a9-8580-4fc2-9478-355c0e249275','127e76b9-b6b4-4b90-8a61-d8b0248f7544','a1b71e74-7f8f-4017-8ec4-ee1d448139c5']::uuid[],1160,1146,1000,726,'user_30uQARGezqSApAChPSGSwFyUy85');

DELETE FROM public.projects WHERE created_by='user_30uQARGezqSApAChPSGSwFyUy85' AND name='Retail (Walk-in) — Example Metric Tree';
INSERT INTO public.projects (id,name,description,created_by,last_modified_by,is_public,tags,settings) VALUES ('d8858a7f-f80d-40d0-a1c9-d4b2a50a7e8d','Retail (Walk-in) — Example Metric Tree','Decomposition of profit for a physical store: transactions = foot traffic × conversion, basket size, footfall drivers (incl. local social), and store cost structure.','user_30uQARGezqSApAChPSGSwFyUy85','user_30uQARGezqSApAChPSGSwFyUy85',true,ARRAY['example','template'],'{}');
INSERT INTO public.metric_cards (id,project_id,title,description,category,position_x,position_y,created_by,data) VALUES ('a31b03a9-0b95-4c9b-af37-b60af82020f8','d8858a7f-f80d-40d0-a1c9-d4b2a50a7e8d','Profit','Revenue − Total Costs','Core/Value',0,1852,'user_30uQARGezqSApAChPSGSwFyUy85','[{"period":"2025-12","value":77973,"change_percent":0,"trend":"neutral"},{"period":"2026-01","value":80534,"change_percent":3.3,"trend":"up"},{"period":"2026-02","value":84438,"change_percent":4.8,"trend":"up"},{"period":"2026-03","value":88535,"change_percent":4.9,"trend":"up"},{"period":"2026-04","value":90412,"change_percent":2.1,"trend":"up"},{"period":"2026-05","value":91579,"change_percent":1.3,"trend":"up"},{"period":"2026-06","value":94411,"change_percent":3.1,"trend":"up"}]'::jsonb);
INSERT INTO public.metric_cards (id,project_id,title,description,category,position_x,position_y,created_by,data) VALUES ('bc296d88-0cef-47a2-ac43-c646fe0da7a0','d8858a7f-f80d-40d0-a1c9-d4b2a50a7e8d','Revenue','Transactions × Avg Basket','Data/Metric',330,1852,'user_30uQARGezqSApAChPSGSwFyUy85','[{"period":"2025-12","value":76382,"change_percent":0,"trend":"neutral"},{"period":"2026-01","value":81635,"change_percent":6.9,"trend":"up"},{"period":"2026-02","value":89427,"change_percent":9.5,"trend":"up"},{"period":"2026-03","value":97977,"change_percent":9.6,"trend":"up"},{"period":"2026-04","value":103715,"change_percent":5.9,"trend":"up"},{"period":"2026-05","value":109829,"change_percent":5.9,"trend":"up"},{"period":"2026-06","value":116990,"change_percent":6.5,"trend":"up"}]'::jsonb);
INSERT INTO public.metric_cards (id,project_id,title,description,category,position_x,position_y,created_by,data) VALUES ('5b45cf19-6397-4627-be57-2d21cc838ba2','d8858a7f-f80d-40d0-a1c9-d4b2a50a7e8d','Transactions','Foot traffic × Conversion','Data/Metric',1520,86,'user_30uQARGezqSApAChPSGSwFyUy85','[{"period":"2025-12","value":63123,"change_percent":0,"trend":"neutral"},{"period":"2026-01","value":64244,"change_percent":1.8,"trend":"up"},{"period":"2026-02","value":65245,"change_percent":1.6,"trend":"up"},{"period":"2026-03","value":66629,"change_percent":2.1,"trend":"up"},{"period":"2026-04","value":66390,"change_percent":-0.4,"trend":"neutral"},{"period":"2026-05","value":68407,"change_percent":3,"trend":"up"},{"period":"2026-06","value":71346,"change_percent":4.3,"trend":"up"}]'::jsonb);
INSERT INTO public.metric_cards (id,project_id,title,description,category,position_x,position_y,created_by,data) VALUES ('2b92629e-f2ca-4332-8b8b-c4622c26260d','d8858a7f-f80d-40d0-a1c9-d4b2a50a7e8d','Average Basket Value','Items × Avg item price','Data/Metric',2180,306,'user_30uQARGezqSApAChPSGSwFyUy85','[{"period":"2025-12","value":150615,"change_percent":0,"trend":"neutral"},{"period":"2026-01","value":155894,"change_percent":3.5,"trend":"up"},{"period":"2026-02","value":165044,"change_percent":5.9,"trend":"up"},{"period":"2026-03","value":170900,"change_percent":3.5,"trend":"up"},{"period":"2026-04","value":178328,"change_percent":4.3,"trend":"up"},{"period":"2026-05","value":188297,"change_percent":5.6,"trend":"up"},{"period":"2026-06","value":198046,"change_percent":5.2,"trend":"up"}]'::jsonb);
INSERT INTO public.metric_cards (id,project_id,title,description,category,position_x,position_y,created_by,data) VALUES ('52b7cf14-5ca4-4d37-891f-68d2a45b519a','d8858a7f-f80d-40d0-a1c9-d4b2a50a7e8d','Foot Traffic','Passersby × Capture rate','Data/Metric',30,86,'user_30uQARGezqSApAChPSGSwFyUy85','[{"period":"2025-12","value":56790,"change_percent":0,"trend":"neutral"},{"period":"2026-01","value":60160,"change_percent":5.9,"trend":"up"},{"period":"2026-02","value":61725,"change_percent":2.6,"trend":"up"},{"period":"2026-03","value":63655,"change_percent":3.1,"trend":"up"},{"period":"2026-04","value":65389,"change_percent":2.7,"trend":"up"},{"period":"2026-05","value":69866,"change_percent":6.8,"trend":"up"},{"period":"2026-06","value":74660,"change_percent":6.9,"trend":"up"}]'::jsonb);
INSERT INTO public.metric_cards (id,project_id,title,description,category,position_x,position_y,created_by,data) VALUES ('29bd86e8-602c-42ca-b254-8f45e9a54c5d','d8858a7f-f80d-40d0-a1c9-d4b2a50a7e8d','Walk-in Conversion %','','Data/Metric',1850,86,'user_30uQARGezqSApAChPSGSwFyUy85','[{"period":"2025-12","value":34.7,"change_percent":0,"trend":"neutral"},{"period":"2026-01","value":36.8,"change_percent":6.1,"trend":"up"},{"period":"2026-02","value":39,"change_percent":6,"trend":"up"},{"period":"2026-03","value":41.2,"change_percent":5.6,"trend":"up"},{"period":"2026-04","value":42.7,"change_percent":3.6,"trend":"up"},{"period":"2026-05","value":43.6,"change_percent":2.1,"trend":"up"},{"period":"2026-06","value":46.4,"change_percent":6.4,"trend":"up"}]'::jsonb);
INSERT INTO public.metric_cards (id,project_id,title,description,category,position_x,position_y,created_by,data) VALUES ('b213a864-fcee-405a-a54d-754ab222bd2c','d8858a7f-f80d-40d0-a1c9-d4b2a50a7e8d','Items per Basket','','Data/Metric',1520,526,'user_30uQARGezqSApAChPSGSwFyUy85','[{"period":"2025-12","value":716332,"change_percent":0,"trend":"neutral"},{"period":"2026-01","value":750487,"change_percent":4.8,"trend":"up"},{"period":"2026-02","value":784621,"change_percent":4.5,"trend":"up"},{"period":"2026-03","value":832252,"change_percent":6.1,"trend":"up"},{"period":"2026-04","value":895286,"change_percent":7.6,"trend":"up"},{"period":"2026-05","value":950591,"change_percent":6.2,"trend":"up"},{"period":"2026-06","value":1010549,"change_percent":6.3,"trend":"up"}]'::jsonb);
INSERT INTO public.metric_cards (id,project_id,title,description,category,position_x,position_y,created_by,data) VALUES ('4a222ead-b0c2-47ad-bc7c-53b631a7e1e6','d8858a7f-f80d-40d0-a1c9-d4b2a50a7e8d','Avg Item Price','','Data/Metric',1850,526,'user_30uQARGezqSApAChPSGSwFyUy85','[{"period":"2025-12","value":33987,"change_percent":0,"trend":"neutral"},{"period":"2026-01","value":34761,"change_percent":2.3,"trend":"up"},{"period":"2026-02","value":36631,"change_percent":5.4,"trend":"up"},{"period":"2026-03","value":38133,"change_percent":4.1,"trend":"up"},{"period":"2026-04","value":39293,"change_percent":3,"trend":"up"},{"period":"2026-05","value":40686,"change_percent":3.5,"trend":"up"},{"period":"2026-06","value":42084,"change_percent":3.4,"trend":"up"}]'::jsonb);
INSERT INTO public.metric_cards (id,project_id,title,description,category,position_x,position_y,created_by,data) VALUES ('6baf027a-6809-4b17-a4c7-7ef7a745e1b7','d8858a7f-f80d-40d0-a1c9-d4b2a50a7e8d','Impulse / POS add-ons','','Data/Metric',2180,526,'user_30uQARGezqSApAChPSGSwFyUy85','[{"period":"2025-12","value":2146,"change_percent":0,"trend":"neutral"},{"period":"2026-01","value":2330,"change_percent":8.6,"trend":"up"},{"period":"2026-02","value":2532,"change_percent":8.7,"trend":"up"},{"period":"2026-03","value":2743,"change_percent":8.3,"trend":"up"},{"period":"2026-04","value":2954,"change_percent":7.7,"trend":"up"},{"period":"2026-05","value":3071,"change_percent":4,"trend":"up"},{"period":"2026-06","value":3316,"change_percent":8,"trend":"up"}]'::jsonb);
INSERT INTO public.metric_cards (id,project_id,title,description,category,position_x,position_y,created_by,data) VALUES ('cadd9078-d0c2-48a3-959b-531dfc6325f0','d8858a7f-f80d-40d0-a1c9-d4b2a50a7e8d','Passersby (location footfall)','','Data/Metric',360,86,'user_30uQARGezqSApAChPSGSwFyUy85','[{"period":"2025-12","value":87943,"change_percent":0,"trend":"neutral"},{"period":"2026-01","value":92766,"change_percent":5.5,"trend":"up"},{"period":"2026-02","value":97312,"change_percent":4.9,"trend":"up"},{"period":"2026-03","value":102116,"change_percent":4.9,"trend":"up"},{"period":"2026-04","value":110299,"change_percent":8,"trend":"up"},{"period":"2026-05","value":115506,"change_percent":4.7,"trend":"up"},{"period":"2026-06","value":122552,"change_percent":6.1,"trend":"up"}]'::jsonb);
INSERT INTO public.metric_cards (id,project_id,title,description,category,position_x,position_y,created_by,data) VALUES ('ade93f62-c01d-489b-8031-f098e18f32bd','d8858a7f-f80d-40d0-a1c9-d4b2a50a7e8d','Capture Rate','Share who enter','Data/Metric',690,86,'user_30uQARGezqSApAChPSGSwFyUy85','[{"period":"2025-12","value":61.3,"change_percent":0,"trend":"neutral"},{"period":"2026-01","value":65.6,"change_percent":7,"trend":"up"},{"period":"2026-02","value":70.5,"change_percent":7.5,"trend":"up"},{"period":"2026-03","value":75.5,"change_percent":7.1,"trend":"up"},{"period":"2026-04","value":81.7,"change_percent":8.2,"trend":"up"},{"period":"2026-05","value":88,"change_percent":7.7,"trend":"up"},{"period":"2026-06","value":93.4,"change_percent":6.1,"trend":"up"}]'::jsonb);
INSERT INTO public.metric_cards (id,project_id,title,description,category,position_x,position_y,created_by,data) VALUES ('071a2feb-dfce-47cc-8ac1-8a5ed7c7151c','d8858a7f-f80d-40d0-a1c9-d4b2a50a7e8d','Window Display Score','','Data/Metric',1020,86,'user_30uQARGezqSApAChPSGSwFyUy85','[{"period":"2025-12","value":1579,"change_percent":0,"trend":"neutral"},{"period":"2026-01","value":1656,"change_percent":4.9,"trend":"up"},{"period":"2026-02","value":1725,"change_percent":4.2,"trend":"up"},{"period":"2026-03","value":1763,"change_percent":2.2,"trend":"up"},{"period":"2026-04","value":1825,"change_percent":3.5,"trend":"up"},{"period":"2026-05","value":1903,"change_percent":4.3,"trend":"up"},{"period":"2026-06","value":1954,"change_percent":2.7,"trend":"up"}]'::jsonb);
INSERT INTO public.metric_cards (id,project_id,title,description,category,position_x,position_y,created_by,data) VALUES ('f69f89fe-0767-48ad-8dc4-4a0474b736c1','d8858a7f-f80d-40d0-a1c9-d4b2a50a7e8d','Signage / Promo Visibility','','Data/Metric',30,306,'user_30uQARGezqSApAChPSGSwFyUy85','[{"period":"2025-12","value":1901,"change_percent":0,"trend":"neutral"},{"period":"2026-01","value":1982,"change_percent":4.3,"trend":"up"},{"period":"2026-02","value":2085,"change_percent":5.2,"trend":"up"},{"period":"2026-03","value":2173,"change_percent":4.2,"trend":"up"},{"period":"2026-04","value":2281,"change_percent":5,"trend":"up"},{"period":"2026-05","value":2416,"change_percent":5.9,"trend":"up"},{"period":"2026-06","value":2520,"change_percent":4.3,"trend":"up"}]'::jsonb);
INSERT INTO public.metric_cards (id,project_id,title,description,category,position_x,position_y,created_by,data) VALUES ('5bd5b0d2-5308-46dc-a767-defb395fae53','d8858a7f-f80d-40d0-a1c9-d4b2a50a7e8d','Local Marketing Reach','','Data/Metric',360,306,'user_30uQARGezqSApAChPSGSwFyUy85','[{"period":"2025-12","value":30522,"change_percent":0,"trend":"neutral"},{"period":"2026-01","value":32226,"change_percent":5.6,"trend":"up"},{"period":"2026-02","value":33418,"change_percent":3.7,"trend":"up"},{"period":"2026-03","value":34700,"change_percent":3.8,"trend":"up"},{"period":"2026-04","value":35064,"change_percent":1,"trend":"neutral"},{"period":"2026-05","value":35994,"change_percent":2.7,"trend":"up"},{"period":"2026-06","value":36879,"change_percent":2.5,"trend":"up"}]'::jsonb);
INSERT INTO public.metric_cards (id,project_id,title,description,category,position_x,position_y,created_by,data) VALUES ('30ff33b1-621a-4c6e-afa1-93c9236e1ab7','d8858a7f-f80d-40d0-a1c9-d4b2a50a7e8d','Local Social Awareness','Reach × engagement','Data/Metric',690,306,'user_30uQARGezqSApAChPSGSwFyUy85','[{"period":"2025-12","value":3254,"change_percent":0,"trend":"neutral"},{"period":"2026-01","value":3309,"change_percent":1.7,"trend":"up"},{"period":"2026-02","value":3394,"change_percent":2.6,"trend":"up"},{"period":"2026-03","value":3501,"change_percent":3.2,"trend":"up"},{"period":"2026-04","value":3584,"change_percent":2.4,"trend":"up"},{"period":"2026-05","value":3715,"change_percent":3.7,"trend":"up"},{"period":"2026-06","value":3818,"change_percent":2.8,"trend":"up"}]'::jsonb);
INSERT INTO public.metric_cards (id,project_id,title,description,category,position_x,position_y,created_by,data) VALUES ('1449150f-ee88-490a-906a-dc4beb33a80a','d8858a7f-f80d-40d0-a1c9-d4b2a50a7e8d','Social Reach / Followers','','Data/Metric',1020,306,'user_30uQARGezqSApAChPSGSwFyUy85','[{"period":"2025-12","value":16298,"change_percent":0,"trend":"neutral"},{"period":"2026-01","value":16818,"change_percent":3.2,"trend":"up"},{"period":"2026-02","value":17480,"change_percent":3.9,"trend":"up"},{"period":"2026-03","value":18450,"change_percent":5.5,"trend":"up"},{"period":"2026-04","value":19642,"change_percent":6.5,"trend":"up"},{"period":"2026-05","value":20732,"change_percent":5.5,"trend":"up"},{"period":"2026-06","value":22131,"change_percent":6.7,"trend":"up"}]'::jsonb);
INSERT INTO public.metric_cards (id,project_id,title,description,category,position_x,position_y,created_by,data) VALUES ('84622a72-36b7-4f1d-8a05-a27cdf7ab15a','d8858a7f-f80d-40d0-a1c9-d4b2a50a7e8d','Social Engagement','','Data/Metric',30,526,'user_30uQARGezqSApAChPSGSwFyUy85','[{"period":"2025-12","value":1156,"change_percent":0,"trend":"neutral"},{"period":"2026-01","value":1250,"change_percent":8.1,"trend":"up"},{"period":"2026-02","value":1363,"change_percent":9,"trend":"up"},{"period":"2026-03","value":1493,"change_percent":9.5,"trend":"up"},{"period":"2026-04","value":1638,"change_percent":9.7,"trend":"up"},{"period":"2026-05","value":1771,"change_percent":8.1,"trend":"up"},{"period":"2026-06","value":1910,"change_percent":7.8,"trend":"up"}]'::jsonb);
INSERT INTO public.metric_cards (id,project_id,title,description,category,position_x,position_y,created_by,data) VALUES ('8d166258-cb76-4807-8741-b08f769b4a00','d8858a7f-f80d-40d0-a1c9-d4b2a50a7e8d','In-store Events / Promos','','Data/Metric',360,526,'user_30uQARGezqSApAChPSGSwFyUy85','[{"period":"2025-12","value":926,"change_percent":0,"trend":"neutral"},{"period":"2026-01","value":960,"change_percent":3.7,"trend":"up"},{"period":"2026-02","value":992,"change_percent":3.3,"trend":"up"},{"period":"2026-03","value":1026,"change_percent":3.4,"trend":"up"},{"period":"2026-04","value":1057,"change_percent":3,"trend":"up"},{"period":"2026-05","value":1095,"change_percent":3.6,"trend":"up"},{"period":"2026-06","value":1137,"change_percent":3.8,"trend":"up"}]'::jsonb);
INSERT INTO public.metric_cards (id,project_id,title,description,category,position_x,position_y,created_by,data) VALUES ('16ff765d-e44e-4e0b-ac7e-afcbb5fcf2fc','d8858a7f-f80d-40d0-a1c9-d4b2a50a7e8d','Seasonality / Weather','','Data/Metric',690,526,'user_30uQARGezqSApAChPSGSwFyUy85','[{"period":"2025-12","value":1127,"change_percent":0,"trend":"neutral"},{"period":"2026-01","value":1157,"change_percent":2.7,"trend":"up"},{"period":"2026-02","value":1182,"change_percent":2.2,"trend":"up"},{"period":"2026-03","value":1238,"change_percent":4.7,"trend":"up"},{"period":"2026-04","value":1253,"change_percent":1.2,"trend":"up"},{"period":"2026-05","value":1309,"change_percent":4.5,"trend":"up"},{"period":"2026-06","value":1343,"change_percent":2.6,"trend":"up"}]'::jsonb);
INSERT INTO public.metric_cards (id,project_id,title,description,category,position_x,position_y,created_by,data) VALUES ('cc43f132-2156-48b6-bd03-7f5f0e4defbf','d8858a7f-f80d-40d0-a1c9-d4b2a50a7e8d','Staff : Customer Ratio','','Data/Metric',2180,86,'user_30uQARGezqSApAChPSGSwFyUy85','[{"period":"2025-12","value":48,"change_percent":0,"trend":"neutral"},{"period":"2026-01","value":50.8,"change_percent":5.8,"trend":"up"},{"period":"2026-02","value":53.8,"change_percent":5.9,"trend":"up"},{"period":"2026-03","value":57.5,"change_percent":6.9,"trend":"up"},{"period":"2026-04","value":61.3,"change_percent":6.6,"trend":"up"},{"period":"2026-05","value":65.6,"change_percent":7,"trend":"up"},{"period":"2026-06","value":69.2,"change_percent":5.5,"trend":"up"}]'::jsonb);
INSERT INTO public.metric_cards (id,project_id,title,description,category,position_x,position_y,created_by,data) VALUES ('5fd50715-2c4f-490e-85ef-d5f0df6565c7','d8858a7f-f80d-40d0-a1c9-d4b2a50a7e8d','Product Availability %','','Data/Metric',1520,306,'user_30uQARGezqSApAChPSGSwFyUy85','[{"period":"2025-12","value":42.8,"change_percent":0,"trend":"neutral"},{"period":"2026-01","value":43.6,"change_percent":1.9,"trend":"up"},{"period":"2026-02","value":45.7,"change_percent":4.8,"trend":"up"},{"period":"2026-03","value":47.3,"change_percent":3.5,"trend":"up"},{"period":"2026-04","value":47.7,"change_percent":0.8,"trend":"neutral"},{"period":"2026-05","value":49.6,"change_percent":4,"trend":"up"},{"period":"2026-06","value":51,"change_percent":2.8,"trend":"up"}]'::jsonb);
INSERT INTO public.metric_cards (id,project_id,title,description,category,position_x,position_y,created_by,data) VALUES ('41201a0b-c388-4104-8841-7df18cb7a5b6','d8858a7f-f80d-40d0-a1c9-d4b2a50a7e8d','Avg Queue Time','','Data/Metric',1850,306,'user_30uQARGezqSApAChPSGSwFyUy85','[{"period":"2025-12","value":4970,"change_percent":0,"trend":"neutral"},{"period":"2026-01","value":4726,"change_percent":-4.9,"trend":"down"},{"period":"2026-02","value":4331,"change_percent":-8.4,"trend":"down"},{"period":"2026-03","value":4103,"change_percent":-5.3,"trend":"down"},{"period":"2026-04","value":3842,"change_percent":-6.4,"trend":"down"},{"period":"2026-05","value":3602,"change_percent":-6.2,"trend":"down"},{"period":"2026-06","value":3318,"change_percent":-7.9,"trend":"down"}]'::jsonb);
INSERT INTO public.metric_cards (id,project_id,title,description,category,position_x,position_y,created_by,data) VALUES ('f584017e-10be-4402-ab09-992b0e304db5','d8858a7f-f80d-40d0-a1c9-d4b2a50a7e8d','Loyalty Members','','Data/Metric',30,1012,'user_30uQARGezqSApAChPSGSwFyUy85','[{"period":"2025-12","value":23414,"change_percent":0,"trend":"neutral"},{"period":"2026-01","value":23452,"change_percent":0.2,"trend":"neutral"},{"period":"2026-02","value":24050,"change_percent":2.5,"trend":"up"},{"period":"2026-03","value":24753,"change_percent":2.9,"trend":"up"},{"period":"2026-04","value":24798,"change_percent":0.2,"trend":"neutral"},{"period":"2026-05","value":25058,"change_percent":1,"trend":"neutral"},{"period":"2026-06","value":25958,"change_percent":3.6,"trend":"up"}]'::jsonb);
INSERT INTO public.metric_cards (id,project_id,title,description,category,position_x,position_y,created_by,data) VALUES ('10229280-24f4-44bc-b54c-8eef2a4d5ddb','d8858a7f-f80d-40d0-a1c9-d4b2a50a7e8d','Repeat Visit Rate','','Data/Metric',360,1012,'user_30uQARGezqSApAChPSGSwFyUy85','[{"period":"2025-12","value":57.7,"change_percent":0,"trend":"neutral"},{"period":"2026-01","value":58.8,"change_percent":1.9,"trend":"up"},{"period":"2026-02","value":62.3,"change_percent":6,"trend":"up"},{"period":"2026-03","value":65.2,"change_percent":4.7,"trend":"up"},{"period":"2026-04","value":69.4,"change_percent":6.4,"trend":"up"},{"period":"2026-05","value":71.5,"change_percent":3,"trend":"up"},{"period":"2026-06","value":74.1,"change_percent":3.6,"trend":"up"}]'::jsonb);
INSERT INTO public.metric_cards (id,project_id,title,description,category,position_x,position_y,created_by,data) VALUES ('4aeb2acb-7184-4984-88de-fdcc25620bf7','d8858a7f-f80d-40d0-a1c9-d4b2a50a7e8d','Customer Satisfaction (NPS)','','Data/Metric',30,1232,'user_30uQARGezqSApAChPSGSwFyUy85','[{"period":"2025-12","value":33,"change_percent":0,"trend":"neutral"},{"period":"2026-01","value":35.3,"change_percent":7,"trend":"up"},{"period":"2026-02","value":37.8,"change_percent":7.1,"trend":"up"},{"period":"2026-03","value":40.6,"change_percent":7.4,"trend":"up"},{"period":"2026-04","value":43,"change_percent":5.9,"trend":"up"},{"period":"2026-05","value":45.1,"change_percent":4.9,"trend":"up"},{"period":"2026-06","value":48.1,"change_percent":6.7,"trend":"up"}]'::jsonb);
INSERT INTO public.metric_cards (id,project_id,title,description,category,position_x,position_y,created_by,data) VALUES ('88c4a0f5-f358-452a-a972-7f71c03912e1','d8858a7f-f80d-40d0-a1c9-d4b2a50a7e8d','Total Costs','','Data/Metric',860,1012,'user_30uQARGezqSApAChPSGSwFyUy85','[{"period":"2025-12","value":552686,"change_percent":0,"trend":"neutral"},{"period":"2026-01","value":537408,"change_percent":-2.8,"trend":"down"},{"period":"2026-02","value":517534,"change_percent":-3.7,"trend":"down"},{"period":"2026-03","value":499394,"change_percent":-3.5,"trend":"down"},{"period":"2026-04","value":485364,"change_percent":-2.8,"trend":"down"},{"period":"2026-05","value":459827,"change_percent":-5.3,"trend":"down"},{"period":"2026-06","value":451437,"change_percent":-1.8,"trend":"down"}]'::jsonb);
INSERT INTO public.metric_cards (id,project_id,title,description,category,position_x,position_y,created_by,data) VALUES ('16089d5e-46ce-4c4d-b4da-eed74fbfad75','d8858a7f-f80d-40d0-a1c9-d4b2a50a7e8d','COGS','','Data/Metric',1190,1012,'user_30uQARGezqSApAChPSGSwFyUy85','[{"period":"2025-12","value":102147,"change_percent":0,"trend":"neutral"},{"period":"2026-01","value":92488,"change_percent":-9.5,"trend":"down"},{"period":"2026-02","value":84426,"change_percent":-8.7,"trend":"down"},{"period":"2026-03","value":78710,"change_percent":-6.8,"trend":"down"},{"period":"2026-04","value":73884,"change_percent":-6.1,"trend":"down"},{"period":"2026-05","value":69512,"change_percent":-5.9,"trend":"down"},{"period":"2026-06","value":63747,"change_percent":-8.3,"trend":"down"}]'::jsonb);
INSERT INTO public.metric_cards (id,project_id,title,description,category,position_x,position_y,created_by,data) VALUES ('37b55a7f-706b-4263-80b6-6462efc9addb','d8858a7f-f80d-40d0-a1c9-d4b2a50a7e8d','Gross Margin %','','Data/Metric',1520,1012,'user_30uQARGezqSApAChPSGSwFyUy85','[{"period":"2025-12","value":49.6,"change_percent":0,"trend":"neutral"},{"period":"2026-01","value":53.6,"change_percent":8.1,"trend":"up"},{"period":"2026-02","value":59.1,"change_percent":10.3,"trend":"up"},{"period":"2026-03","value":63.9,"change_percent":8.1,"trend":"up"},{"period":"2026-04","value":67.5,"change_percent":5.6,"trend":"up"},{"period":"2026-05","value":72.8,"change_percent":7.9,"trend":"up"},{"period":"2026-06","value":79.8,"change_percent":9.6,"trend":"up"}]'::jsonb);
INSERT INTO public.metric_cards (id,project_id,title,description,category,position_x,position_y,created_by,data) VALUES ('e164bad8-4b0f-485c-a642-10671ce1f2ed','d8858a7f-f80d-40d0-a1c9-d4b2a50a7e8d','Rent','','Data/Metric',1850,1012,'user_30uQARGezqSApAChPSGSwFyUy85','[{"period":"2025-12","value":152917,"change_percent":0,"trend":"neutral"},{"period":"2026-01","value":160704,"change_percent":5.1,"trend":"up"},{"period":"2026-02","value":165400,"change_percent":2.9,"trend":"up"},{"period":"2026-03","value":171644,"change_percent":3.8,"trend":"up"},{"period":"2026-04","value":171931,"change_percent":0.2,"trend":"neutral"},{"period":"2026-05","value":178265,"change_percent":3.7,"trend":"up"},{"period":"2026-06","value":181027,"change_percent":1.5,"trend":"up"}]'::jsonb);
INSERT INTO public.metric_cards (id,project_id,title,description,category,position_x,position_y,created_by,data) VALUES ('6d0f05ce-11d4-4be9-bf95-7d4b4a5359eb','d8858a7f-f80d-40d0-a1c9-d4b2a50a7e8d','Labor Cost','','Data/Metric',860,1232,'user_30uQARGezqSApAChPSGSwFyUy85','[{"period":"2025-12","value":496467,"change_percent":0,"trend":"neutral"},{"period":"2026-01","value":473044,"change_percent":-4.7,"trend":"down"},{"period":"2026-02","value":462998,"change_percent":-2.1,"trend":"down"},{"period":"2026-03","value":453395,"change_percent":-2.1,"trend":"down"},{"period":"2026-04","value":435985,"change_percent":-3.8,"trend":"down"},{"period":"2026-05","value":413679,"change_percent":-5.1,"trend":"down"},{"period":"2026-06","value":412114,"change_percent":-0.4,"trend":"neutral"}]'::jsonb);
INSERT INTO public.metric_cards (id,project_id,title,description,category,position_x,position_y,created_by,data) VALUES ('0566aae7-cce3-43cf-8dcc-19abae22f99c','d8858a7f-f80d-40d0-a1c9-d4b2a50a7e8d','Staff Hours','','Data/Metric',1190,1232,'user_30uQARGezqSApAChPSGSwFyUy85','[{"period":"2025-12","value":2202,"change_percent":0,"trend":"neutral"},{"period":"2026-01","value":2216,"change_percent":0.6,"trend":"neutral"},{"period":"2026-02","value":2322,"change_percent":4.8,"trend":"up"},{"period":"2026-03","value":2410,"change_percent":3.8,"trend":"up"},{"period":"2026-04","value":2467,"change_percent":2.4,"trend":"up"},{"period":"2026-05","value":2569,"change_percent":4.1,"trend":"up"},{"period":"2026-06","value":2611,"change_percent":1.6,"trend":"up"}]'::jsonb);
INSERT INTO public.metric_cards (id,project_id,title,description,category,position_x,position_y,created_by,data) VALUES ('fb08b79d-fb81-4516-b307-5f6606269787','d8858a7f-f80d-40d0-a1c9-d4b2a50a7e8d','Avg Wage','','Data/Metric',1520,1232,'user_30uQARGezqSApAChPSGSwFyUy85','[{"period":"2025-12","value":252738,"change_percent":0,"trend":"neutral"},{"period":"2026-01","value":269144,"change_percent":6.5,"trend":"up"},{"period":"2026-02","value":290045,"change_percent":7.8,"trend":"up"},{"period":"2026-03","value":316052,"change_percent":9,"trend":"up"},{"period":"2026-04","value":328861,"change_percent":4.1,"trend":"up"},{"period":"2026-05","value":353521,"change_percent":7.5,"trend":"up"},{"period":"2026-06","value":375483,"change_percent":6.2,"trend":"up"}]'::jsonb);
INSERT INTO public.metric_cards (id,project_id,title,description,category,position_x,position_y,created_by,data) VALUES ('863b4b82-d424-40fc-8c8b-69e9e2c713f1','d8858a7f-f80d-40d0-a1c9-d4b2a50a7e8d','Utilities','','Data/Metric',1850,1232,'user_30uQARGezqSApAChPSGSwFyUy85','[{"period":"2025-12","value":4802,"change_percent":0,"trend":"neutral"},{"period":"2026-01","value":4857,"change_percent":1.1,"trend":"up"},{"period":"2026-02","value":4932,"change_percent":1.5,"trend":"up"},{"period":"2026-03","value":5082,"change_percent":3,"trend":"up"},{"period":"2026-04","value":5062,"change_percent":-0.4,"trend":"neutral"},{"period":"2026-05","value":5076,"change_percent":0.3,"trend":"neutral"},{"period":"2026-06","value":5234,"change_percent":3.1,"trend":"up"}]'::jsonb);
INSERT INTO public.metric_cards (id,project_id,title,description,category,position_x,position_y,created_by,data) VALUES ('6b9b0e7c-4c7b-4feb-9fd9-2babab8cfe0f','d8858a7f-f80d-40d0-a1c9-d4b2a50a7e8d','Shrinkage (loss/theft)','','Data/Metric',860,1452,'user_30uQARGezqSApAChPSGSwFyUy85','[{"period":"2025-12","value":1148,"change_percent":0,"trend":"neutral"},{"period":"2026-01","value":1108,"change_percent":-3.5,"trend":"down"},{"period":"2026-02","value":1043,"change_percent":-5.9,"trend":"down"},{"period":"2026-03","value":960,"change_percent":-8,"trend":"down"},{"period":"2026-04","value":878,"change_percent":-8.5,"trend":"down"},{"period":"2026-05","value":843,"change_percent":-4,"trend":"down"},{"period":"2026-06","value":785,"change_percent":-6.9,"trend":"down"}]'::jsonb);
INSERT INTO public.metric_cards (id,project_id,title,description,category,position_x,position_y,created_by,data) VALUES ('37b7a4d9-e183-4016-b9d6-dea612561ed6','d8858a7f-f80d-40d0-a1c9-d4b2a50a7e8d','Marketing Spend','','Data/Metric',1190,1452,'user_30uQARGezqSApAChPSGSwFyUy85','[{"period":"2025-12","value":519595,"change_percent":0,"trend":"neutral"},{"period":"2026-01","value":555320,"change_percent":6.9,"trend":"up"},{"period":"2026-02","value":589246,"change_percent":6.1,"trend":"up"},{"period":"2026-03","value":628377,"change_percent":6.6,"trend":"up"},{"period":"2026-04","value":651450,"change_percent":3.7,"trend":"up"},{"period":"2026-05","value":692473,"change_percent":6.3,"trend":"up"},{"period":"2026-06","value":736593,"change_percent":6.4,"trend":"up"}]'::jsonb);
INSERT INTO public.metric_cards (id,project_id,title,description,category,position_x,position_y,created_by,data) VALUES ('b49a6320-5e96-43b5-a1a9-b38a5b8d32fc','d8858a7f-f80d-40d0-a1c9-d4b2a50a7e8d','Staff sales training','','Work/Action',660,1852,'user_30uQARGezqSApAChPSGSwFyUy85','[]'::jsonb);
INSERT INTO public.metric_cards (id,project_id,title,description,category,position_x,position_y,created_by,data) VALUES ('8d63e58e-1595-4121-bf51-e3a369b28df8','d8858a7f-f80d-40d0-a1c9-d4b2a50a7e8d','Loyalty program','','Work/Action',990,1852,'user_30uQARGezqSApAChPSGSwFyUy85','[]'::jsonb);
INSERT INTO public.metric_cards (id,project_id,title,description,category,position_x,position_y,created_by,data) VALUES ('fd4be12b-d155-4c40-8e8b-69c988d21f9f','d8858a7f-f80d-40d0-a1c9-d4b2a50a7e8d','Refresh window display','','Work/Action',1320,1852,'user_30uQARGezqSApAChPSGSwFyUy85','[]'::jsonb);
INSERT INTO public.metric_cards (id,project_id,title,description,category,position_x,position_y,created_by,data) VALUES ('fd3d6d00-ce25-4a01-8269-48ee2c8cffb8','d8858a7f-f80d-40d0-a1c9-d4b2a50a7e8d','Local social campaign','','Work/Action',1650,1852,'user_30uQARGezqSApAChPSGSwFyUy85','[]'::jsonb);
INSERT INTO public.metric_cards (id,project_id,title,description,category,position_x,position_y,created_by,data) VALUES ('35f8ea00-ec35-4ecb-93b6-3f3926938f98','d8858a7f-f80d-40d0-a1c9-d4b2a50a7e8d','Optimize store layout','','Work/Action',0,2072,'user_30uQARGezqSApAChPSGSwFyUy85','[]'::jsonb);
INSERT INTO public.metric_cards (id,project_id,title,description,category,position_x,position_y,created_by,data) VALUES ('2b30a49b-4ae4-4135-ab7e-1a3322fa703f','d8858a7f-f80d-40d0-a1c9-d4b2a50a7e8d','Weekend events lift foot traffic','','Ideas/Hypothesis',330,2072,'user_30uQARGezqSApAChPSGSwFyUy85','[]'::jsonb);
INSERT INTO public.metric_cards (id,project_id,title,description,category,position_x,position_y,created_by,data) VALUES ('fb751212-639a-487a-932c-fe972d4756bc','d8858a7f-f80d-40d0-a1c9-d4b2a50a7e8d','More staff lifts conversion','','Ideas/Hypothesis',660,2072,'user_30uQARGezqSApAChPSGSwFyUy85','[]'::jsonb);
INSERT INTO public.relationships (id,project_id,source_id,target_id,type,confidence,weight,created_by) VALUES ('5caeaf53-ddcb-49e5-be1f-6929eff8c340','d8858a7f-f80d-40d0-a1c9-d4b2a50a7e8d','bc296d88-0cef-47a2-ac43-c646fe0da7a0','a31b03a9-0b95-4c9b-af37-b60af82020f8','Compositional','High',95,'user_30uQARGezqSApAChPSGSwFyUy85');
INSERT INTO public.relationships (id,project_id,source_id,target_id,type,confidence,weight,created_by) VALUES ('9ec5bb6d-26c2-4212-a255-77ff8ac01181','d8858a7f-f80d-40d0-a1c9-d4b2a50a7e8d','88c4a0f5-f358-452a-a972-7f71c03912e1','a31b03a9-0b95-4c9b-af37-b60af82020f8','Compositional','High',90,'user_30uQARGezqSApAChPSGSwFyUy85');
INSERT INTO public.relationships (id,project_id,source_id,target_id,type,confidence,weight,created_by) VALUES ('d0deffb4-61b9-470a-aa9f-5c498f8282eb','d8858a7f-f80d-40d0-a1c9-d4b2a50a7e8d','37b55a7f-706b-4263-80b6-6462efc9addb','a31b03a9-0b95-4c9b-af37-b60af82020f8','Causal','High',70,'user_30uQARGezqSApAChPSGSwFyUy85');
INSERT INTO public.relationships (id,project_id,source_id,target_id,type,confidence,weight,created_by) VALUES ('53fa9a36-5fb6-4608-b32c-439440e74a18','d8858a7f-f80d-40d0-a1c9-d4b2a50a7e8d','5b45cf19-6397-4627-be57-2d21cc838ba2','bc296d88-0cef-47a2-ac43-c646fe0da7a0','Deterministic','High',95,'user_30uQARGezqSApAChPSGSwFyUy85');
INSERT INTO public.relationships (id,project_id,source_id,target_id,type,confidence,weight,created_by) VALUES ('7cb3adcb-21f5-4822-8e1b-593089ef7e0b','d8858a7f-f80d-40d0-a1c9-d4b2a50a7e8d','2b92629e-f2ca-4332-8b8b-c4622c26260d','bc296d88-0cef-47a2-ac43-c646fe0da7a0','Deterministic','High',90,'user_30uQARGezqSApAChPSGSwFyUy85');
INSERT INTO public.relationships (id,project_id,source_id,target_id,type,confidence,weight,created_by) VALUES ('63b9eb63-674e-4084-93d2-635720986118','d8858a7f-f80d-40d0-a1c9-d4b2a50a7e8d','52b7cf14-5ca4-4d37-891f-68d2a45b519a','5b45cf19-6397-4627-be57-2d21cc838ba2','Deterministic','High',90,'user_30uQARGezqSApAChPSGSwFyUy85');
INSERT INTO public.relationships (id,project_id,source_id,target_id,type,confidence,weight,created_by) VALUES ('81949829-b7a2-42d4-9c35-3e8d2d2f14d8','d8858a7f-f80d-40d0-a1c9-d4b2a50a7e8d','29bd86e8-602c-42ca-b254-8f45e9a54c5d','5b45cf19-6397-4627-be57-2d21cc838ba2','Probabilistic','High',85,'user_30uQARGezqSApAChPSGSwFyUy85');
INSERT INTO public.relationships (id,project_id,source_id,target_id,type,confidence,weight,created_by) VALUES ('05ee1673-4db3-4c44-9c12-a98c74c80ce2','d8858a7f-f80d-40d0-a1c9-d4b2a50a7e8d','b213a864-fcee-405a-a54d-754ab222bd2c','2b92629e-f2ca-4332-8b8b-c4622c26260d','Deterministic','High',80,'user_30uQARGezqSApAChPSGSwFyUy85');
INSERT INTO public.relationships (id,project_id,source_id,target_id,type,confidence,weight,created_by) VALUES ('7f37da2f-e968-4094-a853-b12262a9d8ed','d8858a7f-f80d-40d0-a1c9-d4b2a50a7e8d','4a222ead-b0c2-47ad-bc7c-53b631a7e1e6','2b92629e-f2ca-4332-8b8b-c4622c26260d','Deterministic','High',75,'user_30uQARGezqSApAChPSGSwFyUy85');
INSERT INTO public.relationships (id,project_id,source_id,target_id,type,confidence,weight,created_by) VALUES ('1f7f28e6-9a5f-4f59-9531-6fc35948e827','d8858a7f-f80d-40d0-a1c9-d4b2a50a7e8d','6baf027a-6809-4b17-a4c7-7ef7a745e1b7','2b92629e-f2ca-4332-8b8b-c4622c26260d','Causal','High',55,'user_30uQARGezqSApAChPSGSwFyUy85');
INSERT INTO public.relationships (id,project_id,source_id,target_id,type,confidence,weight,created_by) VALUES ('fc7953a3-ac91-4bc1-bdbe-b404988a4e47','d8858a7f-f80d-40d0-a1c9-d4b2a50a7e8d','cadd9078-d0c2-48a3-959b-531dfc6325f0','52b7cf14-5ca4-4d37-891f-68d2a45b519a','Deterministic','High',80,'user_30uQARGezqSApAChPSGSwFyUy85');
INSERT INTO public.relationships (id,project_id,source_id,target_id,type,confidence,weight,created_by) VALUES ('778ee826-5a5d-4216-8bd4-93b5a28fc146','d8858a7f-f80d-40d0-a1c9-d4b2a50a7e8d','ade93f62-c01d-489b-8031-f098e18f32bd','52b7cf14-5ca4-4d37-891f-68d2a45b519a','Probabilistic','High',75,'user_30uQARGezqSApAChPSGSwFyUy85');
INSERT INTO public.relationships (id,project_id,source_id,target_id,type,confidence,weight,created_by) VALUES ('573a1136-b357-4e6b-bbcf-181bd9f152bf','d8858a7f-f80d-40d0-a1c9-d4b2a50a7e8d','071a2feb-dfce-47cc-8ac1-8a5ed7c7151c','ade93f62-c01d-489b-8031-f098e18f32bd','Causal','High',70,'user_30uQARGezqSApAChPSGSwFyUy85');
INSERT INTO public.relationships (id,project_id,source_id,target_id,type,confidence,weight,created_by) VALUES ('85a9bdbf-d02c-4939-99e4-a7258f0ec8a6','d8858a7f-f80d-40d0-a1c9-d4b2a50a7e8d','f69f89fe-0767-48ad-8dc4-4a0474b736c1','ade93f62-c01d-489b-8031-f098e18f32bd','Causal','High',60,'user_30uQARGezqSApAChPSGSwFyUy85');
INSERT INTO public.relationships (id,project_id,source_id,target_id,type,confidence,weight,created_by) VALUES ('bc1e4b50-8286-4a97-82d3-bcb06f6a8c3c','d8858a7f-f80d-40d0-a1c9-d4b2a50a7e8d','5bd5b0d2-5308-46dc-a767-defb395fae53','cadd9078-d0c2-48a3-959b-531dfc6325f0','Causal','High',55,'user_30uQARGezqSApAChPSGSwFyUy85');
INSERT INTO public.relationships (id,project_id,source_id,target_id,type,confidence,weight,created_by) VALUES ('9cb6c695-3204-4d93-96f1-8ca3d8883b4f','d8858a7f-f80d-40d0-a1c9-d4b2a50a7e8d','30ff33b1-621a-4c6e-afa1-93c9236e1ab7','cadd9078-d0c2-48a3-959b-531dfc6325f0','Causal','High',50,'user_30uQARGezqSApAChPSGSwFyUy85');
INSERT INTO public.relationships (id,project_id,source_id,target_id,type,confidence,weight,created_by) VALUES ('8dd0a570-48b2-418d-abfe-2d48d3dbfe6d','d8858a7f-f80d-40d0-a1c9-d4b2a50a7e8d','1449150f-ee88-490a-906a-dc4beb33a80a','30ff33b1-621a-4c6e-afa1-93c9236e1ab7','Causal','High',65,'user_30uQARGezqSApAChPSGSwFyUy85');
INSERT INTO public.relationships (id,project_id,source_id,target_id,type,confidence,weight,created_by) VALUES ('e9f5ac43-317d-4b36-9c84-39b575e7e9a5','d8858a7f-f80d-40d0-a1c9-d4b2a50a7e8d','84622a72-36b7-4f1d-8a05-a27cdf7ab15a','30ff33b1-621a-4c6e-afa1-93c9236e1ab7','Causal','High',55,'user_30uQARGezqSApAChPSGSwFyUy85');
INSERT INTO public.relationships (id,project_id,source_id,target_id,type,confidence,weight,created_by) VALUES ('ba196dc1-0690-4598-b990-01a3cb837929','d8858a7f-f80d-40d0-a1c9-d4b2a50a7e8d','8d166258-cb76-4807-8741-b08f769b4a00','52b7cf14-5ca4-4d37-891f-68d2a45b519a','Causal','High',60,'user_30uQARGezqSApAChPSGSwFyUy85');
INSERT INTO public.relationships (id,project_id,source_id,target_id,type,confidence,weight,created_by) VALUES ('c2abaaf6-4082-4210-9373-b1ce48164216','d8858a7f-f80d-40d0-a1c9-d4b2a50a7e8d','16ff765d-e44e-4e0b-ac7e-afcbb5fcf2fc','cadd9078-d0c2-48a3-959b-531dfc6325f0','Causal','High',50,'user_30uQARGezqSApAChPSGSwFyUy85');
INSERT INTO public.relationships (id,project_id,source_id,target_id,type,confidence,weight,created_by) VALUES ('ca6d55b7-6809-4178-94ab-28abd7a67bc7','d8858a7f-f80d-40d0-a1c9-d4b2a50a7e8d','cc43f132-2156-48b6-bd03-7f5f0e4defbf','29bd86e8-602c-42ca-b254-8f45e9a54c5d','Causal','High',70,'user_30uQARGezqSApAChPSGSwFyUy85');
INSERT INTO public.relationships (id,project_id,source_id,target_id,type,confidence,weight,created_by) VALUES ('d20e67de-8cdf-4e0c-9f0a-5673ea9f0e99','d8858a7f-f80d-40d0-a1c9-d4b2a50a7e8d','5fd50715-2c4f-490e-85ef-d5f0df6565c7','29bd86e8-602c-42ca-b254-8f45e9a54c5d','Causal','High',70,'user_30uQARGezqSApAChPSGSwFyUy85');
INSERT INTO public.relationships (id,project_id,source_id,target_id,type,confidence,weight,created_by) VALUES ('e8715474-98fe-4f07-8f2d-05800fefa79a','d8858a7f-f80d-40d0-a1c9-d4b2a50a7e8d','41201a0b-c388-4104-8841-7df18cb7a5b6','29bd86e8-602c-42ca-b254-8f45e9a54c5d','Causal','High',60,'user_30uQARGezqSApAChPSGSwFyUy85');
INSERT INTO public.relationships (id,project_id,source_id,target_id,type,confidence,weight,created_by) VALUES ('ecddb2fc-f670-4a49-b987-888f3f430197','d8858a7f-f80d-40d0-a1c9-d4b2a50a7e8d','f584017e-10be-4402-ab09-992b0e304db5','10229280-24f4-44bc-b54c-8eef2a4d5ddb','Causal','High',70,'user_30uQARGezqSApAChPSGSwFyUy85');
INSERT INTO public.relationships (id,project_id,source_id,target_id,type,confidence,weight,created_by) VALUES ('294f78f8-401b-41a5-92ac-448ceaa6eb3e','d8858a7f-f80d-40d0-a1c9-d4b2a50a7e8d','10229280-24f4-44bc-b54c-8eef2a4d5ddb','52b7cf14-5ca4-4d37-891f-68d2a45b519a','Causal','High',55,'user_30uQARGezqSApAChPSGSwFyUy85');
INSERT INTO public.relationships (id,project_id,source_id,target_id,type,confidence,weight,created_by) VALUES ('e88a52da-383a-40c4-b9f6-89fbedbfb8d8','d8858a7f-f80d-40d0-a1c9-d4b2a50a7e8d','4aeb2acb-7184-4984-88de-fdcc25620bf7','10229280-24f4-44bc-b54c-8eef2a4d5ddb','Causal','High',60,'user_30uQARGezqSApAChPSGSwFyUy85');
INSERT INTO public.relationships (id,project_id,source_id,target_id,type,confidence,weight,created_by) VALUES ('f806ab62-1b62-4ba6-860f-edcf4cd62f6e','d8858a7f-f80d-40d0-a1c9-d4b2a50a7e8d','16089d5e-46ce-4c4d-b4da-eed74fbfad75','88c4a0f5-f358-452a-a972-7f71c03912e1','Compositional','High',80,'user_30uQARGezqSApAChPSGSwFyUy85');
INSERT INTO public.relationships (id,project_id,source_id,target_id,type,confidence,weight,created_by) VALUES ('93571f48-f7d4-43e2-9260-8946b15624c1','d8858a7f-f80d-40d0-a1c9-d4b2a50a7e8d','e164bad8-4b0f-485c-a642-10671ce1f2ed','88c4a0f5-f358-452a-a972-7f71c03912e1','Compositional','High',70,'user_30uQARGezqSApAChPSGSwFyUy85');
INSERT INTO public.relationships (id,project_id,source_id,target_id,type,confidence,weight,created_by) VALUES ('ddea5025-7902-4895-a687-bbbc20408615','d8858a7f-f80d-40d0-a1c9-d4b2a50a7e8d','6d0f05ce-11d4-4be9-bf95-7d4b4a5359eb','88c4a0f5-f358-452a-a972-7f71c03912e1','Compositional','High',75,'user_30uQARGezqSApAChPSGSwFyUy85');
INSERT INTO public.relationships (id,project_id,source_id,target_id,type,confidence,weight,created_by) VALUES ('1d838fc6-0579-415c-8ccf-7c40d7376844','d8858a7f-f80d-40d0-a1c9-d4b2a50a7e8d','0566aae7-cce3-43cf-8dcc-19abae22f99c','6d0f05ce-11d4-4be9-bf95-7d4b4a5359eb','Deterministic','High',80,'user_30uQARGezqSApAChPSGSwFyUy85');
INSERT INTO public.relationships (id,project_id,source_id,target_id,type,confidence,weight,created_by) VALUES ('087d41ec-c693-459a-ac12-83590ce18f46','d8858a7f-f80d-40d0-a1c9-d4b2a50a7e8d','fb08b79d-fb81-4516-b307-5f6606269787','6d0f05ce-11d4-4be9-bf95-7d4b4a5359eb','Deterministic','High',70,'user_30uQARGezqSApAChPSGSwFyUy85');
INSERT INTO public.relationships (id,project_id,source_id,target_id,type,confidence,weight,created_by) VALUES ('aaeaa609-41da-42f6-8e2e-1d69e3eb4079','d8858a7f-f80d-40d0-a1c9-d4b2a50a7e8d','863b4b82-d424-40fc-8c8b-69e9e2c713f1','88c4a0f5-f358-452a-a972-7f71c03912e1','Compositional','High',50,'user_30uQARGezqSApAChPSGSwFyUy85');
INSERT INTO public.relationships (id,project_id,source_id,target_id,type,confidence,weight,created_by) VALUES ('4d0e72d8-c4e7-49b2-bb02-7bb1ec4e4e10','d8858a7f-f80d-40d0-a1c9-d4b2a50a7e8d','6b9b0e7c-4c7b-4feb-9fd9-2babab8cfe0f','88c4a0f5-f358-452a-a972-7f71c03912e1','Causal','High',55,'user_30uQARGezqSApAChPSGSwFyUy85');
INSERT INTO public.relationships (id,project_id,source_id,target_id,type,confidence,weight,created_by) VALUES ('6c671b45-a1a3-4c4b-a794-55c550998cd2','d8858a7f-f80d-40d0-a1c9-d4b2a50a7e8d','37b7a4d9-e183-4016-b9d6-dea612561ed6','88c4a0f5-f358-452a-a972-7f71c03912e1','Compositional','High',60,'user_30uQARGezqSApAChPSGSwFyUy85');
INSERT INTO public.relationships (id,project_id,source_id,target_id,type,confidence,weight,created_by) VALUES ('78ed8645-ea90-4217-9dd9-8dff8c0fd104','d8858a7f-f80d-40d0-a1c9-d4b2a50a7e8d','16089d5e-46ce-4c4d-b4da-eed74fbfad75','37b55a7f-706b-4263-80b6-6462efc9addb','Causal','High',75,'user_30uQARGezqSApAChPSGSwFyUy85');
INSERT INTO public.relationships (id,project_id,source_id,target_id,type,confidence,weight,created_by) VALUES ('537fdf50-0d7a-4112-bd7e-93016b36d66d','d8858a7f-f80d-40d0-a1c9-d4b2a50a7e8d','0566aae7-cce3-43cf-8dcc-19abae22f99c','cc43f132-2156-48b6-bd03-7f5f0e4defbf','Causal','High',60,'user_30uQARGezqSApAChPSGSwFyUy85');
INSERT INTO public.relationships (id,project_id,source_id,target_id,type,confidence,weight,created_by) VALUES ('a98f74d4-9435-4351-806e-d56f01e0e2d5','d8858a7f-f80d-40d0-a1c9-d4b2a50a7e8d','5bd5b0d2-5308-46dc-a767-defb395fae53','37b7a4d9-e183-4016-b9d6-dea612561ed6','Compositional','High',60,'user_30uQARGezqSApAChPSGSwFyUy85');
INSERT INTO public.relationships (id,project_id,source_id,target_id,type,confidence,weight,created_by) VALUES ('363fa7dc-00fc-4f96-b02e-b774c5b7f13d','d8858a7f-f80d-40d0-a1c9-d4b2a50a7e8d','b49a6320-5e96-43b5-a1a9-b38a5b8d32fc','29bd86e8-602c-42ca-b254-8f45e9a54c5d','Causal','High',70,'user_30uQARGezqSApAChPSGSwFyUy85');
INSERT INTO public.relationships (id,project_id,source_id,target_id,type,confidence,weight,created_by) VALUES ('100ebfe6-d4f6-441a-8e3f-edab04cecb1f','d8858a7f-f80d-40d0-a1c9-d4b2a50a7e8d','8d63e58e-1595-4121-bf51-e3a369b28df8','f584017e-10be-4402-ab09-992b0e304db5','Causal','High',75,'user_30uQARGezqSApAChPSGSwFyUy85');
INSERT INTO public.relationships (id,project_id,source_id,target_id,type,confidence,weight,created_by) VALUES ('94fa06f3-b707-46f6-9f44-dd976c838df1','d8858a7f-f80d-40d0-a1c9-d4b2a50a7e8d','fd4be12b-d155-4c40-8e8b-69c988d21f9f','071a2feb-dfce-47cc-8ac1-8a5ed7c7151c','Causal','High',75,'user_30uQARGezqSApAChPSGSwFyUy85');
INSERT INTO public.relationships (id,project_id,source_id,target_id,type,confidence,weight,created_by) VALUES ('ef2890b4-7576-4bcf-adb0-bf5e56154ef2','d8858a7f-f80d-40d0-a1c9-d4b2a50a7e8d','fd3d6d00-ce25-4a01-8269-48ee2c8cffb8','1449150f-ee88-490a-906a-dc4beb33a80a','Causal','High',65,'user_30uQARGezqSApAChPSGSwFyUy85');
INSERT INTO public.relationships (id,project_id,source_id,target_id,type,confidence,weight,created_by) VALUES ('796af819-d7e5-405a-ad13-5499fde76110','d8858a7f-f80d-40d0-a1c9-d4b2a50a7e8d','35f8ea00-ec35-4ecb-93b6-3f3926938f98','6baf027a-6809-4b17-a4c7-7ef7a745e1b7','Causal','High',55,'user_30uQARGezqSApAChPSGSwFyUy85');
INSERT INTO public.relationships (id,project_id,source_id,target_id,type,confidence,weight,created_by) VALUES ('151f0bfb-4fef-4540-9c7c-36d5cb213055','d8858a7f-f80d-40d0-a1c9-d4b2a50a7e8d','2b30a49b-4ae4-4135-ab7e-1a3322fa703f','8d166258-cb76-4807-8741-b08f769b4a00','Probabilistic','High',50,'user_30uQARGezqSApAChPSGSwFyUy85');
INSERT INTO public.relationships (id,project_id,source_id,target_id,type,confidence,weight,created_by) VALUES ('3f1eaebb-2e4f-4acd-897f-4631974851c1','d8858a7f-f80d-40d0-a1c9-d4b2a50a7e8d','fb751212-639a-487a-932c-fe972d4756bc','cc43f132-2156-48b6-bd03-7f5f0e4defbf','Probabilistic','High',50,'user_30uQARGezqSApAChPSGSwFyUy85');
INSERT INTO public.groups (id,project_id,name,node_ids,position_x,position_y,width,height,created_by) VALUES ('329775db-e412-4e8e-9be1-741d0d1ec918','d8858a7f-f80d-40d0-a1c9-d4b2a50a7e8d','Foot Traffic',ARRAY['52b7cf14-5ca4-4d37-891f-68d2a45b519a','cadd9078-d0c2-48a3-959b-531dfc6325f0','ade93f62-c01d-489b-8031-f098e18f32bd','071a2feb-dfce-47cc-8ac1-8a5ed7c7151c','f69f89fe-0767-48ad-8dc4-4a0474b736c1','5bd5b0d2-5308-46dc-a767-defb395fae53','30ff33b1-621a-4c6e-afa1-93c9236e1ab7','1449150f-ee88-490a-906a-dc4beb33a80a','84622a72-36b7-4f1d-8a05-a27cdf7ab15a','8d166258-cb76-4807-8741-b08f769b4a00','16ff765d-e44e-4e0b-ac7e-afcbb5fcf2fc']::uuid[],0,0,1330,726,'user_30uQARGezqSApAChPSGSwFyUy85');
INSERT INTO public.groups (id,project_id,name,node_ids,position_x,position_y,width,height,created_by) VALUES ('304c19d4-5355-41e5-8a11-7a666d4ebd8a','d8858a7f-f80d-40d0-a1c9-d4b2a50a7e8d','Conversion & Basket',ARRAY['5b45cf19-6397-4627-be57-2d21cc838ba2','29bd86e8-602c-42ca-b254-8f45e9a54c5d','cc43f132-2156-48b6-bd03-7f5f0e4defbf','5fd50715-2c4f-490e-85ef-d5f0df6565c7','41201a0b-c388-4104-8841-7df18cb7a5b6','2b92629e-f2ca-4332-8b8b-c4622c26260d','b213a864-fcee-405a-a54d-754ab222bd2c','4a222ead-b0c2-47ad-bc7c-53b631a7e1e6','6baf027a-6809-4b17-a4c7-7ef7a745e1b7']::uuid[],1490,0,1000,726,'user_30uQARGezqSApAChPSGSwFyUy85');
INSERT INTO public.groups (id,project_id,name,node_ids,position_x,position_y,width,height,created_by) VALUES ('ac88f249-31ca-4761-a251-76ad98e668ce','d8858a7f-f80d-40d0-a1c9-d4b2a50a7e8d','Retention',ARRAY['f584017e-10be-4402-ab09-992b0e304db5','10229280-24f4-44bc-b54c-8eef2a4d5ddb','4aeb2acb-7184-4984-88de-fdcc25620bf7']::uuid[],0,926,670,506,'user_30uQARGezqSApAChPSGSwFyUy85');
INSERT INTO public.groups (id,project_id,name,node_ids,position_x,position_y,width,height,created_by) VALUES ('08fc37bb-25db-4547-8df0-31116de6f5b5','d8858a7f-f80d-40d0-a1c9-d4b2a50a7e8d','Cost Structure',ARRAY['88c4a0f5-f358-452a-a972-7f71c03912e1','16089d5e-46ce-4c4d-b4da-eed74fbfad75','37b55a7f-706b-4263-80b6-6462efc9addb','e164bad8-4b0f-485c-a642-10671ce1f2ed','6d0f05ce-11d4-4be9-bf95-7d4b4a5359eb','0566aae7-cce3-43cf-8dcc-19abae22f99c','fb08b79d-fb81-4516-b307-5f6606269787','863b4b82-d424-40fc-8c8b-69e9e2c713f1','6b9b0e7c-4c7b-4feb-9fd9-2babab8cfe0f','37b7a4d9-e183-4016-b9d6-dea612561ed6']::uuid[],830,926,1330,726,'user_30uQARGezqSApAChPSGSwFyUy85');

COMMIT;
