-- Example metric trees (SaaS / E-commerce / Retail). Owner: user_30uQARGezqSApAChPSGSwFyUy85
-- Re-runnable: deletes prior projects with the same names (cascade) first.
BEGIN;

DELETE FROM public.projects WHERE created_by='user_30uQARGezqSApAChPSGSwFyUy85' AND name='SaaS — Example Metric Tree';
INSERT INTO public.projects (id,name,description,created_by,last_modified_by,is_public,tags,settings) VALUES ('fefe4219-313d-4e3a-af21-b0c044fbcd62','SaaS — Example Metric Tree','Decomposition of profit for a B2B SaaS: ARR/MRR movements, acquisition funnel, channels (incl. social), unit economics, and cost structure.','user_30uQARGezqSApAChPSGSwFyUy85','user_30uQARGezqSApAChPSGSwFyUy85',true,ARRAY['example','template'],'{}');
INSERT INTO public.metric_cards (id,project_id,title,description,category,position_x,position_y,created_by) VALUES ('0c138161-026e-4cab-9cd1-d5bad3b96217','fefe4219-313d-4e3a-af21-b0c044fbcd62','Profit','Revenue − Total Costs','Core/Value',0,0,'user_30uQARGezqSApAChPSGSwFyUy85');
INSERT INTO public.metric_cards (id,project_id,title,description,category,position_x,position_y,created_by) VALUES ('5cb1ee90-4d2d-44b8-a93d-dc5a1d6fef38','fefe4219-313d-4e3a-af21-b0c044fbcd62','Revenue (ARR)','MRR × 12','Data/Metric',-1190,200,'user_30uQARGezqSApAChPSGSwFyUy85');
INSERT INTO public.metric_cards (id,project_id,title,description,category,position_x,position_y,created_by) VALUES ('1a1bfd60-c14a-4cb6-a492-19a876fab59f','fefe4219-313d-4e3a-af21-b0c044fbcd62','MRR','Monthly Recurring Revenue','Data/Metric',-680,400,'user_30uQARGezqSApAChPSGSwFyUy85');
INSERT INTO public.metric_cards (id,project_id,title,description,category,position_x,position_y,created_by) VALUES ('a7344cbb-7ef9-4952-b47c-b47f4783257f','fefe4219-313d-4e3a-af21-b0c044fbcd62','New MRR','New Customers × ARPA','Data/Metric',-1020,600,'user_30uQARGezqSApAChPSGSwFyUy85');
INSERT INTO public.metric_cards (id,project_id,title,description,category,position_x,position_y,created_by) VALUES ('abcb8bf0-7c00-4ae3-9a4e-90b3f9799593','fefe4219-313d-4e3a-af21-b0c044fbcd62','Expansion MRR','Upsell + cross-sell','Data/Metric',-680,600,'user_30uQARGezqSApAChPSGSwFyUy85');
INSERT INTO public.metric_cards (id,project_id,title,description,category,position_x,position_y,created_by) VALUES ('305b4beb-6959-420b-b894-79f55d2f9bcf','fefe4219-313d-4e3a-af21-b0c044fbcd62','Reactivation MRR','','Data/Metric',-340,600,'user_30uQARGezqSApAChPSGSwFyUy85');
INSERT INTO public.metric_cards (id,project_id,title,description,category,position_x,position_y,created_by) VALUES ('fce2d9ef-f7ba-49a6-9933-cede41dcd10e','fefe4219-313d-4e3a-af21-b0c044fbcd62','Churned MRR','Lost recurring revenue','Data/Metric',0,600,'user_30uQARGezqSApAChPSGSwFyUy85');
INSERT INTO public.metric_cards (id,project_id,title,description,category,position_x,position_y,created_by) VALUES ('d0b2bc41-ebd9-4462-a688-9c5d023ec960','fefe4219-313d-4e3a-af21-b0c044fbcd62','Contraction MRR','Downgrades','Data/Metric',340,600,'user_30uQARGezqSApAChPSGSwFyUy85');
INSERT INTO public.metric_cards (id,project_id,title,description,category,position_x,position_y,created_by) VALUES ('ca3f2626-7e22-4c0f-a325-8d29d0c9b14c','fefe4219-313d-4e3a-af21-b0c044fbcd62','New Customers','Trials × Trial→Paid','Data/Metric',-340,800,'user_30uQARGezqSApAChPSGSwFyUy85');
INSERT INTO public.metric_cards (id,project_id,title,description,category,position_x,position_y,created_by) VALUES ('33b98d3d-0fe0-452d-a0af-2e85d2120ecf','fefe4219-313d-4e3a-af21-b0c044fbcd62','ARPA','Avg revenue per account','Data/Metric',0,800,'user_30uQARGezqSApAChPSGSwFyUy85');
INSERT INTO public.metric_cards (id,project_id,title,description,category,position_x,position_y,created_by) VALUES ('bd61f640-2717-4274-be11-255f6341f2ad','fefe4219-313d-4e3a-af21-b0c044fbcd62','Avg Price','','Data/Metric',-850,1000,'user_30uQARGezqSApAChPSGSwFyUy85');
INSERT INTO public.metric_cards (id,project_id,title,description,category,position_x,position_y,created_by) VALUES ('775fb311-2937-424b-aed3-14fe655c0c52','fefe4219-313d-4e3a-af21-b0c044fbcd62','Avg Seats / Account','','Data/Metric',-510,1000,'user_30uQARGezqSApAChPSGSwFyUy85');
INSERT INTO public.metric_cards (id,project_id,title,description,category,position_x,position_y,created_by) VALUES ('52cf52cb-9930-4b4c-8e71-b05a5fa95092','fefe4219-313d-4e3a-af21-b0c044fbcd62','Trials Started','MQLs × Lead→Trial','Data/Metric',-170,1000,'user_30uQARGezqSApAChPSGSwFyUy85');
INSERT INTO public.metric_cards (id,project_id,title,description,category,position_x,position_y,created_by) VALUES ('be22fc68-61f9-47ab-8c91-58c6e780bf68','fefe4219-313d-4e3a-af21-b0c044fbcd62','Trial→Paid Conversion %','','Data/Metric',170,1000,'user_30uQARGezqSApAChPSGSwFyUy85');
INSERT INTO public.metric_cards (id,project_id,title,description,category,position_x,position_y,created_by) VALUES ('c3ff43cb-e3a9-4606-b0f1-27df759847db','fefe4219-313d-4e3a-af21-b0c044fbcd62','Marketing Qualified Leads','Visitors × Visitor→Lead','Data/Metric',-510,1200,'user_30uQARGezqSApAChPSGSwFyUy85');
INSERT INTO public.metric_cards (id,project_id,title,description,category,position_x,position_y,created_by) VALUES ('891d0993-fe63-4edf-a0fe-97625ff34538','fefe4219-313d-4e3a-af21-b0c044fbcd62','Visitor→Lead %','','Data/Metric',-170,1200,'user_30uQARGezqSApAChPSGSwFyUy85');
INSERT INTO public.metric_cards (id,project_id,title,description,category,position_x,position_y,created_by) VALUES ('2a27e25c-bcef-46ed-a8dd-3b68714a0c6f','fefe4219-313d-4e3a-af21-b0c044fbcd62','Website Visitors','Sum of channels','Data/Metric',0,1400,'user_30uQARGezqSApAChPSGSwFyUy85');
INSERT INTO public.metric_cards (id,project_id,title,description,category,position_x,position_y,created_by) VALUES ('e883216d-181c-4515-bd55-cbd6192c4104','fefe4219-313d-4e3a-af21-b0c044fbcd62','Organic / SEO Traffic','','Data/Metric',-850,1600,'user_30uQARGezqSApAChPSGSwFyUy85');
INSERT INTO public.metric_cards (id,project_id,title,description,category,position_x,position_y,created_by) VALUES ('72ec5832-f900-4291-bf28-9cffb604a0cd','fefe4219-313d-4e3a-af21-b0c044fbcd62','Paid Search Traffic','Ad Spend / CPC','Data/Metric',-510,1600,'user_30uQARGezqSApAChPSGSwFyUy85');
INSERT INTO public.metric_cards (id,project_id,title,description,category,position_x,position_y,created_by) VALUES ('c122f36f-e64b-4f2b-8406-d8ad2309f53f','fefe4219-313d-4e3a-af21-b0c044fbcd62','Social Media Traffic','Reach × CTR','Data/Metric',-170,1600,'user_30uQARGezqSApAChPSGSwFyUy85');
INSERT INTO public.metric_cards (id,project_id,title,description,category,position_x,position_y,created_by) VALUES ('033e6e39-b3c5-43a0-aa85-5c5b589d24ad','fefe4219-313d-4e3a-af21-b0c044fbcd62','Referral Traffic','','Data/Metric',170,1600,'user_30uQARGezqSApAChPSGSwFyUy85');
INSERT INTO public.metric_cards (id,project_id,title,description,category,position_x,position_y,created_by) VALUES ('d463c90d-e755-4e7f-aa80-6851bce329d4','fefe4219-313d-4e3a-af21-b0c044fbcd62','Direct Traffic','','Data/Metric',510,1600,'user_30uQARGezqSApAChPSGSwFyUy85');
INSERT INTO public.metric_cards (id,project_id,title,description,category,position_x,position_y,created_by) VALUES ('0c871e99-dd60-4411-836f-2941b8c572b0','fefe4219-313d-4e3a-af21-b0c044fbcd62','Email Traffic','','Data/Metric',850,1600,'user_30uQARGezqSApAChPSGSwFyUy85');
INSERT INTO public.metric_cards (id,project_id,title,description,category,position_x,position_y,created_by) VALUES ('d6e14741-e01d-4e93-be5d-4e09822c2c4d','fefe4219-313d-4e3a-af21-b0c044fbcd62','Social Reach / Followers','','Data/Metric',-850,1800,'user_30uQARGezqSApAChPSGSwFyUy85');
INSERT INTO public.metric_cards (id,project_id,title,description,category,position_x,position_y,created_by) VALUES ('9c7ab970-f33d-43a3-aeaa-a809a0c4752d','fefe4219-313d-4e3a-af21-b0c044fbcd62','Social Engagement Rate','','Data/Metric',-510,1800,'user_30uQARGezqSApAChPSGSwFyUy85');
INSERT INTO public.metric_cards (id,project_id,title,description,category,position_x,position_y,created_by) VALUES ('f91392ae-3faa-4d13-a58d-8514eb68b555','fefe4219-313d-4e3a-af21-b0c044fbcd62','Content Cadence (posts/wk)','','Data/Metric',0,2000,'user_30uQARGezqSApAChPSGSwFyUy85');
INSERT INTO public.metric_cards (id,project_id,title,description,category,position_x,position_y,created_by) VALUES ('5094bd7f-a09b-42b4-a552-b4b6416ffb30','fefe4219-313d-4e3a-af21-b0c044fbcd62','Ad Spend','','Data/Metric',-170,1800,'user_30uQARGezqSApAChPSGSwFyUy85');
INSERT INTO public.metric_cards (id,project_id,title,description,category,position_x,position_y,created_by) VALUES ('5a2ddda8-f470-4173-978a-3dfa383dd73c','fefe4219-313d-4e3a-af21-b0c044fbcd62','CPC','','Data/Metric',170,1800,'user_30uQARGezqSApAChPSGSwFyUy85');
INSERT INTO public.metric_cards (id,project_id,title,description,category,position_x,position_y,created_by) VALUES ('d15c88c4-5bc5-4115-a874-9a95c8b7e9bb','fefe4219-313d-4e3a-af21-b0c044fbcd62','Customer Churn Rate','','Data/Metric',340,800,'user_30uQARGezqSApAChPSGSwFyUy85');
INSERT INTO public.metric_cards (id,project_id,title,description,category,position_x,position_y,created_by) VALUES ('5c290967-6be7-4f70-bb05-ef8571c56dd7','fefe4219-313d-4e3a-af21-b0c044fbcd62','Net Revenue Retention','','Data/Metric',-850,200,'user_30uQARGezqSApAChPSGSwFyUy85');
INSERT INTO public.metric_cards (id,project_id,title,description,category,position_x,position_y,created_by) VALUES ('fe00e2bb-858e-450d-b637-35fb53062193','fefe4219-313d-4e3a-af21-b0c044fbcd62','CAC','S&M / New Customers','Data/Metric',-510,200,'user_30uQARGezqSApAChPSGSwFyUy85');
INSERT INTO public.metric_cards (id,project_id,title,description,category,position_x,position_y,created_by) VALUES ('bff49829-d4e6-4e69-b461-afd792bcc679','fefe4219-313d-4e3a-af21-b0c044fbcd62','LTV','ARPA × GM% / churn','Data/Metric',-170,200,'user_30uQARGezqSApAChPSGSwFyUy85');
INSERT INTO public.metric_cards (id,project_id,title,description,category,position_x,position_y,created_by) VALUES ('cd125980-b09c-467f-a492-6f562f28bdb3','fefe4219-313d-4e3a-af21-b0c044fbcd62','LTV : CAC','','Data/Metric',170,200,'user_30uQARGezqSApAChPSGSwFyUy85');
INSERT INTO public.metric_cards (id,project_id,title,description,category,position_x,position_y,created_by) VALUES ('523d7a84-584d-49ef-8dbb-c387cba29411','fefe4219-313d-4e3a-af21-b0c044fbcd62','CAC Payback (months)','','Data/Metric',510,200,'user_30uQARGezqSApAChPSGSwFyUy85');
INSERT INTO public.metric_cards (id,project_id,title,description,category,position_x,position_y,created_by) VALUES ('e0d3c840-9a95-4544-98dd-a20f8688a604','fefe4219-313d-4e3a-af21-b0c044fbcd62','Gross Margin %','','Data/Metric',850,200,'user_30uQARGezqSApAChPSGSwFyUy85');
INSERT INTO public.metric_cards (id,project_id,title,description,category,position_x,position_y,created_by) VALUES ('a6c7b407-cb76-4445-8c12-9b5dc28cd09a','fefe4219-313d-4e3a-af21-b0c044fbcd62','Total Costs','COGS + S&M + R&D + G&A','Data/Metric',1190,200,'user_30uQARGezqSApAChPSGSwFyUy85');
INSERT INTO public.metric_cards (id,project_id,title,description,category,position_x,position_y,created_by) VALUES ('69f48d47-dca1-4a87-9b94-415197906769','fefe4219-313d-4e3a-af21-b0c044fbcd62','COGS','Hosting + Support','Data/Metric',-340,400,'user_30uQARGezqSApAChPSGSwFyUy85');
INSERT INTO public.metric_cards (id,project_id,title,description,category,position_x,position_y,created_by) VALUES ('c5ef8f53-1f42-403b-9efa-57b54b937700','fefe4219-313d-4e3a-af21-b0c044fbcd62','Hosting / Infra','','Data/Metric',680,600,'user_30uQARGezqSApAChPSGSwFyUy85');
INSERT INTO public.metric_cards (id,project_id,title,description,category,position_x,position_y,created_by) VALUES ('a5004950-5b2d-4530-9391-c001d6097627','fefe4219-313d-4e3a-af21-b0c044fbcd62','Support Cost','','Data/Metric',1020,600,'user_30uQARGezqSApAChPSGSwFyUy85');
INSERT INTO public.metric_cards (id,project_id,title,description,category,position_x,position_y,created_by) VALUES ('e988809f-ca5a-4048-ad94-fc461ed316c6','fefe4219-313d-4e3a-af21-b0c044fbcd62','Sales & Marketing','','Data/Metric',0,400,'user_30uQARGezqSApAChPSGSwFyUy85');
INSERT INTO public.metric_cards (id,project_id,title,description,category,position_x,position_y,created_by) VALUES ('03ba274d-19af-427a-9b1b-23a613fb3145','fefe4219-313d-4e3a-af21-b0c044fbcd62','R&D','','Data/Metric',340,400,'user_30uQARGezqSApAChPSGSwFyUy85');
INSERT INTO public.metric_cards (id,project_id,title,description,category,position_x,position_y,created_by) VALUES ('3f02cb66-f828-4882-97a6-ab91f72a5426','fefe4219-313d-4e3a-af21-b0c044fbcd62','G&A','','Data/Metric',680,400,'user_30uQARGezqSApAChPSGSwFyUy85');
INSERT INTO public.metric_cards (id,project_id,title,description,category,position_x,position_y,created_by) VALUES ('b3ecabf0-d804-4915-9a4e-5f44ce6d3c4c','fefe4219-313d-4e3a-af21-b0c044fbcd62','Launch content/SEO program','','Work/Action',510,1800,'user_30uQARGezqSApAChPSGSwFyUy85');
INSERT INTO public.metric_cards (id,project_id,title,description,category,position_x,position_y,created_by) VALUES ('1aeace8d-1d00-45ad-ae85-112faac88915','fefe4219-313d-4e3a-af21-b0c044fbcd62','Improve onboarding flow','','Work/Action',170,1200,'user_30uQARGezqSApAChPSGSwFyUy85');
INSERT INTO public.metric_cards (id,project_id,title,description,category,position_x,position_y,created_by) VALUES ('c42691af-318a-41ab-8235-782322d3d65f','fefe4219-313d-4e3a-af21-b0c044fbcd62','Customer success program','','Work/Action',510,1000,'user_30uQARGezqSApAChPSGSwFyUy85');
INSERT INTO public.metric_cards (id,project_id,title,description,category,position_x,position_y,created_by) VALUES ('af91b666-d9dd-42ba-8293-c83ecb6af080','fefe4219-313d-4e3a-af21-b0c044fbcd62','Referral program','','Work/Action',850,1800,'user_30uQARGezqSApAChPSGSwFyUy85');
INSERT INTO public.metric_cards (id,project_id,title,description,category,position_x,position_y,created_by) VALUES ('f83c8907-e7ef-47d1-bbc1-8a152ac77c8f','fefe4219-313d-4e3a-af21-b0c044fbcd62','Annual billing reduces churn','','Ideas/Hypothesis',850,1000,'user_30uQARGezqSApAChPSGSwFyUy85');
INSERT INTO public.metric_cards (id,project_id,title,description,category,position_x,position_y,created_by) VALUES ('d2b9ffef-a4e8-453f-af59-a7cbf41b38ff','fefe4219-313d-4e3a-af21-b0c044fbcd62','Self-serve trial lifts conversion','','Ideas/Hypothesis',510,1200,'user_30uQARGezqSApAChPSGSwFyUy85');
INSERT INTO public.relationships (id,project_id,source_id,target_id,type,confidence,weight,created_by) VALUES ('bf09f45c-e2cd-433a-90c4-42fedae90d18','fefe4219-313d-4e3a-af21-b0c044fbcd62','5cb1ee90-4d2d-44b8-a93d-dc5a1d6fef38','0c138161-026e-4cab-9cd1-d5bad3b96217','Compositional','High',95,'user_30uQARGezqSApAChPSGSwFyUy85');
INSERT INTO public.relationships (id,project_id,source_id,target_id,type,confidence,weight,created_by) VALUES ('1dd50e24-6589-4827-8eab-1158844e3449','fefe4219-313d-4e3a-af21-b0c044fbcd62','a6c7b407-cb76-4445-8c12-9b5dc28cd09a','0c138161-026e-4cab-9cd1-d5bad3b96217','Compositional','High',90,'user_30uQARGezqSApAChPSGSwFyUy85');
INSERT INTO public.relationships (id,project_id,source_id,target_id,type,confidence,weight,created_by) VALUES ('611afb11-d366-4490-8ce5-22271cc25427','fefe4219-313d-4e3a-af21-b0c044fbcd62','e0d3c840-9a95-4544-98dd-a20f8688a604','0c138161-026e-4cab-9cd1-d5bad3b96217','Causal','High',70,'user_30uQARGezqSApAChPSGSwFyUy85');
INSERT INTO public.relationships (id,project_id,source_id,target_id,type,confidence,weight,created_by) VALUES ('7784eb9c-d17b-451b-8a0a-9cdfc28b8807','fefe4219-313d-4e3a-af21-b0c044fbcd62','1a1bfd60-c14a-4cb6-a492-19a876fab59f','5cb1ee90-4d2d-44b8-a93d-dc5a1d6fef38','Deterministic','High',95,'user_30uQARGezqSApAChPSGSwFyUy85');
INSERT INTO public.relationships (id,project_id,source_id,target_id,type,confidence,weight,created_by) VALUES ('862dd526-f73b-49fc-a052-2f0c1db86b6e','fefe4219-313d-4e3a-af21-b0c044fbcd62','a7344cbb-7ef9-4952-b47c-b47f4783257f','1a1bfd60-c14a-4cb6-a492-19a876fab59f','Compositional','High',80,'user_30uQARGezqSApAChPSGSwFyUy85');
INSERT INTO public.relationships (id,project_id,source_id,target_id,type,confidence,weight,created_by) VALUES ('ec81a0aa-61a1-448d-ab9a-c08854f34608','fefe4219-313d-4e3a-af21-b0c044fbcd62','abcb8bf0-7c00-4ae3-9a4e-90b3f9799593','1a1bfd60-c14a-4cb6-a492-19a876fab59f','Compositional','High',70,'user_30uQARGezqSApAChPSGSwFyUy85');
INSERT INTO public.relationships (id,project_id,source_id,target_id,type,confidence,weight,created_by) VALUES ('c20f7e55-0a60-4ae8-ae4a-64c1755f027b','fefe4219-313d-4e3a-af21-b0c044fbcd62','305b4beb-6959-420b-b894-79f55d2f9bcf','1a1bfd60-c14a-4cb6-a492-19a876fab59f','Compositional','High',40,'user_30uQARGezqSApAChPSGSwFyUy85');
INSERT INTO public.relationships (id,project_id,source_id,target_id,type,confidence,weight,created_by) VALUES ('8f1ff928-2f00-4c26-a1de-776c8e6a7e47','fefe4219-313d-4e3a-af21-b0c044fbcd62','fce2d9ef-f7ba-49a6-9933-cede41dcd10e','1a1bfd60-c14a-4cb6-a492-19a876fab59f','Compositional','High',75,'user_30uQARGezqSApAChPSGSwFyUy85');
INSERT INTO public.relationships (id,project_id,source_id,target_id,type,confidence,weight,created_by) VALUES ('4b248c1c-5642-4dfb-994e-5536415cfb32','fefe4219-313d-4e3a-af21-b0c044fbcd62','d0b2bc41-ebd9-4462-a688-9c5d023ec960','1a1bfd60-c14a-4cb6-a492-19a876fab59f','Compositional','High',50,'user_30uQARGezqSApAChPSGSwFyUy85');
INSERT INTO public.relationships (id,project_id,source_id,target_id,type,confidence,weight,created_by) VALUES ('493c7449-b94c-4a34-9f94-7cf71d591645','fefe4219-313d-4e3a-af21-b0c044fbcd62','ca3f2626-7e22-4c0f-a325-8d29d0c9b14c','a7344cbb-7ef9-4952-b47c-b47f4783257f','Deterministic','High',90,'user_30uQARGezqSApAChPSGSwFyUy85');
INSERT INTO public.relationships (id,project_id,source_id,target_id,type,confidence,weight,created_by) VALUES ('2a3b79de-a24d-42a9-ba7b-a661bc785d8c','fefe4219-313d-4e3a-af21-b0c044fbcd62','33b98d3d-0fe0-452d-a0af-2e85d2120ecf','a7344cbb-7ef9-4952-b47c-b47f4783257f','Deterministic','High',80,'user_30uQARGezqSApAChPSGSwFyUy85');
INSERT INTO public.relationships (id,project_id,source_id,target_id,type,confidence,weight,created_by) VALUES ('b21d561d-4a9f-4ee2-852b-9e7500c4c0c2','fefe4219-313d-4e3a-af21-b0c044fbcd62','bd61f640-2717-4274-be11-255f6341f2ad','33b98d3d-0fe0-452d-a0af-2e85d2120ecf','Deterministic','High',80,'user_30uQARGezqSApAChPSGSwFyUy85');
INSERT INTO public.relationships (id,project_id,source_id,target_id,type,confidence,weight,created_by) VALUES ('51b02c2c-f4cc-4046-a8c1-61f06e400315','fefe4219-313d-4e3a-af21-b0c044fbcd62','775fb311-2937-424b-aed3-14fe655c0c52','33b98d3d-0fe0-452d-a0af-2e85d2120ecf','Deterministic','High',70,'user_30uQARGezqSApAChPSGSwFyUy85');
INSERT INTO public.relationships (id,project_id,source_id,target_id,type,confidence,weight,created_by) VALUES ('dd8d83e1-1b46-44d3-abc6-ad81a3427e26','fefe4219-313d-4e3a-af21-b0c044fbcd62','52cf52cb-9930-4b4c-8e71-b05a5fa95092','ca3f2626-7e22-4c0f-a325-8d29d0c9b14c','Deterministic','High',85,'user_30uQARGezqSApAChPSGSwFyUy85');
INSERT INTO public.relationships (id,project_id,source_id,target_id,type,confidence,weight,created_by) VALUES ('90be44a8-f5a7-4163-8577-9b21ce76102b','fefe4219-313d-4e3a-af21-b0c044fbcd62','be22fc68-61f9-47ab-8c91-58c6e780bf68','ca3f2626-7e22-4c0f-a325-8d29d0c9b14c','Probabilistic','High',80,'user_30uQARGezqSApAChPSGSwFyUy85');
INSERT INTO public.relationships (id,project_id,source_id,target_id,type,confidence,weight,created_by) VALUES ('70b84258-e75b-4b30-81e7-91d91b3522b3','fefe4219-313d-4e3a-af21-b0c044fbcd62','c3ff43cb-e3a9-4606-b0f1-27df759847db','52cf52cb-9930-4b4c-8e71-b05a5fa95092','Deterministic','High',80,'user_30uQARGezqSApAChPSGSwFyUy85');
INSERT INTO public.relationships (id,project_id,source_id,target_id,type,confidence,weight,created_by) VALUES ('6e41df07-1b6f-48fd-ab96-2efc00944cbd','fefe4219-313d-4e3a-af21-b0c044fbcd62','891d0993-fe63-4edf-a0fe-97625ff34538','52cf52cb-9930-4b4c-8e71-b05a5fa95092','Probabilistic','High',70,'user_30uQARGezqSApAChPSGSwFyUy85');
INSERT INTO public.relationships (id,project_id,source_id,target_id,type,confidence,weight,created_by) VALUES ('74ca9cdc-8d2d-4a6c-9708-86c202521431','fefe4219-313d-4e3a-af21-b0c044fbcd62','2a27e25c-bcef-46ed-a8dd-3b68714a0c6f','c3ff43cb-e3a9-4606-b0f1-27df759847db','Deterministic','High',85,'user_30uQARGezqSApAChPSGSwFyUy85');
INSERT INTO public.relationships (id,project_id,source_id,target_id,type,confidence,weight,created_by) VALUES ('08089e88-0e52-49fe-af0c-705e601b824d','fefe4219-313d-4e3a-af21-b0c044fbcd62','e883216d-181c-4515-bd55-cbd6192c4104','2a27e25c-bcef-46ed-a8dd-3b68714a0c6f','Compositional','High',70,'user_30uQARGezqSApAChPSGSwFyUy85');
INSERT INTO public.relationships (id,project_id,source_id,target_id,type,confidence,weight,created_by) VALUES ('54c44f3d-58c1-4805-8707-c1073ec8b7f4','fefe4219-313d-4e3a-af21-b0c044fbcd62','72ec5832-f900-4291-bf28-9cffb604a0cd','2a27e25c-bcef-46ed-a8dd-3b68714a0c6f','Compositional','High',65,'user_30uQARGezqSApAChPSGSwFyUy85');
INSERT INTO public.relationships (id,project_id,source_id,target_id,type,confidence,weight,created_by) VALUES ('02d789f6-843c-475d-b563-966c81415e00','fefe4219-313d-4e3a-af21-b0c044fbcd62','c122f36f-e64b-4f2b-8406-d8ad2309f53f','2a27e25c-bcef-46ed-a8dd-3b68714a0c6f','Compositional','High',55,'user_30uQARGezqSApAChPSGSwFyUy85');
INSERT INTO public.relationships (id,project_id,source_id,target_id,type,confidence,weight,created_by) VALUES ('7299f2cc-5b81-4876-a234-514d93b4c9fa','fefe4219-313d-4e3a-af21-b0c044fbcd62','033e6e39-b3c5-43a0-aa85-5c5b589d24ad','2a27e25c-bcef-46ed-a8dd-3b68714a0c6f','Compositional','High',45,'user_30uQARGezqSApAChPSGSwFyUy85');
INSERT INTO public.relationships (id,project_id,source_id,target_id,type,confidence,weight,created_by) VALUES ('0ad7b310-20d9-464b-b6ea-bab296ccc394','fefe4219-313d-4e3a-af21-b0c044fbcd62','d463c90d-e755-4e7f-aa80-6851bce329d4','2a27e25c-bcef-46ed-a8dd-3b68714a0c6f','Compositional','High',50,'user_30uQARGezqSApAChPSGSwFyUy85');
INSERT INTO public.relationships (id,project_id,source_id,target_id,type,confidence,weight,created_by) VALUES ('d2a02f3e-12af-43d1-a475-bb5febc0b4d5','fefe4219-313d-4e3a-af21-b0c044fbcd62','0c871e99-dd60-4411-836f-2941b8c572b0','2a27e25c-bcef-46ed-a8dd-3b68714a0c6f','Compositional','High',50,'user_30uQARGezqSApAChPSGSwFyUy85');
INSERT INTO public.relationships (id,project_id,source_id,target_id,type,confidence,weight,created_by) VALUES ('f3c70bba-2e7c-45da-b772-c40062e48b69','fefe4219-313d-4e3a-af21-b0c044fbcd62','d6e14741-e01d-4e93-be5d-4e09822c2c4d','c122f36f-e64b-4f2b-8406-d8ad2309f53f','Causal','High',70,'user_30uQARGezqSApAChPSGSwFyUy85');
INSERT INTO public.relationships (id,project_id,source_id,target_id,type,confidence,weight,created_by) VALUES ('f91e740b-1bc8-4edb-88c6-c6dba13c28f8','fefe4219-313d-4e3a-af21-b0c044fbcd62','9c7ab970-f33d-43a3-aeaa-a809a0c4752d','c122f36f-e64b-4f2b-8406-d8ad2309f53f','Causal','High',60,'user_30uQARGezqSApAChPSGSwFyUy85');
INSERT INTO public.relationships (id,project_id,source_id,target_id,type,confidence,weight,created_by) VALUES ('0e3a3e86-2aee-426f-9ef1-3aefac554d9c','fefe4219-313d-4e3a-af21-b0c044fbcd62','f91392ae-3faa-4d13-a58d-8514eb68b555','d6e14741-e01d-4e93-be5d-4e09822c2c4d','Causal','High',55,'user_30uQARGezqSApAChPSGSwFyUy85');
INSERT INTO public.relationships (id,project_id,source_id,target_id,type,confidence,weight,created_by) VALUES ('2dbcf0c8-7a62-44fe-bce9-a807597cd23b','fefe4219-313d-4e3a-af21-b0c044fbcd62','5094bd7f-a09b-42b4-a552-b4b6416ffb30','72ec5832-f900-4291-bf28-9cffb604a0cd','Deterministic','High',80,'user_30uQARGezqSApAChPSGSwFyUy85');
INSERT INTO public.relationships (id,project_id,source_id,target_id,type,confidence,weight,created_by) VALUES ('846904f9-3022-4184-ada4-bd12c1bdd118','fefe4219-313d-4e3a-af21-b0c044fbcd62','5a2ddda8-f470-4173-978a-3dfa383dd73c','72ec5832-f900-4291-bf28-9cffb604a0cd','Deterministic','High',70,'user_30uQARGezqSApAChPSGSwFyUy85');
INSERT INTO public.relationships (id,project_id,source_id,target_id,type,confidence,weight,created_by) VALUES ('48adaa17-db63-4d15-a008-c6b4633756cd','fefe4219-313d-4e3a-af21-b0c044fbcd62','d15c88c4-5bc5-4115-a874-9a95c8b7e9bb','fce2d9ef-f7ba-49a6-9933-cede41dcd10e','Causal','High',85,'user_30uQARGezqSApAChPSGSwFyUy85');
INSERT INTO public.relationships (id,project_id,source_id,target_id,type,confidence,weight,created_by) VALUES ('b05799e8-30ab-47d6-903a-912b3b8c2862','fefe4219-313d-4e3a-af21-b0c044fbcd62','d15c88c4-5bc5-4115-a874-9a95c8b7e9bb','5c290967-6be7-4f70-bb05-ef8571c56dd7','Causal','High',70,'user_30uQARGezqSApAChPSGSwFyUy85');
INSERT INTO public.relationships (id,project_id,source_id,target_id,type,confidence,weight,created_by) VALUES ('57a190fe-98a3-4dd3-b439-2810e3454001','fefe4219-313d-4e3a-af21-b0c044fbcd62','e988809f-ca5a-4048-ad94-fc461ed316c6','fe00e2bb-858e-450d-b637-35fb53062193','Deterministic','High',85,'user_30uQARGezqSApAChPSGSwFyUy85');
INSERT INTO public.relationships (id,project_id,source_id,target_id,type,confidence,weight,created_by) VALUES ('238a5934-e907-475b-8dc6-d1e4ab2f73d2','fefe4219-313d-4e3a-af21-b0c044fbcd62','ca3f2626-7e22-4c0f-a325-8d29d0c9b14c','fe00e2bb-858e-450d-b637-35fb53062193','Deterministic','High',80,'user_30uQARGezqSApAChPSGSwFyUy85');
INSERT INTO public.relationships (id,project_id,source_id,target_id,type,confidence,weight,created_by) VALUES ('21bef387-070c-41fa-b42e-3312917a0f81','fefe4219-313d-4e3a-af21-b0c044fbcd62','33b98d3d-0fe0-452d-a0af-2e85d2120ecf','bff49829-d4e6-4e69-b461-afd792bcc679','Deterministic','High',75,'user_30uQARGezqSApAChPSGSwFyUy85');
INSERT INTO public.relationships (id,project_id,source_id,target_id,type,confidence,weight,created_by) VALUES ('b3e77bd0-6d93-4394-a6a4-5a17aceabac0','fefe4219-313d-4e3a-af21-b0c044fbcd62','d15c88c4-5bc5-4115-a874-9a95c8b7e9bb','bff49829-d4e6-4e69-b461-afd792bcc679','Causal','High',80,'user_30uQARGezqSApAChPSGSwFyUy85');
INSERT INTO public.relationships (id,project_id,source_id,target_id,type,confidence,weight,created_by) VALUES ('441576c3-41f2-4af6-9722-cb50832aa967','fefe4219-313d-4e3a-af21-b0c044fbcd62','bff49829-d4e6-4e69-b461-afd792bcc679','cd125980-b09c-467f-a492-6f562f28bdb3','Deterministic','High',80,'user_30uQARGezqSApAChPSGSwFyUy85');
INSERT INTO public.relationships (id,project_id,source_id,target_id,type,confidence,weight,created_by) VALUES ('833f4cf4-5c66-4c3b-9eb5-ca1cf6e3b42a','fefe4219-313d-4e3a-af21-b0c044fbcd62','fe00e2bb-858e-450d-b637-35fb53062193','cd125980-b09c-467f-a492-6f562f28bdb3','Deterministic','High',80,'user_30uQARGezqSApAChPSGSwFyUy85');
INSERT INTO public.relationships (id,project_id,source_id,target_id,type,confidence,weight,created_by) VALUES ('eb42944c-6df9-4c12-8440-2994f293c97b','fefe4219-313d-4e3a-af21-b0c044fbcd62','fe00e2bb-858e-450d-b637-35fb53062193','523d7a84-584d-49ef-8dbb-c387cba29411','Deterministic','High',70,'user_30uQARGezqSApAChPSGSwFyUy85');
INSERT INTO public.relationships (id,project_id,source_id,target_id,type,confidence,weight,created_by) VALUES ('834086a0-62fc-4273-9ff6-6c9711ec057e','fefe4219-313d-4e3a-af21-b0c044fbcd62','69f48d47-dca1-4a87-9b94-415197906769','a6c7b407-cb76-4445-8c12-9b5dc28cd09a','Compositional','High',80,'user_30uQARGezqSApAChPSGSwFyUy85');
INSERT INTO public.relationships (id,project_id,source_id,target_id,type,confidence,weight,created_by) VALUES ('1f5eb035-cd2a-46c3-a38a-e4bac88114e2','fefe4219-313d-4e3a-af21-b0c044fbcd62','e988809f-ca5a-4048-ad94-fc461ed316c6','a6c7b407-cb76-4445-8c12-9b5dc28cd09a','Compositional','High',80,'user_30uQARGezqSApAChPSGSwFyUy85');
INSERT INTO public.relationships (id,project_id,source_id,target_id,type,confidence,weight,created_by) VALUES ('11126b09-c692-4b63-9766-1ab8316035ca','fefe4219-313d-4e3a-af21-b0c044fbcd62','03ba274d-19af-427a-9b1b-23a613fb3145','a6c7b407-cb76-4445-8c12-9b5dc28cd09a','Compositional','High',70,'user_30uQARGezqSApAChPSGSwFyUy85');
INSERT INTO public.relationships (id,project_id,source_id,target_id,type,confidence,weight,created_by) VALUES ('73bd33bb-4d42-44f3-a54f-379780a6f19b','fefe4219-313d-4e3a-af21-b0c044fbcd62','3f02cb66-f828-4882-97a6-ab91f72a5426','a6c7b407-cb76-4445-8c12-9b5dc28cd09a','Compositional','High',60,'user_30uQARGezqSApAChPSGSwFyUy85');
INSERT INTO public.relationships (id,project_id,source_id,target_id,type,confidence,weight,created_by) VALUES ('d593660f-1624-4105-b101-33c5ab130c1c','fefe4219-313d-4e3a-af21-b0c044fbcd62','c5ef8f53-1f42-403b-9efa-57b54b937700','69f48d47-dca1-4a87-9b94-415197906769','Compositional','High',70,'user_30uQARGezqSApAChPSGSwFyUy85');
INSERT INTO public.relationships (id,project_id,source_id,target_id,type,confidence,weight,created_by) VALUES ('d1bcd2bd-4265-4fbe-9dfe-d5a726d4f775','fefe4219-313d-4e3a-af21-b0c044fbcd62','a5004950-5b2d-4530-9391-c001d6097627','69f48d47-dca1-4a87-9b94-415197906769','Compositional','High',60,'user_30uQARGezqSApAChPSGSwFyUy85');
INSERT INTO public.relationships (id,project_id,source_id,target_id,type,confidence,weight,created_by) VALUES ('7a005a31-42d4-4f28-acd4-16447e2f79fa','fefe4219-313d-4e3a-af21-b0c044fbcd62','69f48d47-dca1-4a87-9b94-415197906769','e0d3c840-9a95-4544-98dd-a20f8688a604','Causal','High',70,'user_30uQARGezqSApAChPSGSwFyUy85');
INSERT INTO public.relationships (id,project_id,source_id,target_id,type,confidence,weight,created_by) VALUES ('6355dce5-badf-4a8c-a430-e9d69d454a44','fefe4219-313d-4e3a-af21-b0c044fbcd62','5094bd7f-a09b-42b4-a552-b4b6416ffb30','e988809f-ca5a-4048-ad94-fc461ed316c6','Compositional','High',70,'user_30uQARGezqSApAChPSGSwFyUy85');
INSERT INTO public.relationships (id,project_id,source_id,target_id,type,confidence,weight,created_by) VALUES ('66142010-30ab-44e4-803b-5c9613396d9f','fefe4219-313d-4e3a-af21-b0c044fbcd62','b3ecabf0-d804-4915-9a4e-5f44ce6d3c4c','e883216d-181c-4515-bd55-cbd6192c4104','Causal','High',70,'user_30uQARGezqSApAChPSGSwFyUy85');
INSERT INTO public.relationships (id,project_id,source_id,target_id,type,confidence,weight,created_by) VALUES ('a243b2e0-8263-4b62-9f8c-79f767fccc75','fefe4219-313d-4e3a-af21-b0c044fbcd62','1aeace8d-1d00-45ad-ae85-112faac88915','be22fc68-61f9-47ab-8c91-58c6e780bf68','Causal','High',75,'user_30uQARGezqSApAChPSGSwFyUy85');
INSERT INTO public.relationships (id,project_id,source_id,target_id,type,confidence,weight,created_by) VALUES ('37fb0f8d-d73e-4bc7-946d-436cfae4c027','fefe4219-313d-4e3a-af21-b0c044fbcd62','c42691af-318a-41ab-8235-782322d3d65f','d15c88c4-5bc5-4115-a874-9a95c8b7e9bb','Causal','High',70,'user_30uQARGezqSApAChPSGSwFyUy85');
INSERT INTO public.relationships (id,project_id,source_id,target_id,type,confidence,weight,created_by) VALUES ('6af20bd6-d1e3-4246-abae-01458916edc3','fefe4219-313d-4e3a-af21-b0c044fbcd62','af91b666-d9dd-42ba-8293-c83ecb6af080','033e6e39-b3c5-43a0-aa85-5c5b589d24ad','Causal','High',70,'user_30uQARGezqSApAChPSGSwFyUy85');
INSERT INTO public.relationships (id,project_id,source_id,target_id,type,confidence,weight,created_by) VALUES ('fc716d9e-1b2c-4549-ac69-77f54bc1edf1','fefe4219-313d-4e3a-af21-b0c044fbcd62','f83c8907-e7ef-47d1-bbc1-8a152ac77c8f','d15c88c4-5bc5-4115-a874-9a95c8b7e9bb','Probabilistic','High',50,'user_30uQARGezqSApAChPSGSwFyUy85');
INSERT INTO public.relationships (id,project_id,source_id,target_id,type,confidence,weight,created_by) VALUES ('9befd5f0-15b3-46fb-bf11-ed7c62d95592','fefe4219-313d-4e3a-af21-b0c044fbcd62','d2b9ffef-a4e8-453f-af59-a7cbf41b38ff','be22fc68-61f9-47ab-8c91-58c6e780bf68','Probabilistic','High',50,'user_30uQARGezqSApAChPSGSwFyUy85');

DELETE FROM public.projects WHERE created_by='user_30uQARGezqSApAChPSGSwFyUy85' AND name='E-commerce — Example Metric Tree';
INSERT INTO public.projects (id,name,description,created_by,last_modified_by,is_public,tags,settings) VALUES ('7b0ea383-4927-4404-9489-2ca5e36740a3','E-commerce — Example Metric Tree','Decomposition of profit for an online store: orders = sessions × conversion, AOV, channel mix (incl. social/email), retention, and cost structure.','user_30uQARGezqSApAChPSGSwFyUy85','user_30uQARGezqSApAChPSGSwFyUy85',true,ARRAY['example','template'],'{}');
INSERT INTO public.metric_cards (id,project_id,title,description,category,position_x,position_y,created_by) VALUES ('8bc91f51-774a-42a5-b87d-68b2e2d8975b','7b0ea383-4927-4404-9489-2ca5e36740a3','Profit','Revenue − Total Costs','Core/Value',0,0,'user_30uQARGezqSApAChPSGSwFyUy85');
INSERT INTO public.metric_cards (id,project_id,title,description,category,position_x,position_y,created_by) VALUES ('f5de2117-fa22-40f8-a22b-d98835607e6d','7b0ea383-4927-4404-9489-2ca5e36740a3','Revenue','Orders × AOV','Data/Metric',-1020,200,'user_30uQARGezqSApAChPSGSwFyUy85');
INSERT INTO public.metric_cards (id,project_id,title,description,category,position_x,position_y,created_by) VALUES ('79461e42-f1ec-422d-a354-e0289e683a39','7b0ea383-4927-4404-9489-2ca5e36740a3','Orders','Sessions × Conversion','Data/Metric',-1190,400,'user_30uQARGezqSApAChPSGSwFyUy85');
INSERT INTO public.metric_cards (id,project_id,title,description,category,position_x,position_y,created_by) VALUES ('9ad8d549-8f09-478c-a5cc-373ee079ef20','7b0ea383-4927-4404-9489-2ca5e36740a3','Average Order Value','Items × Avg item price','Data/Metric',-850,400,'user_30uQARGezqSApAChPSGSwFyUy85');
INSERT INTO public.metric_cards (id,project_id,title,description,category,position_x,position_y,created_by) VALUES ('dc4cddac-59f5-46f9-ac61-b2822745dce5','7b0ea383-4927-4404-9489-2ca5e36740a3','Sessions','Sum of channels','Data/Metric',-1360,600,'user_30uQARGezqSApAChPSGSwFyUy85');
INSERT INTO public.metric_cards (id,project_id,title,description,category,position_x,position_y,created_by) VALUES ('7c38951a-1caa-431e-a8f2-76ff5c1b728b','7b0ea383-4927-4404-9489-2ca5e36740a3','Conversion Rate','','Data/Metric',-1020,600,'user_30uQARGezqSApAChPSGSwFyUy85');
INSERT INTO public.metric_cards (id,project_id,title,description,category,position_x,position_y,created_by) VALUES ('49d48da6-7bdd-4fd4-a63d-5a695f9e19ca','7b0ea383-4927-4404-9489-2ca5e36740a3','Items per Order','','Data/Metric',-680,600,'user_30uQARGezqSApAChPSGSwFyUy85');
INSERT INTO public.metric_cards (id,project_id,title,description,category,position_x,position_y,created_by) VALUES ('eeff3344-8f3d-4cda-bf21-524c89c09b6d','7b0ea383-4927-4404-9489-2ca5e36740a3','Avg Item Price','','Data/Metric',-340,600,'user_30uQARGezqSApAChPSGSwFyUy85');
INSERT INTO public.metric_cards (id,project_id,title,description,category,position_x,position_y,created_by) VALUES ('28dfdfba-6874-417c-a6e1-65a1997bb942','7b0ea383-4927-4404-9489-2ca5e36740a3','Cross-sell Rate','','Data/Metric',0,600,'user_30uQARGezqSApAChPSGSwFyUy85');
INSERT INTO public.metric_cards (id,project_id,title,description,category,position_x,position_y,created_by) VALUES ('440be17a-afd7-4cf8-89dd-3b17e1d397b7','7b0ea383-4927-4404-9489-2ca5e36740a3','Upsell Rate','','Data/Metric',340,600,'user_30uQARGezqSApAChPSGSwFyUy85');
INSERT INTO public.metric_cards (id,project_id,title,description,category,position_x,position_y,created_by) VALUES ('6226610b-9112-4930-9d97-367d8691c825','7b0ea383-4927-4404-9489-2ca5e36740a3','Organic Sessions','','Data/Metric',-1360,800,'user_30uQARGezqSApAChPSGSwFyUy85');
INSERT INTO public.metric_cards (id,project_id,title,description,category,position_x,position_y,created_by) VALUES ('eefced06-1ba1-4461-891e-17ff69a1d3d0','7b0ea383-4927-4404-9489-2ca5e36740a3','Paid Sessions','Ad Spend / CPC','Data/Metric',-1020,800,'user_30uQARGezqSApAChPSGSwFyUy85');
INSERT INTO public.metric_cards (id,project_id,title,description,category,position_x,position_y,created_by) VALUES ('74b86a71-aece-4b0e-a3c0-7915375b4be8','7b0ea383-4927-4404-9489-2ca5e36740a3','Social Sessions','Reach × CTR','Data/Metric',-680,800,'user_30uQARGezqSApAChPSGSwFyUy85');
INSERT INTO public.metric_cards (id,project_id,title,description,category,position_x,position_y,created_by) VALUES ('d9b2cede-5105-4c5c-9c30-b6a80295e351','7b0ea383-4927-4404-9489-2ca5e36740a3','Email Sessions','List × Open × CTR','Data/Metric',-340,800,'user_30uQARGezqSApAChPSGSwFyUy85');
INSERT INTO public.metric_cards (id,project_id,title,description,category,position_x,position_y,created_by) VALUES ('e75a09bc-69ab-4a77-82cf-7a7d1079a43e','7b0ea383-4927-4404-9489-2ca5e36740a3','Direct Sessions','','Data/Metric',0,800,'user_30uQARGezqSApAChPSGSwFyUy85');
INSERT INTO public.metric_cards (id,project_id,title,description,category,position_x,position_y,created_by) VALUES ('4acf01bc-86ff-4491-aaf6-23575691e37e','7b0ea383-4927-4404-9489-2ca5e36740a3','Affiliate Sessions','','Data/Metric',340,800,'user_30uQARGezqSApAChPSGSwFyUy85');
INSERT INTO public.metric_cards (id,project_id,title,description,category,position_x,position_y,created_by) VALUES ('11a46a6f-cb4a-4909-926e-6c6ce9537c13','7b0ea383-4927-4404-9489-2ca5e36740a3','Social Reach / Followers','','Data/Metric',-1360,1000,'user_30uQARGezqSApAChPSGSwFyUy85');
INSERT INTO public.metric_cards (id,project_id,title,description,category,position_x,position_y,created_by) VALUES ('be28d980-08bd-4cdf-bdeb-8e559f5a5f11','7b0ea383-4927-4404-9489-2ca5e36740a3','Social CTR','','Data/Metric',-1020,1000,'user_30uQARGezqSApAChPSGSwFyUy85');
INSERT INTO public.metric_cards (id,project_id,title,description,category,position_x,position_y,created_by) VALUES ('b33f4c77-a3da-4f12-8832-89b92bda3c7c','7b0ea383-4927-4404-9489-2ca5e36740a3','Content Cadence','','Data/Metric',-340,1200,'user_30uQARGezqSApAChPSGSwFyUy85');
INSERT INTO public.metric_cards (id,project_id,title,description,category,position_x,position_y,created_by) VALUES ('fae4efd3-9129-47b9-b99f-5109f63cde33','7b0ea383-4927-4404-9489-2ca5e36740a3','Email List Size','','Data/Metric',-680,1000,'user_30uQARGezqSApAChPSGSwFyUy85');
INSERT INTO public.metric_cards (id,project_id,title,description,category,position_x,position_y,created_by) VALUES ('f4d635ff-22ff-4779-8277-5693c2a7b9bd','7b0ea383-4927-4404-9489-2ca5e36740a3','Email Open Rate','','Data/Metric',-340,1000,'user_30uQARGezqSApAChPSGSwFyUy85');
INSERT INTO public.metric_cards (id,project_id,title,description,category,position_x,position_y,created_by) VALUES ('bf1023cc-4c30-4a13-a595-8cba30b6a80d','7b0ea383-4927-4404-9489-2ca5e36740a3','Ad Spend','','Data/Metric',0,1000,'user_30uQARGezqSApAChPSGSwFyUy85');
INSERT INTO public.metric_cards (id,project_id,title,description,category,position_x,position_y,created_by) VALUES ('7e95f6a6-5579-42e0-940e-528bef487fc2','7b0ea383-4927-4404-9489-2ca5e36740a3','CPC','','Data/Metric',340,1000,'user_30uQARGezqSApAChPSGSwFyUy85');
INSERT INTO public.metric_cards (id,project_id,title,description,category,position_x,position_y,created_by) VALUES ('a1f5f486-b8f6-4bde-a377-c99b36947fe2','7b0ea383-4927-4404-9489-2ca5e36740a3','Product Page CVR','','Data/Metric',680,800,'user_30uQARGezqSApAChPSGSwFyUy85');
INSERT INTO public.metric_cards (id,project_id,title,description,category,position_x,position_y,created_by) VALUES ('5c5b5cf7-37c3-4430-95e6-5bb19ffdc614','7b0ea383-4927-4404-9489-2ca5e36740a3','Add-to-Cart Rate','','Data/Metric',1020,800,'user_30uQARGezqSApAChPSGSwFyUy85');
INSERT INTO public.metric_cards (id,project_id,title,description,category,position_x,position_y,created_by) VALUES ('dd813af7-3cb5-43c9-97ae-d197a9308e12','7b0ea383-4927-4404-9489-2ca5e36740a3','Cart Abandonment Rate','','Data/Metric',680,1000,'user_30uQARGezqSApAChPSGSwFyUy85');
INSERT INTO public.metric_cards (id,project_id,title,description,category,position_x,position_y,created_by) VALUES ('1b496f36-a6ac-4906-a4a1-125bd10c28f4','7b0ea383-4927-4404-9489-2ca5e36740a3','Checkout Completion %','','Data/Metric',1360,800,'user_30uQARGezqSApAChPSGSwFyUy85');
INSERT INTO public.metric_cards (id,project_id,title,description,category,position_x,position_y,created_by) VALUES ('461e557b-aebd-4117-820b-f0060612f5ea','7b0ea383-4927-4404-9489-2ca5e36740a3','New Customers','','Data/Metric',680,600,'user_30uQARGezqSApAChPSGSwFyUy85');
INSERT INTO public.metric_cards (id,project_id,title,description,category,position_x,position_y,created_by) VALUES ('2c8f5024-dd9c-4fa9-93d2-b44be2ba59d4','7b0ea383-4927-4404-9489-2ca5e36740a3','Repeat Purchase Rate','','Data/Metric',-680,200,'user_30uQARGezqSApAChPSGSwFyUy85');
INSERT INTO public.metric_cards (id,project_id,title,description,category,position_x,position_y,created_by) VALUES ('2a669d8d-6378-4745-823c-28d223ba0dbd','7b0ea383-4927-4404-9489-2ca5e36740a3','Purchase Frequency','','Data/Metric',-340,200,'user_30uQARGezqSApAChPSGSwFyUy85');
INSERT INTO public.metric_cards (id,project_id,title,description,category,position_x,position_y,created_by) VALUES ('534b8539-1777-4428-8574-94eefb9d66f2','7b0ea383-4927-4404-9489-2ca5e36740a3','Customer LTV','','Data/Metric',0,200,'user_30uQARGezqSApAChPSGSwFyUy85');
INSERT INTO public.metric_cards (id,project_id,title,description,category,position_x,position_y,created_by) VALUES ('a2700786-ef65-478d-825f-b30b5e545f11','7b0ea383-4927-4404-9489-2ca5e36740a3','CAC','','Data/Metric',340,200,'user_30uQARGezqSApAChPSGSwFyUy85');
INSERT INTO public.metric_cards (id,project_id,title,description,category,position_x,position_y,created_by) VALUES ('ee265c0e-b5ce-42a3-aa85-cb47c7384f27','7b0ea383-4927-4404-9489-2ca5e36740a3','Total Costs','','Data/Metric',680,200,'user_30uQARGezqSApAChPSGSwFyUy85');
INSERT INTO public.metric_cards (id,project_id,title,description,category,position_x,position_y,created_by) VALUES ('0eda7e4d-4300-4b02-9b54-9734b09cb172','7b0ea383-4927-4404-9489-2ca5e36740a3','COGS','','Data/Metric',-510,400,'user_30uQARGezqSApAChPSGSwFyUy85');
INSERT INTO public.metric_cards (id,project_id,title,description,category,position_x,position_y,created_by) VALUES ('33aaaeb4-1ed1-4593-bba1-3b96d2ff21a7','7b0ea383-4927-4404-9489-2ca5e36740a3','Gross Margin %','','Data/Metric',1020,200,'user_30uQARGezqSApAChPSGSwFyUy85');
INSERT INTO public.metric_cards (id,project_id,title,description,category,position_x,position_y,created_by) VALUES ('5b542bc1-946d-47c8-b342-ac6f8fe8508f','7b0ea383-4927-4404-9489-2ca5e36740a3','Shipping Cost','','Data/Metric',-170,400,'user_30uQARGezqSApAChPSGSwFyUy85');
INSERT INTO public.metric_cards (id,project_id,title,description,category,position_x,position_y,created_by) VALUES ('7bdbe690-4658-49fd-a7ec-98004d86e7f3','7b0ea383-4927-4404-9489-2ca5e36740a3','Returns Rate','','Data/Metric',170,400,'user_30uQARGezqSApAChPSGSwFyUy85');
INSERT INTO public.metric_cards (id,project_id,title,description,category,position_x,position_y,created_by) VALUES ('7278a26c-2f92-4006-9aad-b5b5224ac295','7b0ea383-4927-4404-9489-2ca5e36740a3','Marketing Spend','','Data/Metric',510,400,'user_30uQARGezqSApAChPSGSwFyUy85');
INSERT INTO public.metric_cards (id,project_id,title,description,category,position_x,position_y,created_by) VALUES ('e142ca30-5311-4168-9d26-d9efb9eaf77a','7b0ea383-4927-4404-9489-2ca5e36740a3','Payment Fees','','Data/Metric',850,400,'user_30uQARGezqSApAChPSGSwFyUy85');
INSERT INTO public.metric_cards (id,project_id,title,description,category,position_x,position_y,created_by) VALUES ('16a7613b-5c1b-4e79-944d-a1997e6ed5ac','7b0ea383-4927-4404-9489-2ca5e36740a3','Fulfilment / Ops','','Data/Metric',1190,400,'user_30uQARGezqSApAChPSGSwFyUy85');
INSERT INTO public.metric_cards (id,project_id,title,description,category,position_x,position_y,created_by) VALUES ('7501ecfa-fe54-4bd5-9ce0-0e4115257f22','7b0ea383-4927-4404-9489-2ca5e36740a3','Retargeting campaign','','Work/Action',1020,1000,'user_30uQARGezqSApAChPSGSwFyUy85');
INSERT INTO public.metric_cards (id,project_id,title,description,category,position_x,position_y,created_by) VALUES ('cf056bd2-4654-49fc-9b78-a0ed8b33685d','7b0ea383-4927-4404-9489-2ca5e36740a3','Abandoned-cart email flow','','Work/Action',0,1200,'user_30uQARGezqSApAChPSGSwFyUy85');
INSERT INTO public.metric_cards (id,project_id,title,description,category,position_x,position_y,created_by) VALUES ('563c3a24-cdf6-4739-87da-3445eafe7dd3','7b0ea383-4927-4404-9489-2ca5e36740a3','Product bundles','','Work/Action',1020,600,'user_30uQARGezqSApAChPSGSwFyUy85');
INSERT INTO public.metric_cards (id,project_id,title,description,category,position_x,position_y,created_by) VALUES ('be23f4d2-ccb6-4ac8-a5c6-da1c6750fde7','7b0ea383-4927-4404-9489-2ca5e36740a3','UGC / influencer social','','Work/Action',340,1200,'user_30uQARGezqSApAChPSGSwFyUy85');
INSERT INTO public.metric_cards (id,project_id,title,description,category,position_x,position_y,created_by) VALUES ('049102b8-a618-4ef2-ae2f-ff359bc8f1cd','7b0ea383-4927-4404-9489-2ca5e36740a3','Free-ship threshold lifts AOV','','Ideas/Hypothesis',1360,600,'user_30uQARGezqSApAChPSGSwFyUy85');
INSERT INTO public.metric_cards (id,project_id,title,description,category,position_x,position_y,created_by) VALUES ('69847d80-9af2-4d02-a9a8-c65749b31d9a','7b0ea383-4927-4404-9489-2ca5e36740a3','Reviews lift product-page CVR','','Ideas/Hypothesis',1360,1000,'user_30uQARGezqSApAChPSGSwFyUy85');
INSERT INTO public.relationships (id,project_id,source_id,target_id,type,confidence,weight,created_by) VALUES ('ddea3123-c3f2-4e89-9d4f-b8eb1b8fdd86','7b0ea383-4927-4404-9489-2ca5e36740a3','f5de2117-fa22-40f8-a22b-d98835607e6d','8bc91f51-774a-42a5-b87d-68b2e2d8975b','Compositional','High',95,'user_30uQARGezqSApAChPSGSwFyUy85');
INSERT INTO public.relationships (id,project_id,source_id,target_id,type,confidence,weight,created_by) VALUES ('b9ade9e8-b51f-44f0-a4f3-f9869d9e5801','7b0ea383-4927-4404-9489-2ca5e36740a3','ee265c0e-b5ce-42a3-aa85-cb47c7384f27','8bc91f51-774a-42a5-b87d-68b2e2d8975b','Compositional','High',90,'user_30uQARGezqSApAChPSGSwFyUy85');
INSERT INTO public.relationships (id,project_id,source_id,target_id,type,confidence,weight,created_by) VALUES ('747a4f39-74a7-4eb1-9209-da554080e01e','7b0ea383-4927-4404-9489-2ca5e36740a3','33aaaeb4-1ed1-4593-bba1-3b96d2ff21a7','8bc91f51-774a-42a5-b87d-68b2e2d8975b','Causal','High',70,'user_30uQARGezqSApAChPSGSwFyUy85');
INSERT INTO public.relationships (id,project_id,source_id,target_id,type,confidence,weight,created_by) VALUES ('019e8d35-65c2-4792-af93-5268ad13b498','7b0ea383-4927-4404-9489-2ca5e36740a3','79461e42-f1ec-422d-a354-e0289e683a39','f5de2117-fa22-40f8-a22b-d98835607e6d','Deterministic','High',95,'user_30uQARGezqSApAChPSGSwFyUy85');
INSERT INTO public.relationships (id,project_id,source_id,target_id,type,confidence,weight,created_by) VALUES ('31e4392b-1df3-4493-b83a-e5fd925c84e5','7b0ea383-4927-4404-9489-2ca5e36740a3','9ad8d549-8f09-478c-a5cc-373ee079ef20','f5de2117-fa22-40f8-a22b-d98835607e6d','Deterministic','High',90,'user_30uQARGezqSApAChPSGSwFyUy85');
INSERT INTO public.relationships (id,project_id,source_id,target_id,type,confidence,weight,created_by) VALUES ('266016bc-c231-4fc1-bd8f-c9da32099f9c','7b0ea383-4927-4404-9489-2ca5e36740a3','dc4cddac-59f5-46f9-ac61-b2822745dce5','79461e42-f1ec-422d-a354-e0289e683a39','Deterministic','High',90,'user_30uQARGezqSApAChPSGSwFyUy85');
INSERT INTO public.relationships (id,project_id,source_id,target_id,type,confidence,weight,created_by) VALUES ('b84d1e53-eb26-4ac8-a6ce-02769b12b20c','7b0ea383-4927-4404-9489-2ca5e36740a3','7c38951a-1caa-431e-a8f2-76ff5c1b728b','79461e42-f1ec-422d-a354-e0289e683a39','Probabilistic','High',85,'user_30uQARGezqSApAChPSGSwFyUy85');
INSERT INTO public.relationships (id,project_id,source_id,target_id,type,confidence,weight,created_by) VALUES ('cf048e9f-8cdd-42a6-95a6-f85f9796afcf','7b0ea383-4927-4404-9489-2ca5e36740a3','49d48da6-7bdd-4fd4-a63d-5a695f9e19ca','9ad8d549-8f09-478c-a5cc-373ee079ef20','Deterministic','High',80,'user_30uQARGezqSApAChPSGSwFyUy85');
INSERT INTO public.relationships (id,project_id,source_id,target_id,type,confidence,weight,created_by) VALUES ('09187455-0f02-44f3-8cf2-1f7829e0ca51','7b0ea383-4927-4404-9489-2ca5e36740a3','eeff3344-8f3d-4cda-bf21-524c89c09b6d','9ad8d549-8f09-478c-a5cc-373ee079ef20','Deterministic','High',75,'user_30uQARGezqSApAChPSGSwFyUy85');
INSERT INTO public.relationships (id,project_id,source_id,target_id,type,confidence,weight,created_by) VALUES ('ea097ecc-3326-4b2c-aa06-dde3e46427d7','7b0ea383-4927-4404-9489-2ca5e36740a3','28dfdfba-6874-417c-a6e1-65a1997bb942','9ad8d549-8f09-478c-a5cc-373ee079ef20','Causal','High',60,'user_30uQARGezqSApAChPSGSwFyUy85');
INSERT INTO public.relationships (id,project_id,source_id,target_id,type,confidence,weight,created_by) VALUES ('317122e0-a154-4658-ad5a-264801cf43d1','7b0ea383-4927-4404-9489-2ca5e36740a3','440be17a-afd7-4cf8-89dd-3b17e1d397b7','9ad8d549-8f09-478c-a5cc-373ee079ef20','Causal','High',60,'user_30uQARGezqSApAChPSGSwFyUy85');
INSERT INTO public.relationships (id,project_id,source_id,target_id,type,confidence,weight,created_by) VALUES ('4a422cf2-c86d-4393-b8d9-02afd899bd6d','7b0ea383-4927-4404-9489-2ca5e36740a3','6226610b-9112-4930-9d97-367d8691c825','dc4cddac-59f5-46f9-ac61-b2822745dce5','Compositional','High',70,'user_30uQARGezqSApAChPSGSwFyUy85');
INSERT INTO public.relationships (id,project_id,source_id,target_id,type,confidence,weight,created_by) VALUES ('7960204c-dcd7-4c99-809a-1120afef9333','7b0ea383-4927-4404-9489-2ca5e36740a3','eefced06-1ba1-4461-891e-17ff69a1d3d0','dc4cddac-59f5-46f9-ac61-b2822745dce5','Compositional','High',70,'user_30uQARGezqSApAChPSGSwFyUy85');
INSERT INTO public.relationships (id,project_id,source_id,target_id,type,confidence,weight,created_by) VALUES ('e810125e-1934-44b0-8be8-1c845fbdbc38','7b0ea383-4927-4404-9489-2ca5e36740a3','74b86a71-aece-4b0e-a3c0-7915375b4be8','dc4cddac-59f5-46f9-ac61-b2822745dce5','Compositional','High',60,'user_30uQARGezqSApAChPSGSwFyUy85');
INSERT INTO public.relationships (id,project_id,source_id,target_id,type,confidence,weight,created_by) VALUES ('c7c4424b-20cf-435f-a612-4963ed38fd0e','7b0ea383-4927-4404-9489-2ca5e36740a3','d9b2cede-5105-4c5c-9c30-b6a80295e351','dc4cddac-59f5-46f9-ac61-b2822745dce5','Compositional','High',60,'user_30uQARGezqSApAChPSGSwFyUy85');
INSERT INTO public.relationships (id,project_id,source_id,target_id,type,confidence,weight,created_by) VALUES ('691f1a0a-93dd-4d43-a0d9-7e607d68f496','7b0ea383-4927-4404-9489-2ca5e36740a3','e75a09bc-69ab-4a77-82cf-7a7d1079a43e','dc4cddac-59f5-46f9-ac61-b2822745dce5','Compositional','High',50,'user_30uQARGezqSApAChPSGSwFyUy85');
INSERT INTO public.relationships (id,project_id,source_id,target_id,type,confidence,weight,created_by) VALUES ('baddff0f-e9a8-4084-8420-7e36c9245ca3','7b0ea383-4927-4404-9489-2ca5e36740a3','4acf01bc-86ff-4491-aaf6-23575691e37e','dc4cddac-59f5-46f9-ac61-b2822745dce5','Compositional','High',45,'user_30uQARGezqSApAChPSGSwFyUy85');
INSERT INTO public.relationships (id,project_id,source_id,target_id,type,confidence,weight,created_by) VALUES ('fe3c388d-e7f7-446b-a76d-7bb84daaaea2','7b0ea383-4927-4404-9489-2ca5e36740a3','11a46a6f-cb4a-4909-926e-6c6ce9537c13','74b86a71-aece-4b0e-a3c0-7915375b4be8','Causal','High',70,'user_30uQARGezqSApAChPSGSwFyUy85');
INSERT INTO public.relationships (id,project_id,source_id,target_id,type,confidence,weight,created_by) VALUES ('e06a9755-c932-42f8-9794-df76fcfd087f','7b0ea383-4927-4404-9489-2ca5e36740a3','be28d980-08bd-4cdf-bdeb-8e559f5a5f11','74b86a71-aece-4b0e-a3c0-7915375b4be8','Causal','High',65,'user_30uQARGezqSApAChPSGSwFyUy85');
INSERT INTO public.relationships (id,project_id,source_id,target_id,type,confidence,weight,created_by) VALUES ('99f2be9f-ed32-44d2-9c0b-d297e692f885','7b0ea383-4927-4404-9489-2ca5e36740a3','b33f4c77-a3da-4f12-8832-89b92bda3c7c','11a46a6f-cb4a-4909-926e-6c6ce9537c13','Causal','High',55,'user_30uQARGezqSApAChPSGSwFyUy85');
INSERT INTO public.relationships (id,project_id,source_id,target_id,type,confidence,weight,created_by) VALUES ('b94e6125-b6ef-43ae-a1a1-e1edf62aa3f5','7b0ea383-4927-4404-9489-2ca5e36740a3','fae4efd3-9129-47b9-b99f-5109f63cde33','d9b2cede-5105-4c5c-9c30-b6a80295e351','Deterministic','High',70,'user_30uQARGezqSApAChPSGSwFyUy85');
INSERT INTO public.relationships (id,project_id,source_id,target_id,type,confidence,weight,created_by) VALUES ('2e95f913-8003-47c2-b5bf-54eb01c95721','7b0ea383-4927-4404-9489-2ca5e36740a3','f4d635ff-22ff-4779-8277-5693c2a7b9bd','d9b2cede-5105-4c5c-9c30-b6a80295e351','Probabilistic','High',65,'user_30uQARGezqSApAChPSGSwFyUy85');
INSERT INTO public.relationships (id,project_id,source_id,target_id,type,confidence,weight,created_by) VALUES ('a49f7d1f-cf48-439d-b198-a0bd7117b392','7b0ea383-4927-4404-9489-2ca5e36740a3','bf1023cc-4c30-4a13-a595-8cba30b6a80d','eefced06-1ba1-4461-891e-17ff69a1d3d0','Deterministic','High',80,'user_30uQARGezqSApAChPSGSwFyUy85');
INSERT INTO public.relationships (id,project_id,source_id,target_id,type,confidence,weight,created_by) VALUES ('13abdbb9-0299-41f3-9023-b531056e481f','7b0ea383-4927-4404-9489-2ca5e36740a3','7e95f6a6-5579-42e0-940e-528bef487fc2','eefced06-1ba1-4461-891e-17ff69a1d3d0','Deterministic','High',70,'user_30uQARGezqSApAChPSGSwFyUy85');
INSERT INTO public.relationships (id,project_id,source_id,target_id,type,confidence,weight,created_by) VALUES ('337d8b5c-16f9-4a74-a8e1-0f6149b166aa','7b0ea383-4927-4404-9489-2ca5e36740a3','a1f5f486-b8f6-4bde-a377-c99b36947fe2','7c38951a-1caa-431e-a8f2-76ff5c1b728b','Causal','High',75,'user_30uQARGezqSApAChPSGSwFyUy85');
INSERT INTO public.relationships (id,project_id,source_id,target_id,type,confidence,weight,created_by) VALUES ('9462ed87-1128-42e9-b4d1-59f21a487039','7b0ea383-4927-4404-9489-2ca5e36740a3','5c5b5cf7-37c3-4430-95e6-5bb19ffdc614','7c38951a-1caa-431e-a8f2-76ff5c1b728b','Causal','High',75,'user_30uQARGezqSApAChPSGSwFyUy85');
INSERT INTO public.relationships (id,project_id,source_id,target_id,type,confidence,weight,created_by) VALUES ('8c2a10ed-5995-4572-be24-73e5cfc325f6','7b0ea383-4927-4404-9489-2ca5e36740a3','dd813af7-3cb5-43c9-97ae-d197a9308e12','1b496f36-a6ac-4906-a4a1-125bd10c28f4','Causal','High',80,'user_30uQARGezqSApAChPSGSwFyUy85');
INSERT INTO public.relationships (id,project_id,source_id,target_id,type,confidence,weight,created_by) VALUES ('b2ff1bd8-4040-463c-9071-24158f522994','7b0ea383-4927-4404-9489-2ca5e36740a3','1b496f36-a6ac-4906-a4a1-125bd10c28f4','7c38951a-1caa-431e-a8f2-76ff5c1b728b','Deterministic','High',80,'user_30uQARGezqSApAChPSGSwFyUy85');
INSERT INTO public.relationships (id,project_id,source_id,target_id,type,confidence,weight,created_by) VALUES ('d5f5129c-8b98-4b63-85cf-7673c7d48bfb','7b0ea383-4927-4404-9489-2ca5e36740a3','461e557b-aebd-4117-820b-f0060612f5ea','79461e42-f1ec-422d-a354-e0289e683a39','Causal','High',55,'user_30uQARGezqSApAChPSGSwFyUy85');
INSERT INTO public.relationships (id,project_id,source_id,target_id,type,confidence,weight,created_by) VALUES ('3070f0b3-ced4-457d-991d-0e4789383c0c','7b0ea383-4927-4404-9489-2ca5e36740a3','2c8f5024-dd9c-4fa9-93d2-b44be2ba59d4','2a669d8d-6378-4745-823c-28d223ba0dbd','Causal','High',70,'user_30uQARGezqSApAChPSGSwFyUy85');
INSERT INTO public.relationships (id,project_id,source_id,target_id,type,confidence,weight,created_by) VALUES ('f5bb5c38-46e7-478d-b59f-f9701a5167c7','7b0ea383-4927-4404-9489-2ca5e36740a3','2a669d8d-6378-4745-823c-28d223ba0dbd','534b8539-1777-4428-8574-94eefb9d66f2','Deterministic','High',75,'user_30uQARGezqSApAChPSGSwFyUy85');
INSERT INTO public.relationships (id,project_id,source_id,target_id,type,confidence,weight,created_by) VALUES ('200e5157-6544-487a-a37a-a99027553596','7b0ea383-4927-4404-9489-2ca5e36740a3','9ad8d549-8f09-478c-a5cc-373ee079ef20','534b8539-1777-4428-8574-94eefb9d66f2','Causal','High',60,'user_30uQARGezqSApAChPSGSwFyUy85');
INSERT INTO public.relationships (id,project_id,source_id,target_id,type,confidence,weight,created_by) VALUES ('4e75cc65-978a-45a5-ac5c-7eb1d08d8f90','7b0ea383-4927-4404-9489-2ca5e36740a3','7278a26c-2f92-4006-9aad-b5b5224ac295','a2700786-ef65-478d-825f-b30b5e545f11','Deterministic','High',80,'user_30uQARGezqSApAChPSGSwFyUy85');
INSERT INTO public.relationships (id,project_id,source_id,target_id,type,confidence,weight,created_by) VALUES ('6a071d7e-7241-430e-bfda-f7ee7fb087ef','7b0ea383-4927-4404-9489-2ca5e36740a3','461e557b-aebd-4117-820b-f0060612f5ea','a2700786-ef65-478d-825f-b30b5e545f11','Deterministic','High',75,'user_30uQARGezqSApAChPSGSwFyUy85');
INSERT INTO public.relationships (id,project_id,source_id,target_id,type,confidence,weight,created_by) VALUES ('72043ab5-493c-4f08-a953-79e07c49c22e','7b0ea383-4927-4404-9489-2ca5e36740a3','0eda7e4d-4300-4b02-9b54-9734b09cb172','ee265c0e-b5ce-42a3-aa85-cb47c7384f27','Compositional','High',80,'user_30uQARGezqSApAChPSGSwFyUy85');
INSERT INTO public.relationships (id,project_id,source_id,target_id,type,confidence,weight,created_by) VALUES ('80d51f63-e7b7-4e40-b444-762f2a892c8c','7b0ea383-4927-4404-9489-2ca5e36740a3','5b542bc1-946d-47c8-b342-ac6f8fe8508f','ee265c0e-b5ce-42a3-aa85-cb47c7384f27','Compositional','High',65,'user_30uQARGezqSApAChPSGSwFyUy85');
INSERT INTO public.relationships (id,project_id,source_id,target_id,type,confidence,weight,created_by) VALUES ('a30fc387-21ad-474e-9a6c-f3c2e74c2634','7b0ea383-4927-4404-9489-2ca5e36740a3','7278a26c-2f92-4006-9aad-b5b5224ac295','ee265c0e-b5ce-42a3-aa85-cb47c7384f27','Compositional','High',70,'user_30uQARGezqSApAChPSGSwFyUy85');
INSERT INTO public.relationships (id,project_id,source_id,target_id,type,confidence,weight,created_by) VALUES ('d46efd2d-0f3d-4172-b769-6aa17ecc4414','7b0ea383-4927-4404-9489-2ca5e36740a3','7bdbe690-4658-49fd-a7ec-98004d86e7f3','ee265c0e-b5ce-42a3-aa85-cb47c7384f27','Causal','High',60,'user_30uQARGezqSApAChPSGSwFyUy85');
INSERT INTO public.relationships (id,project_id,source_id,target_id,type,confidence,weight,created_by) VALUES ('7d1c9ea1-8e01-4d88-a932-5b3450c367b5','7b0ea383-4927-4404-9489-2ca5e36740a3','e142ca30-5311-4168-9d26-d9efb9eaf77a','ee265c0e-b5ce-42a3-aa85-cb47c7384f27','Compositional','High',50,'user_30uQARGezqSApAChPSGSwFyUy85');
INSERT INTO public.relationships (id,project_id,source_id,target_id,type,confidence,weight,created_by) VALUES ('53cb0166-1ee0-4e11-ac5d-758c7a536d57','7b0ea383-4927-4404-9489-2ca5e36740a3','16a7613b-5c1b-4e79-944d-a1997e6ed5ac','ee265c0e-b5ce-42a3-aa85-cb47c7384f27','Compositional','High',60,'user_30uQARGezqSApAChPSGSwFyUy85');
INSERT INTO public.relationships (id,project_id,source_id,target_id,type,confidence,weight,created_by) VALUES ('fa50eaa0-ea13-4d02-ad09-df1a50f3de7f','7b0ea383-4927-4404-9489-2ca5e36740a3','0eda7e4d-4300-4b02-9b54-9734b09cb172','33aaaeb4-1ed1-4593-bba1-3b96d2ff21a7','Causal','High',75,'user_30uQARGezqSApAChPSGSwFyUy85');
INSERT INTO public.relationships (id,project_id,source_id,target_id,type,confidence,weight,created_by) VALUES ('46a3e648-b25e-43d9-a1bb-3059be80d90e','7b0ea383-4927-4404-9489-2ca5e36740a3','bf1023cc-4c30-4a13-a595-8cba30b6a80d','7278a26c-2f92-4006-9aad-b5b5224ac295','Compositional','High',70,'user_30uQARGezqSApAChPSGSwFyUy85');
INSERT INTO public.relationships (id,project_id,source_id,target_id,type,confidence,weight,created_by) VALUES ('59cb50fb-f24b-456c-9eb2-600a38cba544','7b0ea383-4927-4404-9489-2ca5e36740a3','7501ecfa-fe54-4bd5-9ce0-0e4115257f22','eefced06-1ba1-4461-891e-17ff69a1d3d0','Causal','High',60,'user_30uQARGezqSApAChPSGSwFyUy85');
INSERT INTO public.relationships (id,project_id,source_id,target_id,type,confidence,weight,created_by) VALUES ('1e28e67e-32f0-4f9d-93d9-57a87ba62c11','7b0ea383-4927-4404-9489-2ca5e36740a3','cf056bd2-4654-49fc-9b78-a0ed8b33685d','dd813af7-3cb5-43c9-97ae-d197a9308e12','Causal','High',70,'user_30uQARGezqSApAChPSGSwFyUy85');
INSERT INTO public.relationships (id,project_id,source_id,target_id,type,confidence,weight,created_by) VALUES ('d3aa646b-5544-4eff-8a5c-39f97f3e505d','7b0ea383-4927-4404-9489-2ca5e36740a3','563c3a24-cdf6-4739-87da-3445eafe7dd3','9ad8d549-8f09-478c-a5cc-373ee079ef20','Causal','High',65,'user_30uQARGezqSApAChPSGSwFyUy85');
INSERT INTO public.relationships (id,project_id,source_id,target_id,type,confidence,weight,created_by) VALUES ('39487d59-5864-40b0-8e20-015b361daa45','7b0ea383-4927-4404-9489-2ca5e36740a3','be23f4d2-ccb6-4ac8-a5c6-da1c6750fde7','11a46a6f-cb4a-4909-926e-6c6ce9537c13','Causal','High',60,'user_30uQARGezqSApAChPSGSwFyUy85');
INSERT INTO public.relationships (id,project_id,source_id,target_id,type,confidence,weight,created_by) VALUES ('3f6e61cf-4063-4e71-ae2b-1a22cfde1c83','7b0ea383-4927-4404-9489-2ca5e36740a3','049102b8-a618-4ef2-ae2f-ff359bc8f1cd','9ad8d549-8f09-478c-a5cc-373ee079ef20','Probabilistic','High',50,'user_30uQARGezqSApAChPSGSwFyUy85');
INSERT INTO public.relationships (id,project_id,source_id,target_id,type,confidence,weight,created_by) VALUES ('b813f1ca-bd73-404c-a32c-4e2fa070f725','7b0ea383-4927-4404-9489-2ca5e36740a3','69847d80-9af2-4d02-a9a8-c65749b31d9a','a1f5f486-b8f6-4bde-a377-c99b36947fe2','Probabilistic','High',50,'user_30uQARGezqSApAChPSGSwFyUy85');

DELETE FROM public.projects WHERE created_by='user_30uQARGezqSApAChPSGSwFyUy85' AND name='Retail (Walk-in) — Example Metric Tree';
INSERT INTO public.projects (id,name,description,created_by,last_modified_by,is_public,tags,settings) VALUES ('04918103-62eb-4a26-9f4f-14d9db037287','Retail (Walk-in) — Example Metric Tree','Decomposition of profit for a physical store: transactions = foot traffic × conversion, basket size, footfall drivers (incl. local social), and store cost structure.','user_30uQARGezqSApAChPSGSwFyUy85','user_30uQARGezqSApAChPSGSwFyUy85',true,ARRAY['example','template'],'{}');
INSERT INTO public.metric_cards (id,project_id,title,description,category,position_x,position_y,created_by) VALUES ('a6161c8f-52d7-49b8-9f22-7b0e62b1fe12','04918103-62eb-4a26-9f4f-14d9db037287','Profit','Revenue − Total Costs','Core/Value',0,0,'user_30uQARGezqSApAChPSGSwFyUy85');
INSERT INTO public.metric_cards (id,project_id,title,description,category,position_x,position_y,created_by) VALUES ('754c255b-d008-40b5-b7a7-86f5224a99ac','04918103-62eb-4a26-9f4f-14d9db037287','Revenue','Transactions × Avg Basket','Data/Metric',-340,200,'user_30uQARGezqSApAChPSGSwFyUy85');
INSERT INTO public.metric_cards (id,project_id,title,description,category,position_x,position_y,created_by) VALUES ('c6b2d2bc-1601-4a07-99de-d73c46995aad','04918103-62eb-4a26-9f4f-14d9db037287','Transactions','Foot traffic × Conversion','Data/Metric',-1190,400,'user_30uQARGezqSApAChPSGSwFyUy85');
INSERT INTO public.metric_cards (id,project_id,title,description,category,position_x,position_y,created_by) VALUES ('02726f1a-1c83-4d65-b597-63cfe828f26b','04918103-62eb-4a26-9f4f-14d9db037287','Average Basket Value','Items × Avg item price','Data/Metric',-850,400,'user_30uQARGezqSApAChPSGSwFyUy85');
INSERT INTO public.metric_cards (id,project_id,title,description,category,position_x,position_y,created_by) VALUES ('c46d78ce-e3e3-4c7f-aa7c-e3153eaae27b','04918103-62eb-4a26-9f4f-14d9db037287','Foot Traffic','Passersby × Capture rate','Data/Metric',-850,600,'user_30uQARGezqSApAChPSGSwFyUy85');
INSERT INTO public.metric_cards (id,project_id,title,description,category,position_x,position_y,created_by) VALUES ('bd9a6dc2-c218-40fd-af02-326776257091','04918103-62eb-4a26-9f4f-14d9db037287','Walk-in Conversion %','','Data/Metric',-510,600,'user_30uQARGezqSApAChPSGSwFyUy85');
INSERT INTO public.metric_cards (id,project_id,title,description,category,position_x,position_y,created_by) VALUES ('e26e9cc0-5fc2-4855-85a3-7e4ab08db917','04918103-62eb-4a26-9f4f-14d9db037287','Items per Basket','','Data/Metric',-170,600,'user_30uQARGezqSApAChPSGSwFyUy85');
INSERT INTO public.metric_cards (id,project_id,title,description,category,position_x,position_y,created_by) VALUES ('82bd87d2-24ab-458d-82dc-eb39f584c521','04918103-62eb-4a26-9f4f-14d9db037287','Avg Item Price','','Data/Metric',170,600,'user_30uQARGezqSApAChPSGSwFyUy85');
INSERT INTO public.metric_cards (id,project_id,title,description,category,position_x,position_y,created_by) VALUES ('e118e555-b987-400b-b270-571c8b7c00a1','04918103-62eb-4a26-9f4f-14d9db037287','Impulse / POS add-ons','','Data/Metric',510,600,'user_30uQARGezqSApAChPSGSwFyUy85');
INSERT INTO public.metric_cards (id,project_id,title,description,category,position_x,position_y,created_by) VALUES ('7508a05a-f289-4c45-8de7-37b04da0035b','04918103-62eb-4a26-9f4f-14d9db037287','Passersby (location footfall)','','Data/Metric',-1360,800,'user_30uQARGezqSApAChPSGSwFyUy85');
INSERT INTO public.metric_cards (id,project_id,title,description,category,position_x,position_y,created_by) VALUES ('55331830-9515-4682-9532-df93566f2c37','04918103-62eb-4a26-9f4f-14d9db037287','Capture Rate','Share who enter','Data/Metric',-1020,800,'user_30uQARGezqSApAChPSGSwFyUy85');
INSERT INTO public.metric_cards (id,project_id,title,description,category,position_x,position_y,created_by) VALUES ('6d94258e-f523-42fa-b71f-a277cec497cd','04918103-62eb-4a26-9f4f-14d9db037287','Window Display Score','','Data/Metric',-1530,1000,'user_30uQARGezqSApAChPSGSwFyUy85');
INSERT INTO public.metric_cards (id,project_id,title,description,category,position_x,position_y,created_by) VALUES ('9cb26d53-1dd0-44c8-8aae-cdef9107368b','04918103-62eb-4a26-9f4f-14d9db037287','Signage / Promo Visibility','','Data/Metric',-1190,1000,'user_30uQARGezqSApAChPSGSwFyUy85');
INSERT INTO public.metric_cards (id,project_id,title,description,category,position_x,position_y,created_by) VALUES ('27aa70b0-de67-4d97-8084-60baf9b1b966','04918103-62eb-4a26-9f4f-14d9db037287','Local Marketing Reach','','Data/Metric',-850,1000,'user_30uQARGezqSApAChPSGSwFyUy85');
INSERT INTO public.metric_cards (id,project_id,title,description,category,position_x,position_y,created_by) VALUES ('81b845f3-863f-4fcf-8929-c4734a2cbaeb','04918103-62eb-4a26-9f4f-14d9db037287','Local Social Awareness','Reach × engagement','Data/Metric',-510,1000,'user_30uQARGezqSApAChPSGSwFyUy85');
INSERT INTO public.metric_cards (id,project_id,title,description,category,position_x,position_y,created_by) VALUES ('f0e4bcf9-8a2b-4cdc-9a2a-442d13b5da94','04918103-62eb-4a26-9f4f-14d9db037287','Social Reach / Followers','','Data/Metric',-510,1200,'user_30uQARGezqSApAChPSGSwFyUy85');
INSERT INTO public.metric_cards (id,project_id,title,description,category,position_x,position_y,created_by) VALUES ('cc37fccb-90a5-4602-bba9-971de2e320bc','04918103-62eb-4a26-9f4f-14d9db037287','Social Engagement','','Data/Metric',-170,1200,'user_30uQARGezqSApAChPSGSwFyUy85');
INSERT INTO public.metric_cards (id,project_id,title,description,category,position_x,position_y,created_by) VALUES ('06af7989-ce19-4454-962a-2ed503b1242a','04918103-62eb-4a26-9f4f-14d9db037287','In-store Events / Promos','','Data/Metric',-680,800,'user_30uQARGezqSApAChPSGSwFyUy85');
INSERT INTO public.metric_cards (id,project_id,title,description,category,position_x,position_y,created_by) VALUES ('b23239a7-3a8e-40b2-9375-d3c1fc072457','04918103-62eb-4a26-9f4f-14d9db037287','Seasonality / Weather','','Data/Metric',-170,1000,'user_30uQARGezqSApAChPSGSwFyUy85');
INSERT INTO public.metric_cards (id,project_id,title,description,category,position_x,position_y,created_by) VALUES ('dfdc6e8a-37b4-4200-aa3d-2b05fe44d25d','04918103-62eb-4a26-9f4f-14d9db037287','Staff : Customer Ratio','','Data/Metric',-340,800,'user_30uQARGezqSApAChPSGSwFyUy85');
INSERT INTO public.metric_cards (id,project_id,title,description,category,position_x,position_y,created_by) VALUES ('c1b9b8c3-ca2b-4221-b364-af598bd678d3','04918103-62eb-4a26-9f4f-14d9db037287','Product Availability %','','Data/Metric',0,800,'user_30uQARGezqSApAChPSGSwFyUy85');
INSERT INTO public.metric_cards (id,project_id,title,description,category,position_x,position_y,created_by) VALUES ('658d0349-9350-4f44-a94e-541e40014744','04918103-62eb-4a26-9f4f-14d9db037287','Avg Queue Time','','Data/Metric',340,800,'user_30uQARGezqSApAChPSGSwFyUy85');
INSERT INTO public.metric_cards (id,project_id,title,description,category,position_x,position_y,created_by) VALUES ('29fb8e01-eef2-40f3-bf5c-1b003d9624b2','04918103-62eb-4a26-9f4f-14d9db037287','Loyalty Members','','Data/Metric',170,1000,'user_30uQARGezqSApAChPSGSwFyUy85');
INSERT INTO public.metric_cards (id,project_id,title,description,category,position_x,position_y,created_by) VALUES ('f855adf3-be3d-455a-98c8-dce798873f82','04918103-62eb-4a26-9f4f-14d9db037287','Repeat Visit Rate','','Data/Metric',680,800,'user_30uQARGezqSApAChPSGSwFyUy85');
INSERT INTO public.metric_cards (id,project_id,title,description,category,position_x,position_y,created_by) VALUES ('582c9a05-3047-4870-91f1-b7d053a82652','04918103-62eb-4a26-9f4f-14d9db037287','Customer Satisfaction (NPS)','','Data/Metric',510,1000,'user_30uQARGezqSApAChPSGSwFyUy85');
INSERT INTO public.metric_cards (id,project_id,title,description,category,position_x,position_y,created_by) VALUES ('5dd30d08-5c1e-41ce-b5c8-e2a9e5c321df','04918103-62eb-4a26-9f4f-14d9db037287','Total Costs','','Data/Metric',0,200,'user_30uQARGezqSApAChPSGSwFyUy85');
INSERT INTO public.metric_cards (id,project_id,title,description,category,position_x,position_y,created_by) VALUES ('ea5a1f5e-8963-4357-9809-0b601e2eef5d','04918103-62eb-4a26-9f4f-14d9db037287','COGS','','Data/Metric',-510,400,'user_30uQARGezqSApAChPSGSwFyUy85');
INSERT INTO public.metric_cards (id,project_id,title,description,category,position_x,position_y,created_by) VALUES ('074106ba-d999-4f2e-9fe7-303b6b8d4791','04918103-62eb-4a26-9f4f-14d9db037287','Gross Margin %','','Data/Metric',340,200,'user_30uQARGezqSApAChPSGSwFyUy85');
INSERT INTO public.metric_cards (id,project_id,title,description,category,position_x,position_y,created_by) VALUES ('f7677621-bf71-48e7-b485-8be324ee5410','04918103-62eb-4a26-9f4f-14d9db037287','Rent','','Data/Metric',-170,400,'user_30uQARGezqSApAChPSGSwFyUy85');
INSERT INTO public.metric_cards (id,project_id,title,description,category,position_x,position_y,created_by) VALUES ('4cdbb263-d9e5-4dd2-b1fb-18b893a528c2','04918103-62eb-4a26-9f4f-14d9db037287','Labor Cost','','Data/Metric',170,400,'user_30uQARGezqSApAChPSGSwFyUy85');
INSERT INTO public.metric_cards (id,project_id,title,description,category,position_x,position_y,created_by) VALUES ('9928ab32-2907-400d-b491-cbe6780347ac','04918103-62eb-4a26-9f4f-14d9db037287','Staff Hours','','Data/Metric',850,1000,'user_30uQARGezqSApAChPSGSwFyUy85');
INSERT INTO public.metric_cards (id,project_id,title,description,category,position_x,position_y,created_by) VALUES ('12d039d8-e8b5-4aff-944a-377727d05f51','04918103-62eb-4a26-9f4f-14d9db037287','Avg Wage','','Data/Metric',850,600,'user_30uQARGezqSApAChPSGSwFyUy85');
INSERT INTO public.metric_cards (id,project_id,title,description,category,position_x,position_y,created_by) VALUES ('3258d4fb-c1ab-4086-88af-cc49b02d85fd','04918103-62eb-4a26-9f4f-14d9db037287','Utilities','','Data/Metric',510,400,'user_30uQARGezqSApAChPSGSwFyUy85');
INSERT INTO public.metric_cards (id,project_id,title,description,category,position_x,position_y,created_by) VALUES ('ced418eb-97d8-4663-ab56-b0e32c0f4cfb','04918103-62eb-4a26-9f4f-14d9db037287','Shrinkage (loss/theft)','','Data/Metric',850,400,'user_30uQARGezqSApAChPSGSwFyUy85');
INSERT INTO public.metric_cards (id,project_id,title,description,category,position_x,position_y,created_by) VALUES ('71153cb9-dc99-482e-a68a-241c739eb880','04918103-62eb-4a26-9f4f-14d9db037287','Marketing Spend','','Data/Metric',1190,400,'user_30uQARGezqSApAChPSGSwFyUy85');
INSERT INTO public.metric_cards (id,project_id,title,description,category,position_x,position_y,created_by) VALUES ('fab025da-a445-4ba7-8ada-45497cb76872','04918103-62eb-4a26-9f4f-14d9db037287','Staff sales training','','Work/Action',1020,800,'user_30uQARGezqSApAChPSGSwFyUy85');
INSERT INTO public.metric_cards (id,project_id,title,description,category,position_x,position_y,created_by) VALUES ('58003d78-1cbb-47c4-9288-083cc90d754e','04918103-62eb-4a26-9f4f-14d9db037287','Loyalty program','','Work/Action',170,1200,'user_30uQARGezqSApAChPSGSwFyUy85');
INSERT INTO public.metric_cards (id,project_id,title,description,category,position_x,position_y,created_by) VALUES ('6a0617d0-2bd9-44b8-a667-031431811e79','04918103-62eb-4a26-9f4f-14d9db037287','Refresh window display','','Work/Action',510,1200,'user_30uQARGezqSApAChPSGSwFyUy85');
INSERT INTO public.metric_cards (id,project_id,title,description,category,position_x,position_y,created_by) VALUES ('ccaec2e8-4c99-4140-a05d-42a199b74b49','04918103-62eb-4a26-9f4f-14d9db037287','Local social campaign','','Work/Action',0,1400,'user_30uQARGezqSApAChPSGSwFyUy85');
INSERT INTO public.metric_cards (id,project_id,title,description,category,position_x,position_y,created_by) VALUES ('53b014d3-5b4b-4e18-9df9-b6d4ef1e4b98','04918103-62eb-4a26-9f4f-14d9db037287','Optimize store layout','','Work/Action',1360,800,'user_30uQARGezqSApAChPSGSwFyUy85');
INSERT INTO public.metric_cards (id,project_id,title,description,category,position_x,position_y,created_by) VALUES ('0ebb74ac-920b-4cfd-99d2-a3e5966e374c','04918103-62eb-4a26-9f4f-14d9db037287','Weekend events lift foot traffic','','Ideas/Hypothesis',1190,1000,'user_30uQARGezqSApAChPSGSwFyUy85');
INSERT INTO public.metric_cards (id,project_id,title,description,category,position_x,position_y,created_by) VALUES ('27dcb86d-a324-4cfa-a976-b61d282d3b6f','04918103-62eb-4a26-9f4f-14d9db037287','More staff lifts conversion','','Ideas/Hypothesis',1530,1000,'user_30uQARGezqSApAChPSGSwFyUy85');
INSERT INTO public.relationships (id,project_id,source_id,target_id,type,confidence,weight,created_by) VALUES ('4b91e7ae-cc46-48ef-b380-27527b2e7255','04918103-62eb-4a26-9f4f-14d9db037287','754c255b-d008-40b5-b7a7-86f5224a99ac','a6161c8f-52d7-49b8-9f22-7b0e62b1fe12','Compositional','High',95,'user_30uQARGezqSApAChPSGSwFyUy85');
INSERT INTO public.relationships (id,project_id,source_id,target_id,type,confidence,weight,created_by) VALUES ('9c3e29a0-cbad-4e41-9e70-5c45921bdf63','04918103-62eb-4a26-9f4f-14d9db037287','5dd30d08-5c1e-41ce-b5c8-e2a9e5c321df','a6161c8f-52d7-49b8-9f22-7b0e62b1fe12','Compositional','High',90,'user_30uQARGezqSApAChPSGSwFyUy85');
INSERT INTO public.relationships (id,project_id,source_id,target_id,type,confidence,weight,created_by) VALUES ('759d1ae2-e9f6-4a3b-978d-7f1d7f052af8','04918103-62eb-4a26-9f4f-14d9db037287','074106ba-d999-4f2e-9fe7-303b6b8d4791','a6161c8f-52d7-49b8-9f22-7b0e62b1fe12','Causal','High',70,'user_30uQARGezqSApAChPSGSwFyUy85');
INSERT INTO public.relationships (id,project_id,source_id,target_id,type,confidence,weight,created_by) VALUES ('2b8cd94b-1589-43b2-97ce-854e204dc8e7','04918103-62eb-4a26-9f4f-14d9db037287','c6b2d2bc-1601-4a07-99de-d73c46995aad','754c255b-d008-40b5-b7a7-86f5224a99ac','Deterministic','High',95,'user_30uQARGezqSApAChPSGSwFyUy85');
INSERT INTO public.relationships (id,project_id,source_id,target_id,type,confidence,weight,created_by) VALUES ('6dd43b2f-6900-4544-bfd1-a36fae17adcb','04918103-62eb-4a26-9f4f-14d9db037287','02726f1a-1c83-4d65-b597-63cfe828f26b','754c255b-d008-40b5-b7a7-86f5224a99ac','Deterministic','High',90,'user_30uQARGezqSApAChPSGSwFyUy85');
INSERT INTO public.relationships (id,project_id,source_id,target_id,type,confidence,weight,created_by) VALUES ('3b8ff137-93a4-4e76-b1aa-75a80b5952e6','04918103-62eb-4a26-9f4f-14d9db037287','c46d78ce-e3e3-4c7f-aa7c-e3153eaae27b','c6b2d2bc-1601-4a07-99de-d73c46995aad','Deterministic','High',90,'user_30uQARGezqSApAChPSGSwFyUy85');
INSERT INTO public.relationships (id,project_id,source_id,target_id,type,confidence,weight,created_by) VALUES ('e7f0b6ac-8d1f-4642-9ed0-e2c374655570','04918103-62eb-4a26-9f4f-14d9db037287','bd9a6dc2-c218-40fd-af02-326776257091','c6b2d2bc-1601-4a07-99de-d73c46995aad','Probabilistic','High',85,'user_30uQARGezqSApAChPSGSwFyUy85');
INSERT INTO public.relationships (id,project_id,source_id,target_id,type,confidence,weight,created_by) VALUES ('0e16cc04-068f-47cc-9d0a-1ef8fb873b6c','04918103-62eb-4a26-9f4f-14d9db037287','e26e9cc0-5fc2-4855-85a3-7e4ab08db917','02726f1a-1c83-4d65-b597-63cfe828f26b','Deterministic','High',80,'user_30uQARGezqSApAChPSGSwFyUy85');
INSERT INTO public.relationships (id,project_id,source_id,target_id,type,confidence,weight,created_by) VALUES ('2f46be25-e0c0-40a8-9a53-1480201f5985','04918103-62eb-4a26-9f4f-14d9db037287','82bd87d2-24ab-458d-82dc-eb39f584c521','02726f1a-1c83-4d65-b597-63cfe828f26b','Deterministic','High',75,'user_30uQARGezqSApAChPSGSwFyUy85');
INSERT INTO public.relationships (id,project_id,source_id,target_id,type,confidence,weight,created_by) VALUES ('cf9d72ef-4d62-40bd-804a-9c069f462515','04918103-62eb-4a26-9f4f-14d9db037287','e118e555-b987-400b-b270-571c8b7c00a1','02726f1a-1c83-4d65-b597-63cfe828f26b','Causal','High',55,'user_30uQARGezqSApAChPSGSwFyUy85');
INSERT INTO public.relationships (id,project_id,source_id,target_id,type,confidence,weight,created_by) VALUES ('94173c23-57cd-455d-bba1-1800f165efb5','04918103-62eb-4a26-9f4f-14d9db037287','7508a05a-f289-4c45-8de7-37b04da0035b','c46d78ce-e3e3-4c7f-aa7c-e3153eaae27b','Deterministic','High',80,'user_30uQARGezqSApAChPSGSwFyUy85');
INSERT INTO public.relationships (id,project_id,source_id,target_id,type,confidence,weight,created_by) VALUES ('255256c8-e709-4404-84e8-2cb78fc32644','04918103-62eb-4a26-9f4f-14d9db037287','55331830-9515-4682-9532-df93566f2c37','c46d78ce-e3e3-4c7f-aa7c-e3153eaae27b','Probabilistic','High',75,'user_30uQARGezqSApAChPSGSwFyUy85');
INSERT INTO public.relationships (id,project_id,source_id,target_id,type,confidence,weight,created_by) VALUES ('1547d101-d0c5-4d26-9b92-394c6ea2c719','04918103-62eb-4a26-9f4f-14d9db037287','6d94258e-f523-42fa-b71f-a277cec497cd','55331830-9515-4682-9532-df93566f2c37','Causal','High',70,'user_30uQARGezqSApAChPSGSwFyUy85');
INSERT INTO public.relationships (id,project_id,source_id,target_id,type,confidence,weight,created_by) VALUES ('ae6e6ac3-6f2f-4009-8f40-f9fcd3a21e4c','04918103-62eb-4a26-9f4f-14d9db037287','9cb26d53-1dd0-44c8-8aae-cdef9107368b','55331830-9515-4682-9532-df93566f2c37','Causal','High',60,'user_30uQARGezqSApAChPSGSwFyUy85');
INSERT INTO public.relationships (id,project_id,source_id,target_id,type,confidence,weight,created_by) VALUES ('d9ccb698-3405-4cf5-bc0b-580d2b5a34a4','04918103-62eb-4a26-9f4f-14d9db037287','27aa70b0-de67-4d97-8084-60baf9b1b966','7508a05a-f289-4c45-8de7-37b04da0035b','Causal','High',55,'user_30uQARGezqSApAChPSGSwFyUy85');
INSERT INTO public.relationships (id,project_id,source_id,target_id,type,confidence,weight,created_by) VALUES ('b4e351d4-24ad-4a73-9e41-cdba84c54db8','04918103-62eb-4a26-9f4f-14d9db037287','81b845f3-863f-4fcf-8929-c4734a2cbaeb','7508a05a-f289-4c45-8de7-37b04da0035b','Causal','High',50,'user_30uQARGezqSApAChPSGSwFyUy85');
INSERT INTO public.relationships (id,project_id,source_id,target_id,type,confidence,weight,created_by) VALUES ('7b69ceca-748c-4c35-8245-a9452ccf9de2','04918103-62eb-4a26-9f4f-14d9db037287','f0e4bcf9-8a2b-4cdc-9a2a-442d13b5da94','81b845f3-863f-4fcf-8929-c4734a2cbaeb','Causal','High',65,'user_30uQARGezqSApAChPSGSwFyUy85');
INSERT INTO public.relationships (id,project_id,source_id,target_id,type,confidence,weight,created_by) VALUES ('55597ffd-16fd-4d8d-84c6-b76da98b5e87','04918103-62eb-4a26-9f4f-14d9db037287','cc37fccb-90a5-4602-bba9-971de2e320bc','81b845f3-863f-4fcf-8929-c4734a2cbaeb','Causal','High',55,'user_30uQARGezqSApAChPSGSwFyUy85');
INSERT INTO public.relationships (id,project_id,source_id,target_id,type,confidence,weight,created_by) VALUES ('c3d37165-b7d2-4e79-b796-d2891460989f','04918103-62eb-4a26-9f4f-14d9db037287','06af7989-ce19-4454-962a-2ed503b1242a','c46d78ce-e3e3-4c7f-aa7c-e3153eaae27b','Causal','High',60,'user_30uQARGezqSApAChPSGSwFyUy85');
INSERT INTO public.relationships (id,project_id,source_id,target_id,type,confidence,weight,created_by) VALUES ('e6c6d5bc-7c64-43bb-95b7-e05244a1112c','04918103-62eb-4a26-9f4f-14d9db037287','b23239a7-3a8e-40b2-9375-d3c1fc072457','7508a05a-f289-4c45-8de7-37b04da0035b','Causal','High',50,'user_30uQARGezqSApAChPSGSwFyUy85');
INSERT INTO public.relationships (id,project_id,source_id,target_id,type,confidence,weight,created_by) VALUES ('e08010b3-7199-4605-ba52-3976f2729449','04918103-62eb-4a26-9f4f-14d9db037287','dfdc6e8a-37b4-4200-aa3d-2b05fe44d25d','bd9a6dc2-c218-40fd-af02-326776257091','Causal','High',70,'user_30uQARGezqSApAChPSGSwFyUy85');
INSERT INTO public.relationships (id,project_id,source_id,target_id,type,confidence,weight,created_by) VALUES ('22945ddd-32ea-41bd-a363-84b4c13a7f7a','04918103-62eb-4a26-9f4f-14d9db037287','c1b9b8c3-ca2b-4221-b364-af598bd678d3','bd9a6dc2-c218-40fd-af02-326776257091','Causal','High',70,'user_30uQARGezqSApAChPSGSwFyUy85');
INSERT INTO public.relationships (id,project_id,source_id,target_id,type,confidence,weight,created_by) VALUES ('810c18ec-551f-4c09-a3b1-4f93210d7d6f','04918103-62eb-4a26-9f4f-14d9db037287','658d0349-9350-4f44-a94e-541e40014744','bd9a6dc2-c218-40fd-af02-326776257091','Causal','High',60,'user_30uQARGezqSApAChPSGSwFyUy85');
INSERT INTO public.relationships (id,project_id,source_id,target_id,type,confidence,weight,created_by) VALUES ('b8417339-5e3d-4104-a468-be2afc58665a','04918103-62eb-4a26-9f4f-14d9db037287','29fb8e01-eef2-40f3-bf5c-1b003d9624b2','f855adf3-be3d-455a-98c8-dce798873f82','Causal','High',70,'user_30uQARGezqSApAChPSGSwFyUy85');
INSERT INTO public.relationships (id,project_id,source_id,target_id,type,confidence,weight,created_by) VALUES ('de0844c6-298d-4fba-a5c0-ae76fd3dd9b3','04918103-62eb-4a26-9f4f-14d9db037287','f855adf3-be3d-455a-98c8-dce798873f82','c46d78ce-e3e3-4c7f-aa7c-e3153eaae27b','Causal','High',55,'user_30uQARGezqSApAChPSGSwFyUy85');
INSERT INTO public.relationships (id,project_id,source_id,target_id,type,confidence,weight,created_by) VALUES ('52b4cbeb-9074-4250-a65e-f5380006f7ec','04918103-62eb-4a26-9f4f-14d9db037287','582c9a05-3047-4870-91f1-b7d053a82652','f855adf3-be3d-455a-98c8-dce798873f82','Causal','High',60,'user_30uQARGezqSApAChPSGSwFyUy85');
INSERT INTO public.relationships (id,project_id,source_id,target_id,type,confidence,weight,created_by) VALUES ('14a69024-f11e-473d-b1f8-bda4af845099','04918103-62eb-4a26-9f4f-14d9db037287','ea5a1f5e-8963-4357-9809-0b601e2eef5d','5dd30d08-5c1e-41ce-b5c8-e2a9e5c321df','Compositional','High',80,'user_30uQARGezqSApAChPSGSwFyUy85');
INSERT INTO public.relationships (id,project_id,source_id,target_id,type,confidence,weight,created_by) VALUES ('13b0a0e0-f34d-4388-99a5-d72cf97e1a96','04918103-62eb-4a26-9f4f-14d9db037287','f7677621-bf71-48e7-b485-8be324ee5410','5dd30d08-5c1e-41ce-b5c8-e2a9e5c321df','Compositional','High',70,'user_30uQARGezqSApAChPSGSwFyUy85');
INSERT INTO public.relationships (id,project_id,source_id,target_id,type,confidence,weight,created_by) VALUES ('926f86c4-a36f-4c32-b679-52848f364dcf','04918103-62eb-4a26-9f4f-14d9db037287','4cdbb263-d9e5-4dd2-b1fb-18b893a528c2','5dd30d08-5c1e-41ce-b5c8-e2a9e5c321df','Compositional','High',75,'user_30uQARGezqSApAChPSGSwFyUy85');
INSERT INTO public.relationships (id,project_id,source_id,target_id,type,confidence,weight,created_by) VALUES ('67d1c4aa-6176-4dc6-84b2-3eb6325d5e1c','04918103-62eb-4a26-9f4f-14d9db037287','9928ab32-2907-400d-b491-cbe6780347ac','4cdbb263-d9e5-4dd2-b1fb-18b893a528c2','Deterministic','High',80,'user_30uQARGezqSApAChPSGSwFyUy85');
INSERT INTO public.relationships (id,project_id,source_id,target_id,type,confidence,weight,created_by) VALUES ('57689800-496e-41a2-8538-ebd2d11902fb','04918103-62eb-4a26-9f4f-14d9db037287','12d039d8-e8b5-4aff-944a-377727d05f51','4cdbb263-d9e5-4dd2-b1fb-18b893a528c2','Deterministic','High',70,'user_30uQARGezqSApAChPSGSwFyUy85');
INSERT INTO public.relationships (id,project_id,source_id,target_id,type,confidence,weight,created_by) VALUES ('659c811c-bf0a-4fb3-b4bc-11fb82440f0b','04918103-62eb-4a26-9f4f-14d9db037287','3258d4fb-c1ab-4086-88af-cc49b02d85fd','5dd30d08-5c1e-41ce-b5c8-e2a9e5c321df','Compositional','High',50,'user_30uQARGezqSApAChPSGSwFyUy85');
INSERT INTO public.relationships (id,project_id,source_id,target_id,type,confidence,weight,created_by) VALUES ('bc778179-da2a-4ed3-83f6-57f052aa8071','04918103-62eb-4a26-9f4f-14d9db037287','ced418eb-97d8-4663-ab56-b0e32c0f4cfb','5dd30d08-5c1e-41ce-b5c8-e2a9e5c321df','Causal','High',55,'user_30uQARGezqSApAChPSGSwFyUy85');
INSERT INTO public.relationships (id,project_id,source_id,target_id,type,confidence,weight,created_by) VALUES ('3cdbf4b0-6313-4620-80b6-e5145784cfa7','04918103-62eb-4a26-9f4f-14d9db037287','71153cb9-dc99-482e-a68a-241c739eb880','5dd30d08-5c1e-41ce-b5c8-e2a9e5c321df','Compositional','High',60,'user_30uQARGezqSApAChPSGSwFyUy85');
INSERT INTO public.relationships (id,project_id,source_id,target_id,type,confidence,weight,created_by) VALUES ('b228cc23-e68d-4540-98fe-a25f5b22cdcb','04918103-62eb-4a26-9f4f-14d9db037287','ea5a1f5e-8963-4357-9809-0b601e2eef5d','074106ba-d999-4f2e-9fe7-303b6b8d4791','Causal','High',75,'user_30uQARGezqSApAChPSGSwFyUy85');
INSERT INTO public.relationships (id,project_id,source_id,target_id,type,confidence,weight,created_by) VALUES ('966ba682-0751-4a1f-9b2a-3ec6de80343f','04918103-62eb-4a26-9f4f-14d9db037287','9928ab32-2907-400d-b491-cbe6780347ac','dfdc6e8a-37b4-4200-aa3d-2b05fe44d25d','Causal','High',60,'user_30uQARGezqSApAChPSGSwFyUy85');
INSERT INTO public.relationships (id,project_id,source_id,target_id,type,confidence,weight,created_by) VALUES ('190c3579-0fc6-42b3-af99-412d05678acb','04918103-62eb-4a26-9f4f-14d9db037287','27aa70b0-de67-4d97-8084-60baf9b1b966','71153cb9-dc99-482e-a68a-241c739eb880','Compositional','High',60,'user_30uQARGezqSApAChPSGSwFyUy85');
INSERT INTO public.relationships (id,project_id,source_id,target_id,type,confidence,weight,created_by) VALUES ('7d5a9a71-29bd-483c-bada-9e9472742630','04918103-62eb-4a26-9f4f-14d9db037287','fab025da-a445-4ba7-8ada-45497cb76872','bd9a6dc2-c218-40fd-af02-326776257091','Causal','High',70,'user_30uQARGezqSApAChPSGSwFyUy85');
INSERT INTO public.relationships (id,project_id,source_id,target_id,type,confidence,weight,created_by) VALUES ('b7f11556-fa31-465b-b826-d0c1e71e811b','04918103-62eb-4a26-9f4f-14d9db037287','58003d78-1cbb-47c4-9288-083cc90d754e','29fb8e01-eef2-40f3-bf5c-1b003d9624b2','Causal','High',75,'user_30uQARGezqSApAChPSGSwFyUy85');
INSERT INTO public.relationships (id,project_id,source_id,target_id,type,confidence,weight,created_by) VALUES ('76209560-9501-44e7-bf1d-fa3c8d82c8ce','04918103-62eb-4a26-9f4f-14d9db037287','6a0617d0-2bd9-44b8-a667-031431811e79','6d94258e-f523-42fa-b71f-a277cec497cd','Causal','High',75,'user_30uQARGezqSApAChPSGSwFyUy85');
INSERT INTO public.relationships (id,project_id,source_id,target_id,type,confidence,weight,created_by) VALUES ('cd354be6-4894-480d-b59c-f423d7d79684','04918103-62eb-4a26-9f4f-14d9db037287','ccaec2e8-4c99-4140-a05d-42a199b74b49','f0e4bcf9-8a2b-4cdc-9a2a-442d13b5da94','Causal','High',65,'user_30uQARGezqSApAChPSGSwFyUy85');
INSERT INTO public.relationships (id,project_id,source_id,target_id,type,confidence,weight,created_by) VALUES ('9d5ae67d-4fbf-45e9-ad99-9f7ab931dce4','04918103-62eb-4a26-9f4f-14d9db037287','53b014d3-5b4b-4e18-9df9-b6d4ef1e4b98','e118e555-b987-400b-b270-571c8b7c00a1','Causal','High',55,'user_30uQARGezqSApAChPSGSwFyUy85');
INSERT INTO public.relationships (id,project_id,source_id,target_id,type,confidence,weight,created_by) VALUES ('582b81c4-954b-4d3c-b8d0-ae3154eb3f12','04918103-62eb-4a26-9f4f-14d9db037287','0ebb74ac-920b-4cfd-99d2-a3e5966e374c','06af7989-ce19-4454-962a-2ed503b1242a','Probabilistic','High',50,'user_30uQARGezqSApAChPSGSwFyUy85');
INSERT INTO public.relationships (id,project_id,source_id,target_id,type,confidence,weight,created_by) VALUES ('074aab02-1822-4df2-923e-08611ae43330','04918103-62eb-4a26-9f4f-14d9db037287','27dcb86d-a324-4cfa-a976-b61d282d3b6f','dfdc6e8a-37b4-4200-aa3d-2b05fe44d25d','Probabilistic','High',50,'user_30uQARGezqSApAChPSGSwFyUy85');

COMMIT;
