-- Example metric trees (SaaS / E-commerce / Retail). Owner: user_30uQARGezqSApAChPSGSwFyUy85
-- Re-runnable: deletes prior projects with the same names (cascade) first.
BEGIN;

DELETE FROM public.projects WHERE created_by='user_30uQARGezqSApAChPSGSwFyUy85' AND name='SaaS — Example Metric Tree';
INSERT INTO public.projects (id,name,description,created_by,last_modified_by,is_public,tags,settings) VALUES ('ad1f3617-1ca8-4f3e-9983-100e9a8b9bf8','SaaS — Example Metric Tree','Decomposition of profit for a B2B SaaS: ARR/MRR movements, acquisition funnel, channels (incl. social), unit economics, and cost structure.','user_30uQARGezqSApAChPSGSwFyUy85','user_30uQARGezqSApAChPSGSwFyUy85',true,ARRAY['example','template'],'{}');
INSERT INTO public.metric_cards (id,project_id,title,description,category,position_x,position_y,created_by,data) VALUES ('ba81101f-8fd4-47c9-8935-970979bb300c','ad1f3617-1ca8-4f3e-9983-100e9a8b9bf8','Profit','Revenue − Total Costs','Core/Value',0,0,'user_30uQARGezqSApAChPSGSwFyUy85','[{"period":"2025-12","value":123375,"change_percent":0,"trend":"neutral"},{"period":"2026-01","value":128801,"change_percent":4.4,"trend":"up"},{"period":"2026-02","value":135218,"change_percent":5,"trend":"up"},{"period":"2026-03","value":142134,"change_percent":5.1,"trend":"up"},{"period":"2026-04","value":150945,"change_percent":6.2,"trend":"up"},{"period":"2026-05","value":161183,"change_percent":6.8,"trend":"up"},{"period":"2026-06","value":172353,"change_percent":6.9,"trend":"up"}]'::jsonb);
INSERT INTO public.metric_cards (id,project_id,title,description,category,position_x,position_y,created_by,data) VALUES ('9ce39ae0-5a31-4f03-90c7-dc0f9cd3a4ef','ad1f3617-1ca8-4f3e-9983-100e9a8b9bf8','Revenue (ARR)','MRR × 12','Data/Metric',-1190,200,'user_30uQARGezqSApAChPSGSwFyUy85','[{"period":"2025-12","value":598123,"change_percent":0,"trend":"neutral"},{"period":"2026-01","value":647833,"change_percent":8.3,"trend":"up"},{"period":"2026-02","value":687937,"change_percent":6.2,"trend":"up"},{"period":"2026-03","value":733559,"change_percent":6.6,"trend":"up"},{"period":"2026-04","value":790522,"change_percent":7.8,"trend":"up"},{"period":"2026-05","value":842025,"change_percent":6.5,"trend":"up"},{"period":"2026-06","value":894085,"change_percent":6.2,"trend":"up"}]'::jsonb);
INSERT INTO public.metric_cards (id,project_id,title,description,category,position_x,position_y,created_by,data) VALUES ('8834f3d0-7bd2-4ef6-8add-0ca98be52231','ad1f3617-1ca8-4f3e-9983-100e9a8b9bf8','MRR','Monthly Recurring Revenue','Data/Metric',-680,400,'user_30uQARGezqSApAChPSGSwFyUy85','[{"period":"2025-12","value":632126,"change_percent":0,"trend":"neutral"},{"period":"2026-01","value":652643,"change_percent":3.2,"trend":"up"},{"period":"2026-02","value":682639,"change_percent":4.6,"trend":"up"},{"period":"2026-03","value":724148,"change_percent":6.1,"trend":"up"},{"period":"2026-04","value":737218,"change_percent":1.8,"trend":"up"},{"period":"2026-05","value":764886,"change_percent":3.8,"trend":"up"},{"period":"2026-06","value":774210,"change_percent":1.2,"trend":"up"}]'::jsonb);
INSERT INTO public.metric_cards (id,project_id,title,description,category,position_x,position_y,created_by,data) VALUES ('08a6706e-961d-467b-ad6a-657903e7a38f','ad1f3617-1ca8-4f3e-9983-100e9a8b9bf8','New MRR','New Customers × ARPA','Data/Metric',-1020,600,'user_30uQARGezqSApAChPSGSwFyUy85','[{"period":"2025-12","value":747593,"change_percent":0,"trend":"neutral"},{"period":"2026-01","value":773645,"change_percent":3.5,"trend":"up"},{"period":"2026-02","value":801070,"change_percent":3.5,"trend":"up"},{"period":"2026-03","value":832734,"change_percent":4,"trend":"up"},{"period":"2026-04","value":862508,"change_percent":3.6,"trend":"up"},{"period":"2026-05","value":915358,"change_percent":6.1,"trend":"up"},{"period":"2026-06","value":962813,"change_percent":5.2,"trend":"up"}]'::jsonb);
INSERT INTO public.metric_cards (id,project_id,title,description,category,position_x,position_y,created_by,data) VALUES ('8d6f58bd-fe04-461c-b547-dcf69f00f880','ad1f3617-1ca8-4f3e-9983-100e9a8b9bf8','Expansion MRR','Upsell + cross-sell','Data/Metric',-680,600,'user_30uQARGezqSApAChPSGSwFyUy85','[{"period":"2025-12","value":27064,"change_percent":0,"trend":"neutral"},{"period":"2026-01","value":28728,"change_percent":6.1,"trend":"up"},{"period":"2026-02","value":29967,"change_percent":4.3,"trend":"up"},{"period":"2026-03","value":31749,"change_percent":5.9,"trend":"up"},{"period":"2026-04","value":33295,"change_percent":4.9,"trend":"up"},{"period":"2026-05","value":35537,"change_percent":6.7,"trend":"up"},{"period":"2026-06","value":37880,"change_percent":6.6,"trend":"up"}]'::jsonb);
INSERT INTO public.metric_cards (id,project_id,title,description,category,position_x,position_y,created_by,data) VALUES ('33d686ee-7bf3-4892-8c66-518d5361a04a','ad1f3617-1ca8-4f3e-9983-100e9a8b9bf8','Reactivation MRR','','Data/Metric',-340,600,'user_30uQARGezqSApAChPSGSwFyUy85','[{"period":"2025-12","value":478448,"change_percent":0,"trend":"neutral"},{"period":"2026-01","value":493143,"change_percent":3.1,"trend":"up"},{"period":"2026-02","value":498958,"change_percent":1.2,"trend":"up"},{"period":"2026-03","value":523755,"change_percent":5,"trend":"up"},{"period":"2026-04","value":536976,"change_percent":2.5,"trend":"up"},{"period":"2026-05","value":537958,"change_percent":0.2,"trend":"neutral"},{"period":"2026-06","value":544164,"change_percent":1.2,"trend":"up"}]'::jsonb);
INSERT INTO public.metric_cards (id,project_id,title,description,category,position_x,position_y,created_by,data) VALUES ('ef65fb2b-4a69-46e1-8918-b3aed7fe8424','ad1f3617-1ca8-4f3e-9983-100e9a8b9bf8','Churned MRR','Lost recurring revenue','Data/Metric',0,600,'user_30uQARGezqSApAChPSGSwFyUy85','[{"period":"2025-12","value":37.4,"change_percent":0,"trend":"neutral"},{"period":"2026-01","value":34.3,"change_percent":-8.3,"trend":"down"},{"period":"2026-02","value":32.3,"change_percent":-5.8,"trend":"down"},{"period":"2026-03","value":29.5,"change_percent":-8.7,"trend":"down"},{"period":"2026-04","value":27.7,"change_percent":-6.1,"trend":"down"},{"period":"2026-05","value":25.6,"change_percent":-7.6,"trend":"down"},{"period":"2026-06","value":23.4,"change_percent":-8.6,"trend":"down"}]'::jsonb);
INSERT INTO public.metric_cards (id,project_id,title,description,category,position_x,position_y,created_by,data) VALUES ('d186823a-3761-449c-ab5a-1aec333b95a0','ad1f3617-1ca8-4f3e-9983-100e9a8b9bf8','Contraction MRR','Downgrades','Data/Metric',340,600,'user_30uQARGezqSApAChPSGSwFyUy85','[{"period":"2025-12","value":8075,"change_percent":0,"trend":"neutral"},{"period":"2026-01","value":7439,"change_percent":-7.9,"trend":"down"},{"period":"2026-02","value":7026,"change_percent":-5.6,"trend":"down"},{"period":"2026-03","value":6477,"change_percent":-7.8,"trend":"down"},{"period":"2026-04","value":5995,"change_percent":-7.4,"trend":"down"},{"period":"2026-05","value":5697,"change_percent":-5,"trend":"down"},{"period":"2026-06","value":5460,"change_percent":-4.2,"trend":"down"}]'::jsonb);
INSERT INTO public.metric_cards (id,project_id,title,description,category,position_x,position_y,created_by,data) VALUES ('02323037-ea13-4887-b2b7-5c079c6740b5','ad1f3617-1ca8-4f3e-9983-100e9a8b9bf8','New Customers','Trials × Trial→Paid','Data/Metric',-340,800,'user_30uQARGezqSApAChPSGSwFyUy85','[{"period":"2025-12","value":62082,"change_percent":0,"trend":"neutral"},{"period":"2026-01","value":66538,"change_percent":7.2,"trend":"up"},{"period":"2026-02","value":69020,"change_percent":3.7,"trend":"up"},{"period":"2026-03","value":71763,"change_percent":4,"trend":"up"},{"period":"2026-04","value":76465,"change_percent":6.6,"trend":"up"},{"period":"2026-05","value":82852,"change_percent":8.4,"trend":"up"},{"period":"2026-06","value":86438,"change_percent":4.3,"trend":"up"}]'::jsonb);
INSERT INTO public.metric_cards (id,project_id,title,description,category,position_x,position_y,created_by,data) VALUES ('9d4ee3bb-cb0e-4ef8-a05a-9a5642943a23','ad1f3617-1ca8-4f3e-9983-100e9a8b9bf8','ARPA','Avg revenue per account','Data/Metric',0,800,'user_30uQARGezqSApAChPSGSwFyUy85','[{"period":"2025-12","value":19440,"change_percent":0,"trend":"neutral"},{"period":"2026-01","value":20222,"change_percent":4,"trend":"up"},{"period":"2026-02","value":21186,"change_percent":4.8,"trend":"up"},{"period":"2026-03","value":22084,"change_percent":4.2,"trend":"up"},{"period":"2026-04","value":22591,"change_percent":2.3,"trend":"up"},{"period":"2026-05","value":23596,"change_percent":4.4,"trend":"up"},{"period":"2026-06","value":24206,"change_percent":2.6,"trend":"up"}]'::jsonb);
INSERT INTO public.metric_cards (id,project_id,title,description,category,position_x,position_y,created_by,data) VALUES ('e3ab68df-29cc-4fdd-8241-011f3c3b17e1','ad1f3617-1ca8-4f3e-9983-100e9a8b9bf8','Avg Price','','Data/Metric',-850,1000,'user_30uQARGezqSApAChPSGSwFyUy85','[{"period":"2025-12","value":222880,"change_percent":0,"trend":"neutral"},{"period":"2026-01","value":240917,"change_percent":8.1,"trend":"up"},{"period":"2026-02","value":256566,"change_percent":6.5,"trend":"up"},{"period":"2026-03","value":274014,"change_percent":6.8,"trend":"up"},{"period":"2026-04","value":286600,"change_percent":4.6,"trend":"up"},{"period":"2026-05","value":298535,"change_percent":4.2,"trend":"up"},{"period":"2026-06","value":316944,"change_percent":6.2,"trend":"up"}]'::jsonb);
INSERT INTO public.metric_cards (id,project_id,title,description,category,position_x,position_y,created_by,data) VALUES ('2e79d793-8003-4e78-bef7-63b8a60478bc','ad1f3617-1ca8-4f3e-9983-100e9a8b9bf8','Avg Seats / Account','','Data/Metric',-510,1000,'user_30uQARGezqSApAChPSGSwFyUy85','[{"period":"2025-12","value":87459,"change_percent":0,"trend":"neutral"},{"period":"2026-01","value":90005,"change_percent":2.9,"trend":"up"},{"period":"2026-02","value":92617,"change_percent":2.9,"trend":"up"},{"period":"2026-03","value":95790,"change_percent":3.4,"trend":"up"},{"period":"2026-04","value":99739,"change_percent":4.1,"trend":"up"},{"period":"2026-05","value":104727,"change_percent":5,"trend":"up"},{"period":"2026-06","value":108523,"change_percent":3.6,"trend":"up"}]'::jsonb);
INSERT INTO public.metric_cards (id,project_id,title,description,category,position_x,position_y,created_by,data) VALUES ('72d71a5c-56f4-4dea-a5dd-f8fd021f74e9','ad1f3617-1ca8-4f3e-9983-100e9a8b9bf8','Trials Started','MQLs × Lead→Trial','Data/Metric',-170,1000,'user_30uQARGezqSApAChPSGSwFyUy85','[{"period":"2025-12","value":24074,"change_percent":0,"trend":"neutral"},{"period":"2026-01","value":25694,"change_percent":6.7,"trend":"up"},{"period":"2026-02","value":26488,"change_percent":3.1,"trend":"up"},{"period":"2026-03","value":28296,"change_percent":6.8,"trend":"up"},{"period":"2026-04","value":28997,"change_percent":2.5,"trend":"up"},{"period":"2026-05","value":30395,"change_percent":4.8,"trend":"up"},{"period":"2026-06","value":31551,"change_percent":3.8,"trend":"up"}]'::jsonb);
INSERT INTO public.metric_cards (id,project_id,title,description,category,position_x,position_y,created_by,data) VALUES ('9a8642df-d4ce-4633-9ff1-c16f4ddfc777','ad1f3617-1ca8-4f3e-9983-100e9a8b9bf8','Trial→Paid Conversion %','','Data/Metric',170,1000,'user_30uQARGezqSApAChPSGSwFyUy85','[{"period":"2025-12","value":46.3,"change_percent":0,"trend":"neutral"},{"period":"2026-01","value":49.9,"change_percent":7.8,"trend":"up"},{"period":"2026-02","value":54,"change_percent":8.2,"trend":"up"},{"period":"2026-03","value":57.6,"change_percent":6.7,"trend":"up"},{"period":"2026-04","value":60.3,"change_percent":4.7,"trend":"up"},{"period":"2026-05","value":65.2,"change_percent":8.1,"trend":"up"},{"period":"2026-06","value":70.2,"change_percent":7.7,"trend":"up"}]'::jsonb);
INSERT INTO public.metric_cards (id,project_id,title,description,category,position_x,position_y,created_by,data) VALUES ('7bce15b4-05de-415c-ba72-0f05e106a3c2','ad1f3617-1ca8-4f3e-9983-100e9a8b9bf8','Marketing Qualified Leads','Visitors × Visitor→Lead','Data/Metric',-510,1200,'user_30uQARGezqSApAChPSGSwFyUy85','[{"period":"2025-12","value":83987,"change_percent":0,"trend":"neutral"},{"period":"2026-01","value":90315,"change_percent":7.5,"trend":"up"},{"period":"2026-02","value":96365,"change_percent":6.7,"trend":"up"},{"period":"2026-03","value":100829,"change_percent":4.6,"trend":"up"},{"period":"2026-04","value":107570,"change_percent":6.7,"trend":"up"},{"period":"2026-05","value":110612,"change_percent":2.8,"trend":"up"},{"period":"2026-06","value":114624,"change_percent":3.6,"trend":"up"}]'::jsonb);
INSERT INTO public.metric_cards (id,project_id,title,description,category,position_x,position_y,created_by,data) VALUES ('e7645925-bedc-4436-9aa2-133c807c87af','ad1f3617-1ca8-4f3e-9983-100e9a8b9bf8','Visitor→Lead %','','Data/Metric',-170,1200,'user_30uQARGezqSApAChPSGSwFyUy85','[{"period":"2025-12","value":8.1,"change_percent":0,"trend":"neutral"},{"period":"2026-01","value":8.1,"change_percent":0,"trend":"neutral"},{"period":"2026-02","value":8,"change_percent":-1.2,"trend":"down"},{"period":"2026-03","value":8.3,"change_percent":3.8,"trend":"up"},{"period":"2026-04","value":8.7,"change_percent":4.8,"trend":"up"},{"period":"2026-05","value":8.7,"change_percent":0,"trend":"neutral"},{"period":"2026-06","value":9.1,"change_percent":4.6,"trend":"up"}]'::jsonb);
INSERT INTO public.metric_cards (id,project_id,title,description,category,position_x,position_y,created_by,data) VALUES ('38395ab7-4200-4239-930b-3aacba78a529','ad1f3617-1ca8-4f3e-9983-100e9a8b9bf8','Website Visitors','Sum of channels','Data/Metric',0,1400,'user_30uQARGezqSApAChPSGSwFyUy85','[{"period":"2025-12","value":71847,"change_percent":0,"trend":"neutral"},{"period":"2026-01","value":75833,"change_percent":5.5,"trend":"up"},{"period":"2026-02","value":79889,"change_percent":5.3,"trend":"up"},{"period":"2026-03","value":87501,"change_percent":9.5,"trend":"up"},{"period":"2026-04","value":95272,"change_percent":8.9,"trend":"up"},{"period":"2026-05","value":104546,"change_percent":9.7,"trend":"up"},{"period":"2026-06","value":112864,"change_percent":8,"trend":"up"}]'::jsonb);
INSERT INTO public.metric_cards (id,project_id,title,description,category,position_x,position_y,created_by,data) VALUES ('7f0f20bb-7e74-4d92-8600-7d5a445896ab','ad1f3617-1ca8-4f3e-9983-100e9a8b9bf8','Organic / SEO Traffic','','Data/Metric',-850,1600,'user_30uQARGezqSApAChPSGSwFyUy85','[{"period":"2025-12","value":54175,"change_percent":0,"trend":"neutral"},{"period":"2026-01","value":56403,"change_percent":4.1,"trend":"up"},{"period":"2026-02","value":58905,"change_percent":4.4,"trend":"up"},{"period":"2026-03","value":62145,"change_percent":5.5,"trend":"up"},{"period":"2026-04","value":65104,"change_percent":4.8,"trend":"up"},{"period":"2026-05","value":67381,"change_percent":3.5,"trend":"up"},{"period":"2026-06","value":71522,"change_percent":6.1,"trend":"up"}]'::jsonb);
INSERT INTO public.metric_cards (id,project_id,title,description,category,position_x,position_y,created_by,data) VALUES ('9cc8ad71-3313-4b81-ae6e-ab645fda7de2','ad1f3617-1ca8-4f3e-9983-100e9a8b9bf8','Paid Search Traffic','Ad Spend / CPC','Data/Metric',-510,1600,'user_30uQARGezqSApAChPSGSwFyUy85','[{"period":"2025-12","value":62198,"change_percent":0,"trend":"neutral"},{"period":"2026-01","value":65983,"change_percent":6.1,"trend":"up"},{"period":"2026-02","value":69016,"change_percent":4.6,"trend":"up"},{"period":"2026-03","value":72757,"change_percent":5.4,"trend":"up"},{"period":"2026-04","value":78032,"change_percent":7.3,"trend":"up"},{"period":"2026-05","value":81850,"change_percent":4.9,"trend":"up"},{"period":"2026-06","value":84082,"change_percent":2.7,"trend":"up"}]'::jsonb);
INSERT INTO public.metric_cards (id,project_id,title,description,category,position_x,position_y,created_by,data) VALUES ('32505b82-1148-428a-8b4b-46d64489d88e','ad1f3617-1ca8-4f3e-9983-100e9a8b9bf8','Social Media Traffic','Reach × CTR','Data/Metric',-170,1600,'user_30uQARGezqSApAChPSGSwFyUy85','[{"period":"2025-12","value":80970,"change_percent":0,"trend":"neutral"},{"period":"2026-01","value":86178,"change_percent":6.4,"trend":"up"},{"period":"2026-02","value":92353,"change_percent":7.2,"trend":"up"},{"period":"2026-03","value":98263,"change_percent":6.4,"trend":"up"},{"period":"2026-04","value":103894,"change_percent":5.7,"trend":"up"},{"period":"2026-05","value":108392,"change_percent":4.3,"trend":"up"},{"period":"2026-06","value":112232,"change_percent":3.5,"trend":"up"}]'::jsonb);
INSERT INTO public.metric_cards (id,project_id,title,description,category,position_x,position_y,created_by,data) VALUES ('32b136c0-8e6f-403a-a2de-466ca4cf0b3c','ad1f3617-1ca8-4f3e-9983-100e9a8b9bf8','Referral Traffic','','Data/Metric',170,1600,'user_30uQARGezqSApAChPSGSwFyUy85','[{"period":"2025-12","value":75754,"change_percent":0,"trend":"neutral"},{"period":"2026-01","value":80808,"change_percent":6.7,"trend":"up"},{"period":"2026-02","value":85868,"change_percent":6.3,"trend":"up"},{"period":"2026-03","value":89844,"change_percent":4.6,"trend":"up"},{"period":"2026-04","value":94707,"change_percent":5.4,"trend":"up"},{"period":"2026-05","value":100938,"change_percent":6.6,"trend":"up"},{"period":"2026-06","value":107318,"change_percent":6.3,"trend":"up"}]'::jsonb);
INSERT INTO public.metric_cards (id,project_id,title,description,category,position_x,position_y,created_by,data) VALUES ('cc875c68-ee3c-41ee-a345-ef4d12324215','ad1f3617-1ca8-4f3e-9983-100e9a8b9bf8','Direct Traffic','','Data/Metric',510,1600,'user_30uQARGezqSApAChPSGSwFyUy85','[{"period":"2025-12","value":59812,"change_percent":0,"trend":"neutral"},{"period":"2026-01","value":63781,"change_percent":6.6,"trend":"up"},{"period":"2026-02","value":66736,"change_percent":4.6,"trend":"up"},{"period":"2026-03","value":68856,"change_percent":3.2,"trend":"up"},{"period":"2026-04","value":72085,"change_percent":4.7,"trend":"up"},{"period":"2026-05","value":74644,"change_percent":3.5,"trend":"up"},{"period":"2026-06","value":79287,"change_percent":6.2,"trend":"up"}]'::jsonb);
INSERT INTO public.metric_cards (id,project_id,title,description,category,position_x,position_y,created_by,data) VALUES ('76327470-9257-4847-a6b4-5f0a945f4fd2','ad1f3617-1ca8-4f3e-9983-100e9a8b9bf8','Email Traffic','','Data/Metric',850,1600,'user_30uQARGezqSApAChPSGSwFyUy85','[{"period":"2025-12","value":86539,"change_percent":0,"trend":"neutral"},{"period":"2026-01","value":88418,"change_percent":2.2,"trend":"up"},{"period":"2026-02","value":91428,"change_percent":3.4,"trend":"up"},{"period":"2026-03","value":93151,"change_percent":1.9,"trend":"up"},{"period":"2026-04","value":97658,"change_percent":4.8,"trend":"up"},{"period":"2026-05","value":101929,"change_percent":4.4,"trend":"up"},{"period":"2026-06","value":106617,"change_percent":4.6,"trend":"up"}]'::jsonb);
INSERT INTO public.metric_cards (id,project_id,title,description,category,position_x,position_y,created_by,data) VALUES ('4589b898-3f52-48a1-ad7f-bab14b949c92','ad1f3617-1ca8-4f3e-9983-100e9a8b9bf8','Social Reach / Followers','','Data/Metric',-850,1800,'user_30uQARGezqSApAChPSGSwFyUy85','[{"period":"2025-12","value":3671,"change_percent":0,"trend":"neutral"},{"period":"2026-01","value":3787,"change_percent":3.2,"trend":"up"},{"period":"2026-02","value":3938,"change_percent":4,"trend":"up"},{"period":"2026-03","value":4118,"change_percent":4.6,"trend":"up"},{"period":"2026-04","value":4339,"change_percent":5.4,"trend":"up"},{"period":"2026-05","value":4555,"change_percent":5,"trend":"up"},{"period":"2026-06","value":4766,"change_percent":4.6,"trend":"up"}]'::jsonb);
INSERT INTO public.metric_cards (id,project_id,title,description,category,position_x,position_y,created_by,data) VALUES ('56fdda4c-29bb-4c5b-99c5-7a5839e3de74','ad1f3617-1ca8-4f3e-9983-100e9a8b9bf8','Social Engagement Rate','','Data/Metric',-510,1800,'user_30uQARGezqSApAChPSGSwFyUy85','[{"period":"2025-12","value":21.4,"change_percent":0,"trend":"neutral"},{"period":"2026-01","value":22,"change_percent":2.8,"trend":"up"},{"period":"2026-02","value":22.6,"change_percent":2.7,"trend":"up"},{"period":"2026-03","value":23.5,"change_percent":4,"trend":"up"},{"period":"2026-04","value":25.1,"change_percent":6.8,"trend":"up"},{"period":"2026-05","value":26,"change_percent":3.6,"trend":"up"},{"period":"2026-06","value":27,"change_percent":3.8,"trend":"up"}]'::jsonb);
INSERT INTO public.metric_cards (id,project_id,title,description,category,position_x,position_y,created_by,data) VALUES ('700a0300-ff00-4be6-98ee-2795262abe3e','ad1f3617-1ca8-4f3e-9983-100e9a8b9bf8','Content Cadence (posts/wk)','','Data/Metric',0,2000,'user_30uQARGezqSApAChPSGSwFyUy85','[{"period":"2025-12","value":4953,"change_percent":0,"trend":"neutral"},{"period":"2026-01","value":5177,"change_percent":4.5,"trend":"up"},{"period":"2026-02","value":5357,"change_percent":3.5,"trend":"up"},{"period":"2026-03","value":5675,"change_percent":5.9,"trend":"up"},{"period":"2026-04","value":5768,"change_percent":1.6,"trend":"up"},{"period":"2026-05","value":6000,"change_percent":4,"trend":"up"},{"period":"2026-06","value":6276,"change_percent":4.6,"trend":"up"}]'::jsonb);
INSERT INTO public.metric_cards (id,project_id,title,description,category,position_x,position_y,created_by,data) VALUES ('2c984358-0dc7-41a8-bf32-d0fefb9d4e98','ad1f3617-1ca8-4f3e-9983-100e9a8b9bf8','Ad Spend','','Data/Metric',-170,1800,'user_30uQARGezqSApAChPSGSwFyUy85','[{"period":"2025-12","value":169897,"change_percent":0,"trend":"neutral"},{"period":"2026-01","value":187144,"change_percent":10.2,"trend":"up"},{"period":"2026-02","value":204258,"change_percent":9.1,"trend":"up"},{"period":"2026-03","value":216824,"change_percent":6.2,"trend":"up"},{"period":"2026-04","value":229043,"change_percent":5.6,"trend":"up"},{"period":"2026-05","value":246345,"change_percent":7.6,"trend":"up"},{"period":"2026-06","value":271366,"change_percent":10.2,"trend":"up"}]'::jsonb);
INSERT INTO public.metric_cards (id,project_id,title,description,category,position_x,position_y,created_by,data) VALUES ('96e9fcba-99f4-43e9-bf26-3d60da9c7e12','ad1f3617-1ca8-4f3e-9983-100e9a8b9bf8','CPC','','Data/Metric',170,1800,'user_30uQARGezqSApAChPSGSwFyUy85','[{"period":"2025-12","value":4039,"change_percent":0,"trend":"neutral"},{"period":"2026-01","value":4336,"change_percent":7.4,"trend":"up"},{"period":"2026-02","value":4614,"change_percent":6.4,"trend":"up"},{"period":"2026-03","value":4957,"change_percent":7.4,"trend":"up"},{"period":"2026-04","value":5426,"change_percent":9.5,"trend":"up"},{"period":"2026-05","value":5977,"change_percent":10.2,"trend":"up"},{"period":"2026-06","value":6407,"change_percent":7.2,"trend":"up"}]'::jsonb);
INSERT INTO public.metric_cards (id,project_id,title,description,category,position_x,position_y,created_by,data) VALUES ('36cff9d7-9fdc-4c35-b2d6-dab4f1145f02','ad1f3617-1ca8-4f3e-9983-100e9a8b9bf8','Customer Churn Rate','','Data/Metric',340,800,'user_30uQARGezqSApAChPSGSwFyUy85','[{"period":"2025-12","value":52.8,"change_percent":0,"trend":"neutral"},{"period":"2026-01","value":51.6,"change_percent":-2.3,"trend":"down"},{"period":"2026-02","value":49.8,"change_percent":-3.5,"trend":"down"},{"period":"2026-03","value":47,"change_percent":-5.6,"trend":"down"},{"period":"2026-04","value":45.4,"change_percent":-3.4,"trend":"down"},{"period":"2026-05","value":43.1,"change_percent":-5.1,"trend":"down"},{"period":"2026-06","value":42.2,"change_percent":-2.1,"trend":"down"}]'::jsonb);
INSERT INTO public.metric_cards (id,project_id,title,description,category,position_x,position_y,created_by,data) VALUES ('352771d6-e30c-49ac-a960-154d4cfe193b','ad1f3617-1ca8-4f3e-9983-100e9a8b9bf8','Net Revenue Retention','','Data/Metric',-850,200,'user_30uQARGezqSApAChPSGSwFyUy85','[{"period":"2025-12","value":33,"change_percent":0,"trend":"neutral"},{"period":"2026-01","value":34.7,"change_percent":5.2,"trend":"up"},{"period":"2026-02","value":37.1,"change_percent":6.9,"trend":"up"},{"period":"2026-03","value":39.2,"change_percent":5.7,"trend":"up"},{"period":"2026-04","value":41.6,"change_percent":6.1,"trend":"up"},{"period":"2026-05","value":44.7,"change_percent":7.5,"trend":"up"},{"period":"2026-06","value":48.3,"change_percent":8.1,"trend":"up"}]'::jsonb);
INSERT INTO public.metric_cards (id,project_id,title,description,category,position_x,position_y,created_by,data) VALUES ('1785b6c1-d3b0-4697-b745-e1eefa6e8101','ad1f3617-1ca8-4f3e-9983-100e9a8b9bf8','CAC','S&M / New Customers','Data/Metric',-510,200,'user_30uQARGezqSApAChPSGSwFyUy85','[{"period":"2025-12","value":238312,"change_percent":0,"trend":"neutral"},{"period":"2026-01","value":227443,"change_percent":-4.6,"trend":"down"},{"period":"2026-02","value":217155,"change_percent":-4.5,"trend":"down"},{"period":"2026-03","value":208716,"change_percent":-3.9,"trend":"down"},{"period":"2026-04","value":193265,"change_percent":-7.4,"trend":"down"},{"period":"2026-05","value":186971,"change_percent":-3.3,"trend":"down"},{"period":"2026-06","value":172689,"change_percent":-7.6,"trend":"down"}]'::jsonb);
INSERT INTO public.metric_cards (id,project_id,title,description,category,position_x,position_y,created_by,data) VALUES ('87885575-3b8e-4866-bab3-0719dc5a22cd','ad1f3617-1ca8-4f3e-9983-100e9a8b9bf8','LTV','ARPA × GM% / churn','Data/Metric',-170,200,'user_30uQARGezqSApAChPSGSwFyUy85','[{"period":"2025-12","value":639766,"change_percent":0,"trend":"neutral"},{"period":"2026-01","value":690591,"change_percent":7.9,"trend":"up"},{"period":"2026-02","value":720721,"change_percent":4.4,"trend":"up"},{"period":"2026-03","value":765578,"change_percent":6.2,"trend":"up"},{"period":"2026-04","value":803360,"change_percent":4.9,"trend":"up"},{"period":"2026-05","value":865350,"change_percent":7.7,"trend":"up"},{"period":"2026-06","value":912779,"change_percent":5.5,"trend":"up"}]'::jsonb);
INSERT INTO public.metric_cards (id,project_id,title,description,category,position_x,position_y,created_by,data) VALUES ('1ff6d871-219e-41be-9184-8ba2851bf66d','ad1f3617-1ca8-4f3e-9983-100e9a8b9bf8','LTV : CAC','','Data/Metric',170,200,'user_30uQARGezqSApAChPSGSwFyUy85','[{"period":"2025-12","value":337228,"change_percent":0,"trend":"neutral"},{"period":"2026-01","value":329128,"change_percent":-2.4,"trend":"down"},{"period":"2026-02","value":329240,"change_percent":0,"trend":"neutral"},{"period":"2026-03","value":328690,"change_percent":-0.2,"trend":"neutral"},{"period":"2026-04","value":317430,"change_percent":-3.4,"trend":"down"},{"period":"2026-05","value":315057,"change_percent":-0.7,"trend":"neutral"},{"period":"2026-06","value":305566,"change_percent":-3,"trend":"down"}]'::jsonb);
INSERT INTO public.metric_cards (id,project_id,title,description,category,position_x,position_y,created_by,data) VALUES ('d0d60b68-f393-4d45-b0a1-2508013ac12a','ad1f3617-1ca8-4f3e-9983-100e9a8b9bf8','CAC Payback (months)','','Data/Metric',510,200,'user_30uQARGezqSApAChPSGSwFyUy85','[{"period":"2025-12","value":96833,"change_percent":0,"trend":"neutral"},{"period":"2026-01","value":92468,"change_percent":-4.5,"trend":"down"},{"period":"2026-02","value":91495,"change_percent":-1.1,"trend":"down"},{"period":"2026-03","value":87370,"change_percent":-4.5,"trend":"down"},{"period":"2026-04","value":84886,"change_percent":-2.8,"trend":"down"},{"period":"2026-05","value":83266,"change_percent":-1.9,"trend":"down"},{"period":"2026-06","value":78954,"change_percent":-5.2,"trend":"down"}]'::jsonb);
INSERT INTO public.metric_cards (id,project_id,title,description,category,position_x,position_y,created_by,data) VALUES ('54c1d839-c31e-4066-b511-3eeb7722ce5c','ad1f3617-1ca8-4f3e-9983-100e9a8b9bf8','Gross Margin %','','Data/Metric',850,200,'user_30uQARGezqSApAChPSGSwFyUy85','[{"period":"2025-12","value":19.1,"change_percent":0,"trend":"neutral"},{"period":"2026-01","value":20.2,"change_percent":5.8,"trend":"up"},{"period":"2026-02","value":21.4,"change_percent":5.9,"trend":"up"},{"period":"2026-03","value":23.5,"change_percent":9.8,"trend":"up"},{"period":"2026-04","value":25.6,"change_percent":8.9,"trend":"up"},{"period":"2026-05","value":27.8,"change_percent":8.6,"trend":"up"},{"period":"2026-06","value":30.1,"change_percent":8.3,"trend":"up"}]'::jsonb);
INSERT INTO public.metric_cards (id,project_id,title,description,category,position_x,position_y,created_by,data) VALUES ('61f6e9b4-f962-484b-9058-8099c25d67fb','ad1f3617-1ca8-4f3e-9983-100e9a8b9bf8','Total Costs','COGS + S&M + R&D + G&A','Data/Metric',1190,200,'user_30uQARGezqSApAChPSGSwFyUy85','[{"period":"2025-12","value":751810,"change_percent":0,"trend":"neutral"},{"period":"2026-01","value":738815,"change_percent":-1.7,"trend":"down"},{"period":"2026-02","value":706777,"change_percent":-4.3,"trend":"down"},{"period":"2026-03","value":698887,"change_percent":-1.1,"trend":"down"},{"period":"2026-04","value":677857,"change_percent":-3,"trend":"down"},{"period":"2026-05","value":667064,"change_percent":-1.6,"trend":"down"},{"period":"2026-06","value":659142,"change_percent":-1.2,"trend":"down"}]'::jsonb);
INSERT INTO public.metric_cards (id,project_id,title,description,category,position_x,position_y,created_by,data) VALUES ('d675e34e-7d42-45fe-8eaf-ea1afcb62165','ad1f3617-1ca8-4f3e-9983-100e9a8b9bf8','COGS','Hosting + Support','Data/Metric',-340,400,'user_30uQARGezqSApAChPSGSwFyUy85','[{"period":"2025-12","value":546747,"change_percent":0,"trend":"neutral"},{"period":"2026-01","value":511951,"change_percent":-6.4,"trend":"down"},{"period":"2026-02","value":499102,"change_percent":-2.5,"trend":"down"},{"period":"2026-03","value":479780,"change_percent":-3.9,"trend":"down"},{"period":"2026-04","value":457063,"change_percent":-4.7,"trend":"down"},{"period":"2026-05","value":445206,"change_percent":-2.6,"trend":"down"},{"period":"2026-06","value":418114,"change_percent":-6.1,"trend":"down"}]'::jsonb);
INSERT INTO public.metric_cards (id,project_id,title,description,category,position_x,position_y,created_by,data) VALUES ('180a2e90-f14c-465a-9472-16e140f23dcd','ad1f3617-1ca8-4f3e-9983-100e9a8b9bf8','Hosting / Infra','','Data/Metric',680,600,'user_30uQARGezqSApAChPSGSwFyUy85','[{"period":"2025-12","value":3056,"change_percent":0,"trend":"neutral"},{"period":"2026-01","value":3221,"change_percent":5.4,"trend":"up"},{"period":"2026-02","value":3347,"change_percent":3.9,"trend":"up"},{"period":"2026-03","value":3481,"change_percent":4,"trend":"up"},{"period":"2026-04","value":3705,"change_percent":6.4,"trend":"up"},{"period":"2026-05","value":3859,"change_percent":4.2,"trend":"up"},{"period":"2026-06","value":4012,"change_percent":4,"trend":"up"}]'::jsonb);
INSERT INTO public.metric_cards (id,project_id,title,description,category,position_x,position_y,created_by,data) VALUES ('1fb93cc6-12e1-4841-935f-5c35b4edffd2','ad1f3617-1ca8-4f3e-9983-100e9a8b9bf8','Support Cost','','Data/Metric',1020,600,'user_30uQARGezqSApAChPSGSwFyUy85','[{"period":"2025-12","value":49611,"change_percent":0,"trend":"neutral"},{"period":"2026-01","value":46431,"change_percent":-6.4,"trend":"down"},{"period":"2026-02","value":43979,"change_percent":-5.3,"trend":"down"},{"period":"2026-03","value":40107,"change_percent":-8.8,"trend":"down"},{"period":"2026-04","value":36915,"change_percent":-8,"trend":"down"},{"period":"2026-05","value":33839,"change_percent":-8.3,"trend":"down"},{"period":"2026-06","value":31326,"change_percent":-7.4,"trend":"down"}]'::jsonb);
INSERT INTO public.metric_cards (id,project_id,title,description,category,position_x,position_y,created_by,data) VALUES ('f149e958-c267-4208-a060-fe45b2ae9af7','ad1f3617-1ca8-4f3e-9983-100e9a8b9bf8','Sales & Marketing','','Data/Metric',0,400,'user_30uQARGezqSApAChPSGSwFyUy85','[{"period":"2025-12","value":3332,"change_percent":0,"trend":"neutral"},{"period":"2026-01","value":3530,"change_percent":5.9,"trend":"up"},{"period":"2026-02","value":3738,"change_percent":5.9,"trend":"up"},{"period":"2026-03","value":3976,"change_percent":6.4,"trend":"up"},{"period":"2026-04","value":4240,"change_percent":6.6,"trend":"up"},{"period":"2026-05","value":4554,"change_percent":7.4,"trend":"up"},{"period":"2026-06","value":4691,"change_percent":3,"trend":"up"}]'::jsonb);
INSERT INTO public.metric_cards (id,project_id,title,description,category,position_x,position_y,created_by,data) VALUES ('57be8d21-607f-44f5-a5ac-b71d19ec87df','ad1f3617-1ca8-4f3e-9983-100e9a8b9bf8','R&D','','Data/Metric',340,400,'user_30uQARGezqSApAChPSGSwFyUy85','[{"period":"2025-12","value":1644,"change_percent":0,"trend":"neutral"},{"period":"2026-01","value":1642,"change_percent":-0.1,"trend":"neutral"},{"period":"2026-02","value":1666,"change_percent":1.5,"trend":"up"},{"period":"2026-03","value":1744,"change_percent":4.7,"trend":"up"},{"period":"2026-04","value":1748,"change_percent":0.2,"trend":"neutral"},{"period":"2026-05","value":1763,"change_percent":0.9,"trend":"neutral"},{"period":"2026-06","value":1766,"change_percent":0.2,"trend":"neutral"}]'::jsonb);
INSERT INTO public.metric_cards (id,project_id,title,description,category,position_x,position_y,created_by,data) VALUES ('59647c9e-80d3-49a8-9a07-e70b7ac227a4','ad1f3617-1ca8-4f3e-9983-100e9a8b9bf8','G&A','','Data/Metric',680,400,'user_30uQARGezqSApAChPSGSwFyUy85','[{"period":"2025-12","value":4063,"change_percent":0,"trend":"neutral"},{"period":"2026-01","value":4417,"change_percent":8.7,"trend":"up"},{"period":"2026-02","value":4759,"change_percent":7.7,"trend":"up"},{"period":"2026-03","value":5215,"change_percent":9.6,"trend":"up"},{"period":"2026-04","value":5634,"change_percent":8,"trend":"up"},{"period":"2026-05","value":5996,"change_percent":6.4,"trend":"up"},{"period":"2026-06","value":6387,"change_percent":6.5,"trend":"up"}]'::jsonb);
INSERT INTO public.metric_cards (id,project_id,title,description,category,position_x,position_y,created_by,data) VALUES ('a1f1a679-bf94-4e22-a796-8c5baa407244','ad1f3617-1ca8-4f3e-9983-100e9a8b9bf8','Launch content/SEO program','','Work/Action',510,1800,'user_30uQARGezqSApAChPSGSwFyUy85','[]'::jsonb);
INSERT INTO public.metric_cards (id,project_id,title,description,category,position_x,position_y,created_by,data) VALUES ('2ed1f139-ebbc-4e8d-81fb-ee7535dec922','ad1f3617-1ca8-4f3e-9983-100e9a8b9bf8','Improve onboarding flow','','Work/Action',170,1200,'user_30uQARGezqSApAChPSGSwFyUy85','[]'::jsonb);
INSERT INTO public.metric_cards (id,project_id,title,description,category,position_x,position_y,created_by,data) VALUES ('cc788177-3b8d-41f6-9829-703d5bb2edfd','ad1f3617-1ca8-4f3e-9983-100e9a8b9bf8','Customer success program','','Work/Action',510,1000,'user_30uQARGezqSApAChPSGSwFyUy85','[]'::jsonb);
INSERT INTO public.metric_cards (id,project_id,title,description,category,position_x,position_y,created_by,data) VALUES ('166c90e0-6522-451f-823e-28dea12b3027','ad1f3617-1ca8-4f3e-9983-100e9a8b9bf8','Referral program','','Work/Action',850,1800,'user_30uQARGezqSApAChPSGSwFyUy85','[]'::jsonb);
INSERT INTO public.metric_cards (id,project_id,title,description,category,position_x,position_y,created_by,data) VALUES ('702b791e-d882-42a9-99b8-89a7748c46e3','ad1f3617-1ca8-4f3e-9983-100e9a8b9bf8','Annual billing reduces churn','','Ideas/Hypothesis',850,1000,'user_30uQARGezqSApAChPSGSwFyUy85','[]'::jsonb);
INSERT INTO public.metric_cards (id,project_id,title,description,category,position_x,position_y,created_by,data) VALUES ('874ad78d-2ed7-4ec8-9adc-87aa6e780d94','ad1f3617-1ca8-4f3e-9983-100e9a8b9bf8','Self-serve trial lifts conversion','','Ideas/Hypothesis',510,1200,'user_30uQARGezqSApAChPSGSwFyUy85','[]'::jsonb);
INSERT INTO public.relationships (id,project_id,source_id,target_id,type,confidence,weight,created_by) VALUES ('1868863c-ebec-4bf2-8ef8-8d6f288609bd','ad1f3617-1ca8-4f3e-9983-100e9a8b9bf8','9ce39ae0-5a31-4f03-90c7-dc0f9cd3a4ef','ba81101f-8fd4-47c9-8935-970979bb300c','Compositional','High',95,'user_30uQARGezqSApAChPSGSwFyUy85');
INSERT INTO public.relationships (id,project_id,source_id,target_id,type,confidence,weight,created_by) VALUES ('f3ef56eb-0ffd-4cc8-9fe9-7940b0af500e','ad1f3617-1ca8-4f3e-9983-100e9a8b9bf8','61f6e9b4-f962-484b-9058-8099c25d67fb','ba81101f-8fd4-47c9-8935-970979bb300c','Compositional','High',90,'user_30uQARGezqSApAChPSGSwFyUy85');
INSERT INTO public.relationships (id,project_id,source_id,target_id,type,confidence,weight,created_by) VALUES ('878e2d59-fbce-4d6a-9b56-89dff15f1495','ad1f3617-1ca8-4f3e-9983-100e9a8b9bf8','54c1d839-c31e-4066-b511-3eeb7722ce5c','ba81101f-8fd4-47c9-8935-970979bb300c','Causal','High',70,'user_30uQARGezqSApAChPSGSwFyUy85');
INSERT INTO public.relationships (id,project_id,source_id,target_id,type,confidence,weight,created_by) VALUES ('5b5eea31-2202-4a5c-8b1b-afc380cba5ba','ad1f3617-1ca8-4f3e-9983-100e9a8b9bf8','8834f3d0-7bd2-4ef6-8add-0ca98be52231','9ce39ae0-5a31-4f03-90c7-dc0f9cd3a4ef','Deterministic','High',95,'user_30uQARGezqSApAChPSGSwFyUy85');
INSERT INTO public.relationships (id,project_id,source_id,target_id,type,confidence,weight,created_by) VALUES ('81994695-c9dd-440a-8b49-6ffdac048e08','ad1f3617-1ca8-4f3e-9983-100e9a8b9bf8','08a6706e-961d-467b-ad6a-657903e7a38f','8834f3d0-7bd2-4ef6-8add-0ca98be52231','Compositional','High',80,'user_30uQARGezqSApAChPSGSwFyUy85');
INSERT INTO public.relationships (id,project_id,source_id,target_id,type,confidence,weight,created_by) VALUES ('bb308ba4-b037-4bb0-990a-2271582c71f5','ad1f3617-1ca8-4f3e-9983-100e9a8b9bf8','8d6f58bd-fe04-461c-b547-dcf69f00f880','8834f3d0-7bd2-4ef6-8add-0ca98be52231','Compositional','High',70,'user_30uQARGezqSApAChPSGSwFyUy85');
INSERT INTO public.relationships (id,project_id,source_id,target_id,type,confidence,weight,created_by) VALUES ('fbc8803d-4ae3-497e-9b93-6b280f641fdf','ad1f3617-1ca8-4f3e-9983-100e9a8b9bf8','33d686ee-7bf3-4892-8c66-518d5361a04a','8834f3d0-7bd2-4ef6-8add-0ca98be52231','Compositional','High',40,'user_30uQARGezqSApAChPSGSwFyUy85');
INSERT INTO public.relationships (id,project_id,source_id,target_id,type,confidence,weight,created_by) VALUES ('2d1f15fa-9216-42c9-ad80-af277da9311a','ad1f3617-1ca8-4f3e-9983-100e9a8b9bf8','ef65fb2b-4a69-46e1-8918-b3aed7fe8424','8834f3d0-7bd2-4ef6-8add-0ca98be52231','Compositional','High',75,'user_30uQARGezqSApAChPSGSwFyUy85');
INSERT INTO public.relationships (id,project_id,source_id,target_id,type,confidence,weight,created_by) VALUES ('8514938d-15b6-4c6b-8e7f-dd2e4742272a','ad1f3617-1ca8-4f3e-9983-100e9a8b9bf8','d186823a-3761-449c-ab5a-1aec333b95a0','8834f3d0-7bd2-4ef6-8add-0ca98be52231','Compositional','High',50,'user_30uQARGezqSApAChPSGSwFyUy85');
INSERT INTO public.relationships (id,project_id,source_id,target_id,type,confidence,weight,created_by) VALUES ('436ca762-0887-495b-9b4d-c1b5702bc78e','ad1f3617-1ca8-4f3e-9983-100e9a8b9bf8','02323037-ea13-4887-b2b7-5c079c6740b5','08a6706e-961d-467b-ad6a-657903e7a38f','Deterministic','High',90,'user_30uQARGezqSApAChPSGSwFyUy85');
INSERT INTO public.relationships (id,project_id,source_id,target_id,type,confidence,weight,created_by) VALUES ('46e7542d-6eb0-4eed-b77c-895fac163a5b','ad1f3617-1ca8-4f3e-9983-100e9a8b9bf8','9d4ee3bb-cb0e-4ef8-a05a-9a5642943a23','08a6706e-961d-467b-ad6a-657903e7a38f','Deterministic','High',80,'user_30uQARGezqSApAChPSGSwFyUy85');
INSERT INTO public.relationships (id,project_id,source_id,target_id,type,confidence,weight,created_by) VALUES ('15138a26-562a-4021-b846-e2d1399154ec','ad1f3617-1ca8-4f3e-9983-100e9a8b9bf8','e3ab68df-29cc-4fdd-8241-011f3c3b17e1','9d4ee3bb-cb0e-4ef8-a05a-9a5642943a23','Deterministic','High',80,'user_30uQARGezqSApAChPSGSwFyUy85');
INSERT INTO public.relationships (id,project_id,source_id,target_id,type,confidence,weight,created_by) VALUES ('0dcc7ef0-fa7a-4a70-bb1d-36dcc3fe2407','ad1f3617-1ca8-4f3e-9983-100e9a8b9bf8','2e79d793-8003-4e78-bef7-63b8a60478bc','9d4ee3bb-cb0e-4ef8-a05a-9a5642943a23','Deterministic','High',70,'user_30uQARGezqSApAChPSGSwFyUy85');
INSERT INTO public.relationships (id,project_id,source_id,target_id,type,confidence,weight,created_by) VALUES ('ef4315ed-be47-40f4-b6dc-fea7372f5c3c','ad1f3617-1ca8-4f3e-9983-100e9a8b9bf8','72d71a5c-56f4-4dea-a5dd-f8fd021f74e9','02323037-ea13-4887-b2b7-5c079c6740b5','Deterministic','High',85,'user_30uQARGezqSApAChPSGSwFyUy85');
INSERT INTO public.relationships (id,project_id,source_id,target_id,type,confidence,weight,created_by) VALUES ('4c11f458-963e-4c70-b639-ff8ccf8f64c8','ad1f3617-1ca8-4f3e-9983-100e9a8b9bf8','9a8642df-d4ce-4633-9ff1-c16f4ddfc777','02323037-ea13-4887-b2b7-5c079c6740b5','Probabilistic','High',80,'user_30uQARGezqSApAChPSGSwFyUy85');
INSERT INTO public.relationships (id,project_id,source_id,target_id,type,confidence,weight,created_by) VALUES ('ea5374dd-4332-4949-a242-99a1c53c5970','ad1f3617-1ca8-4f3e-9983-100e9a8b9bf8','7bce15b4-05de-415c-ba72-0f05e106a3c2','72d71a5c-56f4-4dea-a5dd-f8fd021f74e9','Deterministic','High',80,'user_30uQARGezqSApAChPSGSwFyUy85');
INSERT INTO public.relationships (id,project_id,source_id,target_id,type,confidence,weight,created_by) VALUES ('fc4cbdcf-e0c1-4084-be92-a5c10361aa28','ad1f3617-1ca8-4f3e-9983-100e9a8b9bf8','e7645925-bedc-4436-9aa2-133c807c87af','72d71a5c-56f4-4dea-a5dd-f8fd021f74e9','Probabilistic','High',70,'user_30uQARGezqSApAChPSGSwFyUy85');
INSERT INTO public.relationships (id,project_id,source_id,target_id,type,confidence,weight,created_by) VALUES ('cd7cb00d-94df-441b-9064-8a9adb49d610','ad1f3617-1ca8-4f3e-9983-100e9a8b9bf8','38395ab7-4200-4239-930b-3aacba78a529','7bce15b4-05de-415c-ba72-0f05e106a3c2','Deterministic','High',85,'user_30uQARGezqSApAChPSGSwFyUy85');
INSERT INTO public.relationships (id,project_id,source_id,target_id,type,confidence,weight,created_by) VALUES ('ae1c2b5c-3ac7-4723-b496-c62a5d8d5eec','ad1f3617-1ca8-4f3e-9983-100e9a8b9bf8','7f0f20bb-7e74-4d92-8600-7d5a445896ab','38395ab7-4200-4239-930b-3aacba78a529','Compositional','High',70,'user_30uQARGezqSApAChPSGSwFyUy85');
INSERT INTO public.relationships (id,project_id,source_id,target_id,type,confidence,weight,created_by) VALUES ('005a8cb5-24d1-40e8-83e8-3782b2eeb11a','ad1f3617-1ca8-4f3e-9983-100e9a8b9bf8','9cc8ad71-3313-4b81-ae6e-ab645fda7de2','38395ab7-4200-4239-930b-3aacba78a529','Compositional','High',65,'user_30uQARGezqSApAChPSGSwFyUy85');
INSERT INTO public.relationships (id,project_id,source_id,target_id,type,confidence,weight,created_by) VALUES ('1da4a5b5-807f-408d-bdfc-c248d64f8ca4','ad1f3617-1ca8-4f3e-9983-100e9a8b9bf8','32505b82-1148-428a-8b4b-46d64489d88e','38395ab7-4200-4239-930b-3aacba78a529','Compositional','High',55,'user_30uQARGezqSApAChPSGSwFyUy85');
INSERT INTO public.relationships (id,project_id,source_id,target_id,type,confidence,weight,created_by) VALUES ('e4379f9b-67d1-4023-a588-361dff28e911','ad1f3617-1ca8-4f3e-9983-100e9a8b9bf8','32b136c0-8e6f-403a-a2de-466ca4cf0b3c','38395ab7-4200-4239-930b-3aacba78a529','Compositional','High',45,'user_30uQARGezqSApAChPSGSwFyUy85');
INSERT INTO public.relationships (id,project_id,source_id,target_id,type,confidence,weight,created_by) VALUES ('4458ff94-2153-47cf-92b7-6feaeac82406','ad1f3617-1ca8-4f3e-9983-100e9a8b9bf8','cc875c68-ee3c-41ee-a345-ef4d12324215','38395ab7-4200-4239-930b-3aacba78a529','Compositional','High',50,'user_30uQARGezqSApAChPSGSwFyUy85');
INSERT INTO public.relationships (id,project_id,source_id,target_id,type,confidence,weight,created_by) VALUES ('0d34678d-0495-4d76-b44a-305f25ca20e4','ad1f3617-1ca8-4f3e-9983-100e9a8b9bf8','76327470-9257-4847-a6b4-5f0a945f4fd2','38395ab7-4200-4239-930b-3aacba78a529','Compositional','High',50,'user_30uQARGezqSApAChPSGSwFyUy85');
INSERT INTO public.relationships (id,project_id,source_id,target_id,type,confidence,weight,created_by) VALUES ('a37edac5-6f10-4445-b0d6-24010263c377','ad1f3617-1ca8-4f3e-9983-100e9a8b9bf8','4589b898-3f52-48a1-ad7f-bab14b949c92','32505b82-1148-428a-8b4b-46d64489d88e','Causal','High',70,'user_30uQARGezqSApAChPSGSwFyUy85');
INSERT INTO public.relationships (id,project_id,source_id,target_id,type,confidence,weight,created_by) VALUES ('0ad175c0-c66e-4145-a662-9570fe8a0c1f','ad1f3617-1ca8-4f3e-9983-100e9a8b9bf8','56fdda4c-29bb-4c5b-99c5-7a5839e3de74','32505b82-1148-428a-8b4b-46d64489d88e','Causal','High',60,'user_30uQARGezqSApAChPSGSwFyUy85');
INSERT INTO public.relationships (id,project_id,source_id,target_id,type,confidence,weight,created_by) VALUES ('07547398-2a4c-4931-80f5-6295d4fd049e','ad1f3617-1ca8-4f3e-9983-100e9a8b9bf8','700a0300-ff00-4be6-98ee-2795262abe3e','4589b898-3f52-48a1-ad7f-bab14b949c92','Causal','High',55,'user_30uQARGezqSApAChPSGSwFyUy85');
INSERT INTO public.relationships (id,project_id,source_id,target_id,type,confidence,weight,created_by) VALUES ('33e87549-34ca-4303-a4eb-00710749820c','ad1f3617-1ca8-4f3e-9983-100e9a8b9bf8','2c984358-0dc7-41a8-bf32-d0fefb9d4e98','9cc8ad71-3313-4b81-ae6e-ab645fda7de2','Deterministic','High',80,'user_30uQARGezqSApAChPSGSwFyUy85');
INSERT INTO public.relationships (id,project_id,source_id,target_id,type,confidence,weight,created_by) VALUES ('7df8e3d5-ebca-4f63-bb96-aa7b9d9fd9a9','ad1f3617-1ca8-4f3e-9983-100e9a8b9bf8','96e9fcba-99f4-43e9-bf26-3d60da9c7e12','9cc8ad71-3313-4b81-ae6e-ab645fda7de2','Deterministic','High',70,'user_30uQARGezqSApAChPSGSwFyUy85');
INSERT INTO public.relationships (id,project_id,source_id,target_id,type,confidence,weight,created_by) VALUES ('5c95771e-bc76-45fd-9840-b065a1f7736c','ad1f3617-1ca8-4f3e-9983-100e9a8b9bf8','36cff9d7-9fdc-4c35-b2d6-dab4f1145f02','ef65fb2b-4a69-46e1-8918-b3aed7fe8424','Causal','High',85,'user_30uQARGezqSApAChPSGSwFyUy85');
INSERT INTO public.relationships (id,project_id,source_id,target_id,type,confidence,weight,created_by) VALUES ('4d9ee484-101b-4fbf-8d72-d90cf090f9ed','ad1f3617-1ca8-4f3e-9983-100e9a8b9bf8','36cff9d7-9fdc-4c35-b2d6-dab4f1145f02','352771d6-e30c-49ac-a960-154d4cfe193b','Causal','High',70,'user_30uQARGezqSApAChPSGSwFyUy85');
INSERT INTO public.relationships (id,project_id,source_id,target_id,type,confidence,weight,created_by) VALUES ('ab5b5c88-897e-4fe6-8652-affb6f9e96bc','ad1f3617-1ca8-4f3e-9983-100e9a8b9bf8','f149e958-c267-4208-a060-fe45b2ae9af7','1785b6c1-d3b0-4697-b745-e1eefa6e8101','Deterministic','High',85,'user_30uQARGezqSApAChPSGSwFyUy85');
INSERT INTO public.relationships (id,project_id,source_id,target_id,type,confidence,weight,created_by) VALUES ('789c5408-3c66-4cd6-9bdd-51c5eef2d35c','ad1f3617-1ca8-4f3e-9983-100e9a8b9bf8','02323037-ea13-4887-b2b7-5c079c6740b5','1785b6c1-d3b0-4697-b745-e1eefa6e8101','Deterministic','High',80,'user_30uQARGezqSApAChPSGSwFyUy85');
INSERT INTO public.relationships (id,project_id,source_id,target_id,type,confidence,weight,created_by) VALUES ('131a4ced-1f86-4ac5-991f-6d1b0cd4d4c4','ad1f3617-1ca8-4f3e-9983-100e9a8b9bf8','9d4ee3bb-cb0e-4ef8-a05a-9a5642943a23','87885575-3b8e-4866-bab3-0719dc5a22cd','Deterministic','High',75,'user_30uQARGezqSApAChPSGSwFyUy85');
INSERT INTO public.relationships (id,project_id,source_id,target_id,type,confidence,weight,created_by) VALUES ('16265fc2-6f72-4746-8952-0c01211b7e23','ad1f3617-1ca8-4f3e-9983-100e9a8b9bf8','36cff9d7-9fdc-4c35-b2d6-dab4f1145f02','87885575-3b8e-4866-bab3-0719dc5a22cd','Causal','High',80,'user_30uQARGezqSApAChPSGSwFyUy85');
INSERT INTO public.relationships (id,project_id,source_id,target_id,type,confidence,weight,created_by) VALUES ('93628781-17cd-4cd5-ae14-905c9800dcfe','ad1f3617-1ca8-4f3e-9983-100e9a8b9bf8','87885575-3b8e-4866-bab3-0719dc5a22cd','1ff6d871-219e-41be-9184-8ba2851bf66d','Deterministic','High',80,'user_30uQARGezqSApAChPSGSwFyUy85');
INSERT INTO public.relationships (id,project_id,source_id,target_id,type,confidence,weight,created_by) VALUES ('653e2b27-bf23-4cb4-97b8-20fa04813093','ad1f3617-1ca8-4f3e-9983-100e9a8b9bf8','1785b6c1-d3b0-4697-b745-e1eefa6e8101','1ff6d871-219e-41be-9184-8ba2851bf66d','Deterministic','High',80,'user_30uQARGezqSApAChPSGSwFyUy85');
INSERT INTO public.relationships (id,project_id,source_id,target_id,type,confidence,weight,created_by) VALUES ('2a9c1283-4f46-4f54-a074-e664ff89cbb4','ad1f3617-1ca8-4f3e-9983-100e9a8b9bf8','1785b6c1-d3b0-4697-b745-e1eefa6e8101','d0d60b68-f393-4d45-b0a1-2508013ac12a','Deterministic','High',70,'user_30uQARGezqSApAChPSGSwFyUy85');
INSERT INTO public.relationships (id,project_id,source_id,target_id,type,confidence,weight,created_by) VALUES ('c2dbfbc6-8c2a-4b1b-9246-c79aba0a866f','ad1f3617-1ca8-4f3e-9983-100e9a8b9bf8','d675e34e-7d42-45fe-8eaf-ea1afcb62165','61f6e9b4-f962-484b-9058-8099c25d67fb','Compositional','High',80,'user_30uQARGezqSApAChPSGSwFyUy85');
INSERT INTO public.relationships (id,project_id,source_id,target_id,type,confidence,weight,created_by) VALUES ('716527d6-25d3-4514-b5ca-3bab9cc7b580','ad1f3617-1ca8-4f3e-9983-100e9a8b9bf8','f149e958-c267-4208-a060-fe45b2ae9af7','61f6e9b4-f962-484b-9058-8099c25d67fb','Compositional','High',80,'user_30uQARGezqSApAChPSGSwFyUy85');
INSERT INTO public.relationships (id,project_id,source_id,target_id,type,confidence,weight,created_by) VALUES ('15a4c4c8-d13d-468f-a011-bdfafa57f1b9','ad1f3617-1ca8-4f3e-9983-100e9a8b9bf8','57be8d21-607f-44f5-a5ac-b71d19ec87df','61f6e9b4-f962-484b-9058-8099c25d67fb','Compositional','High',70,'user_30uQARGezqSApAChPSGSwFyUy85');
INSERT INTO public.relationships (id,project_id,source_id,target_id,type,confidence,weight,created_by) VALUES ('0fb92e4e-af5b-4b86-af2e-c46bc2b77806','ad1f3617-1ca8-4f3e-9983-100e9a8b9bf8','59647c9e-80d3-49a8-9a07-e70b7ac227a4','61f6e9b4-f962-484b-9058-8099c25d67fb','Compositional','High',60,'user_30uQARGezqSApAChPSGSwFyUy85');
INSERT INTO public.relationships (id,project_id,source_id,target_id,type,confidence,weight,created_by) VALUES ('4ece4c77-a794-4e99-acd9-049f10542275','ad1f3617-1ca8-4f3e-9983-100e9a8b9bf8','180a2e90-f14c-465a-9472-16e140f23dcd','d675e34e-7d42-45fe-8eaf-ea1afcb62165','Compositional','High',70,'user_30uQARGezqSApAChPSGSwFyUy85');
INSERT INTO public.relationships (id,project_id,source_id,target_id,type,confidence,weight,created_by) VALUES ('7fc09ae2-48cd-4351-a2e9-544e9f2d025d','ad1f3617-1ca8-4f3e-9983-100e9a8b9bf8','1fb93cc6-12e1-4841-935f-5c35b4edffd2','d675e34e-7d42-45fe-8eaf-ea1afcb62165','Compositional','High',60,'user_30uQARGezqSApAChPSGSwFyUy85');
INSERT INTO public.relationships (id,project_id,source_id,target_id,type,confidence,weight,created_by) VALUES ('dc3e706a-7e2d-4438-96ca-c6dda9a8ddf3','ad1f3617-1ca8-4f3e-9983-100e9a8b9bf8','d675e34e-7d42-45fe-8eaf-ea1afcb62165','54c1d839-c31e-4066-b511-3eeb7722ce5c','Causal','High',70,'user_30uQARGezqSApAChPSGSwFyUy85');
INSERT INTO public.relationships (id,project_id,source_id,target_id,type,confidence,weight,created_by) VALUES ('d8132292-8e46-4b27-9e91-2a4ec7121f89','ad1f3617-1ca8-4f3e-9983-100e9a8b9bf8','2c984358-0dc7-41a8-bf32-d0fefb9d4e98','f149e958-c267-4208-a060-fe45b2ae9af7','Compositional','High',70,'user_30uQARGezqSApAChPSGSwFyUy85');
INSERT INTO public.relationships (id,project_id,source_id,target_id,type,confidence,weight,created_by) VALUES ('4fb26992-d5bd-49df-97b2-0b9841e893b3','ad1f3617-1ca8-4f3e-9983-100e9a8b9bf8','a1f1a679-bf94-4e22-a796-8c5baa407244','7f0f20bb-7e74-4d92-8600-7d5a445896ab','Causal','High',70,'user_30uQARGezqSApAChPSGSwFyUy85');
INSERT INTO public.relationships (id,project_id,source_id,target_id,type,confidence,weight,created_by) VALUES ('0038b9f1-dc1a-4e1b-b450-61b71bf87892','ad1f3617-1ca8-4f3e-9983-100e9a8b9bf8','2ed1f139-ebbc-4e8d-81fb-ee7535dec922','9a8642df-d4ce-4633-9ff1-c16f4ddfc777','Causal','High',75,'user_30uQARGezqSApAChPSGSwFyUy85');
INSERT INTO public.relationships (id,project_id,source_id,target_id,type,confidence,weight,created_by) VALUES ('7b2b3990-51e7-42fd-8fe2-da1c324ab266','ad1f3617-1ca8-4f3e-9983-100e9a8b9bf8','cc788177-3b8d-41f6-9829-703d5bb2edfd','36cff9d7-9fdc-4c35-b2d6-dab4f1145f02','Causal','High',70,'user_30uQARGezqSApAChPSGSwFyUy85');
INSERT INTO public.relationships (id,project_id,source_id,target_id,type,confidence,weight,created_by) VALUES ('baf429fe-5c7d-4551-9055-ca8b4a64da40','ad1f3617-1ca8-4f3e-9983-100e9a8b9bf8','166c90e0-6522-451f-823e-28dea12b3027','32b136c0-8e6f-403a-a2de-466ca4cf0b3c','Causal','High',70,'user_30uQARGezqSApAChPSGSwFyUy85');
INSERT INTO public.relationships (id,project_id,source_id,target_id,type,confidence,weight,created_by) VALUES ('817b4f9b-9cd0-4ea5-8c8b-70ab9704056b','ad1f3617-1ca8-4f3e-9983-100e9a8b9bf8','702b791e-d882-42a9-99b8-89a7748c46e3','36cff9d7-9fdc-4c35-b2d6-dab4f1145f02','Probabilistic','High',50,'user_30uQARGezqSApAChPSGSwFyUy85');
INSERT INTO public.relationships (id,project_id,source_id,target_id,type,confidence,weight,created_by) VALUES ('1e446528-945d-4776-bd6e-2f78e2479451','ad1f3617-1ca8-4f3e-9983-100e9a8b9bf8','874ad78d-2ed7-4ec8-9adc-87aa6e780d94','9a8642df-d4ce-4633-9ff1-c16f4ddfc777','Probabilistic','High',50,'user_30uQARGezqSApAChPSGSwFyUy85');
INSERT INTO public.groups (id,project_id,name,color,node_ids,position_x,position_y,width,height,created_by) VALUES ('774b3937-f6bd-494d-aeb5-d5b3a7152ac8','ad1f3617-1ca8-4f3e-9983-100e9a8b9bf8','Acquisition Funnel','#3b82f6',ARRAY['38395ab7-4200-4239-930b-3aacba78a529','7f0f20bb-7e74-4d92-8600-7d5a445896ab','9cc8ad71-3313-4b81-ae6e-ab645fda7de2','32505b82-1148-428a-8b4b-46d64489d88e','32b136c0-8e6f-403a-a2de-466ca4cf0b3c','cc875c68-ee3c-41ee-a345-ef4d12324215','76327470-9257-4847-a6b4-5f0a945f4fd2','4589b898-3f52-48a1-ad7f-bab14b949c92','56fdda4c-29bb-4c5b-99c5-7a5839e3de74','700a0300-ff00-4be6-98ee-2795262abe3e','2c984358-0dc7-41a8-bf32-d0fefb9d4e98','96e9fcba-99f4-43e9-bf26-3d60da9c7e12','7bce15b4-05de-415c-ba72-0f05e106a3c2','e7645925-bedc-4436-9aa2-133c807c87af','72d71a5c-56f4-4dea-a5dd-f8fd021f74e9','9a8642df-d4ce-4633-9ff1-c16f4ddfc777','02323037-ea13-4887-b2b7-5c079c6740b5']::uuid[],-880,714,2040,1486,'user_30uQARGezqSApAChPSGSwFyUy85');
INSERT INTO public.groups (id,project_id,name,color,node_ids,position_x,position_y,width,height,created_by) VALUES ('b9bc3b28-8546-4a58-adce-01487e62aab4','ad1f3617-1ca8-4f3e-9983-100e9a8b9bf8','Revenue & MRR','#22c55e',ARRAY['9ce39ae0-5a31-4f03-90c7-dc0f9cd3a4ef','8834f3d0-7bd2-4ef6-8add-0ca98be52231','08a6706e-961d-467b-ad6a-657903e7a38f','8d6f58bd-fe04-461c-b547-dcf69f00f880','33d686ee-7bf3-4892-8c66-518d5361a04a','ef65fb2b-4a69-46e1-8918-b3aed7fe8424','d186823a-3761-449c-ab5a-1aec333b95a0','9d4ee3bb-cb0e-4ef8-a05a-9a5642943a23','e3ab68df-29cc-4fdd-8241-011f3c3b17e1','2e79d793-8003-4e78-bef7-63b8a60478bc']::uuid[],-1220,114,1870,1086,'user_30uQARGezqSApAChPSGSwFyUy85');
INSERT INTO public.groups (id,project_id,name,color,node_ids,position_x,position_y,width,height,created_by) VALUES ('9e689be9-49ae-48f3-805f-5ac575c7a146','ad1f3617-1ca8-4f3e-9983-100e9a8b9bf8','Unit Economics','#f59e0b',ARRAY['1785b6c1-d3b0-4697-b745-e1eefa6e8101','87885575-3b8e-4866-bab3-0719dc5a22cd','1ff6d871-219e-41be-9184-8ba2851bf66d','d0d60b68-f393-4d45-b0a1-2508013ac12a','36cff9d7-9fdc-4c35-b2d6-dab4f1145f02','352771d6-e30c-49ac-a960-154d4cfe193b']::uuid[],-880,114,1700,886,'user_30uQARGezqSApAChPSGSwFyUy85');
INSERT INTO public.groups (id,project_id,name,color,node_ids,position_x,position_y,width,height,created_by) VALUES ('be82ac13-cd3d-4500-973c-2ad581177bf8','ad1f3617-1ca8-4f3e-9983-100e9a8b9bf8','Cost Structure','#a855f7',ARRAY['61f6e9b4-f962-484b-9058-8099c25d67fb','d675e34e-7d42-45fe-8eaf-ea1afcb62165','180a2e90-f14c-465a-9472-16e140f23dcd','1fb93cc6-12e1-4841-935f-5c35b4edffd2','f149e958-c267-4208-a060-fe45b2ae9af7','57be8d21-607f-44f5-a5ac-b71d19ec87df','59647c9e-80d3-49a8-9a07-e70b7ac227a4','54c1d839-c31e-4066-b511-3eeb7722ce5c']::uuid[],-370,114,1870,686,'user_30uQARGezqSApAChPSGSwFyUy85');

DELETE FROM public.projects WHERE created_by='user_30uQARGezqSApAChPSGSwFyUy85' AND name='E-commerce — Example Metric Tree';
INSERT INTO public.projects (id,name,description,created_by,last_modified_by,is_public,tags,settings) VALUES ('3c111307-9ba0-4883-bfba-faedfacb50b8','E-commerce — Example Metric Tree','Decomposition of profit for an online store: orders = sessions × conversion, AOV, channel mix (incl. social/email), retention, and cost structure.','user_30uQARGezqSApAChPSGSwFyUy85','user_30uQARGezqSApAChPSGSwFyUy85',true,ARRAY['example','template'],'{}');
INSERT INTO public.metric_cards (id,project_id,title,description,category,position_x,position_y,created_by,data) VALUES ('0711c359-7432-4d36-8c1b-27072114dbf0','3c111307-9ba0-4883-bfba-faedfacb50b8','Profit','Revenue − Total Costs','Core/Value',0,0,'user_30uQARGezqSApAChPSGSwFyUy85','[{"period":"2025-12","value":238056,"change_percent":0,"trend":"neutral"},{"period":"2026-01","value":243182,"change_percent":2.2,"trend":"up"},{"period":"2026-02","value":250367,"change_percent":3,"trend":"up"},{"period":"2026-03","value":257222,"change_percent":2.7,"trend":"up"},{"period":"2026-04","value":265414,"change_percent":3.2,"trend":"up"},{"period":"2026-05","value":278682,"change_percent":5,"trend":"up"},{"period":"2026-06","value":288041,"change_percent":3.4,"trend":"up"}]'::jsonb);
INSERT INTO public.metric_cards (id,project_id,title,description,category,position_x,position_y,created_by,data) VALUES ('4a37c3d9-81c0-4a4d-bd74-0970d4a5cdc4','3c111307-9ba0-4883-bfba-faedfacb50b8','Revenue','Orders × AOV','Data/Metric',-1020,200,'user_30uQARGezqSApAChPSGSwFyUy85','[{"period":"2025-12","value":390711,"change_percent":0,"trend":"neutral"},{"period":"2026-01","value":407547,"change_percent":4.3,"trend":"up"},{"period":"2026-02","value":421494,"change_percent":3.4,"trend":"up"},{"period":"2026-03","value":437245,"change_percent":3.7,"trend":"up"},{"period":"2026-04","value":440502,"change_percent":0.7,"trend":"neutral"},{"period":"2026-05","value":461286,"change_percent":4.7,"trend":"up"},{"period":"2026-06","value":477582,"change_percent":3.5,"trend":"up"}]'::jsonb);
INSERT INTO public.metric_cards (id,project_id,title,description,category,position_x,position_y,created_by,data) VALUES ('c7d95ae8-c466-4adb-8c00-d88d5967dd75','3c111307-9ba0-4883-bfba-faedfacb50b8','Orders','Sessions × Conversion','Data/Metric',-1190,400,'user_30uQARGezqSApAChPSGSwFyUy85','[{"period":"2025-12","value":37560,"change_percent":0,"trend":"neutral"},{"period":"2026-01","value":40568,"change_percent":8,"trend":"up"},{"period":"2026-02","value":43582,"change_percent":7.4,"trend":"up"},{"period":"2026-03","value":47137,"change_percent":8.2,"trend":"up"},{"period":"2026-04","value":49347,"change_percent":4.7,"trend":"up"},{"period":"2026-05","value":51483,"change_percent":4.3,"trend":"up"},{"period":"2026-06","value":56206,"change_percent":9.2,"trend":"up"}]'::jsonb);
INSERT INTO public.metric_cards (id,project_id,title,description,category,position_x,position_y,created_by,data) VALUES ('89cf8d2b-d687-44ff-bbcc-78fef252eaf8','3c111307-9ba0-4883-bfba-faedfacb50b8','Average Order Value','Items × Avg item price','Data/Metric',-850,400,'user_30uQARGezqSApAChPSGSwFyUy85','[{"period":"2025-12","value":752194,"change_percent":0,"trend":"neutral"},{"period":"2026-01","value":809459,"change_percent":7.6,"trend":"up"},{"period":"2026-02","value":879530,"change_percent":8.7,"trend":"up"},{"period":"2026-03","value":940412,"change_percent":6.9,"trend":"up"},{"period":"2026-04","value":1007575,"change_percent":7.1,"trend":"up"},{"period":"2026-05","value":1064207,"change_percent":5.6,"trend":"up"},{"period":"2026-06","value":1143356,"change_percent":7.4,"trend":"up"}]'::jsonb);
INSERT INTO public.metric_cards (id,project_id,title,description,category,position_x,position_y,created_by,data) VALUES ('98510d71-d5a8-4565-877f-9ab1d708c9e4','3c111307-9ba0-4883-bfba-faedfacb50b8','Sessions','Sum of channels','Data/Metric',-1360,600,'user_30uQARGezqSApAChPSGSwFyUy85','[{"period":"2025-12","value":71806,"change_percent":0,"trend":"neutral"},{"period":"2026-01","value":75868,"change_percent":5.7,"trend":"up"},{"period":"2026-02","value":79009,"change_percent":4.1,"trend":"up"},{"period":"2026-03","value":81710,"change_percent":3.4,"trend":"up"},{"period":"2026-04","value":86662,"change_percent":6.1,"trend":"up"},{"period":"2026-05","value":92071,"change_percent":6.2,"trend":"up"},{"period":"2026-06","value":98334,"change_percent":6.8,"trend":"up"}]'::jsonb);
INSERT INTO public.metric_cards (id,project_id,title,description,category,position_x,position_y,created_by,data) VALUES ('28375fab-b932-4cb1-afee-f48f2f96d7ae','3c111307-9ba0-4883-bfba-faedfacb50b8','Conversion Rate','','Data/Metric',-1020,600,'user_30uQARGezqSApAChPSGSwFyUy85','[{"period":"2025-12","value":29.7,"change_percent":0,"trend":"neutral"},{"period":"2026-01","value":32.2,"change_percent":8.4,"trend":"up"},{"period":"2026-02","value":34.8,"change_percent":8.1,"trend":"up"},{"period":"2026-03","value":37.4,"change_percent":7.5,"trend":"up"},{"period":"2026-04","value":39.6,"change_percent":5.9,"trend":"up"},{"period":"2026-05","value":43.1,"change_percent":8.8,"trend":"up"},{"period":"2026-06","value":45.3,"change_percent":5.1,"trend":"up"}]'::jsonb);
INSERT INTO public.metric_cards (id,project_id,title,description,category,position_x,position_y,created_by,data) VALUES ('1d40e283-1109-4453-abd6-2850c61e64b9','3c111307-9ba0-4883-bfba-faedfacb50b8','Items per Order','','Data/Metric',-680,600,'user_30uQARGezqSApAChPSGSwFyUy85','[{"period":"2025-12","value":44313,"change_percent":0,"trend":"neutral"},{"period":"2026-01","value":44814,"change_percent":1.1,"trend":"up"},{"period":"2026-02","value":46610,"change_percent":4,"trend":"up"},{"period":"2026-03","value":47736,"change_percent":2.4,"trend":"up"},{"period":"2026-04","value":49884,"change_percent":4.5,"trend":"up"},{"period":"2026-05","value":50784,"change_percent":1.8,"trend":"up"},{"period":"2026-06","value":51364,"change_percent":1.1,"trend":"up"}]'::jsonb);
INSERT INTO public.metric_cards (id,project_id,title,description,category,position_x,position_y,created_by,data) VALUES ('5bff4ae7-2800-4342-b055-93f0e532989a','3c111307-9ba0-4883-bfba-faedfacb50b8','Avg Item Price','','Data/Metric',-340,600,'user_30uQARGezqSApAChPSGSwFyUy85','[{"period":"2025-12","value":198960,"change_percent":0,"trend":"neutral"},{"period":"2026-01","value":199333,"change_percent":0.2,"trend":"neutral"},{"period":"2026-02","value":199913,"change_percent":0.3,"trend":"neutral"},{"period":"2026-03","value":200389,"change_percent":0.2,"trend":"neutral"},{"period":"2026-04","value":206417,"change_percent":3,"trend":"up"},{"period":"2026-05","value":206116,"change_percent":-0.1,"trend":"neutral"},{"period":"2026-06","value":214414,"change_percent":4,"trend":"up"}]'::jsonb);
INSERT INTO public.metric_cards (id,project_id,title,description,category,position_x,position_y,created_by,data) VALUES ('2fc98a33-9e51-4e2c-9ee4-0aba4b6e9f87','3c111307-9ba0-4883-bfba-faedfacb50b8','Cross-sell Rate','','Data/Metric',0,600,'user_30uQARGezqSApAChPSGSwFyUy85','[{"period":"2025-12","value":58.7,"change_percent":0,"trend":"neutral"},{"period":"2026-01","value":64.4,"change_percent":9.7,"trend":"up"},{"period":"2026-02","value":70.8,"change_percent":9.9,"trend":"up"},{"period":"2026-03","value":75,"change_percent":5.9,"trend":"up"},{"period":"2026-04","value":81.8,"change_percent":9.1,"trend":"up"},{"period":"2026-05","value":89.6,"change_percent":9.5,"trend":"up"},{"period":"2026-06","value":98.7,"change_percent":10.2,"trend":"up"}]'::jsonb);
INSERT INTO public.metric_cards (id,project_id,title,description,category,position_x,position_y,created_by,data) VALUES ('dcfd9a32-5b9d-4c4a-8d4e-8bc35b6be28f','3c111307-9ba0-4883-bfba-faedfacb50b8','Upsell Rate','','Data/Metric',340,600,'user_30uQARGezqSApAChPSGSwFyUy85','[{"period":"2025-12","value":23.6,"change_percent":0,"trend":"neutral"},{"period":"2026-01","value":24.7,"change_percent":4.7,"trend":"up"},{"period":"2026-02","value":25.5,"change_percent":3.2,"trend":"up"},{"period":"2026-03","value":27.1,"change_percent":6.3,"trend":"up"},{"period":"2026-04","value":28.7,"change_percent":5.9,"trend":"up"},{"period":"2026-05","value":30.2,"change_percent":5.2,"trend":"up"},{"period":"2026-06","value":31.9,"change_percent":5.6,"trend":"up"}]'::jsonb);
INSERT INTO public.metric_cards (id,project_id,title,description,category,position_x,position_y,created_by,data) VALUES ('e383fb10-b957-4393-8513-7bb167d4ce8f','3c111307-9ba0-4883-bfba-faedfacb50b8','Organic Sessions','','Data/Metric',-1360,800,'user_30uQARGezqSApAChPSGSwFyUy85','[{"period":"2025-12","value":1658,"change_percent":0,"trend":"neutral"},{"period":"2026-01","value":1793,"change_percent":8.1,"trend":"up"},{"period":"2026-02","value":1931,"change_percent":7.7,"trend":"up"},{"period":"2026-03","value":2034,"change_percent":5.3,"trend":"up"},{"period":"2026-04","value":2115,"change_percent":4,"trend":"up"},{"period":"2026-05","value":2264,"change_percent":7,"trend":"up"},{"period":"2026-06","value":2441,"change_percent":7.8,"trend":"up"}]'::jsonb);
INSERT INTO public.metric_cards (id,project_id,title,description,category,position_x,position_y,created_by,data) VALUES ('5d821803-eb38-445d-8529-a241ff004d31','3c111307-9ba0-4883-bfba-faedfacb50b8','Paid Sessions','Ad Spend / CPC','Data/Metric',-1020,800,'user_30uQARGezqSApAChPSGSwFyUy85','[{"period":"2025-12","value":31171,"change_percent":0,"trend":"neutral"},{"period":"2026-01","value":31978,"change_percent":2.6,"trend":"up"},{"period":"2026-02","value":34232,"change_percent":7,"trend":"up"},{"period":"2026-03","value":35561,"change_percent":3.9,"trend":"up"},{"period":"2026-04","value":37792,"change_percent":6.3,"trend":"up"},{"period":"2026-05","value":39925,"change_percent":5.6,"trend":"up"},{"period":"2026-06","value":42111,"change_percent":5.5,"trend":"up"}]'::jsonb);
INSERT INTO public.metric_cards (id,project_id,title,description,category,position_x,position_y,created_by,data) VALUES ('6f6fc0ff-1170-4afe-99e9-07cc00058dc6','3c111307-9ba0-4883-bfba-faedfacb50b8','Social Sessions','Reach × CTR','Data/Metric',-680,800,'user_30uQARGezqSApAChPSGSwFyUy85','[{"period":"2025-12","value":58292,"change_percent":0,"trend":"neutral"},{"period":"2026-01","value":59067,"change_percent":1.3,"trend":"up"},{"period":"2026-02","value":59066,"change_percent":0,"trend":"neutral"},{"period":"2026-03","value":60281,"change_percent":2.1,"trend":"up"},{"period":"2026-04","value":61983,"change_percent":2.8,"trend":"up"},{"period":"2026-05","value":63926,"change_percent":3.1,"trend":"up"},{"period":"2026-06","value":65788,"change_percent":2.9,"trend":"up"}]'::jsonb);
INSERT INTO public.metric_cards (id,project_id,title,description,category,position_x,position_y,created_by,data) VALUES ('79a03dab-6bd9-4a46-9654-eb2a19b88167','3c111307-9ba0-4883-bfba-faedfacb50b8','Email Sessions','List × Open × CTR','Data/Metric',-340,800,'user_30uQARGezqSApAChPSGSwFyUy85','[{"period":"2025-12","value":54924,"change_percent":0,"trend":"neutral"},{"period":"2026-01","value":59279,"change_percent":7.9,"trend":"up"},{"period":"2026-02","value":63124,"change_percent":6.5,"trend":"up"},{"period":"2026-03","value":66113,"change_percent":4.7,"trend":"up"},{"period":"2026-04","value":69224,"change_percent":4.7,"trend":"up"},{"period":"2026-05","value":71708,"change_percent":3.6,"trend":"up"},{"period":"2026-06","value":74674,"change_percent":4.1,"trend":"up"}]'::jsonb);
INSERT INTO public.metric_cards (id,project_id,title,description,category,position_x,position_y,created_by,data) VALUES ('d45b5b55-887f-4699-9dbc-2a268e022e4c','3c111307-9ba0-4883-bfba-faedfacb50b8','Direct Sessions','','Data/Metric',0,800,'user_30uQARGezqSApAChPSGSwFyUy85','[{"period":"2025-12","value":48115,"change_percent":0,"trend":"neutral"},{"period":"2026-01","value":50440,"change_percent":4.8,"trend":"up"},{"period":"2026-02","value":53761,"change_percent":6.6,"trend":"up"},{"period":"2026-03","value":57698,"change_percent":7.3,"trend":"up"},{"period":"2026-04","value":59639,"change_percent":3.4,"trend":"up"},{"period":"2026-05","value":61973,"change_percent":3.9,"trend":"up"},{"period":"2026-06","value":65263,"change_percent":5.3,"trend":"up"}]'::jsonb);
INSERT INTO public.metric_cards (id,project_id,title,description,category,position_x,position_y,created_by,data) VALUES ('f349f5ad-c55d-4e16-bfc3-77ef0be07950','3c111307-9ba0-4883-bfba-faedfacb50b8','Affiliate Sessions','','Data/Metric',340,800,'user_30uQARGezqSApAChPSGSwFyUy85','[{"period":"2025-12","value":26393,"change_percent":0,"trend":"neutral"},{"period":"2026-01","value":27160,"change_percent":2.9,"trend":"up"},{"period":"2026-02","value":28389,"change_percent":4.5,"trend":"up"},{"period":"2026-03","value":29638,"change_percent":4.4,"trend":"up"},{"period":"2026-04","value":31087,"change_percent":4.9,"trend":"up"},{"period":"2026-05","value":32107,"change_percent":3.3,"trend":"up"},{"period":"2026-06","value":33620,"change_percent":4.7,"trend":"up"}]'::jsonb);
INSERT INTO public.metric_cards (id,project_id,title,description,category,position_x,position_y,created_by,data) VALUES ('46b16210-e215-4edb-8171-7d656fc8c5da','3c111307-9ba0-4883-bfba-faedfacb50b8','Social Reach / Followers','','Data/Metric',-1360,1000,'user_30uQARGezqSApAChPSGSwFyUy85','[{"period":"2025-12","value":18802,"change_percent":0,"trend":"neutral"},{"period":"2026-01","value":19542,"change_percent":3.9,"trend":"up"},{"period":"2026-02","value":20966,"change_percent":7.3,"trend":"up"},{"period":"2026-03","value":21990,"change_percent":4.9,"trend":"up"},{"period":"2026-04","value":23805,"change_percent":8.3,"trend":"up"},{"period":"2026-05","value":25333,"change_percent":6.4,"trend":"up"},{"period":"2026-06","value":26423,"change_percent":4.3,"trend":"up"}]'::jsonb);
INSERT INTO public.metric_cards (id,project_id,title,description,category,position_x,position_y,created_by,data) VALUES ('50764048-2478-44fb-8a2f-8245a85c84d7','3c111307-9ba0-4883-bfba-faedfacb50b8','Social CTR','','Data/Metric',-1020,1000,'user_30uQARGezqSApAChPSGSwFyUy85','[{"period":"2025-12","value":4461,"change_percent":0,"trend":"neutral"},{"period":"2026-01","value":4714,"change_percent":5.7,"trend":"up"},{"period":"2026-02","value":5029,"change_percent":6.7,"trend":"up"},{"period":"2026-03","value":5312,"change_percent":5.6,"trend":"up"},{"period":"2026-04","value":5702,"change_percent":7.3,"trend":"up"},{"period":"2026-05","value":5892,"change_percent":3.3,"trend":"up"},{"period":"2026-06","value":6079,"change_percent":3.2,"trend":"up"}]'::jsonb);
INSERT INTO public.metric_cards (id,project_id,title,description,category,position_x,position_y,created_by,data) VALUES ('cc24993b-1905-41a1-bdff-64290db5ac6e','3c111307-9ba0-4883-bfba-faedfacb50b8','Content Cadence','','Data/Metric',-340,1200,'user_30uQARGezqSApAChPSGSwFyUy85','[{"period":"2025-12","value":2622,"change_percent":0,"trend":"neutral"},{"period":"2026-01","value":2789,"change_percent":6.4,"trend":"up"},{"period":"2026-02","value":3023,"change_percent":8.4,"trend":"up"},{"period":"2026-03","value":3162,"change_percent":4.6,"trend":"up"},{"period":"2026-04","value":3447,"change_percent":9,"trend":"up"},{"period":"2026-05","value":3720,"change_percent":7.9,"trend":"up"},{"period":"2026-06","value":4039,"change_percent":8.6,"trend":"up"}]'::jsonb);
INSERT INTO public.metric_cards (id,project_id,title,description,category,position_x,position_y,created_by,data) VALUES ('ea9f7072-0318-4a60-944d-0bc8e463e7cb','3c111307-9ba0-4883-bfba-faedfacb50b8','Email List Size','','Data/Metric',-680,1000,'user_30uQARGezqSApAChPSGSwFyUy85','[{"period":"2025-12","value":45334,"change_percent":0,"trend":"neutral"},{"period":"2026-01","value":47401,"change_percent":4.6,"trend":"up"},{"period":"2026-02","value":49030,"change_percent":3.4,"trend":"up"},{"period":"2026-03","value":50956,"change_percent":3.9,"trend":"up"},{"period":"2026-04","value":52236,"change_percent":2.5,"trend":"up"},{"period":"2026-05","value":53412,"change_percent":2.3,"trend":"up"},{"period":"2026-06","value":55470,"change_percent":3.9,"trend":"up"}]'::jsonb);
INSERT INTO public.metric_cards (id,project_id,title,description,category,position_x,position_y,created_by,data) VALUES ('d6c83ace-a19b-427f-b195-be312502b40e','3c111307-9ba0-4883-bfba-faedfacb50b8','Email Open Rate','','Data/Metric',-340,1000,'user_30uQARGezqSApAChPSGSwFyUy85','[{"period":"2025-12","value":35.4,"change_percent":0,"trend":"neutral"},{"period":"2026-01","value":37,"change_percent":4.5,"trend":"up"},{"period":"2026-02","value":37.6,"change_percent":1.6,"trend":"up"},{"period":"2026-03","value":39.1,"change_percent":4,"trend":"up"},{"period":"2026-04","value":40.5,"change_percent":3.6,"trend":"up"},{"period":"2026-05","value":41.9,"change_percent":3.5,"trend":"up"},{"period":"2026-06","value":43.6,"change_percent":4.1,"trend":"up"}]'::jsonb);
INSERT INTO public.metric_cards (id,project_id,title,description,category,position_x,position_y,created_by,data) VALUES ('10c7f1c3-80e3-4676-9a94-c0062ff69401','3c111307-9ba0-4883-bfba-faedfacb50b8','Ad Spend','','Data/Metric',0,1000,'user_30uQARGezqSApAChPSGSwFyUy85','[{"period":"2025-12","value":278308,"change_percent":0,"trend":"neutral"},{"period":"2026-01","value":291785,"change_percent":4.8,"trend":"up"},{"period":"2026-02","value":306164,"change_percent":4.9,"trend":"up"},{"period":"2026-03","value":323060,"change_percent":5.5,"trend":"up"},{"period":"2026-04","value":332624,"change_percent":3,"trend":"up"},{"period":"2026-05","value":352302,"change_percent":5.9,"trend":"up"},{"period":"2026-06","value":363373,"change_percent":3.1,"trend":"up"}]'::jsonb);
INSERT INTO public.metric_cards (id,project_id,title,description,category,position_x,position_y,created_by,data) VALUES ('67fca32e-7715-4823-8b33-0abcdcf8525e','3c111307-9ba0-4883-bfba-faedfacb50b8','CPC','','Data/Metric',340,1000,'user_30uQARGezqSApAChPSGSwFyUy85','[{"period":"2025-12","value":465,"change_percent":0,"trend":"neutral"},{"period":"2026-01","value":485,"change_percent":4.3,"trend":"up"},{"period":"2026-02","value":490,"change_percent":1,"trend":"neutral"},{"period":"2026-03","value":512,"change_percent":4.5,"trend":"up"},{"period":"2026-04","value":524,"change_percent":2.3,"trend":"up"},{"period":"2026-05","value":537,"change_percent":2.5,"trend":"up"},{"period":"2026-06","value":545,"change_percent":1.5,"trend":"up"}]'::jsonb);
INSERT INTO public.metric_cards (id,project_id,title,description,category,position_x,position_y,created_by,data) VALUES ('978f0781-4a6d-4bb4-affb-833b79c01046','3c111307-9ba0-4883-bfba-faedfacb50b8','Product Page CVR','','Data/Metric',680,800,'user_30uQARGezqSApAChPSGSwFyUy85','[{"period":"2025-12","value":3833,"change_percent":0,"trend":"neutral"},{"period":"2026-01","value":3964,"change_percent":3.4,"trend":"up"},{"period":"2026-02","value":4137,"change_percent":4.4,"trend":"up"},{"period":"2026-03","value":4378,"change_percent":5.8,"trend":"up"},{"period":"2026-04","value":4650,"change_percent":6.2,"trend":"up"},{"period":"2026-05","value":4805,"change_percent":3.3,"trend":"up"},{"period":"2026-06","value":4924,"change_percent":2.5,"trend":"up"}]'::jsonb);
INSERT INTO public.metric_cards (id,project_id,title,description,category,position_x,position_y,created_by,data) VALUES ('90434c7c-a90d-4b59-8f69-589d17207ffd','3c111307-9ba0-4883-bfba-faedfacb50b8','Add-to-Cart Rate','','Data/Metric',1020,800,'user_30uQARGezqSApAChPSGSwFyUy85','[{"period":"2025-12","value":22.9,"change_percent":0,"trend":"neutral"},{"period":"2026-01","value":24.9,"change_percent":8.7,"trend":"up"},{"period":"2026-02","value":26,"change_percent":4.4,"trend":"up"},{"period":"2026-03","value":27.2,"change_percent":4.6,"trend":"up"},{"period":"2026-04","value":28.9,"change_percent":6.2,"trend":"up"},{"period":"2026-05","value":30.6,"change_percent":5.9,"trend":"up"},{"period":"2026-06","value":32.5,"change_percent":6.2,"trend":"up"}]'::jsonb);
INSERT INTO public.metric_cards (id,project_id,title,description,category,position_x,position_y,created_by,data) VALUES ('8130f0ee-86e5-4894-950d-53b81c9be633','3c111307-9ba0-4883-bfba-faedfacb50b8','Cart Abandonment Rate','','Data/Metric',680,1000,'user_30uQARGezqSApAChPSGSwFyUy85','[{"period":"2025-12","value":34.7,"change_percent":0,"trend":"neutral"},{"period":"2026-01","value":32.7,"change_percent":-5.8,"trend":"down"},{"period":"2026-02","value":31,"change_percent":-5.2,"trend":"down"},{"period":"2026-03","value":29.4,"change_percent":-5.2,"trend":"down"},{"period":"2026-04","value":28.3,"change_percent":-3.7,"trend":"down"},{"period":"2026-05","value":26.5,"change_percent":-6.4,"trend":"down"},{"period":"2026-06","value":25.1,"change_percent":-5.3,"trend":"down"}]'::jsonb);
INSERT INTO public.metric_cards (id,project_id,title,description,category,position_x,position_y,created_by,data) VALUES ('15f339ad-ad81-4c00-9fa9-f1ba91dfa1c7','3c111307-9ba0-4883-bfba-faedfacb50b8','Checkout Completion %','','Data/Metric',1360,800,'user_30uQARGezqSApAChPSGSwFyUy85','[{"period":"2025-12","value":30.2,"change_percent":0,"trend":"neutral"},{"period":"2026-01","value":31.4,"change_percent":4,"trend":"up"},{"period":"2026-02","value":33.5,"change_percent":6.7,"trend":"up"},{"period":"2026-03","value":35.4,"change_percent":5.7,"trend":"up"},{"period":"2026-04","value":37.7,"change_percent":6.5,"trend":"up"},{"period":"2026-05","value":39.2,"change_percent":4,"trend":"up"},{"period":"2026-06","value":41.4,"change_percent":5.6,"trend":"up"}]'::jsonb);
INSERT INTO public.metric_cards (id,project_id,title,description,category,position_x,position_y,created_by,data) VALUES ('bf0f07e4-cbb4-4603-870b-1fc51890533a','3c111307-9ba0-4883-bfba-faedfacb50b8','New Customers','','Data/Metric',680,600,'user_30uQARGezqSApAChPSGSwFyUy85','[{"period":"2025-12","value":78934,"change_percent":0,"trend":"neutral"},{"period":"2026-01","value":81220,"change_percent":2.9,"trend":"up"},{"period":"2026-02","value":82420,"change_percent":1.5,"trend":"up"},{"period":"2026-03","value":84436,"change_percent":2.4,"trend":"up"},{"period":"2026-04","value":86583,"change_percent":2.5,"trend":"up"},{"period":"2026-05","value":89915,"change_percent":3.8,"trend":"up"},{"period":"2026-06","value":94155,"change_percent":4.7,"trend":"up"}]'::jsonb);
INSERT INTO public.metric_cards (id,project_id,title,description,category,position_x,position_y,created_by,data) VALUES ('a27bac0a-df6b-48cf-a198-22e768b00a27','3c111307-9ba0-4883-bfba-faedfacb50b8','Repeat Purchase Rate','','Data/Metric',-680,200,'user_30uQARGezqSApAChPSGSwFyUy85','[{"period":"2025-12","value":53.1,"change_percent":0,"trend":"neutral"},{"period":"2026-01","value":54.5,"change_percent":2.6,"trend":"up"},{"period":"2026-02","value":56.6,"change_percent":3.9,"trend":"up"},{"period":"2026-03","value":60.5,"change_percent":6.9,"trend":"up"},{"period":"2026-04","value":62.9,"change_percent":4,"trend":"up"},{"period":"2026-05","value":65.7,"change_percent":4.5,"trend":"up"},{"period":"2026-06","value":68.4,"change_percent":4.1,"trend":"up"}]'::jsonb);
INSERT INTO public.metric_cards (id,project_id,title,description,category,position_x,position_y,created_by,data) VALUES ('2ca78a29-a9dc-450d-9ae7-a2836cf91783','3c111307-9ba0-4883-bfba-faedfacb50b8','Purchase Frequency','','Data/Metric',-340,200,'user_30uQARGezqSApAChPSGSwFyUy85','[{"period":"2025-12","value":3296,"change_percent":0,"trend":"neutral"},{"period":"2026-01","value":3395,"change_percent":3,"trend":"up"},{"period":"2026-02","value":3583,"change_percent":5.5,"trend":"up"},{"period":"2026-03","value":3686,"change_percent":2.9,"trend":"up"},{"period":"2026-04","value":3816,"change_percent":3.5,"trend":"up"},{"period":"2026-05","value":3998,"change_percent":4.8,"trend":"up"},{"period":"2026-06","value":4174,"change_percent":4.4,"trend":"up"}]'::jsonb);
INSERT INTO public.metric_cards (id,project_id,title,description,category,position_x,position_y,created_by,data) VALUES ('6c46771f-65af-4bd2-bc4a-bbd92330317a','3c111307-9ba0-4883-bfba-faedfacb50b8','Customer LTV','','Data/Metric',0,200,'user_30uQARGezqSApAChPSGSwFyUy85','[{"period":"2025-12","value":356195,"change_percent":0,"trend":"neutral"},{"period":"2026-01","value":384842,"change_percent":8,"trend":"up"},{"period":"2026-02","value":411187,"change_percent":6.8,"trend":"up"},{"period":"2026-03","value":442186,"change_percent":7.5,"trend":"up"},{"period":"2026-04","value":470936,"change_percent":6.5,"trend":"up"},{"period":"2026-05","value":511543,"change_percent":8.6,"trend":"up"},{"period":"2026-06","value":545037,"change_percent":6.5,"trend":"up"}]'::jsonb);
INSERT INTO public.metric_cards (id,project_id,title,description,category,position_x,position_y,created_by,data) VALUES ('882364f9-694c-4ae6-9a89-3b3c2c8ebb11','3c111307-9ba0-4883-bfba-faedfacb50b8','CAC','','Data/Metric',340,200,'user_30uQARGezqSApAChPSGSwFyUy85','[{"period":"2025-12","value":172809,"change_percent":0,"trend":"neutral"},{"period":"2026-01","value":163881,"change_percent":-5.2,"trend":"down"},{"period":"2026-02","value":154554,"change_percent":-5.7,"trend":"down"},{"period":"2026-03","value":151287,"change_percent":-2.1,"trend":"down"},{"period":"2026-04","value":143357,"change_percent":-5.2,"trend":"down"},{"period":"2026-05","value":139380,"change_percent":-2.8,"trend":"down"},{"period":"2026-06","value":133948,"change_percent":-3.9,"trend":"down"}]'::jsonb);
INSERT INTO public.metric_cards (id,project_id,title,description,category,position_x,position_y,created_by,data) VALUES ('bbda9d4d-58d4-48cd-b395-fe0ef474c4a1','3c111307-9ba0-4883-bfba-faedfacb50b8','Total Costs','','Data/Metric',680,200,'user_30uQARGezqSApAChPSGSwFyUy85','[{"period":"2025-12","value":542171,"change_percent":0,"trend":"neutral"},{"period":"2026-01","value":499950,"change_percent":-7.8,"trend":"down"},{"period":"2026-02","value":465468,"change_percent":-6.9,"trend":"down"},{"period":"2026-03","value":435850,"change_percent":-6.4,"trend":"down"},{"period":"2026-04","value":395272,"change_percent":-9.3,"trend":"down"},{"period":"2026-05","value":373421,"change_percent":-5.5,"trend":"down"},{"period":"2026-06","value":338856,"change_percent":-9.3,"trend":"down"}]'::jsonb);
INSERT INTO public.metric_cards (id,project_id,title,description,category,position_x,position_y,created_by,data) VALUES ('706db2b9-cd55-4811-a133-ba3159c9f812','3c111307-9ba0-4883-bfba-faedfacb50b8','COGS','','Data/Metric',-510,400,'user_30uQARGezqSApAChPSGSwFyUy85','[{"period":"2025-12","value":514179,"change_percent":0,"trend":"neutral"},{"period":"2026-01","value":510105,"change_percent":-0.8,"trend":"neutral"},{"period":"2026-02","value":496600,"change_percent":-2.6,"trend":"down"},{"period":"2026-03","value":470118,"change_percent":-5.3,"trend":"down"},{"period":"2026-04","value":457443,"change_percent":-2.7,"trend":"down"},{"period":"2026-05","value":438566,"change_percent":-4.1,"trend":"down"},{"period":"2026-06","value":428752,"change_percent":-2.2,"trend":"down"}]'::jsonb);
INSERT INTO public.metric_cards (id,project_id,title,description,category,position_x,position_y,created_by,data) VALUES ('cccc84b2-c472-4169-a238-72553eb9e36e','3c111307-9ba0-4883-bfba-faedfacb50b8','Gross Margin %','','Data/Metric',1020,200,'user_30uQARGezqSApAChPSGSwFyUy85','[{"period":"2025-12","value":25.6,"change_percent":0,"trend":"neutral"},{"period":"2026-01","value":26,"change_percent":1.6,"trend":"up"},{"period":"2026-02","value":26,"change_percent":0,"trend":"neutral"},{"period":"2026-03","value":27,"change_percent":3.8,"trend":"up"},{"period":"2026-04","value":27.9,"change_percent":3.3,"trend":"up"},{"period":"2026-05","value":28.6,"change_percent":2.5,"trend":"up"},{"period":"2026-06","value":29,"change_percent":1.4,"trend":"up"}]'::jsonb);
INSERT INTO public.metric_cards (id,project_id,title,description,category,position_x,position_y,created_by,data) VALUES ('df35405e-7cdc-48cb-a963-c3e36577edc5','3c111307-9ba0-4883-bfba-faedfacb50b8','Shipping Cost','','Data/Metric',-170,400,'user_30uQARGezqSApAChPSGSwFyUy85','[{"period":"2025-12","value":330022,"change_percent":0,"trend":"neutral"},{"period":"2026-01","value":316581,"change_percent":-4.1,"trend":"down"},{"period":"2026-02","value":301690,"change_percent":-4.7,"trend":"down"},{"period":"2026-03","value":297968,"change_percent":-1.2,"trend":"down"},{"period":"2026-04","value":288286,"change_percent":-3.2,"trend":"down"},{"period":"2026-05","value":285253,"change_percent":-1.1,"trend":"down"},{"period":"2026-06","value":271316,"change_percent":-4.9,"trend":"down"}]'::jsonb);
INSERT INTO public.metric_cards (id,project_id,title,description,category,position_x,position_y,created_by,data) VALUES ('7730be4f-13ee-4d0c-85cc-78ee57f3b9f7','3c111307-9ba0-4883-bfba-faedfacb50b8','Returns Rate','','Data/Metric',170,400,'user_30uQARGezqSApAChPSGSwFyUy85','[{"period":"2025-12","value":49.1,"change_percent":0,"trend":"neutral"},{"period":"2026-01","value":49,"change_percent":-0.2,"trend":"neutral"},{"period":"2026-02","value":47.5,"change_percent":-3.1,"trend":"down"},{"period":"2026-03","value":47.7,"change_percent":0.4,"trend":"neutral"},{"period":"2026-04","value":46.2,"change_percent":-3.1,"trend":"down"},{"period":"2026-05","value":44.5,"change_percent":-3.7,"trend":"down"},{"period":"2026-06","value":43.9,"change_percent":-1.3,"trend":"down"}]'::jsonb);
INSERT INTO public.metric_cards (id,project_id,title,description,category,position_x,position_y,created_by,data) VALUES ('2f0f877b-16dc-4cf1-a2f7-9e1a1d880ee4','3c111307-9ba0-4883-bfba-faedfacb50b8','Marketing Spend','','Data/Metric',510,400,'user_30uQARGezqSApAChPSGSwFyUy85','[{"period":"2025-12","value":676373,"change_percent":0,"trend":"neutral"},{"period":"2026-01","value":737767,"change_percent":9.1,"trend":"up"},{"period":"2026-02","value":780150,"change_percent":5.7,"trend":"up"},{"period":"2026-03","value":842263,"change_percent":8,"trend":"up"},{"period":"2026-04","value":888551,"change_percent":5.5,"trend":"up"},{"period":"2026-05","value":955895,"change_percent":7.6,"trend":"up"},{"period":"2026-06","value":1041693,"change_percent":9,"trend":"up"}]'::jsonb);
INSERT INTO public.metric_cards (id,project_id,title,description,category,position_x,position_y,created_by,data) VALUES ('c6386aea-d214-4670-ba00-dec3687814ca','3c111307-9ba0-4883-bfba-faedfacb50b8','Payment Fees','','Data/Metric',850,400,'user_30uQARGezqSApAChPSGSwFyUy85','[{"period":"2025-12","value":722501,"change_percent":0,"trend":"neutral"},{"period":"2026-01","value":748165,"change_percent":3.6,"trend":"up"},{"period":"2026-02","value":778149,"change_percent":4,"trend":"up"},{"period":"2026-03","value":820071,"change_percent":5.4,"trend":"up"},{"period":"2026-04","value":878155,"change_percent":7.1,"trend":"up"},{"period":"2026-05","value":920317,"change_percent":4.8,"trend":"up"},{"period":"2026-06","value":978054,"change_percent":6.3,"trend":"up"}]'::jsonb);
INSERT INTO public.metric_cards (id,project_id,title,description,category,position_x,position_y,created_by,data) VALUES ('0f9e5dd2-a0b7-48dc-bea5-a2163a798cfe','3c111307-9ba0-4883-bfba-faedfacb50b8','Fulfilment / Ops','','Data/Metric',1190,400,'user_30uQARGezqSApAChPSGSwFyUy85','[{"period":"2025-12","value":3473,"change_percent":0,"trend":"neutral"},{"period":"2026-01","value":3620,"change_percent":4.2,"trend":"up"},{"period":"2026-02","value":3731,"change_percent":3.1,"trend":"up"},{"period":"2026-03","value":3848,"change_percent":3.1,"trend":"up"},{"period":"2026-04","value":3886,"change_percent":1,"trend":"neutral"},{"period":"2026-05","value":4030,"change_percent":3.7,"trend":"up"},{"period":"2026-06","value":4174,"change_percent":3.6,"trend":"up"}]'::jsonb);
INSERT INTO public.metric_cards (id,project_id,title,description,category,position_x,position_y,created_by,data) VALUES ('ff61b4df-79ed-418e-bf51-bcdfc7ac7e38','3c111307-9ba0-4883-bfba-faedfacb50b8','Retargeting campaign','','Work/Action',1020,1000,'user_30uQARGezqSApAChPSGSwFyUy85','[]'::jsonb);
INSERT INTO public.metric_cards (id,project_id,title,description,category,position_x,position_y,created_by,data) VALUES ('7658b397-1a35-4efb-9029-3a8320385285','3c111307-9ba0-4883-bfba-faedfacb50b8','Abandoned-cart email flow','','Work/Action',0,1200,'user_30uQARGezqSApAChPSGSwFyUy85','[]'::jsonb);
INSERT INTO public.metric_cards (id,project_id,title,description,category,position_x,position_y,created_by,data) VALUES ('c64c2e11-29b2-4a8a-a9e6-0b00425856e6','3c111307-9ba0-4883-bfba-faedfacb50b8','Product bundles','','Work/Action',1020,600,'user_30uQARGezqSApAChPSGSwFyUy85','[]'::jsonb);
INSERT INTO public.metric_cards (id,project_id,title,description,category,position_x,position_y,created_by,data) VALUES ('e9722242-468b-4f2c-96d3-93568d8c217c','3c111307-9ba0-4883-bfba-faedfacb50b8','UGC / influencer social','','Work/Action',340,1200,'user_30uQARGezqSApAChPSGSwFyUy85','[]'::jsonb);
INSERT INTO public.metric_cards (id,project_id,title,description,category,position_x,position_y,created_by,data) VALUES ('d155d2c3-ee45-4227-8a85-bc6ccf8e5c0d','3c111307-9ba0-4883-bfba-faedfacb50b8','Free-ship threshold lifts AOV','','Ideas/Hypothesis',1360,600,'user_30uQARGezqSApAChPSGSwFyUy85','[]'::jsonb);
INSERT INTO public.metric_cards (id,project_id,title,description,category,position_x,position_y,created_by,data) VALUES ('b129f93c-e08e-4710-8ebf-f44629c0eaf8','3c111307-9ba0-4883-bfba-faedfacb50b8','Reviews lift product-page CVR','','Ideas/Hypothesis',1360,1000,'user_30uQARGezqSApAChPSGSwFyUy85','[]'::jsonb);
INSERT INTO public.relationships (id,project_id,source_id,target_id,type,confidence,weight,created_by) VALUES ('ef9bfbf7-db90-413b-8e82-ee016643ac23','3c111307-9ba0-4883-bfba-faedfacb50b8','4a37c3d9-81c0-4a4d-bd74-0970d4a5cdc4','0711c359-7432-4d36-8c1b-27072114dbf0','Compositional','High',95,'user_30uQARGezqSApAChPSGSwFyUy85');
INSERT INTO public.relationships (id,project_id,source_id,target_id,type,confidence,weight,created_by) VALUES ('e9c79794-9b1f-4b31-9287-e18367c744da','3c111307-9ba0-4883-bfba-faedfacb50b8','bbda9d4d-58d4-48cd-b395-fe0ef474c4a1','0711c359-7432-4d36-8c1b-27072114dbf0','Compositional','High',90,'user_30uQARGezqSApAChPSGSwFyUy85');
INSERT INTO public.relationships (id,project_id,source_id,target_id,type,confidence,weight,created_by) VALUES ('d4a4e8ae-f467-43e8-a228-fcda380e986b','3c111307-9ba0-4883-bfba-faedfacb50b8','cccc84b2-c472-4169-a238-72553eb9e36e','0711c359-7432-4d36-8c1b-27072114dbf0','Causal','High',70,'user_30uQARGezqSApAChPSGSwFyUy85');
INSERT INTO public.relationships (id,project_id,source_id,target_id,type,confidence,weight,created_by) VALUES ('dc7ae260-5488-4612-83e8-acfee162cec5','3c111307-9ba0-4883-bfba-faedfacb50b8','c7d95ae8-c466-4adb-8c00-d88d5967dd75','4a37c3d9-81c0-4a4d-bd74-0970d4a5cdc4','Deterministic','High',95,'user_30uQARGezqSApAChPSGSwFyUy85');
INSERT INTO public.relationships (id,project_id,source_id,target_id,type,confidence,weight,created_by) VALUES ('8dbc50cc-6dc5-4c96-84ce-d3d60a58149f','3c111307-9ba0-4883-bfba-faedfacb50b8','89cf8d2b-d687-44ff-bbcc-78fef252eaf8','4a37c3d9-81c0-4a4d-bd74-0970d4a5cdc4','Deterministic','High',90,'user_30uQARGezqSApAChPSGSwFyUy85');
INSERT INTO public.relationships (id,project_id,source_id,target_id,type,confidence,weight,created_by) VALUES ('a550b25b-4d23-4007-9147-1f21103f142f','3c111307-9ba0-4883-bfba-faedfacb50b8','98510d71-d5a8-4565-877f-9ab1d708c9e4','c7d95ae8-c466-4adb-8c00-d88d5967dd75','Deterministic','High',90,'user_30uQARGezqSApAChPSGSwFyUy85');
INSERT INTO public.relationships (id,project_id,source_id,target_id,type,confidence,weight,created_by) VALUES ('150f26df-2a97-42e0-b9df-9221863ec57b','3c111307-9ba0-4883-bfba-faedfacb50b8','28375fab-b932-4cb1-afee-f48f2f96d7ae','c7d95ae8-c466-4adb-8c00-d88d5967dd75','Probabilistic','High',85,'user_30uQARGezqSApAChPSGSwFyUy85');
INSERT INTO public.relationships (id,project_id,source_id,target_id,type,confidence,weight,created_by) VALUES ('c676486b-2146-478c-b174-1ca3fea1a8f9','3c111307-9ba0-4883-bfba-faedfacb50b8','1d40e283-1109-4453-abd6-2850c61e64b9','89cf8d2b-d687-44ff-bbcc-78fef252eaf8','Deterministic','High',80,'user_30uQARGezqSApAChPSGSwFyUy85');
INSERT INTO public.relationships (id,project_id,source_id,target_id,type,confidence,weight,created_by) VALUES ('98ba504a-8aaa-43d9-b6e8-4e226041629b','3c111307-9ba0-4883-bfba-faedfacb50b8','5bff4ae7-2800-4342-b055-93f0e532989a','89cf8d2b-d687-44ff-bbcc-78fef252eaf8','Deterministic','High',75,'user_30uQARGezqSApAChPSGSwFyUy85');
INSERT INTO public.relationships (id,project_id,source_id,target_id,type,confidence,weight,created_by) VALUES ('6fee2fbb-dba1-4fa6-889c-b3720646c1e6','3c111307-9ba0-4883-bfba-faedfacb50b8','2fc98a33-9e51-4e2c-9ee4-0aba4b6e9f87','89cf8d2b-d687-44ff-bbcc-78fef252eaf8','Causal','High',60,'user_30uQARGezqSApAChPSGSwFyUy85');
INSERT INTO public.relationships (id,project_id,source_id,target_id,type,confidence,weight,created_by) VALUES ('57cb1cf8-8759-41be-a371-d8fbf62f2c33','3c111307-9ba0-4883-bfba-faedfacb50b8','dcfd9a32-5b9d-4c4a-8d4e-8bc35b6be28f','89cf8d2b-d687-44ff-bbcc-78fef252eaf8','Causal','High',60,'user_30uQARGezqSApAChPSGSwFyUy85');
INSERT INTO public.relationships (id,project_id,source_id,target_id,type,confidence,weight,created_by) VALUES ('9c230ab3-1ea0-4743-b737-ea9e42e39668','3c111307-9ba0-4883-bfba-faedfacb50b8','e383fb10-b957-4393-8513-7bb167d4ce8f','98510d71-d5a8-4565-877f-9ab1d708c9e4','Compositional','High',70,'user_30uQARGezqSApAChPSGSwFyUy85');
INSERT INTO public.relationships (id,project_id,source_id,target_id,type,confidence,weight,created_by) VALUES ('020e2981-a834-4a16-b5b6-2a74cd98985f','3c111307-9ba0-4883-bfba-faedfacb50b8','5d821803-eb38-445d-8529-a241ff004d31','98510d71-d5a8-4565-877f-9ab1d708c9e4','Compositional','High',70,'user_30uQARGezqSApAChPSGSwFyUy85');
INSERT INTO public.relationships (id,project_id,source_id,target_id,type,confidence,weight,created_by) VALUES ('73f801e1-60af-4346-97b2-8d5058d8e2d6','3c111307-9ba0-4883-bfba-faedfacb50b8','6f6fc0ff-1170-4afe-99e9-07cc00058dc6','98510d71-d5a8-4565-877f-9ab1d708c9e4','Compositional','High',60,'user_30uQARGezqSApAChPSGSwFyUy85');
INSERT INTO public.relationships (id,project_id,source_id,target_id,type,confidence,weight,created_by) VALUES ('28b88155-3d0c-41f7-ad66-f9792fd72fa1','3c111307-9ba0-4883-bfba-faedfacb50b8','79a03dab-6bd9-4a46-9654-eb2a19b88167','98510d71-d5a8-4565-877f-9ab1d708c9e4','Compositional','High',60,'user_30uQARGezqSApAChPSGSwFyUy85');
INSERT INTO public.relationships (id,project_id,source_id,target_id,type,confidence,weight,created_by) VALUES ('12404c64-65bc-4be3-85d5-0ed65eaecb6c','3c111307-9ba0-4883-bfba-faedfacb50b8','d45b5b55-887f-4699-9dbc-2a268e022e4c','98510d71-d5a8-4565-877f-9ab1d708c9e4','Compositional','High',50,'user_30uQARGezqSApAChPSGSwFyUy85');
INSERT INTO public.relationships (id,project_id,source_id,target_id,type,confidence,weight,created_by) VALUES ('4bf1bed2-b730-4727-9735-2f0b14108e08','3c111307-9ba0-4883-bfba-faedfacb50b8','f349f5ad-c55d-4e16-bfc3-77ef0be07950','98510d71-d5a8-4565-877f-9ab1d708c9e4','Compositional','High',45,'user_30uQARGezqSApAChPSGSwFyUy85');
INSERT INTO public.relationships (id,project_id,source_id,target_id,type,confidence,weight,created_by) VALUES ('9c2e00d4-8945-451d-99ef-58d9c87eaf8c','3c111307-9ba0-4883-bfba-faedfacb50b8','46b16210-e215-4edb-8171-7d656fc8c5da','6f6fc0ff-1170-4afe-99e9-07cc00058dc6','Causal','High',70,'user_30uQARGezqSApAChPSGSwFyUy85');
INSERT INTO public.relationships (id,project_id,source_id,target_id,type,confidence,weight,created_by) VALUES ('9335f029-6096-464f-9a6f-6a88dd6db2ae','3c111307-9ba0-4883-bfba-faedfacb50b8','50764048-2478-44fb-8a2f-8245a85c84d7','6f6fc0ff-1170-4afe-99e9-07cc00058dc6','Causal','High',65,'user_30uQARGezqSApAChPSGSwFyUy85');
INSERT INTO public.relationships (id,project_id,source_id,target_id,type,confidence,weight,created_by) VALUES ('2f90ad09-eac0-4f69-888e-78a04e0db950','3c111307-9ba0-4883-bfba-faedfacb50b8','cc24993b-1905-41a1-bdff-64290db5ac6e','46b16210-e215-4edb-8171-7d656fc8c5da','Causal','High',55,'user_30uQARGezqSApAChPSGSwFyUy85');
INSERT INTO public.relationships (id,project_id,source_id,target_id,type,confidence,weight,created_by) VALUES ('0ee369ce-c63e-4115-92f1-6e12cdbc81c1','3c111307-9ba0-4883-bfba-faedfacb50b8','ea9f7072-0318-4a60-944d-0bc8e463e7cb','79a03dab-6bd9-4a46-9654-eb2a19b88167','Deterministic','High',70,'user_30uQARGezqSApAChPSGSwFyUy85');
INSERT INTO public.relationships (id,project_id,source_id,target_id,type,confidence,weight,created_by) VALUES ('7d915409-0f7e-4283-be16-186d6fa735b3','3c111307-9ba0-4883-bfba-faedfacb50b8','d6c83ace-a19b-427f-b195-be312502b40e','79a03dab-6bd9-4a46-9654-eb2a19b88167','Probabilistic','High',65,'user_30uQARGezqSApAChPSGSwFyUy85');
INSERT INTO public.relationships (id,project_id,source_id,target_id,type,confidence,weight,created_by) VALUES ('0a65e4c4-c8b9-4264-ba39-ec8e8449539e','3c111307-9ba0-4883-bfba-faedfacb50b8','10c7f1c3-80e3-4676-9a94-c0062ff69401','5d821803-eb38-445d-8529-a241ff004d31','Deterministic','High',80,'user_30uQARGezqSApAChPSGSwFyUy85');
INSERT INTO public.relationships (id,project_id,source_id,target_id,type,confidence,weight,created_by) VALUES ('616ba000-6894-4a96-b65b-3672b812b2cc','3c111307-9ba0-4883-bfba-faedfacb50b8','67fca32e-7715-4823-8b33-0abcdcf8525e','5d821803-eb38-445d-8529-a241ff004d31','Deterministic','High',70,'user_30uQARGezqSApAChPSGSwFyUy85');
INSERT INTO public.relationships (id,project_id,source_id,target_id,type,confidence,weight,created_by) VALUES ('4b6c69a2-a997-450c-87b4-f3d350ecd44e','3c111307-9ba0-4883-bfba-faedfacb50b8','978f0781-4a6d-4bb4-affb-833b79c01046','28375fab-b932-4cb1-afee-f48f2f96d7ae','Causal','High',75,'user_30uQARGezqSApAChPSGSwFyUy85');
INSERT INTO public.relationships (id,project_id,source_id,target_id,type,confidence,weight,created_by) VALUES ('702daa91-3cdd-4fc6-9d55-b16a29e2346d','3c111307-9ba0-4883-bfba-faedfacb50b8','90434c7c-a90d-4b59-8f69-589d17207ffd','28375fab-b932-4cb1-afee-f48f2f96d7ae','Causal','High',75,'user_30uQARGezqSApAChPSGSwFyUy85');
INSERT INTO public.relationships (id,project_id,source_id,target_id,type,confidence,weight,created_by) VALUES ('0ccac1f7-ac63-432a-a249-2e34cd837bf2','3c111307-9ba0-4883-bfba-faedfacb50b8','8130f0ee-86e5-4894-950d-53b81c9be633','15f339ad-ad81-4c00-9fa9-f1ba91dfa1c7','Causal','High',80,'user_30uQARGezqSApAChPSGSwFyUy85');
INSERT INTO public.relationships (id,project_id,source_id,target_id,type,confidence,weight,created_by) VALUES ('682980a4-7105-4620-9942-80b44527aacc','3c111307-9ba0-4883-bfba-faedfacb50b8','15f339ad-ad81-4c00-9fa9-f1ba91dfa1c7','28375fab-b932-4cb1-afee-f48f2f96d7ae','Deterministic','High',80,'user_30uQARGezqSApAChPSGSwFyUy85');
INSERT INTO public.relationships (id,project_id,source_id,target_id,type,confidence,weight,created_by) VALUES ('af991dc8-1650-4f09-88c8-ccc9dc3283c3','3c111307-9ba0-4883-bfba-faedfacb50b8','bf0f07e4-cbb4-4603-870b-1fc51890533a','c7d95ae8-c466-4adb-8c00-d88d5967dd75','Causal','High',55,'user_30uQARGezqSApAChPSGSwFyUy85');
INSERT INTO public.relationships (id,project_id,source_id,target_id,type,confidence,weight,created_by) VALUES ('08c12760-905f-4b57-932d-6e72fb1da106','3c111307-9ba0-4883-bfba-faedfacb50b8','a27bac0a-df6b-48cf-a198-22e768b00a27','2ca78a29-a9dc-450d-9ae7-a2836cf91783','Causal','High',70,'user_30uQARGezqSApAChPSGSwFyUy85');
INSERT INTO public.relationships (id,project_id,source_id,target_id,type,confidence,weight,created_by) VALUES ('871959a2-5baf-4c89-8e97-85a48d3aeb24','3c111307-9ba0-4883-bfba-faedfacb50b8','2ca78a29-a9dc-450d-9ae7-a2836cf91783','6c46771f-65af-4bd2-bc4a-bbd92330317a','Deterministic','High',75,'user_30uQARGezqSApAChPSGSwFyUy85');
INSERT INTO public.relationships (id,project_id,source_id,target_id,type,confidence,weight,created_by) VALUES ('fddb1551-d756-4623-b218-3430497d9d38','3c111307-9ba0-4883-bfba-faedfacb50b8','89cf8d2b-d687-44ff-bbcc-78fef252eaf8','6c46771f-65af-4bd2-bc4a-bbd92330317a','Causal','High',60,'user_30uQARGezqSApAChPSGSwFyUy85');
INSERT INTO public.relationships (id,project_id,source_id,target_id,type,confidence,weight,created_by) VALUES ('c1b19464-fb43-461e-bbf7-8d3d412211e6','3c111307-9ba0-4883-bfba-faedfacb50b8','2f0f877b-16dc-4cf1-a2f7-9e1a1d880ee4','882364f9-694c-4ae6-9a89-3b3c2c8ebb11','Deterministic','High',80,'user_30uQARGezqSApAChPSGSwFyUy85');
INSERT INTO public.relationships (id,project_id,source_id,target_id,type,confidence,weight,created_by) VALUES ('9d9ae24a-88c4-4b35-9d89-38ef729ed770','3c111307-9ba0-4883-bfba-faedfacb50b8','bf0f07e4-cbb4-4603-870b-1fc51890533a','882364f9-694c-4ae6-9a89-3b3c2c8ebb11','Deterministic','High',75,'user_30uQARGezqSApAChPSGSwFyUy85');
INSERT INTO public.relationships (id,project_id,source_id,target_id,type,confidence,weight,created_by) VALUES ('1fbc88ed-e020-4bfd-bdb3-7a1810114581','3c111307-9ba0-4883-bfba-faedfacb50b8','706db2b9-cd55-4811-a133-ba3159c9f812','bbda9d4d-58d4-48cd-b395-fe0ef474c4a1','Compositional','High',80,'user_30uQARGezqSApAChPSGSwFyUy85');
INSERT INTO public.relationships (id,project_id,source_id,target_id,type,confidence,weight,created_by) VALUES ('c8aa8409-0cdc-4acb-915a-ced1ebf1114d','3c111307-9ba0-4883-bfba-faedfacb50b8','df35405e-7cdc-48cb-a963-c3e36577edc5','bbda9d4d-58d4-48cd-b395-fe0ef474c4a1','Compositional','High',65,'user_30uQARGezqSApAChPSGSwFyUy85');
INSERT INTO public.relationships (id,project_id,source_id,target_id,type,confidence,weight,created_by) VALUES ('d409ad94-68a4-4901-a350-4303558b0400','3c111307-9ba0-4883-bfba-faedfacb50b8','2f0f877b-16dc-4cf1-a2f7-9e1a1d880ee4','bbda9d4d-58d4-48cd-b395-fe0ef474c4a1','Compositional','High',70,'user_30uQARGezqSApAChPSGSwFyUy85');
INSERT INTO public.relationships (id,project_id,source_id,target_id,type,confidence,weight,created_by) VALUES ('b981af38-b374-45a6-be51-8f2b19306313','3c111307-9ba0-4883-bfba-faedfacb50b8','7730be4f-13ee-4d0c-85cc-78ee57f3b9f7','bbda9d4d-58d4-48cd-b395-fe0ef474c4a1','Causal','High',60,'user_30uQARGezqSApAChPSGSwFyUy85');
INSERT INTO public.relationships (id,project_id,source_id,target_id,type,confidence,weight,created_by) VALUES ('aafb019c-a2d5-45a2-8253-686c18c3ad2f','3c111307-9ba0-4883-bfba-faedfacb50b8','c6386aea-d214-4670-ba00-dec3687814ca','bbda9d4d-58d4-48cd-b395-fe0ef474c4a1','Compositional','High',50,'user_30uQARGezqSApAChPSGSwFyUy85');
INSERT INTO public.relationships (id,project_id,source_id,target_id,type,confidence,weight,created_by) VALUES ('6ca6450d-07ea-4cd8-bc5d-3df54b556e0f','3c111307-9ba0-4883-bfba-faedfacb50b8','0f9e5dd2-a0b7-48dc-bea5-a2163a798cfe','bbda9d4d-58d4-48cd-b395-fe0ef474c4a1','Compositional','High',60,'user_30uQARGezqSApAChPSGSwFyUy85');
INSERT INTO public.relationships (id,project_id,source_id,target_id,type,confidence,weight,created_by) VALUES ('34c38325-0796-489d-8bab-98d8d6b277e0','3c111307-9ba0-4883-bfba-faedfacb50b8','706db2b9-cd55-4811-a133-ba3159c9f812','cccc84b2-c472-4169-a238-72553eb9e36e','Causal','High',75,'user_30uQARGezqSApAChPSGSwFyUy85');
INSERT INTO public.relationships (id,project_id,source_id,target_id,type,confidence,weight,created_by) VALUES ('0a5fa52b-0df8-42db-a998-49064dab73d5','3c111307-9ba0-4883-bfba-faedfacb50b8','10c7f1c3-80e3-4676-9a94-c0062ff69401','2f0f877b-16dc-4cf1-a2f7-9e1a1d880ee4','Compositional','High',70,'user_30uQARGezqSApAChPSGSwFyUy85');
INSERT INTO public.relationships (id,project_id,source_id,target_id,type,confidence,weight,created_by) VALUES ('863d9f72-a70b-49a4-8270-ff0e7d141442','3c111307-9ba0-4883-bfba-faedfacb50b8','ff61b4df-79ed-418e-bf51-bcdfc7ac7e38','5d821803-eb38-445d-8529-a241ff004d31','Causal','High',60,'user_30uQARGezqSApAChPSGSwFyUy85');
INSERT INTO public.relationships (id,project_id,source_id,target_id,type,confidence,weight,created_by) VALUES ('9cd35a47-24b6-4303-9cd4-fbcaad4c1d80','3c111307-9ba0-4883-bfba-faedfacb50b8','7658b397-1a35-4efb-9029-3a8320385285','8130f0ee-86e5-4894-950d-53b81c9be633','Causal','High',70,'user_30uQARGezqSApAChPSGSwFyUy85');
INSERT INTO public.relationships (id,project_id,source_id,target_id,type,confidence,weight,created_by) VALUES ('f491d1b6-a193-4dd7-bbda-cc22c35530cd','3c111307-9ba0-4883-bfba-faedfacb50b8','c64c2e11-29b2-4a8a-a9e6-0b00425856e6','89cf8d2b-d687-44ff-bbcc-78fef252eaf8','Causal','High',65,'user_30uQARGezqSApAChPSGSwFyUy85');
INSERT INTO public.relationships (id,project_id,source_id,target_id,type,confidence,weight,created_by) VALUES ('960203e5-0046-489c-bb07-b21b5012d868','3c111307-9ba0-4883-bfba-faedfacb50b8','e9722242-468b-4f2c-96d3-93568d8c217c','46b16210-e215-4edb-8171-7d656fc8c5da','Causal','High',60,'user_30uQARGezqSApAChPSGSwFyUy85');
INSERT INTO public.relationships (id,project_id,source_id,target_id,type,confidence,weight,created_by) VALUES ('3b2a9e39-f051-4f42-98aa-7cb3ea829414','3c111307-9ba0-4883-bfba-faedfacb50b8','d155d2c3-ee45-4227-8a85-bc6ccf8e5c0d','89cf8d2b-d687-44ff-bbcc-78fef252eaf8','Probabilistic','High',50,'user_30uQARGezqSApAChPSGSwFyUy85');
INSERT INTO public.relationships (id,project_id,source_id,target_id,type,confidence,weight,created_by) VALUES ('668584a9-214a-4a14-a9a8-fd9461c02af1','3c111307-9ba0-4883-bfba-faedfacb50b8','b129f93c-e08e-4710-8ebf-f44629c0eaf8','978f0781-4a6d-4bb4-affb-833b79c01046','Probabilistic','High',50,'user_30uQARGezqSApAChPSGSwFyUy85');
INSERT INTO public.groups (id,project_id,name,color,node_ids,position_x,position_y,width,height,created_by) VALUES ('aacb2824-f071-4f52-8b2b-b3a677c154e0','3c111307-9ba0-4883-bfba-faedfacb50b8','Traffic & Channels','#3b82f6',ARRAY['98510d71-d5a8-4565-877f-9ab1d708c9e4','e383fb10-b957-4393-8513-7bb167d4ce8f','5d821803-eb38-445d-8529-a241ff004d31','6f6fc0ff-1170-4afe-99e9-07cc00058dc6','79a03dab-6bd9-4a46-9654-eb2a19b88167','d45b5b55-887f-4699-9dbc-2a268e022e4c','f349f5ad-c55d-4e16-bfc3-77ef0be07950','46b16210-e215-4edb-8171-7d656fc8c5da','50764048-2478-44fb-8a2f-8245a85c84d7','cc24993b-1905-41a1-bdff-64290db5ac6e','ea9f7072-0318-4a60-944d-0bc8e463e7cb','d6c83ace-a19b-427f-b195-be312502b40e','10c7f1c3-80e3-4676-9a94-c0062ff69401','67fca32e-7715-4823-8b33-0abcdcf8525e']::uuid[],-1390,514,2040,886,'user_30uQARGezqSApAChPSGSwFyUy85');
INSERT INTO public.groups (id,project_id,name,color,node_ids,position_x,position_y,width,height,created_by) VALUES ('63fd1ab2-7495-487c-bfb2-63966edb65c5','3c111307-9ba0-4883-bfba-faedfacb50b8','Conversion & Orders','#22c55e',ARRAY['c7d95ae8-c466-4adb-8c00-d88d5967dd75','28375fab-b932-4cb1-afee-f48f2f96d7ae','978f0781-4a6d-4bb4-affb-833b79c01046','90434c7c-a90d-4b59-8f69-589d17207ffd','8130f0ee-86e5-4894-950d-53b81c9be633','15f339ad-ad81-4c00-9fa9-f1ba91dfa1c7','bf0f07e4-cbb4-4603-870b-1fc51890533a']::uuid[],-1220,314,2890,886,'user_30uQARGezqSApAChPSGSwFyUy85');
INSERT INTO public.groups (id,project_id,name,color,node_ids,position_x,position_y,width,height,created_by) VALUES ('61eaeb92-14ee-40e7-9338-ffca854c0244','3c111307-9ba0-4883-bfba-faedfacb50b8','AOV & Retention','#f59e0b',ARRAY['89cf8d2b-d687-44ff-bbcc-78fef252eaf8','1d40e283-1109-4453-abd6-2850c61e64b9','5bff4ae7-2800-4342-b055-93f0e532989a','2fc98a33-9e51-4e2c-9ee4-0aba4b6e9f87','dcfd9a32-5b9d-4c4a-8d4e-8bc35b6be28f','a27bac0a-df6b-48cf-a198-22e768b00a27','2ca78a29-a9dc-450d-9ae7-a2836cf91783','6c46771f-65af-4bd2-bc4a-bbd92330317a']::uuid[],-880,114,1530,686,'user_30uQARGezqSApAChPSGSwFyUy85');
INSERT INTO public.groups (id,project_id,name,color,node_ids,position_x,position_y,width,height,created_by) VALUES ('926ada7c-10b3-4766-8fa2-4cb26c25a253','3c111307-9ba0-4883-bfba-faedfacb50b8','Cost Structure','#a855f7',ARRAY['bbda9d4d-58d4-48cd-b395-fe0ef474c4a1','706db2b9-cd55-4811-a133-ba3159c9f812','cccc84b2-c472-4169-a238-72553eb9e36e','df35405e-7cdc-48cb-a963-c3e36577edc5','7730be4f-13ee-4d0c-85cc-78ee57f3b9f7','2f0f877b-16dc-4cf1-a2f7-9e1a1d880ee4','c6386aea-d214-4670-ba00-dec3687814ca','0f9e5dd2-a0b7-48dc-bea5-a2163a798cfe','882364f9-694c-4ae6-9a89-3b3c2c8ebb11']::uuid[],-540,114,2040,486,'user_30uQARGezqSApAChPSGSwFyUy85');

DELETE FROM public.projects WHERE created_by='user_30uQARGezqSApAChPSGSwFyUy85' AND name='Retail (Walk-in) — Example Metric Tree';
INSERT INTO public.projects (id,name,description,created_by,last_modified_by,is_public,tags,settings) VALUES ('e734f67f-c5c8-407d-9881-88a549c837ae','Retail (Walk-in) — Example Metric Tree','Decomposition of profit for a physical store: transactions = foot traffic × conversion, basket size, footfall drivers (incl. local social), and store cost structure.','user_30uQARGezqSApAChPSGSwFyUy85','user_30uQARGezqSApAChPSGSwFyUy85',true,ARRAY['example','template'],'{}');
INSERT INTO public.metric_cards (id,project_id,title,description,category,position_x,position_y,created_by,data) VALUES ('78b6c788-e544-4bfc-8dca-c9750636c41f','e734f67f-c5c8-407d-9881-88a549c837ae','Profit','Revenue − Total Costs','Core/Value',0,0,'user_30uQARGezqSApAChPSGSwFyUy85','[{"period":"2025-12","value":29891,"change_percent":0,"trend":"neutral"},{"period":"2026-01","value":32625,"change_percent":9.1,"trend":"up"},{"period":"2026-02","value":35402,"change_percent":8.5,"trend":"up"},{"period":"2026-03","value":37757,"change_percent":6.7,"trend":"up"},{"period":"2026-04","value":40280,"change_percent":6.7,"trend":"up"},{"period":"2026-05","value":42808,"change_percent":6.3,"trend":"up"},{"period":"2026-06","value":45142,"change_percent":5.5,"trend":"up"}]'::jsonb);
INSERT INTO public.metric_cards (id,project_id,title,description,category,position_x,position_y,created_by,data) VALUES ('b8bec154-d8bd-42cc-b0ea-2bc300cbe572','e734f67f-c5c8-407d-9881-88a549c837ae','Revenue','Transactions × Avg Basket','Data/Metric',-340,200,'user_30uQARGezqSApAChPSGSwFyUy85','[{"period":"2025-12","value":320066,"change_percent":0,"trend":"neutral"},{"period":"2026-01","value":340549,"change_percent":6.4,"trend":"up"},{"period":"2026-02","value":363698,"change_percent":6.8,"trend":"up"},{"period":"2026-03","value":395189,"change_percent":8.7,"trend":"up"},{"period":"2026-04","value":429837,"change_percent":8.8,"trend":"up"},{"period":"2026-05","value":463167,"change_percent":7.8,"trend":"up"},{"period":"2026-06","value":493312,"change_percent":6.5,"trend":"up"}]'::jsonb);
INSERT INTO public.metric_cards (id,project_id,title,description,category,position_x,position_y,created_by,data) VALUES ('2dea0ac1-0163-4765-8114-a67978b7b002','e734f67f-c5c8-407d-9881-88a549c837ae','Transactions','Foot traffic × Conversion','Data/Metric',-1190,400,'user_30uQARGezqSApAChPSGSwFyUy85','[{"period":"2025-12","value":63012,"change_percent":0,"trend":"neutral"},{"period":"2026-01","value":64467,"change_percent":2.3,"trend":"up"},{"period":"2026-02","value":67596,"change_percent":4.9,"trend":"up"},{"period":"2026-03","value":69277,"change_percent":2.5,"trend":"up"},{"period":"2026-04","value":72194,"change_percent":4.2,"trend":"up"},{"period":"2026-05","value":73867,"change_percent":2.3,"trend":"up"},{"period":"2026-06","value":76094,"change_percent":3,"trend":"up"}]'::jsonb);
INSERT INTO public.metric_cards (id,project_id,title,description,category,position_x,position_y,created_by,data) VALUES ('b13c60d3-e023-48bc-97b7-0753d9708272','e734f67f-c5c8-407d-9881-88a549c837ae','Average Basket Value','Items × Avg item price','Data/Metric',-850,400,'user_30uQARGezqSApAChPSGSwFyUy85','[{"period":"2025-12","value":477956,"change_percent":0,"trend":"neutral"},{"period":"2026-01","value":481677,"change_percent":0.8,"trend":"neutral"},{"period":"2026-02","value":505112,"change_percent":4.9,"trend":"up"},{"period":"2026-03","value":527387,"change_percent":4.4,"trend":"up"},{"period":"2026-04","value":536409,"change_percent":1.7,"trend":"up"},{"period":"2026-05","value":541904,"change_percent":1,"trend":"neutral"},{"period":"2026-06","value":557760,"change_percent":2.9,"trend":"up"}]'::jsonb);
INSERT INTO public.metric_cards (id,project_id,title,description,category,position_x,position_y,created_by,data) VALUES ('70b5dba2-5d7a-4c10-bdec-830d5a312e40','e734f67f-c5c8-407d-9881-88a549c837ae','Foot Traffic','Passersby × Capture rate','Data/Metric',-850,600,'user_30uQARGezqSApAChPSGSwFyUy85','[{"period":"2025-12","value":15378,"change_percent":0,"trend":"neutral"},{"period":"2026-01","value":15891,"change_percent":3.3,"trend":"up"},{"period":"2026-02","value":15997,"change_percent":0.7,"trend":"neutral"},{"period":"2026-03","value":16236,"change_percent":1.5,"trend":"up"},{"period":"2026-04","value":17104,"change_percent":5.3,"trend":"up"},{"period":"2026-05","value":17944,"change_percent":4.9,"trend":"up"},{"period":"2026-06","value":18611,"change_percent":3.7,"trend":"up"}]'::jsonb);
INSERT INTO public.metric_cards (id,project_id,title,description,category,position_x,position_y,created_by,data) VALUES ('a2ff482d-70a2-463d-adc7-7c49d9961fe4','e734f67f-c5c8-407d-9881-88a549c837ae','Walk-in Conversion %','','Data/Metric',-510,600,'user_30uQARGezqSApAChPSGSwFyUy85','[{"period":"2025-12","value":4,"change_percent":0,"trend":"neutral"},{"period":"2026-01","value":4.1,"change_percent":2.5,"trend":"up"},{"period":"2026-02","value":4.2,"change_percent":2.4,"trend":"up"},{"period":"2026-03","value":4.3,"change_percent":2.4,"trend":"up"},{"period":"2026-04","value":4.4,"change_percent":2.3,"trend":"up"},{"period":"2026-05","value":4.5,"change_percent":2.3,"trend":"up"},{"period":"2026-06","value":4.5,"change_percent":0,"trend":"neutral"}]'::jsonb);
INSERT INTO public.metric_cards (id,project_id,title,description,category,position_x,position_y,created_by,data) VALUES ('58c0f121-63af-4d73-809e-fcbe41622559','e734f67f-c5c8-407d-9881-88a549c837ae','Items per Basket','','Data/Metric',-170,600,'user_30uQARGezqSApAChPSGSwFyUy85','[{"period":"2025-12","value":264097,"change_percent":0,"trend":"neutral"},{"period":"2026-01","value":267424,"change_percent":1.3,"trend":"up"},{"period":"2026-02","value":270533,"change_percent":1.2,"trend":"up"},{"period":"2026-03","value":284631,"change_percent":5.2,"trend":"up"},{"period":"2026-04","value":289153,"change_percent":1.6,"trend":"up"},{"period":"2026-05","value":300386,"change_percent":3.9,"trend":"up"},{"period":"2026-06","value":317704,"change_percent":5.8,"trend":"up"}]'::jsonb);
INSERT INTO public.metric_cards (id,project_id,title,description,category,position_x,position_y,created_by,data) VALUES ('69c59981-ea7e-4379-b7db-c5216ffd9ed3','e734f67f-c5c8-407d-9881-88a549c837ae','Avg Item Price','','Data/Metric',170,600,'user_30uQARGezqSApAChPSGSwFyUy85','[{"period":"2025-12","value":196378,"change_percent":0,"trend":"neutral"},{"period":"2026-01","value":210638,"change_percent":7.3,"trend":"up"},{"period":"2026-02","value":227656,"change_percent":8.1,"trend":"up"},{"period":"2026-03","value":246187,"change_percent":8.1,"trend":"up"},{"period":"2026-04","value":256929,"change_percent":4.4,"trend":"up"},{"period":"2026-05","value":267868,"change_percent":4.3,"trend":"up"},{"period":"2026-06","value":286832,"change_percent":7.1,"trend":"up"}]'::jsonb);
INSERT INTO public.metric_cards (id,project_id,title,description,category,position_x,position_y,created_by,data) VALUES ('8dbf0312-24ce-4364-891d-697fa793452f','e734f67f-c5c8-407d-9881-88a549c837ae','Impulse / POS add-ons','','Data/Metric',510,600,'user_30uQARGezqSApAChPSGSwFyUy85','[{"period":"2025-12","value":2783,"change_percent":0,"trend":"neutral"},{"period":"2026-01","value":3020,"change_percent":8.5,"trend":"up"},{"period":"2026-02","value":3230,"change_percent":7,"trend":"up"},{"period":"2026-03","value":3347,"change_percent":3.6,"trend":"up"},{"period":"2026-04","value":3587,"change_percent":7.2,"trend":"up"},{"period":"2026-05","value":3757,"change_percent":4.7,"trend":"up"},{"period":"2026-06","value":3997,"change_percent":6.4,"trend":"up"}]'::jsonb);
INSERT INTO public.metric_cards (id,project_id,title,description,category,position_x,position_y,created_by,data) VALUES ('db3882e5-0c0c-4a0b-8328-b727a16cdbd6','e734f67f-c5c8-407d-9881-88a549c837ae','Passersby (location footfall)','','Data/Metric',-1360,800,'user_30uQARGezqSApAChPSGSwFyUy85','[{"period":"2025-12","value":25530,"change_percent":0,"trend":"neutral"},{"period":"2026-01","value":26964,"change_percent":5.6,"trend":"up"},{"period":"2026-02","value":28077,"change_percent":4.1,"trend":"up"},{"period":"2026-03","value":29194,"change_percent":4,"trend":"up"},{"period":"2026-04","value":29717,"change_percent":1.8,"trend":"up"},{"period":"2026-05","value":30207,"change_percent":1.6,"trend":"up"},{"period":"2026-06","value":30593,"change_percent":1.3,"trend":"up"}]'::jsonb);
INSERT INTO public.metric_cards (id,project_id,title,description,category,position_x,position_y,created_by,data) VALUES ('4d00b79f-c256-4620-b27e-1d38a4e98717','e734f67f-c5c8-407d-9881-88a549c837ae','Capture Rate','Share who enter','Data/Metric',-1020,800,'user_30uQARGezqSApAChPSGSwFyUy85','[{"period":"2025-12","value":57.6,"change_percent":0,"trend":"neutral"},{"period":"2026-01","value":58.2,"change_percent":1,"trend":"neutral"},{"period":"2026-02","value":60.4,"change_percent":3.8,"trend":"up"},{"period":"2026-03","value":62.1,"change_percent":2.8,"trend":"up"},{"period":"2026-04","value":64.1,"change_percent":3.2,"trend":"up"},{"period":"2026-05","value":65.2,"change_percent":1.7,"trend":"up"},{"period":"2026-06","value":67.4,"change_percent":3.4,"trend":"up"}]'::jsonb);
INSERT INTO public.metric_cards (id,project_id,title,description,category,position_x,position_y,created_by,data) VALUES ('0d81ab81-1740-4869-a1e2-1ffa1b875606','e734f67f-c5c8-407d-9881-88a549c837ae','Window Display Score','','Data/Metric',-1530,1000,'user_30uQARGezqSApAChPSGSwFyUy85','[{"period":"2025-12","value":782,"change_percent":0,"trend":"neutral"},{"period":"2026-01","value":853,"change_percent":9.1,"trend":"up"},{"period":"2026-02","value":904,"change_percent":6,"trend":"up"},{"period":"2026-03","value":955,"change_percent":5.6,"trend":"up"},{"period":"2026-04","value":1051,"change_percent":10.1,"trend":"up"},{"period":"2026-05","value":1147,"change_percent":9.1,"trend":"up"},{"period":"2026-06","value":1257,"change_percent":9.6,"trend":"up"}]'::jsonb);
INSERT INTO public.metric_cards (id,project_id,title,description,category,position_x,position_y,created_by,data) VALUES ('f3966069-2fd1-4b39-a02c-8ea5892d0888','e734f67f-c5c8-407d-9881-88a549c837ae','Signage / Promo Visibility','','Data/Metric',-1190,1000,'user_30uQARGezqSApAChPSGSwFyUy85','[{"period":"2025-12","value":4616,"change_percent":0,"trend":"neutral"},{"period":"2026-01","value":4806,"change_percent":4.1,"trend":"up"},{"period":"2026-02","value":5065,"change_percent":5.4,"trend":"up"},{"period":"2026-03","value":5237,"change_percent":3.4,"trend":"up"},{"period":"2026-04","value":5389,"change_percent":2.9,"trend":"up"},{"period":"2026-05","value":5742,"change_percent":6.6,"trend":"up"},{"period":"2026-06","value":6184,"change_percent":7.7,"trend":"up"}]'::jsonb);
INSERT INTO public.metric_cards (id,project_id,title,description,category,position_x,position_y,created_by,data) VALUES ('6e881f8c-5ea9-48e5-aeac-0389618646bb','e734f67f-c5c8-407d-9881-88a549c837ae','Local Marketing Reach','','Data/Metric',-850,1000,'user_30uQARGezqSApAChPSGSwFyUy85','[{"period":"2025-12","value":74701,"change_percent":0,"trend":"neutral"},{"period":"2026-01","value":80805,"change_percent":8.2,"trend":"up"},{"period":"2026-02","value":87348,"change_percent":8.1,"trend":"up"},{"period":"2026-03","value":93737,"change_percent":7.3,"trend":"up"},{"period":"2026-04","value":101500,"change_percent":8.3,"trend":"up"},{"period":"2026-05","value":107972,"change_percent":6.4,"trend":"up"},{"period":"2026-06","value":118355,"change_percent":9.6,"trend":"up"}]'::jsonb);
INSERT INTO public.metric_cards (id,project_id,title,description,category,position_x,position_y,created_by,data) VALUES ('47d0e7e0-3781-40c1-9900-83da325a2d20','e734f67f-c5c8-407d-9881-88a549c837ae','Local Social Awareness','Reach × engagement','Data/Metric',-510,1000,'user_30uQARGezqSApAChPSGSwFyUy85','[{"period":"2025-12","value":1390,"change_percent":0,"trend":"neutral"},{"period":"2026-01","value":1394,"change_percent":0.3,"trend":"neutral"},{"period":"2026-02","value":1422,"change_percent":2,"trend":"up"},{"period":"2026-03","value":1462,"change_percent":2.8,"trend":"up"},{"period":"2026-04","value":1506,"change_percent":3,"trend":"up"},{"period":"2026-05","value":1518,"change_percent":0.8,"trend":"neutral"},{"period":"2026-06","value":1579,"change_percent":4,"trend":"up"}]'::jsonb);
INSERT INTO public.metric_cards (id,project_id,title,description,category,position_x,position_y,created_by,data) VALUES ('55a0cb18-1a83-4c1b-81b9-fd1c0dcfdbce','e734f67f-c5c8-407d-9881-88a549c837ae','Social Reach / Followers','','Data/Metric',-510,1200,'user_30uQARGezqSApAChPSGSwFyUy85','[{"period":"2025-12","value":28642,"change_percent":0,"trend":"neutral"},{"period":"2026-01","value":31288,"change_percent":9.2,"trend":"up"},{"period":"2026-02","value":33496,"change_percent":7.1,"trend":"up"},{"period":"2026-03","value":36440,"change_percent":8.8,"trend":"up"},{"period":"2026-04","value":38344,"change_percent":5.2,"trend":"up"},{"period":"2026-05","value":40923,"change_percent":6.7,"trend":"up"},{"period":"2026-06","value":44182,"change_percent":8,"trend":"up"}]'::jsonb);
INSERT INTO public.metric_cards (id,project_id,title,description,category,position_x,position_y,created_by,data) VALUES ('0bdfe44d-1c37-444b-bf76-73f45303a09a','e734f67f-c5c8-407d-9881-88a549c837ae','Social Engagement','','Data/Metric',-170,1200,'user_30uQARGezqSApAChPSGSwFyUy85','[{"period":"2025-12","value":124,"change_percent":0,"trend":"neutral"},{"period":"2026-01","value":128,"change_percent":3.2,"trend":"up"},{"period":"2026-02","value":129,"change_percent":0.8,"trend":"neutral"},{"period":"2026-03","value":134,"change_percent":3.9,"trend":"up"},{"period":"2026-04","value":138,"change_percent":3,"trend":"up"},{"period":"2026-05","value":145,"change_percent":5.1,"trend":"up"},{"period":"2026-06","value":150,"change_percent":3.4,"trend":"up"}]'::jsonb);
INSERT INTO public.metric_cards (id,project_id,title,description,category,position_x,position_y,created_by,data) VALUES ('003f931b-8945-40f1-8c1c-2f0d5d91a2d1','e734f67f-c5c8-407d-9881-88a549c837ae','In-store Events / Promos','','Data/Metric',-680,800,'user_30uQARGezqSApAChPSGSwFyUy85','[{"period":"2025-12","value":255,"change_percent":0,"trend":"neutral"},{"period":"2026-01","value":268,"change_percent":5.1,"trend":"up"},{"period":"2026-02","value":278,"change_percent":3.7,"trend":"up"},{"period":"2026-03","value":297,"change_percent":6.8,"trend":"up"},{"period":"2026-04","value":313,"change_percent":5.4,"trend":"up"},{"period":"2026-05","value":339,"change_percent":8.3,"trend":"up"},{"period":"2026-06","value":367,"change_percent":8.3,"trend":"up"}]'::jsonb);
INSERT INTO public.metric_cards (id,project_id,title,description,category,position_x,position_y,created_by,data) VALUES ('4267ca68-a160-445b-ab91-af82976d21bf','e734f67f-c5c8-407d-9881-88a549c837ae','Seasonality / Weather','','Data/Metric',-170,1000,'user_30uQARGezqSApAChPSGSwFyUy85','[{"period":"2025-12","value":4439,"change_percent":0,"trend":"neutral"},{"period":"2026-01","value":4655,"change_percent":4.9,"trend":"up"},{"period":"2026-02","value":4843,"change_percent":4,"trend":"up"},{"period":"2026-03","value":4934,"change_percent":1.9,"trend":"up"},{"period":"2026-04","value":5115,"change_percent":3.7,"trend":"up"},{"period":"2026-05","value":5413,"change_percent":5.8,"trend":"up"},{"period":"2026-06","value":5574,"change_percent":3,"trend":"up"}]'::jsonb);
INSERT INTO public.metric_cards (id,project_id,title,description,category,position_x,position_y,created_by,data) VALUES ('209aed4d-9290-48c9-8fd9-f9823d03e609','e734f67f-c5c8-407d-9881-88a549c837ae','Staff : Customer Ratio','','Data/Metric',-340,800,'user_30uQARGezqSApAChPSGSwFyUy85','[{"period":"2025-12","value":37.8,"change_percent":0,"trend":"neutral"},{"period":"2026-01","value":39.8,"change_percent":5.3,"trend":"up"},{"period":"2026-02","value":42.3,"change_percent":6.3,"trend":"up"},{"period":"2026-03","value":45,"change_percent":6.4,"trend":"up"},{"period":"2026-04","value":47.3,"change_percent":5.1,"trend":"up"},{"period":"2026-05","value":49.6,"change_percent":4.9,"trend":"up"},{"period":"2026-06","value":53.7,"change_percent":8.3,"trend":"up"}]'::jsonb);
INSERT INTO public.metric_cards (id,project_id,title,description,category,position_x,position_y,created_by,data) VALUES ('6e9de9c6-9579-4e08-a527-afe551c6d03a','e734f67f-c5c8-407d-9881-88a549c837ae','Product Availability %','','Data/Metric',0,800,'user_30uQARGezqSApAChPSGSwFyUy85','[{"period":"2025-12","value":48.3,"change_percent":0,"trend":"neutral"},{"period":"2026-01","value":50.7,"change_percent":5,"trend":"up"},{"period":"2026-02","value":52.3,"change_percent":3.2,"trend":"up"},{"period":"2026-03","value":54.5,"change_percent":4.2,"trend":"up"},{"period":"2026-04","value":57.7,"change_percent":5.9,"trend":"up"},{"period":"2026-05","value":59.4,"change_percent":2.9,"trend":"up"},{"period":"2026-06","value":60.7,"change_percent":2.2,"trend":"up"}]'::jsonb);
INSERT INTO public.metric_cards (id,project_id,title,description,category,position_x,position_y,created_by,data) VALUES ('c2d9edb0-c34d-42a4-93ff-80fb0b92682a','e734f67f-c5c8-407d-9881-88a549c837ae','Avg Queue Time','','Data/Metric',340,800,'user_30uQARGezqSApAChPSGSwFyUy85','[{"period":"2025-12","value":3379,"change_percent":0,"trend":"neutral"},{"period":"2026-01","value":3163,"change_percent":-6.4,"trend":"down"},{"period":"2026-02","value":2963,"change_percent":-6.3,"trend":"down"},{"period":"2026-03","value":2716,"change_percent":-8.3,"trend":"down"},{"period":"2026-04","value":2548,"change_percent":-6.2,"trend":"down"},{"period":"2026-05","value":2374,"change_percent":-6.8,"trend":"down"},{"period":"2026-06","value":2169,"change_percent":-8.6,"trend":"down"}]'::jsonb);
INSERT INTO public.metric_cards (id,project_id,title,description,category,position_x,position_y,created_by,data) VALUES ('bdce8922-7ef5-4786-9168-86f6864d6c11','e734f67f-c5c8-407d-9881-88a549c837ae','Loyalty Members','','Data/Metric',170,1000,'user_30uQARGezqSApAChPSGSwFyUy85','[{"period":"2025-12","value":17274,"change_percent":0,"trend":"neutral"},{"period":"2026-01","value":17858,"change_percent":3.4,"trend":"up"},{"period":"2026-02","value":18525,"change_percent":3.7,"trend":"up"},{"period":"2026-03","value":19048,"change_percent":2.8,"trend":"up"},{"period":"2026-04","value":19796,"change_percent":3.9,"trend":"up"},{"period":"2026-05","value":21010,"change_percent":6.1,"trend":"up"},{"period":"2026-06","value":21823,"change_percent":3.9,"trend":"up"}]'::jsonb);
INSERT INTO public.metric_cards (id,project_id,title,description,category,position_x,position_y,created_by,data) VALUES ('299c9148-41e8-4e63-9ee1-2b42ef9a1e7d','e734f67f-c5c8-407d-9881-88a549c837ae','Repeat Visit Rate','','Data/Metric',680,800,'user_30uQARGezqSApAChPSGSwFyUy85','[{"period":"2025-12","value":38.5,"change_percent":0,"trend":"neutral"},{"period":"2026-01","value":41.8,"change_percent":8.6,"trend":"up"},{"period":"2026-02","value":44.1,"change_percent":5.5,"trend":"up"},{"period":"2026-03","value":47.7,"change_percent":8.2,"trend":"up"},{"period":"2026-04","value":51.4,"change_percent":7.8,"trend":"up"},{"period":"2026-05","value":54.8,"change_percent":6.6,"trend":"up"},{"period":"2026-06","value":58.6,"change_percent":6.9,"trend":"up"}]'::jsonb);
INSERT INTO public.metric_cards (id,project_id,title,description,category,position_x,position_y,created_by,data) VALUES ('31f60f5a-a653-4524-b1ab-c774954c7336','e734f67f-c5c8-407d-9881-88a549c837ae','Customer Satisfaction (NPS)','','Data/Metric',510,1000,'user_30uQARGezqSApAChPSGSwFyUy85','[{"period":"2025-12","value":51.9,"change_percent":0,"trend":"neutral"},{"period":"2026-01","value":54.4,"change_percent":4.8,"trend":"up"},{"period":"2026-02","value":57.3,"change_percent":5.3,"trend":"up"},{"period":"2026-03","value":60.5,"change_percent":5.6,"trend":"up"},{"period":"2026-04","value":63,"change_percent":4.1,"trend":"up"},{"period":"2026-05","value":65.2,"change_percent":3.5,"trend":"up"},{"period":"2026-06","value":69.3,"change_percent":6.3,"trend":"up"}]'::jsonb);
INSERT INTO public.metric_cards (id,project_id,title,description,category,position_x,position_y,created_by,data) VALUES ('81573e87-20fe-45d8-aa30-15cb1b52f60e','e734f67f-c5c8-407d-9881-88a549c837ae','Total Costs','','Data/Metric',0,200,'user_30uQARGezqSApAChPSGSwFyUy85','[{"period":"2025-12","value":689779,"change_percent":0,"trend":"neutral"},{"period":"2026-01","value":629059,"change_percent":-8.8,"trend":"down"},{"period":"2026-02","value":570969,"change_percent":-9.2,"trend":"down"},{"period":"2026-03","value":534952,"change_percent":-6.3,"trend":"down"},{"period":"2026-04","value":487302,"change_percent":-8.9,"trend":"down"},{"period":"2026-05","value":457619,"change_percent":-6.1,"trend":"down"},{"period":"2026-06","value":433097,"change_percent":-5.4,"trend":"down"}]'::jsonb);
INSERT INTO public.metric_cards (id,project_id,title,description,category,position_x,position_y,created_by,data) VALUES ('c011202d-6caa-4106-adda-bbb6b574bedd','e734f67f-c5c8-407d-9881-88a549c837ae','COGS','','Data/Metric',-510,400,'user_30uQARGezqSApAChPSGSwFyUy85','[{"period":"2025-12","value":771661,"change_percent":0,"trend":"neutral"},{"period":"2026-01","value":735169,"change_percent":-4.7,"trend":"down"},{"period":"2026-02","value":675928,"change_percent":-8.1,"trend":"down"},{"period":"2026-03","value":617610,"change_percent":-8.6,"trend":"down"},{"period":"2026-04","value":573860,"change_percent":-7.1,"trend":"down"},{"period":"2026-05","value":528830,"change_percent":-7.8,"trend":"down"},{"period":"2026-06","value":505342,"change_percent":-4.4,"trend":"down"}]'::jsonb);
INSERT INTO public.metric_cards (id,project_id,title,description,category,position_x,position_y,created_by,data) VALUES ('449c2664-63a8-4eed-b9f0-64ec888c9e0c','e734f67f-c5c8-407d-9881-88a549c837ae','Gross Margin %','','Data/Metric',340,200,'user_30uQARGezqSApAChPSGSwFyUy85','[{"period":"2025-12","value":22,"change_percent":0,"trend":"neutral"},{"period":"2026-01","value":22.9,"change_percent":4.1,"trend":"up"},{"period":"2026-02","value":23.6,"change_percent":3.1,"trend":"up"},{"period":"2026-03","value":25.2,"change_percent":6.8,"trend":"up"},{"period":"2026-04","value":26.6,"change_percent":5.6,"trend":"up"},{"period":"2026-05","value":28.1,"change_percent":5.6,"trend":"up"},{"period":"2026-06","value":29,"change_percent":3.2,"trend":"up"}]'::jsonb);
INSERT INTO public.metric_cards (id,project_id,title,description,category,position_x,position_y,created_by,data) VALUES ('50a0c1ce-014a-4cd0-ba25-149e30f78679','e734f67f-c5c8-407d-9881-88a549c837ae','Rent','','Data/Metric',-170,400,'user_30uQARGezqSApAChPSGSwFyUy85','[{"period":"2025-12","value":710735,"change_percent":0,"trend":"neutral"},{"period":"2026-01","value":756624,"change_percent":6.5,"trend":"up"},{"period":"2026-02","value":784918,"change_percent":3.7,"trend":"up"},{"period":"2026-03","value":839195,"change_percent":6.9,"trend":"up"},{"period":"2026-04","value":877938,"change_percent":4.6,"trend":"up"},{"period":"2026-05","value":937646,"change_percent":6.8,"trend":"up"},{"period":"2026-06","value":979195,"change_percent":4.4,"trend":"up"}]'::jsonb);
INSERT INTO public.metric_cards (id,project_id,title,description,category,position_x,position_y,created_by,data) VALUES ('0cb91f08-7711-4422-a57a-4ec50fff070a','e734f67f-c5c8-407d-9881-88a549c837ae','Labor Cost','','Data/Metric',170,400,'user_30uQARGezqSApAChPSGSwFyUy85','[{"period":"2025-12","value":293990,"change_percent":0,"trend":"neutral"},{"period":"2026-01","value":288810,"change_percent":-1.8,"trend":"down"},{"period":"2026-02","value":281721,"change_percent":-2.5,"trend":"down"},{"period":"2026-03","value":273826,"change_percent":-2.8,"trend":"down"},{"period":"2026-04","value":264141,"change_percent":-3.5,"trend":"down"},{"period":"2026-05","value":259529,"change_percent":-1.7,"trend":"down"},{"period":"2026-06","value":244980,"change_percent":-5.6,"trend":"down"}]'::jsonb);
INSERT INTO public.metric_cards (id,project_id,title,description,category,position_x,position_y,created_by,data) VALUES ('a4af9863-5f0e-4d00-90cd-057c22506d34','e734f67f-c5c8-407d-9881-88a549c837ae','Staff Hours','','Data/Metric',850,1000,'user_30uQARGezqSApAChPSGSwFyUy85','[{"period":"2025-12","value":2500,"change_percent":0,"trend":"neutral"},{"period":"2026-01","value":2690,"change_percent":7.6,"trend":"up"},{"period":"2026-02","value":2812,"change_percent":4.5,"trend":"up"},{"period":"2026-03","value":3002,"change_percent":6.8,"trend":"up"},{"period":"2026-04","value":3178,"change_percent":5.9,"trend":"up"},{"period":"2026-05","value":3360,"change_percent":5.7,"trend":"up"},{"period":"2026-06","value":3579,"change_percent":6.5,"trend":"up"}]'::jsonb);
INSERT INTO public.metric_cards (id,project_id,title,description,category,position_x,position_y,created_by,data) VALUES ('112f305b-df04-4704-8d62-5f6dca98a2eb','e734f67f-c5c8-407d-9881-88a549c837ae','Avg Wage','','Data/Metric',850,600,'user_30uQARGezqSApAChPSGSwFyUy85','[{"period":"2025-12","value":784420,"change_percent":0,"trend":"neutral"},{"period":"2026-01","value":848251,"change_percent":8.1,"trend":"up"},{"period":"2026-02","value":908347,"change_percent":7.1,"trend":"up"},{"period":"2026-03","value":993833,"change_percent":9.4,"trend":"up"},{"period":"2026-04","value":1068053,"change_percent":7.5,"trend":"up"},{"period":"2026-05","value":1127603,"change_percent":5.6,"trend":"up"},{"period":"2026-06","value":1203445,"change_percent":6.7,"trend":"up"}]'::jsonb);
INSERT INTO public.metric_cards (id,project_id,title,description,category,position_x,position_y,created_by,data) VALUES ('e6230d29-db92-4030-b87e-25d54e4b7b4d','e734f67f-c5c8-407d-9881-88a549c837ae','Utilities','','Data/Metric',510,400,'user_30uQARGezqSApAChPSGSwFyUy85','[{"period":"2025-12","value":48.5,"change_percent":0,"trend":"neutral"},{"period":"2026-01","value":50.6,"change_percent":4.3,"trend":"up"},{"period":"2026-02","value":52.6,"change_percent":4,"trend":"up"},{"period":"2026-03","value":54.3,"change_percent":3.2,"trend":"up"},{"period":"2026-04","value":57.4,"change_percent":5.7,"trend":"up"},{"period":"2026-05","value":59.2,"change_percent":3.1,"trend":"up"},{"period":"2026-06","value":60,"change_percent":1.4,"trend":"up"}]'::jsonb);
INSERT INTO public.metric_cards (id,project_id,title,description,category,position_x,position_y,created_by,data) VALUES ('095fd607-3b1e-4b1c-9a88-775cde85e03a','e734f67f-c5c8-407d-9881-88a549c837ae','Shrinkage (loss/theft)','','Data/Metric',850,400,'user_30uQARGezqSApAChPSGSwFyUy85','[{"period":"2025-12","value":2592,"change_percent":0,"trend":"neutral"},{"period":"2026-01","value":2518,"change_percent":-2.9,"trend":"down"},{"period":"2026-02","value":2348,"change_percent":-6.8,"trend":"down"},{"period":"2026-03","value":2232,"change_percent":-4.9,"trend":"down"},{"period":"2026-04","value":2138,"change_percent":-4.2,"trend":"down"},{"period":"2026-05","value":2049,"change_percent":-4.2,"trend":"down"},{"period":"2026-06","value":1971,"change_percent":-3.8,"trend":"down"}]'::jsonb);
INSERT INTO public.metric_cards (id,project_id,title,description,category,position_x,position_y,created_by,data) VALUES ('ec3389b5-d1f9-4394-a38b-3859f445a4b5','e734f67f-c5c8-407d-9881-88a549c837ae','Marketing Spend','','Data/Metric',1190,400,'user_30uQARGezqSApAChPSGSwFyUy85','[{"period":"2025-12","value":563190,"change_percent":0,"trend":"neutral"},{"period":"2026-01","value":593988,"change_percent":5.5,"trend":"up"},{"period":"2026-02","value":612644,"change_percent":3.1,"trend":"up"},{"period":"2026-03","value":632030,"change_percent":3.2,"trend":"up"},{"period":"2026-04","value":653484,"change_percent":3.4,"trend":"up"},{"period":"2026-05","value":670225,"change_percent":2.6,"trend":"up"},{"period":"2026-06","value":695129,"change_percent":3.7,"trend":"up"}]'::jsonb);
INSERT INTO public.metric_cards (id,project_id,title,description,category,position_x,position_y,created_by,data) VALUES ('fff2f942-1251-4c86-95db-0aa3b45c1463','e734f67f-c5c8-407d-9881-88a549c837ae','Staff sales training','','Work/Action',1020,800,'user_30uQARGezqSApAChPSGSwFyUy85','[]'::jsonb);
INSERT INTO public.metric_cards (id,project_id,title,description,category,position_x,position_y,created_by,data) VALUES ('a41d91d9-3475-48ff-a600-846f172d4802','e734f67f-c5c8-407d-9881-88a549c837ae','Loyalty program','','Work/Action',170,1200,'user_30uQARGezqSApAChPSGSwFyUy85','[]'::jsonb);
INSERT INTO public.metric_cards (id,project_id,title,description,category,position_x,position_y,created_by,data) VALUES ('00e9ab21-58ef-422b-bd47-86a2101acb0b','e734f67f-c5c8-407d-9881-88a549c837ae','Refresh window display','','Work/Action',510,1200,'user_30uQARGezqSApAChPSGSwFyUy85','[]'::jsonb);
INSERT INTO public.metric_cards (id,project_id,title,description,category,position_x,position_y,created_by,data) VALUES ('5bb6786e-39e9-4722-ba3d-84c36044e8fa','e734f67f-c5c8-407d-9881-88a549c837ae','Local social campaign','','Work/Action',0,1400,'user_30uQARGezqSApAChPSGSwFyUy85','[]'::jsonb);
INSERT INTO public.metric_cards (id,project_id,title,description,category,position_x,position_y,created_by,data) VALUES ('7848775f-61ed-4219-942a-c5ec6c8889c3','e734f67f-c5c8-407d-9881-88a549c837ae','Optimize store layout','','Work/Action',1360,800,'user_30uQARGezqSApAChPSGSwFyUy85','[]'::jsonb);
INSERT INTO public.metric_cards (id,project_id,title,description,category,position_x,position_y,created_by,data) VALUES ('8c5d7eb4-4712-4d8a-a6de-74372542c63a','e734f67f-c5c8-407d-9881-88a549c837ae','Weekend events lift foot traffic','','Ideas/Hypothesis',1190,1000,'user_30uQARGezqSApAChPSGSwFyUy85','[]'::jsonb);
INSERT INTO public.metric_cards (id,project_id,title,description,category,position_x,position_y,created_by,data) VALUES ('f5a1ed9d-71f7-4f2f-86eb-d4ede6619da9','e734f67f-c5c8-407d-9881-88a549c837ae','More staff lifts conversion','','Ideas/Hypothesis',1530,1000,'user_30uQARGezqSApAChPSGSwFyUy85','[]'::jsonb);
INSERT INTO public.relationships (id,project_id,source_id,target_id,type,confidence,weight,created_by) VALUES ('ee6e4d4e-1b13-451c-81fc-e90670435228','e734f67f-c5c8-407d-9881-88a549c837ae','b8bec154-d8bd-42cc-b0ea-2bc300cbe572','78b6c788-e544-4bfc-8dca-c9750636c41f','Compositional','High',95,'user_30uQARGezqSApAChPSGSwFyUy85');
INSERT INTO public.relationships (id,project_id,source_id,target_id,type,confidence,weight,created_by) VALUES ('b9010443-6bdc-425e-8bf0-a5310361911c','e734f67f-c5c8-407d-9881-88a549c837ae','81573e87-20fe-45d8-aa30-15cb1b52f60e','78b6c788-e544-4bfc-8dca-c9750636c41f','Compositional','High',90,'user_30uQARGezqSApAChPSGSwFyUy85');
INSERT INTO public.relationships (id,project_id,source_id,target_id,type,confidence,weight,created_by) VALUES ('1053ba72-5ec9-4897-8f8c-a2b6747c7ad8','e734f67f-c5c8-407d-9881-88a549c837ae','449c2664-63a8-4eed-b9f0-64ec888c9e0c','78b6c788-e544-4bfc-8dca-c9750636c41f','Causal','High',70,'user_30uQARGezqSApAChPSGSwFyUy85');
INSERT INTO public.relationships (id,project_id,source_id,target_id,type,confidence,weight,created_by) VALUES ('8591b7ab-3360-4ed5-80c7-12f9cd78d3cb','e734f67f-c5c8-407d-9881-88a549c837ae','2dea0ac1-0163-4765-8114-a67978b7b002','b8bec154-d8bd-42cc-b0ea-2bc300cbe572','Deterministic','High',95,'user_30uQARGezqSApAChPSGSwFyUy85');
INSERT INTO public.relationships (id,project_id,source_id,target_id,type,confidence,weight,created_by) VALUES ('5c35c16f-7fe5-4c40-b339-3e7d4b1c5e17','e734f67f-c5c8-407d-9881-88a549c837ae','b13c60d3-e023-48bc-97b7-0753d9708272','b8bec154-d8bd-42cc-b0ea-2bc300cbe572','Deterministic','High',90,'user_30uQARGezqSApAChPSGSwFyUy85');
INSERT INTO public.relationships (id,project_id,source_id,target_id,type,confidence,weight,created_by) VALUES ('707968c5-6d36-4c86-a719-19131b4db962','e734f67f-c5c8-407d-9881-88a549c837ae','70b5dba2-5d7a-4c10-bdec-830d5a312e40','2dea0ac1-0163-4765-8114-a67978b7b002','Deterministic','High',90,'user_30uQARGezqSApAChPSGSwFyUy85');
INSERT INTO public.relationships (id,project_id,source_id,target_id,type,confidence,weight,created_by) VALUES ('cf70358b-1542-4a06-8ce1-04d6c395a1ec','e734f67f-c5c8-407d-9881-88a549c837ae','a2ff482d-70a2-463d-adc7-7c49d9961fe4','2dea0ac1-0163-4765-8114-a67978b7b002','Probabilistic','High',85,'user_30uQARGezqSApAChPSGSwFyUy85');
INSERT INTO public.relationships (id,project_id,source_id,target_id,type,confidence,weight,created_by) VALUES ('ddb6d4d1-0061-4a9c-9dfa-37d6f1e12ab6','e734f67f-c5c8-407d-9881-88a549c837ae','58c0f121-63af-4d73-809e-fcbe41622559','b13c60d3-e023-48bc-97b7-0753d9708272','Deterministic','High',80,'user_30uQARGezqSApAChPSGSwFyUy85');
INSERT INTO public.relationships (id,project_id,source_id,target_id,type,confidence,weight,created_by) VALUES ('58044962-d9ce-4622-9eaa-840351601b41','e734f67f-c5c8-407d-9881-88a549c837ae','69c59981-ea7e-4379-b7db-c5216ffd9ed3','b13c60d3-e023-48bc-97b7-0753d9708272','Deterministic','High',75,'user_30uQARGezqSApAChPSGSwFyUy85');
INSERT INTO public.relationships (id,project_id,source_id,target_id,type,confidence,weight,created_by) VALUES ('3edccf51-b614-4791-88a5-e36058a617f1','e734f67f-c5c8-407d-9881-88a549c837ae','8dbf0312-24ce-4364-891d-697fa793452f','b13c60d3-e023-48bc-97b7-0753d9708272','Causal','High',55,'user_30uQARGezqSApAChPSGSwFyUy85');
INSERT INTO public.relationships (id,project_id,source_id,target_id,type,confidence,weight,created_by) VALUES ('44ca7126-be8c-4c7c-b76c-36f15ef20dcb','e734f67f-c5c8-407d-9881-88a549c837ae','db3882e5-0c0c-4a0b-8328-b727a16cdbd6','70b5dba2-5d7a-4c10-bdec-830d5a312e40','Deterministic','High',80,'user_30uQARGezqSApAChPSGSwFyUy85');
INSERT INTO public.relationships (id,project_id,source_id,target_id,type,confidence,weight,created_by) VALUES ('6bb25317-a6fa-4f38-bc39-9c34fb5f0d9d','e734f67f-c5c8-407d-9881-88a549c837ae','4d00b79f-c256-4620-b27e-1d38a4e98717','70b5dba2-5d7a-4c10-bdec-830d5a312e40','Probabilistic','High',75,'user_30uQARGezqSApAChPSGSwFyUy85');
INSERT INTO public.relationships (id,project_id,source_id,target_id,type,confidence,weight,created_by) VALUES ('767e5dd8-f698-495c-8a82-95766c226526','e734f67f-c5c8-407d-9881-88a549c837ae','0d81ab81-1740-4869-a1e2-1ffa1b875606','4d00b79f-c256-4620-b27e-1d38a4e98717','Causal','High',70,'user_30uQARGezqSApAChPSGSwFyUy85');
INSERT INTO public.relationships (id,project_id,source_id,target_id,type,confidence,weight,created_by) VALUES ('a96ad52a-86d2-4b46-9634-13006f55a810','e734f67f-c5c8-407d-9881-88a549c837ae','f3966069-2fd1-4b39-a02c-8ea5892d0888','4d00b79f-c256-4620-b27e-1d38a4e98717','Causal','High',60,'user_30uQARGezqSApAChPSGSwFyUy85');
INSERT INTO public.relationships (id,project_id,source_id,target_id,type,confidence,weight,created_by) VALUES ('fd809fdb-2483-40de-80d3-34bc05dff641','e734f67f-c5c8-407d-9881-88a549c837ae','6e881f8c-5ea9-48e5-aeac-0389618646bb','db3882e5-0c0c-4a0b-8328-b727a16cdbd6','Causal','High',55,'user_30uQARGezqSApAChPSGSwFyUy85');
INSERT INTO public.relationships (id,project_id,source_id,target_id,type,confidence,weight,created_by) VALUES ('d6e736dc-84f5-464a-8f95-7f915b370bf4','e734f67f-c5c8-407d-9881-88a549c837ae','47d0e7e0-3781-40c1-9900-83da325a2d20','db3882e5-0c0c-4a0b-8328-b727a16cdbd6','Causal','High',50,'user_30uQARGezqSApAChPSGSwFyUy85');
INSERT INTO public.relationships (id,project_id,source_id,target_id,type,confidence,weight,created_by) VALUES ('dbd3ccf4-c648-485d-8345-e8f72ba2d0e9','e734f67f-c5c8-407d-9881-88a549c837ae','55a0cb18-1a83-4c1b-81b9-fd1c0dcfdbce','47d0e7e0-3781-40c1-9900-83da325a2d20','Causal','High',65,'user_30uQARGezqSApAChPSGSwFyUy85');
INSERT INTO public.relationships (id,project_id,source_id,target_id,type,confidence,weight,created_by) VALUES ('1fac47cd-7663-4125-8d25-f49e36b272f2','e734f67f-c5c8-407d-9881-88a549c837ae','0bdfe44d-1c37-444b-bf76-73f45303a09a','47d0e7e0-3781-40c1-9900-83da325a2d20','Causal','High',55,'user_30uQARGezqSApAChPSGSwFyUy85');
INSERT INTO public.relationships (id,project_id,source_id,target_id,type,confidence,weight,created_by) VALUES ('29146ae8-d6f2-4344-8b2a-e1f1d04e398d','e734f67f-c5c8-407d-9881-88a549c837ae','003f931b-8945-40f1-8c1c-2f0d5d91a2d1','70b5dba2-5d7a-4c10-bdec-830d5a312e40','Causal','High',60,'user_30uQARGezqSApAChPSGSwFyUy85');
INSERT INTO public.relationships (id,project_id,source_id,target_id,type,confidence,weight,created_by) VALUES ('734c72f0-ef30-4966-aa4f-70f4e6e7dc86','e734f67f-c5c8-407d-9881-88a549c837ae','4267ca68-a160-445b-ab91-af82976d21bf','db3882e5-0c0c-4a0b-8328-b727a16cdbd6','Causal','High',50,'user_30uQARGezqSApAChPSGSwFyUy85');
INSERT INTO public.relationships (id,project_id,source_id,target_id,type,confidence,weight,created_by) VALUES ('c5cd1705-5f6d-4a93-be7b-73397736e972','e734f67f-c5c8-407d-9881-88a549c837ae','209aed4d-9290-48c9-8fd9-f9823d03e609','a2ff482d-70a2-463d-adc7-7c49d9961fe4','Causal','High',70,'user_30uQARGezqSApAChPSGSwFyUy85');
INSERT INTO public.relationships (id,project_id,source_id,target_id,type,confidence,weight,created_by) VALUES ('b1695d9c-a865-482f-8b00-6bfabc381a72','e734f67f-c5c8-407d-9881-88a549c837ae','6e9de9c6-9579-4e08-a527-afe551c6d03a','a2ff482d-70a2-463d-adc7-7c49d9961fe4','Causal','High',70,'user_30uQARGezqSApAChPSGSwFyUy85');
INSERT INTO public.relationships (id,project_id,source_id,target_id,type,confidence,weight,created_by) VALUES ('68ea2b7e-581d-4741-b910-a10c35b68383','e734f67f-c5c8-407d-9881-88a549c837ae','c2d9edb0-c34d-42a4-93ff-80fb0b92682a','a2ff482d-70a2-463d-adc7-7c49d9961fe4','Causal','High',60,'user_30uQARGezqSApAChPSGSwFyUy85');
INSERT INTO public.relationships (id,project_id,source_id,target_id,type,confidence,weight,created_by) VALUES ('651868c8-5af0-4025-94b8-391981d95635','e734f67f-c5c8-407d-9881-88a549c837ae','bdce8922-7ef5-4786-9168-86f6864d6c11','299c9148-41e8-4e63-9ee1-2b42ef9a1e7d','Causal','High',70,'user_30uQARGezqSApAChPSGSwFyUy85');
INSERT INTO public.relationships (id,project_id,source_id,target_id,type,confidence,weight,created_by) VALUES ('dbfac511-0ab0-44fb-a37d-27acdc71756f','e734f67f-c5c8-407d-9881-88a549c837ae','299c9148-41e8-4e63-9ee1-2b42ef9a1e7d','70b5dba2-5d7a-4c10-bdec-830d5a312e40','Causal','High',55,'user_30uQARGezqSApAChPSGSwFyUy85');
INSERT INTO public.relationships (id,project_id,source_id,target_id,type,confidence,weight,created_by) VALUES ('835c5ff8-5a51-42c5-983f-4d3037be8ffc','e734f67f-c5c8-407d-9881-88a549c837ae','31f60f5a-a653-4524-b1ab-c774954c7336','299c9148-41e8-4e63-9ee1-2b42ef9a1e7d','Causal','High',60,'user_30uQARGezqSApAChPSGSwFyUy85');
INSERT INTO public.relationships (id,project_id,source_id,target_id,type,confidence,weight,created_by) VALUES ('24ce9b8e-6800-48f3-8d31-63d1ddd8bef4','e734f67f-c5c8-407d-9881-88a549c837ae','c011202d-6caa-4106-adda-bbb6b574bedd','81573e87-20fe-45d8-aa30-15cb1b52f60e','Compositional','High',80,'user_30uQARGezqSApAChPSGSwFyUy85');
INSERT INTO public.relationships (id,project_id,source_id,target_id,type,confidence,weight,created_by) VALUES ('5d3c9de1-eaba-46c4-8421-19b0aed6bc5e','e734f67f-c5c8-407d-9881-88a549c837ae','50a0c1ce-014a-4cd0-ba25-149e30f78679','81573e87-20fe-45d8-aa30-15cb1b52f60e','Compositional','High',70,'user_30uQARGezqSApAChPSGSwFyUy85');
INSERT INTO public.relationships (id,project_id,source_id,target_id,type,confidence,weight,created_by) VALUES ('ef7e7edd-b9a3-46ab-b3a6-a550cc53fa1b','e734f67f-c5c8-407d-9881-88a549c837ae','0cb91f08-7711-4422-a57a-4ec50fff070a','81573e87-20fe-45d8-aa30-15cb1b52f60e','Compositional','High',75,'user_30uQARGezqSApAChPSGSwFyUy85');
INSERT INTO public.relationships (id,project_id,source_id,target_id,type,confidence,weight,created_by) VALUES ('0ab562e0-36da-4fcd-a957-be171f6470cc','e734f67f-c5c8-407d-9881-88a549c837ae','a4af9863-5f0e-4d00-90cd-057c22506d34','0cb91f08-7711-4422-a57a-4ec50fff070a','Deterministic','High',80,'user_30uQARGezqSApAChPSGSwFyUy85');
INSERT INTO public.relationships (id,project_id,source_id,target_id,type,confidence,weight,created_by) VALUES ('34e9bba2-8db2-47fa-b7c9-ebb76c05ec7a','e734f67f-c5c8-407d-9881-88a549c837ae','112f305b-df04-4704-8d62-5f6dca98a2eb','0cb91f08-7711-4422-a57a-4ec50fff070a','Deterministic','High',70,'user_30uQARGezqSApAChPSGSwFyUy85');
INSERT INTO public.relationships (id,project_id,source_id,target_id,type,confidence,weight,created_by) VALUES ('cbf286d1-481d-47c2-82c8-6d8fc9aaa09c','e734f67f-c5c8-407d-9881-88a549c837ae','e6230d29-db92-4030-b87e-25d54e4b7b4d','81573e87-20fe-45d8-aa30-15cb1b52f60e','Compositional','High',50,'user_30uQARGezqSApAChPSGSwFyUy85');
INSERT INTO public.relationships (id,project_id,source_id,target_id,type,confidence,weight,created_by) VALUES ('877fd8b9-2be3-43a3-b62a-57aaabdee833','e734f67f-c5c8-407d-9881-88a549c837ae','095fd607-3b1e-4b1c-9a88-775cde85e03a','81573e87-20fe-45d8-aa30-15cb1b52f60e','Causal','High',55,'user_30uQARGezqSApAChPSGSwFyUy85');
INSERT INTO public.relationships (id,project_id,source_id,target_id,type,confidence,weight,created_by) VALUES ('26f8ea35-0fff-4f48-bcc2-8c6d329666da','e734f67f-c5c8-407d-9881-88a549c837ae','ec3389b5-d1f9-4394-a38b-3859f445a4b5','81573e87-20fe-45d8-aa30-15cb1b52f60e','Compositional','High',60,'user_30uQARGezqSApAChPSGSwFyUy85');
INSERT INTO public.relationships (id,project_id,source_id,target_id,type,confidence,weight,created_by) VALUES ('a150ba13-9587-48fb-951d-afb7bc28acaa','e734f67f-c5c8-407d-9881-88a549c837ae','c011202d-6caa-4106-adda-bbb6b574bedd','449c2664-63a8-4eed-b9f0-64ec888c9e0c','Causal','High',75,'user_30uQARGezqSApAChPSGSwFyUy85');
INSERT INTO public.relationships (id,project_id,source_id,target_id,type,confidence,weight,created_by) VALUES ('916d3cd5-7607-498b-95ca-a8d9bbbab261','e734f67f-c5c8-407d-9881-88a549c837ae','a4af9863-5f0e-4d00-90cd-057c22506d34','209aed4d-9290-48c9-8fd9-f9823d03e609','Causal','High',60,'user_30uQARGezqSApAChPSGSwFyUy85');
INSERT INTO public.relationships (id,project_id,source_id,target_id,type,confidence,weight,created_by) VALUES ('35070422-3767-4939-96fe-770a55f5a13b','e734f67f-c5c8-407d-9881-88a549c837ae','6e881f8c-5ea9-48e5-aeac-0389618646bb','ec3389b5-d1f9-4394-a38b-3859f445a4b5','Compositional','High',60,'user_30uQARGezqSApAChPSGSwFyUy85');
INSERT INTO public.relationships (id,project_id,source_id,target_id,type,confidence,weight,created_by) VALUES ('b3892ed3-183a-4de6-b29d-ef91225b946f','e734f67f-c5c8-407d-9881-88a549c837ae','fff2f942-1251-4c86-95db-0aa3b45c1463','a2ff482d-70a2-463d-adc7-7c49d9961fe4','Causal','High',70,'user_30uQARGezqSApAChPSGSwFyUy85');
INSERT INTO public.relationships (id,project_id,source_id,target_id,type,confidence,weight,created_by) VALUES ('fa486fb1-330f-46b5-9439-cfb853443219','e734f67f-c5c8-407d-9881-88a549c837ae','a41d91d9-3475-48ff-a600-846f172d4802','bdce8922-7ef5-4786-9168-86f6864d6c11','Causal','High',75,'user_30uQARGezqSApAChPSGSwFyUy85');
INSERT INTO public.relationships (id,project_id,source_id,target_id,type,confidence,weight,created_by) VALUES ('eaaacfa1-bb2c-4b52-93ef-9e242dfe52ee','e734f67f-c5c8-407d-9881-88a549c837ae','00e9ab21-58ef-422b-bd47-86a2101acb0b','0d81ab81-1740-4869-a1e2-1ffa1b875606','Causal','High',75,'user_30uQARGezqSApAChPSGSwFyUy85');
INSERT INTO public.relationships (id,project_id,source_id,target_id,type,confidence,weight,created_by) VALUES ('f6724914-92e1-43fc-8a27-40660cd57a70','e734f67f-c5c8-407d-9881-88a549c837ae','5bb6786e-39e9-4722-ba3d-84c36044e8fa','55a0cb18-1a83-4c1b-81b9-fd1c0dcfdbce','Causal','High',65,'user_30uQARGezqSApAChPSGSwFyUy85');
INSERT INTO public.relationships (id,project_id,source_id,target_id,type,confidence,weight,created_by) VALUES ('db3b7d45-49a6-4946-aff8-b28161e1776c','e734f67f-c5c8-407d-9881-88a549c837ae','7848775f-61ed-4219-942a-c5ec6c8889c3','8dbf0312-24ce-4364-891d-697fa793452f','Causal','High',55,'user_30uQARGezqSApAChPSGSwFyUy85');
INSERT INTO public.relationships (id,project_id,source_id,target_id,type,confidence,weight,created_by) VALUES ('cd05a6c1-f238-452a-872f-e4960370c394','e734f67f-c5c8-407d-9881-88a549c837ae','8c5d7eb4-4712-4d8a-a6de-74372542c63a','003f931b-8945-40f1-8c1c-2f0d5d91a2d1','Probabilistic','High',50,'user_30uQARGezqSApAChPSGSwFyUy85');
INSERT INTO public.relationships (id,project_id,source_id,target_id,type,confidence,weight,created_by) VALUES ('c04b9139-9a6d-4132-9af5-3967a0975d65','e734f67f-c5c8-407d-9881-88a549c837ae','f5a1ed9d-71f7-4f2f-86eb-d4ede6619da9','209aed4d-9290-48c9-8fd9-f9823d03e609','Probabilistic','High',50,'user_30uQARGezqSApAChPSGSwFyUy85');
INSERT INTO public.groups (id,project_id,name,color,node_ids,position_x,position_y,width,height,created_by) VALUES ('a4c9421e-0f86-49c0-a9ca-4c5badfa8b94','e734f67f-c5c8-407d-9881-88a549c837ae','Foot Traffic','#3b82f6',ARRAY['70b5dba2-5d7a-4c10-bdec-830d5a312e40','db3882e5-0c0c-4a0b-8328-b727a16cdbd6','4d00b79f-c256-4620-b27e-1d38a4e98717','0d81ab81-1740-4869-a1e2-1ffa1b875606','f3966069-2fd1-4b39-a02c-8ea5892d0888','6e881f8c-5ea9-48e5-aeac-0389618646bb','47d0e7e0-3781-40c1-9900-83da325a2d20','55a0cb18-1a83-4c1b-81b9-fd1c0dcfdbce','0bdfe44d-1c37-444b-bf76-73f45303a09a','003f931b-8945-40f1-8c1c-2f0d5d91a2d1','4267ca68-a160-445b-ab91-af82976d21bf']::uuid[],-1560,514,1700,886,'user_30uQARGezqSApAChPSGSwFyUy85');
INSERT INTO public.groups (id,project_id,name,color,node_ids,position_x,position_y,width,height,created_by) VALUES ('5cb7b1b1-7c33-488e-bd04-c000b78817f3','e734f67f-c5c8-407d-9881-88a549c837ae','Conversion & Basket','#22c55e',ARRAY['2dea0ac1-0163-4765-8114-a67978b7b002','a2ff482d-70a2-463d-adc7-7c49d9961fe4','209aed4d-9290-48c9-8fd9-f9823d03e609','6e9de9c6-9579-4e08-a527-afe551c6d03a','c2d9edb0-c34d-42a4-93ff-80fb0b92682a','b13c60d3-e023-48bc-97b7-0753d9708272','58c0f121-63af-4d73-809e-fcbe41622559','69c59981-ea7e-4379-b7db-c5216ffd9ed3','8dbf0312-24ce-4364-891d-697fa793452f']::uuid[],-1220,314,2040,686,'user_30uQARGezqSApAChPSGSwFyUy85');
INSERT INTO public.groups (id,project_id,name,color,node_ids,position_x,position_y,width,height,created_by) VALUES ('48d1586c-fb25-4c56-827c-7f699429c405','e734f67f-c5c8-407d-9881-88a549c837ae','Retention','#f59e0b',ARRAY['bdce8922-7ef5-4786-9168-86f6864d6c11','299c9148-41e8-4e63-9ee1-2b42ef9a1e7d','31f60f5a-a653-4524-b1ab-c774954c7336']::uuid[],140,714,850,486,'user_30uQARGezqSApAChPSGSwFyUy85');
INSERT INTO public.groups (id,project_id,name,color,node_ids,position_x,position_y,width,height,created_by) VALUES ('91a06470-7161-4ec3-984a-a4b71d063c6e','e734f67f-c5c8-407d-9881-88a549c837ae','Cost Structure','#a855f7',ARRAY['81573e87-20fe-45d8-aa30-15cb1b52f60e','c011202d-6caa-4106-adda-bbb6b574bedd','449c2664-63a8-4eed-b9f0-64ec888c9e0c','50a0c1ce-014a-4cd0-ba25-149e30f78679','0cb91f08-7711-4422-a57a-4ec50fff070a','a4af9863-5f0e-4d00-90cd-057c22506d34','112f305b-df04-4704-8d62-5f6dca98a2eb','e6230d29-db92-4030-b87e-25d54e4b7b4d','095fd607-3b1e-4b1c-9a88-775cde85e03a','ec3389b5-d1f9-4394-a38b-3859f445a4b5']::uuid[],-540,114,2040,1086,'user_30uQARGezqSApAChPSGSwFyUy85');

COMMIT;
