-- Example metric trees (SaaS / E-commerce / Retail). Owner: user_30uQARGezqSApAChPSGSwFyUy85
-- Re-runnable: deletes prior projects with the same names (cascade) first.
BEGIN;

DELETE FROM public.projects WHERE created_by='user_30uQARGezqSApAChPSGSwFyUy85' AND name='SaaS — Example Metric Tree';
INSERT INTO public.projects (id,name,description,created_by,last_modified_by,is_public,tags,settings) VALUES ('bcbcc1f8-98d3-4752-9a30-d45b9dcf06a6','SaaS — Example Metric Tree','Decomposition of profit for a B2B SaaS: ARR/MRR movements, acquisition funnel, channels (incl. social), unit economics, and cost structure.','user_30uQARGezqSApAChPSGSwFyUy85','user_30uQARGezqSApAChPSGSwFyUy85',true,ARRAY['example','template'],'{}');
INSERT INTO public.metric_cards (id,project_id,title,description,category,position_x,position_y,created_by,data) VALUES ('a84e2449-2c24-4ea1-92b2-701e43f30225','bcbcc1f8-98d3-4752-9a30-d45b9dcf06a6','Profit','Revenue − Total Costs','Core/Value',0,2292,'user_30uQARGezqSApAChPSGSwFyUy85','[{"period":"2025-12","value":264870,"change_percent":0,"trend":"neutral"},{"period":"2026-01","value":286521,"change_percent":8.2,"trend":"up"},{"period":"2026-02","value":306232,"change_percent":6.9,"trend":"up"},{"period":"2026-03","value":330710,"change_percent":8,"trend":"up"},{"period":"2026-04","value":354114,"change_percent":7.1,"trend":"up"},{"period":"2026-05","value":377320,"change_percent":6.6,"trend":"up"},{"period":"2026-06","value":404785,"change_percent":7.3,"trend":"up"}]'::jsonb);
INSERT INTO public.metric_cards (id,project_id,title,description,category,position_x,position_y,created_by,data) VALUES ('b8ad447a-8118-4a0d-a8d5-a5ef3a8e0914','bcbcc1f8-98d3-4752-9a30-d45b9dcf06a6','Revenue (ARR)','MRR × 12','Data/Metric',1520,86,'user_30uQARGezqSApAChPSGSwFyUy85','[{"period":"2025-12","value":547452,"change_percent":0,"trend":"neutral"},{"period":"2026-01","value":573412,"change_percent":4.7,"trend":"up"},{"period":"2026-02","value":604482,"change_percent":5.4,"trend":"up"},{"period":"2026-03","value":636884,"change_percent":5.4,"trend":"up"},{"period":"2026-04","value":667329,"change_percent":4.8,"trend":"up"},{"period":"2026-05","value":695693,"change_percent":4.3,"trend":"up"},{"period":"2026-06","value":753266,"change_percent":8.3,"trend":"up"}]'::jsonb);
INSERT INTO public.metric_cards (id,project_id,title,description,category,position_x,position_y,created_by,data) VALUES ('6905e69e-3b0f-4619-8ba7-8c900eaa58ec','bcbcc1f8-98d3-4752-9a30-d45b9dcf06a6','MRR','Monthly Recurring Revenue','Data/Metric',1850,86,'user_30uQARGezqSApAChPSGSwFyUy85','[{"period":"2025-12","value":124415,"change_percent":0,"trend":"neutral"},{"period":"2026-01","value":136387,"change_percent":9.6,"trend":"up"},{"period":"2026-02","value":147421,"change_percent":8.1,"trend":"up"},{"period":"2026-03","value":161592,"change_percent":9.6,"trend":"up"},{"period":"2026-04","value":174702,"change_percent":8.1,"trend":"up"},{"period":"2026-05","value":189663,"change_percent":8.6,"trend":"up"},{"period":"2026-06","value":201507,"change_percent":6.2,"trend":"up"}]'::jsonb);
INSERT INTO public.metric_cards (id,project_id,title,description,category,position_x,position_y,created_by,data) VALUES ('14d418f7-50bc-47da-b51c-07fac89c18c3','bcbcc1f8-98d3-4752-9a30-d45b9dcf06a6','New MRR','New Customers × ARPA','Data/Metric',2180,86,'user_30uQARGezqSApAChPSGSwFyUy85','[{"period":"2025-12","value":661311,"change_percent":0,"trend":"neutral"},{"period":"2026-01","value":703015,"change_percent":6.3,"trend":"up"},{"period":"2026-02","value":751380,"change_percent":6.9,"trend":"up"},{"period":"2026-03","value":776573,"change_percent":3.4,"trend":"up"},{"period":"2026-04","value":827907,"change_percent":6.6,"trend":"up"},{"period":"2026-05","value":880382,"change_percent":6.3,"trend":"up"},{"period":"2026-06","value":932717,"change_percent":5.9,"trend":"up"}]'::jsonb);
INSERT INTO public.metric_cards (id,project_id,title,description,category,position_x,position_y,created_by,data) VALUES ('6931b86c-e488-4ec7-bb4a-147c0a712ab7','bcbcc1f8-98d3-4752-9a30-d45b9dcf06a6','Expansion MRR','Upsell + cross-sell','Data/Metric',2510,86,'user_30uQARGezqSApAChPSGSwFyUy85','[{"period":"2025-12","value":420349,"change_percent":0,"trend":"neutral"},{"period":"2026-01","value":434523,"change_percent":3.4,"trend":"up"},{"period":"2026-02","value":454088,"change_percent":4.5,"trend":"up"},{"period":"2026-03","value":473241,"change_percent":4.2,"trend":"up"},{"period":"2026-04","value":495179,"change_percent":4.6,"trend":"up"},{"period":"2026-05","value":509711,"change_percent":2.9,"trend":"up"},{"period":"2026-06","value":536688,"change_percent":5.3,"trend":"up"}]'::jsonb);
INSERT INTO public.metric_cards (id,project_id,title,description,category,position_x,position_y,created_by,data) VALUES ('9844ce61-7959-47a8-8518-acb9d8293963','bcbcc1f8-98d3-4752-9a30-d45b9dcf06a6','Reactivation MRR','','Data/Metric',1520,306,'user_30uQARGezqSApAChPSGSwFyUy85','[{"period":"2025-12","value":799525,"change_percent":0,"trend":"neutral"},{"period":"2026-01","value":846688,"change_percent":5.9,"trend":"up"},{"period":"2026-02","value":909899,"change_percent":7.5,"trend":"up"},{"period":"2026-03","value":959776,"change_percent":5.5,"trend":"up"},{"period":"2026-04","value":1017426,"change_percent":6,"trend":"up"},{"period":"2026-05","value":1088267,"change_percent":7,"trend":"up"},{"period":"2026-06","value":1149292,"change_percent":5.6,"trend":"up"}]'::jsonb);
INSERT INTO public.metric_cards (id,project_id,title,description,category,position_x,position_y,created_by,data) VALUES ('730f7bfc-e011-4fe5-8eb2-6515cb1748ef','bcbcc1f8-98d3-4752-9a30-d45b9dcf06a6','Churned MRR','Lost recurring revenue','Data/Metric',1850,306,'user_30uQARGezqSApAChPSGSwFyUy85','[{"period":"2025-12","value":51.9,"change_percent":0,"trend":"neutral"},{"period":"2026-01","value":48.9,"change_percent":-5.8,"trend":"down"},{"period":"2026-02","value":44.9,"change_percent":-8.2,"trend":"down"},{"period":"2026-03","value":42.3,"change_percent":-5.8,"trend":"down"},{"period":"2026-04","value":39.5,"change_percent":-6.6,"trend":"down"},{"period":"2026-05","value":36.7,"change_percent":-7.1,"trend":"down"},{"period":"2026-06","value":34.7,"change_percent":-5.4,"trend":"down"}]'::jsonb);
INSERT INTO public.metric_cards (id,project_id,title,description,category,position_x,position_y,created_by,data) VALUES ('0b84c8ce-5258-4baf-b15e-ca0d8d1dfa71','bcbcc1f8-98d3-4752-9a30-d45b9dcf06a6','Contraction MRR','Downgrades','Data/Metric',2180,306,'user_30uQARGezqSApAChPSGSwFyUy85','[{"period":"2025-12","value":214885,"change_percent":0,"trend":"neutral"},{"period":"2026-01","value":213319,"change_percent":-0.7,"trend":"neutral"},{"period":"2026-02","value":206109,"change_percent":-3.4,"trend":"down"},{"period":"2026-03","value":201135,"change_percent":-2.4,"trend":"down"},{"period":"2026-04","value":196802,"change_percent":-2.2,"trend":"down"},{"period":"2026-05","value":195754,"change_percent":-0.5,"trend":"neutral"},{"period":"2026-06","value":186758,"change_percent":-4.6,"trend":"down"}]'::jsonb);
INSERT INTO public.metric_cards (id,project_id,title,description,category,position_x,position_y,created_by,data) VALUES ('f6ff92b0-4bea-4e85-a786-aa3b6e0d33fe','bcbcc1f8-98d3-4752-9a30-d45b9dcf06a6','New Customers','Trials × Trial→Paid','Data/Metric',30,966,'user_30uQARGezqSApAChPSGSwFyUy85','[{"period":"2025-12","value":63495,"change_percent":0,"trend":"neutral"},{"period":"2026-01","value":67997,"change_percent":7.1,"trend":"up"},{"period":"2026-02","value":73356,"change_percent":7.9,"trend":"up"},{"period":"2026-03","value":79417,"change_percent":8.3,"trend":"up"},{"period":"2026-04","value":86036,"change_percent":8.3,"trend":"up"},{"period":"2026-05","value":92023,"change_percent":7,"trend":"up"},{"period":"2026-06","value":99324,"change_percent":7.9,"trend":"up"}]'::jsonb);
INSERT INTO public.metric_cards (id,project_id,title,description,category,position_x,position_y,created_by,data) VALUES ('f6459bd9-0742-40b8-947c-c7224322fd88','bcbcc1f8-98d3-4752-9a30-d45b9dcf06a6','ARPA','Avg revenue per account','Data/Metric',2510,306,'user_30uQARGezqSApAChPSGSwFyUy85','[{"period":"2025-12","value":661583,"change_percent":0,"trend":"neutral"},{"period":"2026-01","value":678756,"change_percent":2.6,"trend":"up"},{"period":"2026-02","value":721110,"change_percent":6.2,"trend":"up"},{"period":"2026-03","value":760827,"change_percent":5.5,"trend":"up"},{"period":"2026-04","value":786322,"change_percent":3.4,"trend":"up"},{"period":"2026-05","value":844005,"change_percent":7.3,"trend":"up"},{"period":"2026-06","value":868741,"change_percent":2.9,"trend":"up"}]'::jsonb);
INSERT INTO public.metric_cards (id,project_id,title,description,category,position_x,position_y,created_by,data) VALUES ('87fc4233-059d-4f1e-a3e1-e0f6781703f8','bcbcc1f8-98d3-4752-9a30-d45b9dcf06a6','Avg Price','','Data/Metric',1520,526,'user_30uQARGezqSApAChPSGSwFyUy85','[{"period":"2025-12","value":418344,"change_percent":0,"trend":"neutral"},{"period":"2026-01","value":448335,"change_percent":7.2,"trend":"up"},{"period":"2026-02","value":478291,"change_percent":6.7,"trend":"up"},{"period":"2026-03","value":516775,"change_percent":8,"trend":"up"},{"period":"2026-04","value":558214,"change_percent":8,"trend":"up"},{"period":"2026-05","value":602397,"change_percent":7.9,"trend":"up"},{"period":"2026-06","value":658402,"change_percent":9.3,"trend":"up"}]'::jsonb);
INSERT INTO public.metric_cards (id,project_id,title,description,category,position_x,position_y,created_by,data) VALUES ('41a90d83-5ce6-404a-b638-edcfccc2a527','bcbcc1f8-98d3-4752-9a30-d45b9dcf06a6','Avg Seats / Account','','Data/Metric',1850,526,'user_30uQARGezqSApAChPSGSwFyUy85','[{"period":"2025-12","value":11609,"change_percent":0,"trend":"neutral"},{"period":"2026-01","value":11988,"change_percent":3.3,"trend":"up"},{"period":"2026-02","value":12324,"change_percent":2.8,"trend":"up"},{"period":"2026-03","value":13052,"change_percent":5.9,"trend":"up"},{"period":"2026-04","value":13634,"change_percent":4.5,"trend":"up"},{"period":"2026-05","value":14401,"change_percent":5.6,"trend":"up"},{"period":"2026-06","value":14941,"change_percent":3.7,"trend":"up"}]'::jsonb);
INSERT INTO public.metric_cards (id,project_id,title,description,category,position_x,position_y,created_by,data) VALUES ('81c87ce0-17a5-4f98-9d83-d2be12071cdf','bcbcc1f8-98d3-4752-9a30-d45b9dcf06a6','Trials Started','MQLs × Lead→Trial','Data/Metric',690,746,'user_30uQARGezqSApAChPSGSwFyUy85','[{"period":"2025-12","value":78872,"change_percent":0,"trend":"neutral"},{"period":"2026-01","value":81451,"change_percent":3.3,"trend":"up"},{"period":"2026-02","value":82599,"change_percent":1.4,"trend":"up"},{"period":"2026-03","value":85540,"change_percent":3.6,"trend":"up"},{"period":"2026-04","value":89161,"change_percent":4.2,"trend":"up"},{"period":"2026-05","value":89207,"change_percent":0.1,"trend":"neutral"},{"period":"2026-06","value":92909,"change_percent":4.1,"trend":"up"}]'::jsonb);
INSERT INTO public.metric_cards (id,project_id,title,description,category,position_x,position_y,created_by,data) VALUES ('6b356793-7d46-4bb3-9c59-3d0fe977e3a8','bcbcc1f8-98d3-4752-9a30-d45b9dcf06a6','Trial→Paid Conversion %','','Data/Metric',1020,746,'user_30uQARGezqSApAChPSGSwFyUy85','[{"period":"2025-12","value":11.8,"change_percent":0,"trend":"neutral"},{"period":"2026-01","value":12.3,"change_percent":4.2,"trend":"up"},{"period":"2026-02","value":13.2,"change_percent":7.3,"trend":"up"},{"period":"2026-03","value":14.1,"change_percent":6.8,"trend":"up"},{"period":"2026-04","value":14.9,"change_percent":5.7,"trend":"up"},{"period":"2026-05","value":15.6,"change_percent":4.7,"trend":"up"},{"period":"2026-06","value":16.7,"change_percent":7.1,"trend":"up"}]'::jsonb);
INSERT INTO public.metric_cards (id,project_id,title,description,category,position_x,position_y,created_by,data) VALUES ('bc0abb8a-0394-4257-9ccc-36ff8846cc1b','bcbcc1f8-98d3-4752-9a30-d45b9dcf06a6','Marketing Qualified Leads','Visitors × Visitor→Lead','Data/Metric',30,746,'user_30uQARGezqSApAChPSGSwFyUy85','[{"period":"2025-12","value":22856,"change_percent":0,"trend":"neutral"},{"period":"2026-01","value":24027,"change_percent":5.1,"trend":"up"},{"period":"2026-02","value":24990,"change_percent":4,"trend":"up"},{"period":"2026-03","value":25766,"change_percent":3.1,"trend":"up"},{"period":"2026-04","value":26183,"change_percent":1.6,"trend":"up"},{"period":"2026-05","value":26574,"change_percent":1.5,"trend":"up"},{"period":"2026-06","value":27238,"change_percent":2.5,"trend":"up"}]'::jsonb);
INSERT INTO public.metric_cards (id,project_id,title,description,category,position_x,position_y,created_by,data) VALUES ('e45b4586-b8ee-41ac-aa4d-f244ec5a220c','bcbcc1f8-98d3-4752-9a30-d45b9dcf06a6','Visitor→Lead %','','Data/Metric',360,746,'user_30uQARGezqSApAChPSGSwFyUy85','[{"period":"2025-12","value":18.5,"change_percent":0,"trend":"neutral"},{"period":"2026-01","value":19.8,"change_percent":7,"trend":"up"},{"period":"2026-02","value":21.2,"change_percent":7.1,"trend":"up"},{"period":"2026-03","value":22.8,"change_percent":7.5,"trend":"up"},{"period":"2026-04","value":24,"change_percent":5.3,"trend":"up"},{"period":"2026-05","value":25.7,"change_percent":7.1,"trend":"up"},{"period":"2026-06","value":26.8,"change_percent":4.3,"trend":"up"}]'::jsonb);
INSERT INTO public.metric_cards (id,project_id,title,description,category,position_x,position_y,created_by,data) VALUES ('fb9bbf4a-9647-4617-884f-b85b1bfefe52','bcbcc1f8-98d3-4752-9a30-d45b9dcf06a6','Website Visitors','Sum of channels','Data/Metric',30,86,'user_30uQARGezqSApAChPSGSwFyUy85','[{"period":"2025-12","value":47864,"change_percent":0,"trend":"neutral"},{"period":"2026-01","value":50200,"change_percent":4.9,"trend":"up"},{"period":"2026-02","value":53477,"change_percent":6.5,"trend":"up"},{"period":"2026-03","value":58124,"change_percent":8.7,"trend":"up"},{"period":"2026-04","value":62936,"change_percent":8.3,"trend":"up"},{"period":"2026-05","value":67570,"change_percent":7.4,"trend":"up"},{"period":"2026-06","value":73797,"change_percent":9.2,"trend":"up"}]'::jsonb);
INSERT INTO public.metric_cards (id,project_id,title,description,category,position_x,position_y,created_by,data) VALUES ('d7b1587c-4619-4c01-86a7-a2c8b191e027','bcbcc1f8-98d3-4752-9a30-d45b9dcf06a6','Organic / SEO Traffic','','Data/Metric',360,86,'user_30uQARGezqSApAChPSGSwFyUy85','[{"period":"2025-12","value":49822,"change_percent":0,"trend":"neutral"},{"period":"2026-01","value":52832,"change_percent":6,"trend":"up"},{"period":"2026-02","value":56638,"change_percent":7.2,"trend":"up"},{"period":"2026-03","value":60806,"change_percent":7.4,"trend":"up"},{"period":"2026-04","value":62715,"change_percent":3.1,"trend":"up"},{"period":"2026-05","value":66713,"change_percent":6.4,"trend":"up"},{"period":"2026-06","value":71529,"change_percent":7.2,"trend":"up"}]'::jsonb);
INSERT INTO public.metric_cards (id,project_id,title,description,category,position_x,position_y,created_by,data) VALUES ('e697f3fe-4845-443a-bb33-d2e0eb0d9cb9','bcbcc1f8-98d3-4752-9a30-d45b9dcf06a6','Paid Search Traffic','Ad Spend / CPC','Data/Metric',690,86,'user_30uQARGezqSApAChPSGSwFyUy85','[{"period":"2025-12","value":48614,"change_percent":0,"trend":"neutral"},{"period":"2026-01","value":52824,"change_percent":8.7,"trend":"up"},{"period":"2026-02","value":57520,"change_percent":8.9,"trend":"up"},{"period":"2026-03","value":60446,"change_percent":5.1,"trend":"up"},{"period":"2026-04","value":64964,"change_percent":7.5,"trend":"up"},{"period":"2026-05","value":69014,"change_percent":6.2,"trend":"up"},{"period":"2026-06","value":73933,"change_percent":7.1,"trend":"up"}]'::jsonb);
INSERT INTO public.metric_cards (id,project_id,title,description,category,position_x,position_y,created_by,data) VALUES ('2d789e60-5cf2-44c4-9707-c14aa5c3e500','bcbcc1f8-98d3-4752-9a30-d45b9dcf06a6','Social Media Traffic','Reach × CTR','Data/Metric',1020,86,'user_30uQARGezqSApAChPSGSwFyUy85','[{"period":"2025-12","value":2247,"change_percent":0,"trend":"neutral"},{"period":"2026-01","value":2358,"change_percent":4.9,"trend":"up"},{"period":"2026-02","value":2486,"change_percent":5.4,"trend":"up"},{"period":"2026-03","value":2579,"change_percent":3.7,"trend":"up"},{"period":"2026-04","value":2699,"change_percent":4.7,"trend":"up"},{"period":"2026-05","value":2748,"change_percent":1.8,"trend":"up"},{"period":"2026-06","value":2785,"change_percent":1.3,"trend":"up"}]'::jsonb);
INSERT INTO public.metric_cards (id,project_id,title,description,category,position_x,position_y,created_by,data) VALUES ('ad517bbd-4852-48b7-a9e2-69fddb8210a1','bcbcc1f8-98d3-4752-9a30-d45b9dcf06a6','Referral Traffic','','Data/Metric',30,306,'user_30uQARGezqSApAChPSGSwFyUy85','[{"period":"2025-12","value":70949,"change_percent":0,"trend":"neutral"},{"period":"2026-01","value":75299,"change_percent":6.1,"trend":"up"},{"period":"2026-02","value":80706,"change_percent":7.2,"trend":"up"},{"period":"2026-03","value":83768,"change_percent":3.8,"trend":"up"},{"period":"2026-04","value":89279,"change_percent":6.6,"trend":"up"},{"period":"2026-05","value":95018,"change_percent":6.4,"trend":"up"},{"period":"2026-06","value":98622,"change_percent":3.8,"trend":"up"}]'::jsonb);
INSERT INTO public.metric_cards (id,project_id,title,description,category,position_x,position_y,created_by,data) VALUES ('1982e1e5-70c3-41f9-b127-6e8b3ad4728b','bcbcc1f8-98d3-4752-9a30-d45b9dcf06a6','Direct Traffic','','Data/Metric',360,306,'user_30uQARGezqSApAChPSGSwFyUy85','[{"period":"2025-12","value":19613,"change_percent":0,"trend":"neutral"},{"period":"2026-01","value":21161,"change_percent":7.9,"trend":"up"},{"period":"2026-02","value":22200,"change_percent":4.9,"trend":"up"},{"period":"2026-03","value":23668,"change_percent":6.6,"trend":"up"},{"period":"2026-04","value":24968,"change_percent":5.5,"trend":"up"},{"period":"2026-05","value":26368,"change_percent":5.6,"trend":"up"},{"period":"2026-06","value":27782,"change_percent":5.4,"trend":"up"}]'::jsonb);
INSERT INTO public.metric_cards (id,project_id,title,description,category,position_x,position_y,created_by,data) VALUES ('8adf0d0f-4fc4-4519-8f88-11662356f0ac','bcbcc1f8-98d3-4752-9a30-d45b9dcf06a6','Email Traffic','','Data/Metric',690,306,'user_30uQARGezqSApAChPSGSwFyUy85','[{"period":"2025-12","value":76335,"change_percent":0,"trend":"neutral"},{"period":"2026-01","value":77444,"change_percent":1.5,"trend":"up"},{"period":"2026-02","value":80929,"change_percent":4.5,"trend":"up"},{"period":"2026-03","value":81790,"change_percent":1.1,"trend":"up"},{"period":"2026-04","value":83434,"change_percent":2,"trend":"up"},{"period":"2026-05","value":85995,"change_percent":3.1,"trend":"up"},{"period":"2026-06","value":87805,"change_percent":2.1,"trend":"up"}]'::jsonb);
INSERT INTO public.metric_cards (id,project_id,title,description,category,position_x,position_y,created_by,data) VALUES ('f7c71800-ed31-4cbb-8dc8-49734b7e2998','bcbcc1f8-98d3-4752-9a30-d45b9dcf06a6','Social Reach / Followers','','Data/Metric',1020,306,'user_30uQARGezqSApAChPSGSwFyUy85','[{"period":"2025-12","value":20156,"change_percent":0,"trend":"neutral"},{"period":"2026-01","value":20618,"change_percent":2.3,"trend":"up"},{"period":"2026-02","value":21363,"change_percent":3.6,"trend":"up"},{"period":"2026-03","value":22126,"change_percent":3.6,"trend":"up"},{"period":"2026-04","value":23413,"change_percent":5.8,"trend":"up"},{"period":"2026-05","value":24297,"change_percent":3.8,"trend":"up"},{"period":"2026-06","value":25297,"change_percent":4.1,"trend":"up"}]'::jsonb);
INSERT INTO public.metric_cards (id,project_id,title,description,category,position_x,position_y,created_by,data) VALUES ('9424897c-70af-41f2-9d87-66f25d815624','bcbcc1f8-98d3-4752-9a30-d45b9dcf06a6','Social Engagement Rate','','Data/Metric',30,526,'user_30uQARGezqSApAChPSGSwFyUy85','[{"period":"2025-12","value":54.7,"change_percent":0,"trend":"neutral"},{"period":"2026-01","value":58.1,"change_percent":6.2,"trend":"up"},{"period":"2026-02","value":60.7,"change_percent":4.5,"trend":"up"},{"period":"2026-03","value":64.5,"change_percent":6.3,"trend":"up"},{"period":"2026-04","value":65.5,"change_percent":1.6,"trend":"up"},{"period":"2026-05","value":68.8,"change_percent":5,"trend":"up"},{"period":"2026-06","value":71.5,"change_percent":3.9,"trend":"up"}]'::jsonb);
INSERT INTO public.metric_cards (id,project_id,title,description,category,position_x,position_y,created_by,data) VALUES ('f1fd8685-1378-487a-9349-6b81df137e72','bcbcc1f8-98d3-4752-9a30-d45b9dcf06a6','Content Cadence (posts/wk)','','Data/Metric',360,526,'user_30uQARGezqSApAChPSGSwFyUy85','[{"period":"2025-12","value":3061,"change_percent":0,"trend":"neutral"},{"period":"2026-01","value":3286,"change_percent":7.4,"trend":"up"},{"period":"2026-02","value":3491,"change_percent":6.2,"trend":"up"},{"period":"2026-03","value":3785,"change_percent":8.4,"trend":"up"},{"period":"2026-04","value":4024,"change_percent":6.3,"trend":"up"},{"period":"2026-05","value":4357,"change_percent":8.3,"trend":"up"},{"period":"2026-06","value":4688,"change_percent":7.6,"trend":"up"}]'::jsonb);
INSERT INTO public.metric_cards (id,project_id,title,description,category,position_x,position_y,created_by,data) VALUES ('0be28fed-3ee3-480d-877c-635f7b45b64b','bcbcc1f8-98d3-4752-9a30-d45b9dcf06a6','Ad Spend','','Data/Metric',690,526,'user_30uQARGezqSApAChPSGSwFyUy85','[{"period":"2025-12","value":92544,"change_percent":0,"trend":"neutral"},{"period":"2026-01","value":96605,"change_percent":4.4,"trend":"up"},{"period":"2026-02","value":103440,"change_percent":7.1,"trend":"up"},{"period":"2026-03","value":109212,"change_percent":5.6,"trend":"up"},{"period":"2026-04","value":117344,"change_percent":7.4,"trend":"up"},{"period":"2026-05","value":125819,"change_percent":7.2,"trend":"up"},{"period":"2026-06","value":135032,"change_percent":7.3,"trend":"up"}]'::jsonb);
INSERT INTO public.metric_cards (id,project_id,title,description,category,position_x,position_y,created_by,data) VALUES ('13908efe-e45f-409e-ba66-f2d5ed04c6a3','bcbcc1f8-98d3-4752-9a30-d45b9dcf06a6','CPC','','Data/Metric',1020,526,'user_30uQARGezqSApAChPSGSwFyUy85','[{"period":"2025-12","value":2898,"change_percent":0,"trend":"neutral"},{"period":"2026-01","value":2967,"change_percent":2.4,"trend":"up"},{"period":"2026-02","value":3000,"change_percent":1.1,"trend":"up"},{"period":"2026-03","value":3024,"change_percent":0.8,"trend":"neutral"},{"period":"2026-04","value":3135,"change_percent":3.7,"trend":"up"},{"period":"2026-05","value":3266,"change_percent":4.2,"trend":"up"},{"period":"2026-06","value":3328,"change_percent":1.9,"trend":"up"}]'::jsonb);
INSERT INTO public.metric_cards (id,project_id,title,description,category,position_x,position_y,created_by,data) VALUES ('60de11a2-85a8-44f9-b57c-91df3829af60','bcbcc1f8-98d3-4752-9a30-d45b9dcf06a6','Customer Churn Rate','','Data/Metric',360,1672,'user_30uQARGezqSApAChPSGSwFyUy85','[{"period":"2025-12","value":58.1,"change_percent":0,"trend":"neutral"},{"period":"2026-01","value":55.1,"change_percent":-5.2,"trend":"down"},{"period":"2026-02","value":54.7,"change_percent":-0.7,"trend":"neutral"},{"period":"2026-03","value":53.8,"change_percent":-1.6,"trend":"down"},{"period":"2026-04","value":51.8,"change_percent":-3.7,"trend":"down"},{"period":"2026-05","value":51.6,"change_percent":-0.4,"trend":"neutral"},{"period":"2026-06","value":49.5,"change_percent":-4.1,"trend":"down"}]'::jsonb);
INSERT INTO public.metric_cards (id,project_id,title,description,category,position_x,position_y,created_by,data) VALUES ('f465edd6-a7df-4e7a-b42c-dd0b61789cee','bcbcc1f8-98d3-4752-9a30-d45b9dcf06a6','Net Revenue Retention','','Data/Metric',690,1672,'user_30uQARGezqSApAChPSGSwFyUy85','[{"period":"2025-12","value":7.8,"change_percent":0,"trend":"neutral"},{"period":"2026-01","value":8.3,"change_percent":6.4,"trend":"up"},{"period":"2026-02","value":8.9,"change_percent":7.2,"trend":"up"},{"period":"2026-03","value":9.3,"change_percent":4.5,"trend":"up"},{"period":"2026-04","value":9.8,"change_percent":5.4,"trend":"up"},{"period":"2026-05","value":10.2,"change_percent":4.1,"trend":"up"},{"period":"2026-06","value":10.9,"change_percent":6.9,"trend":"up"}]'::jsonb);
INSERT INTO public.metric_cards (id,project_id,title,description,category,position_x,position_y,created_by,data) VALUES ('ad3ca608-bfcf-445f-b4e3-ebd3bad15f94','bcbcc1f8-98d3-4752-9a30-d45b9dcf06a6','CAC','S&M / New Customers','Data/Metric',30,1452,'user_30uQARGezqSApAChPSGSwFyUy85','[{"period":"2025-12","value":746337,"change_percent":0,"trend":"neutral"},{"period":"2026-01","value":738731,"change_percent":-1,"trend":"neutral"},{"period":"2026-02","value":715080,"change_percent":-3.2,"trend":"down"},{"period":"2026-03","value":682078,"change_percent":-4.6,"trend":"down"},{"period":"2026-04","value":672071,"change_percent":-1.5,"trend":"down"},{"period":"2026-05","value":655943,"change_percent":-2.4,"trend":"down"},{"period":"2026-06","value":645915,"change_percent":-1.5,"trend":"down"}]'::jsonb);
INSERT INTO public.metric_cards (id,project_id,title,description,category,position_x,position_y,created_by,data) VALUES ('d7ecdcf4-df73-4d79-aed1-e774d065282b','bcbcc1f8-98d3-4752-9a30-d45b9dcf06a6','LTV','ARPA × GM% / churn','Data/Metric',360,1452,'user_30uQARGezqSApAChPSGSwFyUy85','[{"period":"2025-12","value":227397,"change_percent":0,"trend":"neutral"},{"period":"2026-01","value":234072,"change_percent":2.9,"trend":"up"},{"period":"2026-02","value":238853,"change_percent":2,"trend":"up"},{"period":"2026-03","value":241556,"change_percent":1.1,"trend":"up"},{"period":"2026-04","value":254481,"change_percent":5.4,"trend":"up"},{"period":"2026-05","value":258248,"change_percent":1.5,"trend":"up"},{"period":"2026-06","value":273785,"change_percent":6,"trend":"up"}]'::jsonb);
INSERT INTO public.metric_cards (id,project_id,title,description,category,position_x,position_y,created_by,data) VALUES ('6c343fb3-44a1-47d6-9fc9-7a465dbb8e73','bcbcc1f8-98d3-4752-9a30-d45b9dcf06a6','LTV : CAC','','Data/Metric',690,1452,'user_30uQARGezqSApAChPSGSwFyUy85','[{"period":"2025-12","value":791654,"change_percent":0,"trend":"neutral"},{"period":"2026-01","value":737628,"change_percent":-6.8,"trend":"down"},{"period":"2026-02","value":689913,"change_percent":-6.5,"trend":"down"},{"period":"2026-03","value":631502,"change_percent":-8.5,"trend":"down"},{"period":"2026-04","value":585160,"change_percent":-7.3,"trend":"down"},{"period":"2026-05","value":546540,"change_percent":-6.6,"trend":"down"},{"period":"2026-06","value":505168,"change_percent":-7.6,"trend":"down"}]'::jsonb);
INSERT INTO public.metric_cards (id,project_id,title,description,category,position_x,position_y,created_by,data) VALUES ('bdc08b68-d0d0-439b-8d37-e89ebe96aa48','bcbcc1f8-98d3-4752-9a30-d45b9dcf06a6','CAC Payback (months)','','Data/Metric',30,1672,'user_30uQARGezqSApAChPSGSwFyUy85','[{"period":"2025-12","value":358091,"change_percent":0,"trend":"neutral"},{"period":"2026-01","value":343399,"change_percent":-4.1,"trend":"down"},{"period":"2026-02","value":329821,"change_percent":-4,"trend":"down"},{"period":"2026-03","value":312412,"change_percent":-5.3,"trend":"down"},{"period":"2026-04","value":292280,"change_percent":-6.4,"trend":"down"},{"period":"2026-05","value":279963,"change_percent":-4.2,"trend":"down"},{"period":"2026-06","value":269080,"change_percent":-3.9,"trend":"down"}]'::jsonb);
INSERT INTO public.metric_cards (id,project_id,title,description,category,position_x,position_y,created_by,data) VALUES ('7f855b30-bfef-4d04-a69c-f24b9aa6a4b1','bcbcc1f8-98d3-4752-9a30-d45b9dcf06a6','Gross Margin %','','Data/Metric',1520,1892,'user_30uQARGezqSApAChPSGSwFyUy85','[{"period":"2025-12","value":57.6,"change_percent":0,"trend":"neutral"},{"period":"2026-01","value":62.1,"change_percent":7.8,"trend":"up"},{"period":"2026-02","value":66.9,"change_percent":7.7,"trend":"up"},{"period":"2026-03","value":73.4,"change_percent":9.7,"trend":"up"},{"period":"2026-04","value":78.4,"change_percent":6.8,"trend":"up"},{"period":"2026-05","value":86.3,"change_percent":10.1,"trend":"up"},{"period":"2026-06","value":95.1,"change_percent":10.2,"trend":"up"}]'::jsonb);
INSERT INTO public.metric_cards (id,project_id,title,description,category,position_x,position_y,created_by,data) VALUES ('69987d96-cc45-4581-aff8-a6460dffef6d','bcbcc1f8-98d3-4752-9a30-d45b9dcf06a6','Total Costs','COGS + S&M + R&D + G&A','Data/Metric',1190,1452,'user_30uQARGezqSApAChPSGSwFyUy85','[{"period":"2025-12","value":84830,"change_percent":0,"trend":"neutral"},{"period":"2026-01","value":80343,"change_percent":-5.3,"trend":"down"},{"period":"2026-02","value":76466,"change_percent":-4.8,"trend":"down"},{"period":"2026-03","value":71482,"change_percent":-6.5,"trend":"down"},{"period":"2026-04","value":68429,"change_percent":-4.3,"trend":"down"},{"period":"2026-05","value":64235,"change_percent":-6.1,"trend":"down"},{"period":"2026-06","value":59448,"change_percent":-7.5,"trend":"down"}]'::jsonb);
INSERT INTO public.metric_cards (id,project_id,title,description,category,position_x,position_y,created_by,data) VALUES ('aa144d73-2c43-4697-8007-9a8a24248891','bcbcc1f8-98d3-4752-9a30-d45b9dcf06a6','COGS','Hosting + Support','Data/Metric',1520,1452,'user_30uQARGezqSApAChPSGSwFyUy85','[{"period":"2025-12","value":761378,"change_percent":0,"trend":"neutral"},{"period":"2026-01","value":723012,"change_percent":-5,"trend":"down"},{"period":"2026-02","value":693931,"change_percent":-4,"trend":"down"},{"period":"2026-03","value":657075,"change_percent":-5.3,"trend":"down"},{"period":"2026-04","value":623174,"change_percent":-5.2,"trend":"down"},{"period":"2026-05","value":587659,"change_percent":-5.7,"trend":"down"},{"period":"2026-06","value":545672,"change_percent":-7.1,"trend":"down"}]'::jsonb);
INSERT INTO public.metric_cards (id,project_id,title,description,category,position_x,position_y,created_by,data) VALUES ('8b2eb9e4-9c35-4471-89f6-407a2238c4e1','bcbcc1f8-98d3-4752-9a30-d45b9dcf06a6','Hosting / Infra','','Data/Metric',1850,1452,'user_30uQARGezqSApAChPSGSwFyUy85','[{"period":"2025-12","value":4913,"change_percent":0,"trend":"neutral"},{"period":"2026-01","value":5128,"change_percent":4.4,"trend":"up"},{"period":"2026-02","value":5480,"change_percent":6.9,"trend":"up"},{"period":"2026-03","value":5669,"change_percent":3.4,"trend":"up"},{"period":"2026-04","value":5972,"change_percent":5.3,"trend":"up"},{"period":"2026-05","value":6236,"change_percent":4.4,"trend":"up"},{"period":"2026-06","value":6536,"change_percent":4.8,"trend":"up"}]'::jsonb);
INSERT INTO public.metric_cards (id,project_id,title,description,category,position_x,position_y,created_by,data) VALUES ('2b5501db-cc8a-4096-b76c-ad4c0e6b558b','bcbcc1f8-98d3-4752-9a30-d45b9dcf06a6','Support Cost','','Data/Metric',1190,1672,'user_30uQARGezqSApAChPSGSwFyUy85','[{"period":"2025-12","value":432035,"change_percent":0,"trend":"neutral"},{"period":"2026-01","value":405077,"change_percent":-6.2,"trend":"down"},{"period":"2026-02","value":375887,"change_percent":-7.2,"trend":"down"},{"period":"2026-03","value":342816,"change_percent":-8.8,"trend":"down"},{"period":"2026-04","value":323212,"change_percent":-5.7,"trend":"down"},{"period":"2026-05","value":306339,"change_percent":-5.2,"trend":"down"},{"period":"2026-06","value":281471,"change_percent":-8.1,"trend":"down"}]'::jsonb);
INSERT INTO public.metric_cards (id,project_id,title,description,category,position_x,position_y,created_by,data) VALUES ('66c83c4e-d53a-4ab2-b864-42ef0552ded9','bcbcc1f8-98d3-4752-9a30-d45b9dcf06a6','Sales & Marketing','','Data/Metric',1520,1672,'user_30uQARGezqSApAChPSGSwFyUy85','[{"period":"2025-12","value":4538,"change_percent":0,"trend":"neutral"},{"period":"2026-01","value":4742,"change_percent":4.5,"trend":"up"},{"period":"2026-02","value":4791,"change_percent":1,"trend":"neutral"},{"period":"2026-03","value":4826,"change_percent":0.7,"trend":"neutral"},{"period":"2026-04","value":4900,"change_percent":1.5,"trend":"up"},{"period":"2026-05","value":5112,"change_percent":4.3,"trend":"up"},{"period":"2026-06","value":5309,"change_percent":3.9,"trend":"up"}]'::jsonb);
INSERT INTO public.metric_cards (id,project_id,title,description,category,position_x,position_y,created_by,data) VALUES ('ae474360-c53d-4463-a375-af5a68726e69','bcbcc1f8-98d3-4752-9a30-d45b9dcf06a6','R&D','','Data/Metric',1850,1672,'user_30uQARGezqSApAChPSGSwFyUy85','[{"period":"2025-12","value":2938,"change_percent":0,"trend":"neutral"},{"period":"2026-01","value":3010,"change_percent":2.5,"trend":"up"},{"period":"2026-02","value":3109,"change_percent":3.3,"trend":"up"},{"period":"2026-03","value":3237,"change_percent":4.1,"trend":"up"},{"period":"2026-04","value":3362,"change_percent":3.9,"trend":"up"},{"period":"2026-05","value":3540,"change_percent":5.3,"trend":"up"},{"period":"2026-06","value":3782,"change_percent":6.8,"trend":"up"}]'::jsonb);
INSERT INTO public.metric_cards (id,project_id,title,description,category,position_x,position_y,created_by,data) VALUES ('26416abf-ad7f-43ce-80bc-21f8810f863c','bcbcc1f8-98d3-4752-9a30-d45b9dcf06a6','G&A','','Data/Metric',1190,1892,'user_30uQARGezqSApAChPSGSwFyUy85','[{"period":"2025-12","value":4757,"change_percent":0,"trend":"neutral"},{"period":"2026-01","value":5122,"change_percent":7.7,"trend":"up"},{"period":"2026-02","value":5616,"change_percent":9.6,"trend":"up"},{"period":"2026-03","value":6135,"change_percent":9.2,"trend":"up"},{"period":"2026-04","value":6543,"change_percent":6.7,"trend":"up"},{"period":"2026-05","value":7058,"change_percent":7.9,"trend":"up"},{"period":"2026-06","value":7402,"change_percent":4.9,"trend":"up"}]'::jsonb);
INSERT INTO public.metric_cards (id,project_id,title,description,category,position_x,position_y,created_by,data) VALUES ('cbd2bc73-0ff8-4095-b00d-27907c001c80','bcbcc1f8-98d3-4752-9a30-d45b9dcf06a6','Launch content/SEO program','','Work/Action',330,2292,'user_30uQARGezqSApAChPSGSwFyUy85','[]'::jsonb);
INSERT INTO public.metric_cards (id,project_id,title,description,category,position_x,position_y,created_by,data) VALUES ('99b5e97c-0089-4bd2-8905-74b5fecae825','bcbcc1f8-98d3-4752-9a30-d45b9dcf06a6','Improve onboarding flow','','Work/Action',660,2292,'user_30uQARGezqSApAChPSGSwFyUy85','[]'::jsonb);
INSERT INTO public.metric_cards (id,project_id,title,description,category,position_x,position_y,created_by,data) VALUES ('879a2ec5-c1fb-4c49-9ae3-52e45347740a','bcbcc1f8-98d3-4752-9a30-d45b9dcf06a6','Customer success program','','Work/Action',990,2292,'user_30uQARGezqSApAChPSGSwFyUy85','[]'::jsonb);
INSERT INTO public.metric_cards (id,project_id,title,description,category,position_x,position_y,created_by,data) VALUES ('842ec15f-8ad6-46d4-81dd-a558a3ea26ba','bcbcc1f8-98d3-4752-9a30-d45b9dcf06a6','Referral program','','Work/Action',1320,2292,'user_30uQARGezqSApAChPSGSwFyUy85','[]'::jsonb);
INSERT INTO public.metric_cards (id,project_id,title,description,category,position_x,position_y,created_by,data) VALUES ('87de2a26-78c8-427f-8126-2d5dfab5fa03','bcbcc1f8-98d3-4752-9a30-d45b9dcf06a6','Annual billing reduces churn','','Ideas/Hypothesis',1650,2292,'user_30uQARGezqSApAChPSGSwFyUy85','[]'::jsonb);
INSERT INTO public.metric_cards (id,project_id,title,description,category,position_x,position_y,created_by,data) VALUES ('5b88c11d-7eb8-41c1-96ce-874489ab6e3c','bcbcc1f8-98d3-4752-9a30-d45b9dcf06a6','Self-serve trial lifts conversion','','Ideas/Hypothesis',0,2512,'user_30uQARGezqSApAChPSGSwFyUy85','[]'::jsonb);
INSERT INTO public.relationships (id,project_id,source_id,target_id,type,confidence,weight,created_by) VALUES ('5ede04c2-781a-44de-8040-d306584909e5','bcbcc1f8-98d3-4752-9a30-d45b9dcf06a6','b8ad447a-8118-4a0d-a8d5-a5ef3a8e0914','a84e2449-2c24-4ea1-92b2-701e43f30225','Compositional','High',95,'user_30uQARGezqSApAChPSGSwFyUy85');
INSERT INTO public.relationships (id,project_id,source_id,target_id,type,confidence,weight,created_by) VALUES ('936a3057-4e9a-41fc-b022-1803c7317824','bcbcc1f8-98d3-4752-9a30-d45b9dcf06a6','69987d96-cc45-4581-aff8-a6460dffef6d','a84e2449-2c24-4ea1-92b2-701e43f30225','Compositional','High',90,'user_30uQARGezqSApAChPSGSwFyUy85');
INSERT INTO public.relationships (id,project_id,source_id,target_id,type,confidence,weight,created_by) VALUES ('c8fdd917-9af2-4bc6-991e-d57ed5685723','bcbcc1f8-98d3-4752-9a30-d45b9dcf06a6','7f855b30-bfef-4d04-a69c-f24b9aa6a4b1','a84e2449-2c24-4ea1-92b2-701e43f30225','Causal','High',70,'user_30uQARGezqSApAChPSGSwFyUy85');
INSERT INTO public.relationships (id,project_id,source_id,target_id,type,confidence,weight,created_by) VALUES ('cba8a988-4ed1-4905-93f9-223c87a1050c','bcbcc1f8-98d3-4752-9a30-d45b9dcf06a6','6905e69e-3b0f-4619-8ba7-8c900eaa58ec','b8ad447a-8118-4a0d-a8d5-a5ef3a8e0914','Deterministic','High',95,'user_30uQARGezqSApAChPSGSwFyUy85');
INSERT INTO public.relationships (id,project_id,source_id,target_id,type,confidence,weight,created_by) VALUES ('574602c0-827b-41c7-ba6a-0721d2308b91','bcbcc1f8-98d3-4752-9a30-d45b9dcf06a6','14d418f7-50bc-47da-b51c-07fac89c18c3','6905e69e-3b0f-4619-8ba7-8c900eaa58ec','Compositional','High',80,'user_30uQARGezqSApAChPSGSwFyUy85');
INSERT INTO public.relationships (id,project_id,source_id,target_id,type,confidence,weight,created_by) VALUES ('ee64de78-6623-4971-9231-fbc8c8160704','bcbcc1f8-98d3-4752-9a30-d45b9dcf06a6','6931b86c-e488-4ec7-bb4a-147c0a712ab7','6905e69e-3b0f-4619-8ba7-8c900eaa58ec','Compositional','High',70,'user_30uQARGezqSApAChPSGSwFyUy85');
INSERT INTO public.relationships (id,project_id,source_id,target_id,type,confidence,weight,created_by) VALUES ('bba0b68e-1c6e-4155-b7b9-1305692b4ee6','bcbcc1f8-98d3-4752-9a30-d45b9dcf06a6','9844ce61-7959-47a8-8518-acb9d8293963','6905e69e-3b0f-4619-8ba7-8c900eaa58ec','Compositional','High',40,'user_30uQARGezqSApAChPSGSwFyUy85');
INSERT INTO public.relationships (id,project_id,source_id,target_id,type,confidence,weight,created_by) VALUES ('e3ad8dc6-fa6f-44b8-82be-be1d345be2c2','bcbcc1f8-98d3-4752-9a30-d45b9dcf06a6','730f7bfc-e011-4fe5-8eb2-6515cb1748ef','6905e69e-3b0f-4619-8ba7-8c900eaa58ec','Compositional','High',75,'user_30uQARGezqSApAChPSGSwFyUy85');
INSERT INTO public.relationships (id,project_id,source_id,target_id,type,confidence,weight,created_by) VALUES ('fb886a75-3b0b-44a4-9bbb-40f151d8cdcb','bcbcc1f8-98d3-4752-9a30-d45b9dcf06a6','0b84c8ce-5258-4baf-b15e-ca0d8d1dfa71','6905e69e-3b0f-4619-8ba7-8c900eaa58ec','Compositional','High',50,'user_30uQARGezqSApAChPSGSwFyUy85');
INSERT INTO public.relationships (id,project_id,source_id,target_id,type,confidence,weight,created_by) VALUES ('f5450a12-304d-43c8-9441-8d721005d75a','bcbcc1f8-98d3-4752-9a30-d45b9dcf06a6','f6ff92b0-4bea-4e85-a786-aa3b6e0d33fe','14d418f7-50bc-47da-b51c-07fac89c18c3','Deterministic','High',90,'user_30uQARGezqSApAChPSGSwFyUy85');
INSERT INTO public.relationships (id,project_id,source_id,target_id,type,confidence,weight,created_by) VALUES ('44e2da89-8f44-49e4-b043-b9f8ad15dbc5','bcbcc1f8-98d3-4752-9a30-d45b9dcf06a6','f6459bd9-0742-40b8-947c-c7224322fd88','14d418f7-50bc-47da-b51c-07fac89c18c3','Deterministic','High',80,'user_30uQARGezqSApAChPSGSwFyUy85');
INSERT INTO public.relationships (id,project_id,source_id,target_id,type,confidence,weight,created_by) VALUES ('8e616f38-82b6-4f83-9ac8-0c0d1da4614c','bcbcc1f8-98d3-4752-9a30-d45b9dcf06a6','87fc4233-059d-4f1e-a3e1-e0f6781703f8','f6459bd9-0742-40b8-947c-c7224322fd88','Deterministic','High',80,'user_30uQARGezqSApAChPSGSwFyUy85');
INSERT INTO public.relationships (id,project_id,source_id,target_id,type,confidence,weight,created_by) VALUES ('a112dd20-f8e2-446b-8c27-68b43fd16c73','bcbcc1f8-98d3-4752-9a30-d45b9dcf06a6','41a90d83-5ce6-404a-b638-edcfccc2a527','f6459bd9-0742-40b8-947c-c7224322fd88','Deterministic','High',70,'user_30uQARGezqSApAChPSGSwFyUy85');
INSERT INTO public.relationships (id,project_id,source_id,target_id,type,confidence,weight,created_by) VALUES ('489d6966-3770-419d-bd9d-a24e85ba4de7','bcbcc1f8-98d3-4752-9a30-d45b9dcf06a6','81c87ce0-17a5-4f98-9d83-d2be12071cdf','f6ff92b0-4bea-4e85-a786-aa3b6e0d33fe','Deterministic','High',85,'user_30uQARGezqSApAChPSGSwFyUy85');
INSERT INTO public.relationships (id,project_id,source_id,target_id,type,confidence,weight,created_by) VALUES ('e586c361-2040-40ea-b2f8-e511f192fcb8','bcbcc1f8-98d3-4752-9a30-d45b9dcf06a6','6b356793-7d46-4bb3-9c59-3d0fe977e3a8','f6ff92b0-4bea-4e85-a786-aa3b6e0d33fe','Probabilistic','High',80,'user_30uQARGezqSApAChPSGSwFyUy85');
INSERT INTO public.relationships (id,project_id,source_id,target_id,type,confidence,weight,created_by) VALUES ('280fdb34-d960-484c-96a5-558ed4596c67','bcbcc1f8-98d3-4752-9a30-d45b9dcf06a6','bc0abb8a-0394-4257-9ccc-36ff8846cc1b','81c87ce0-17a5-4f98-9d83-d2be12071cdf','Deterministic','High',80,'user_30uQARGezqSApAChPSGSwFyUy85');
INSERT INTO public.relationships (id,project_id,source_id,target_id,type,confidence,weight,created_by) VALUES ('6a1f64bf-ab48-4b49-8ba1-9dd535185307','bcbcc1f8-98d3-4752-9a30-d45b9dcf06a6','e45b4586-b8ee-41ac-aa4d-f244ec5a220c','81c87ce0-17a5-4f98-9d83-d2be12071cdf','Probabilistic','High',70,'user_30uQARGezqSApAChPSGSwFyUy85');
INSERT INTO public.relationships (id,project_id,source_id,target_id,type,confidence,weight,created_by) VALUES ('bd3bfc90-3e5e-4521-b189-a2616abd984f','bcbcc1f8-98d3-4752-9a30-d45b9dcf06a6','fb9bbf4a-9647-4617-884f-b85b1bfefe52','bc0abb8a-0394-4257-9ccc-36ff8846cc1b','Deterministic','High',85,'user_30uQARGezqSApAChPSGSwFyUy85');
INSERT INTO public.relationships (id,project_id,source_id,target_id,type,confidence,weight,created_by) VALUES ('89d68999-5483-4024-95dc-2a86973e4d15','bcbcc1f8-98d3-4752-9a30-d45b9dcf06a6','d7b1587c-4619-4c01-86a7-a2c8b191e027','fb9bbf4a-9647-4617-884f-b85b1bfefe52','Compositional','High',70,'user_30uQARGezqSApAChPSGSwFyUy85');
INSERT INTO public.relationships (id,project_id,source_id,target_id,type,confidence,weight,created_by) VALUES ('1f169b8a-6ef3-42e5-aaa0-04a4524504b4','bcbcc1f8-98d3-4752-9a30-d45b9dcf06a6','e697f3fe-4845-443a-bb33-d2e0eb0d9cb9','fb9bbf4a-9647-4617-884f-b85b1bfefe52','Compositional','High',65,'user_30uQARGezqSApAChPSGSwFyUy85');
INSERT INTO public.relationships (id,project_id,source_id,target_id,type,confidence,weight,created_by) VALUES ('b141197a-f087-44a3-8436-cd25b770cd99','bcbcc1f8-98d3-4752-9a30-d45b9dcf06a6','2d789e60-5cf2-44c4-9707-c14aa5c3e500','fb9bbf4a-9647-4617-884f-b85b1bfefe52','Compositional','High',55,'user_30uQARGezqSApAChPSGSwFyUy85');
INSERT INTO public.relationships (id,project_id,source_id,target_id,type,confidence,weight,created_by) VALUES ('1016a62c-5624-4b42-8375-9eb65192af66','bcbcc1f8-98d3-4752-9a30-d45b9dcf06a6','ad517bbd-4852-48b7-a9e2-69fddb8210a1','fb9bbf4a-9647-4617-884f-b85b1bfefe52','Compositional','High',45,'user_30uQARGezqSApAChPSGSwFyUy85');
INSERT INTO public.relationships (id,project_id,source_id,target_id,type,confidence,weight,created_by) VALUES ('46dd5b44-e9cd-44af-8eeb-0de0d82360b3','bcbcc1f8-98d3-4752-9a30-d45b9dcf06a6','1982e1e5-70c3-41f9-b127-6e8b3ad4728b','fb9bbf4a-9647-4617-884f-b85b1bfefe52','Compositional','High',50,'user_30uQARGezqSApAChPSGSwFyUy85');
INSERT INTO public.relationships (id,project_id,source_id,target_id,type,confidence,weight,created_by) VALUES ('c861b2a1-3dbf-4a2a-999b-e8a991da282f','bcbcc1f8-98d3-4752-9a30-d45b9dcf06a6','8adf0d0f-4fc4-4519-8f88-11662356f0ac','fb9bbf4a-9647-4617-884f-b85b1bfefe52','Compositional','High',50,'user_30uQARGezqSApAChPSGSwFyUy85');
INSERT INTO public.relationships (id,project_id,source_id,target_id,type,confidence,weight,created_by) VALUES ('7990cc76-cbd9-451e-b32e-1444b066ad49','bcbcc1f8-98d3-4752-9a30-d45b9dcf06a6','f7c71800-ed31-4cbb-8dc8-49734b7e2998','2d789e60-5cf2-44c4-9707-c14aa5c3e500','Causal','High',70,'user_30uQARGezqSApAChPSGSwFyUy85');
INSERT INTO public.relationships (id,project_id,source_id,target_id,type,confidence,weight,created_by) VALUES ('a117ae11-eee3-4150-848a-5c4e5f1c9676','bcbcc1f8-98d3-4752-9a30-d45b9dcf06a6','9424897c-70af-41f2-9d87-66f25d815624','2d789e60-5cf2-44c4-9707-c14aa5c3e500','Causal','High',60,'user_30uQARGezqSApAChPSGSwFyUy85');
INSERT INTO public.relationships (id,project_id,source_id,target_id,type,confidence,weight,created_by) VALUES ('24a5e323-3904-4938-abdd-e6a9e24168d3','bcbcc1f8-98d3-4752-9a30-d45b9dcf06a6','f1fd8685-1378-487a-9349-6b81df137e72','f7c71800-ed31-4cbb-8dc8-49734b7e2998','Causal','High',55,'user_30uQARGezqSApAChPSGSwFyUy85');
INSERT INTO public.relationships (id,project_id,source_id,target_id,type,confidence,weight,created_by) VALUES ('8fd47476-3c71-4ca7-a25b-388498fc2bd8','bcbcc1f8-98d3-4752-9a30-d45b9dcf06a6','0be28fed-3ee3-480d-877c-635f7b45b64b','e697f3fe-4845-443a-bb33-d2e0eb0d9cb9','Deterministic','High',80,'user_30uQARGezqSApAChPSGSwFyUy85');
INSERT INTO public.relationships (id,project_id,source_id,target_id,type,confidence,weight,created_by) VALUES ('7e25ad85-2e1c-47cf-905e-1cad8222a625','bcbcc1f8-98d3-4752-9a30-d45b9dcf06a6','13908efe-e45f-409e-ba66-f2d5ed04c6a3','e697f3fe-4845-443a-bb33-d2e0eb0d9cb9','Deterministic','High',70,'user_30uQARGezqSApAChPSGSwFyUy85');
INSERT INTO public.relationships (id,project_id,source_id,target_id,type,confidence,weight,created_by) VALUES ('dddce524-b8b8-4e2a-b604-e1d241e17749','bcbcc1f8-98d3-4752-9a30-d45b9dcf06a6','60de11a2-85a8-44f9-b57c-91df3829af60','730f7bfc-e011-4fe5-8eb2-6515cb1748ef','Causal','High',85,'user_30uQARGezqSApAChPSGSwFyUy85');
INSERT INTO public.relationships (id,project_id,source_id,target_id,type,confidence,weight,created_by) VALUES ('f117c0ab-e1d5-4722-a7e4-e4be5960cc27','bcbcc1f8-98d3-4752-9a30-d45b9dcf06a6','60de11a2-85a8-44f9-b57c-91df3829af60','f465edd6-a7df-4e7a-b42c-dd0b61789cee','Causal','High',70,'user_30uQARGezqSApAChPSGSwFyUy85');
INSERT INTO public.relationships (id,project_id,source_id,target_id,type,confidence,weight,created_by) VALUES ('0f3d57be-8072-42ad-9a75-404a7de1e293','bcbcc1f8-98d3-4752-9a30-d45b9dcf06a6','66c83c4e-d53a-4ab2-b864-42ef0552ded9','ad3ca608-bfcf-445f-b4e3-ebd3bad15f94','Deterministic','High',85,'user_30uQARGezqSApAChPSGSwFyUy85');
INSERT INTO public.relationships (id,project_id,source_id,target_id,type,confidence,weight,created_by) VALUES ('8323d8fc-256a-4037-8217-57ae3206ed14','bcbcc1f8-98d3-4752-9a30-d45b9dcf06a6','f6ff92b0-4bea-4e85-a786-aa3b6e0d33fe','ad3ca608-bfcf-445f-b4e3-ebd3bad15f94','Deterministic','High',80,'user_30uQARGezqSApAChPSGSwFyUy85');
INSERT INTO public.relationships (id,project_id,source_id,target_id,type,confidence,weight,created_by) VALUES ('3945bc2d-8e16-40ab-a20d-3e536f9798ce','bcbcc1f8-98d3-4752-9a30-d45b9dcf06a6','f6459bd9-0742-40b8-947c-c7224322fd88','d7ecdcf4-df73-4d79-aed1-e774d065282b','Deterministic','High',75,'user_30uQARGezqSApAChPSGSwFyUy85');
INSERT INTO public.relationships (id,project_id,source_id,target_id,type,confidence,weight,created_by) VALUES ('c45b060d-f641-4205-aadc-dbda8973afff','bcbcc1f8-98d3-4752-9a30-d45b9dcf06a6','60de11a2-85a8-44f9-b57c-91df3829af60','d7ecdcf4-df73-4d79-aed1-e774d065282b','Causal','High',80,'user_30uQARGezqSApAChPSGSwFyUy85');
INSERT INTO public.relationships (id,project_id,source_id,target_id,type,confidence,weight,created_by) VALUES ('a7b6f355-5d3d-4e06-9729-00e76e81c84a','bcbcc1f8-98d3-4752-9a30-d45b9dcf06a6','d7ecdcf4-df73-4d79-aed1-e774d065282b','6c343fb3-44a1-47d6-9fc9-7a465dbb8e73','Deterministic','High',80,'user_30uQARGezqSApAChPSGSwFyUy85');
INSERT INTO public.relationships (id,project_id,source_id,target_id,type,confidence,weight,created_by) VALUES ('1801f018-18f9-403c-a8bd-e703cf4e43d8','bcbcc1f8-98d3-4752-9a30-d45b9dcf06a6','ad3ca608-bfcf-445f-b4e3-ebd3bad15f94','6c343fb3-44a1-47d6-9fc9-7a465dbb8e73','Deterministic','High',80,'user_30uQARGezqSApAChPSGSwFyUy85');
INSERT INTO public.relationships (id,project_id,source_id,target_id,type,confidence,weight,created_by) VALUES ('3fb08dbc-0d3a-4fb2-ad9f-423e0b95cee6','bcbcc1f8-98d3-4752-9a30-d45b9dcf06a6','ad3ca608-bfcf-445f-b4e3-ebd3bad15f94','bdc08b68-d0d0-439b-8d37-e89ebe96aa48','Deterministic','High',70,'user_30uQARGezqSApAChPSGSwFyUy85');
INSERT INTO public.relationships (id,project_id,source_id,target_id,type,confidence,weight,created_by) VALUES ('963834f9-481c-4e6b-b8f3-c896eb27d9b7','bcbcc1f8-98d3-4752-9a30-d45b9dcf06a6','aa144d73-2c43-4697-8007-9a8a24248891','69987d96-cc45-4581-aff8-a6460dffef6d','Compositional','High',80,'user_30uQARGezqSApAChPSGSwFyUy85');
INSERT INTO public.relationships (id,project_id,source_id,target_id,type,confidence,weight,created_by) VALUES ('7d20055d-2a1c-48ce-88c0-cd33d821a6fe','bcbcc1f8-98d3-4752-9a30-d45b9dcf06a6','66c83c4e-d53a-4ab2-b864-42ef0552ded9','69987d96-cc45-4581-aff8-a6460dffef6d','Compositional','High',80,'user_30uQARGezqSApAChPSGSwFyUy85');
INSERT INTO public.relationships (id,project_id,source_id,target_id,type,confidence,weight,created_by) VALUES ('0e0b8ff7-1606-41e8-9b70-eb9127d9515a','bcbcc1f8-98d3-4752-9a30-d45b9dcf06a6','ae474360-c53d-4463-a375-af5a68726e69','69987d96-cc45-4581-aff8-a6460dffef6d','Compositional','High',70,'user_30uQARGezqSApAChPSGSwFyUy85');
INSERT INTO public.relationships (id,project_id,source_id,target_id,type,confidence,weight,created_by) VALUES ('46c5b4c4-8927-46f1-9577-96784a5ca1d9','bcbcc1f8-98d3-4752-9a30-d45b9dcf06a6','26416abf-ad7f-43ce-80bc-21f8810f863c','69987d96-cc45-4581-aff8-a6460dffef6d','Compositional','High',60,'user_30uQARGezqSApAChPSGSwFyUy85');
INSERT INTO public.relationships (id,project_id,source_id,target_id,type,confidence,weight,created_by) VALUES ('5cd5b23e-f23e-4d4b-96db-0c4a2e86427e','bcbcc1f8-98d3-4752-9a30-d45b9dcf06a6','8b2eb9e4-9c35-4471-89f6-407a2238c4e1','aa144d73-2c43-4697-8007-9a8a24248891','Compositional','High',70,'user_30uQARGezqSApAChPSGSwFyUy85');
INSERT INTO public.relationships (id,project_id,source_id,target_id,type,confidence,weight,created_by) VALUES ('6d328f8f-163f-4c16-b969-10f3f642f2c6','bcbcc1f8-98d3-4752-9a30-d45b9dcf06a6','2b5501db-cc8a-4096-b76c-ad4c0e6b558b','aa144d73-2c43-4697-8007-9a8a24248891','Compositional','High',60,'user_30uQARGezqSApAChPSGSwFyUy85');
INSERT INTO public.relationships (id,project_id,source_id,target_id,type,confidence,weight,created_by) VALUES ('daf22d95-8927-43e1-8e91-7910e8aec7ba','bcbcc1f8-98d3-4752-9a30-d45b9dcf06a6','aa144d73-2c43-4697-8007-9a8a24248891','7f855b30-bfef-4d04-a69c-f24b9aa6a4b1','Causal','High',70,'user_30uQARGezqSApAChPSGSwFyUy85');
INSERT INTO public.relationships (id,project_id,source_id,target_id,type,confidence,weight,created_by) VALUES ('8a768f93-2004-4daa-8d2c-d277e00d3754','bcbcc1f8-98d3-4752-9a30-d45b9dcf06a6','0be28fed-3ee3-480d-877c-635f7b45b64b','66c83c4e-d53a-4ab2-b864-42ef0552ded9','Compositional','High',70,'user_30uQARGezqSApAChPSGSwFyUy85');
INSERT INTO public.relationships (id,project_id,source_id,target_id,type,confidence,weight,created_by) VALUES ('8f5ea29c-7c6b-4364-9348-894b65a20787','bcbcc1f8-98d3-4752-9a30-d45b9dcf06a6','cbd2bc73-0ff8-4095-b00d-27907c001c80','d7b1587c-4619-4c01-86a7-a2c8b191e027','Causal','High',70,'user_30uQARGezqSApAChPSGSwFyUy85');
INSERT INTO public.relationships (id,project_id,source_id,target_id,type,confidence,weight,created_by) VALUES ('082e4c69-9cb8-4ca9-a61b-a4e058a4eb41','bcbcc1f8-98d3-4752-9a30-d45b9dcf06a6','99b5e97c-0089-4bd2-8905-74b5fecae825','6b356793-7d46-4bb3-9c59-3d0fe977e3a8','Causal','High',75,'user_30uQARGezqSApAChPSGSwFyUy85');
INSERT INTO public.relationships (id,project_id,source_id,target_id,type,confidence,weight,created_by) VALUES ('0d3ed136-46c7-4c0c-8507-eba87acc04ca','bcbcc1f8-98d3-4752-9a30-d45b9dcf06a6','879a2ec5-c1fb-4c49-9ae3-52e45347740a','60de11a2-85a8-44f9-b57c-91df3829af60','Causal','High',70,'user_30uQARGezqSApAChPSGSwFyUy85');
INSERT INTO public.relationships (id,project_id,source_id,target_id,type,confidence,weight,created_by) VALUES ('4d70181d-8e5a-4958-a37f-3a5f00a2f7f3','bcbcc1f8-98d3-4752-9a30-d45b9dcf06a6','842ec15f-8ad6-46d4-81dd-a558a3ea26ba','ad517bbd-4852-48b7-a9e2-69fddb8210a1','Causal','High',70,'user_30uQARGezqSApAChPSGSwFyUy85');
INSERT INTO public.relationships (id,project_id,source_id,target_id,type,confidence,weight,created_by) VALUES ('fc9b4d26-9808-4ec0-a98b-86b001dfcdbd','bcbcc1f8-98d3-4752-9a30-d45b9dcf06a6','87de2a26-78c8-427f-8126-2d5dfab5fa03','60de11a2-85a8-44f9-b57c-91df3829af60','Probabilistic','High',50,'user_30uQARGezqSApAChPSGSwFyUy85');
INSERT INTO public.relationships (id,project_id,source_id,target_id,type,confidence,weight,created_by) VALUES ('23f9b08e-7059-4f2a-9693-a78d41d6f929','bcbcc1f8-98d3-4752-9a30-d45b9dcf06a6','5b88c11d-7eb8-41c1-96ce-874489ab6e3c','6b356793-7d46-4bb3-9c59-3d0fe977e3a8','Probabilistic','High',50,'user_30uQARGezqSApAChPSGSwFyUy85');
INSERT INTO public.groups (id,project_id,name,node_ids,position_x,position_y,width,height,created_by) VALUES ('83184718-8b08-45e0-8738-1578636af6e0','bcbcc1f8-98d3-4752-9a30-d45b9dcf06a6','Acquisition Funnel',ARRAY['fb9bbf4a-9647-4617-884f-b85b1bfefe52','d7b1587c-4619-4c01-86a7-a2c8b191e027','e697f3fe-4845-443a-bb33-d2e0eb0d9cb9','2d789e60-5cf2-44c4-9707-c14aa5c3e500','ad517bbd-4852-48b7-a9e2-69fddb8210a1','1982e1e5-70c3-41f9-b127-6e8b3ad4728b','8adf0d0f-4fc4-4519-8f88-11662356f0ac','f7c71800-ed31-4cbb-8dc8-49734b7e2998','9424897c-70af-41f2-9d87-66f25d815624','f1fd8685-1378-487a-9349-6b81df137e72','0be28fed-3ee3-480d-877c-635f7b45b64b','13908efe-e45f-409e-ba66-f2d5ed04c6a3','bc0abb8a-0394-4257-9ccc-36ff8846cc1b','e45b4586-b8ee-41ac-aa4d-f244ec5a220c','81c87ce0-17a5-4f98-9d83-d2be12071cdf','6b356793-7d46-4bb3-9c59-3d0fe977e3a8','f6ff92b0-4bea-4e85-a786-aa3b6e0d33fe']::uuid[],0,0,1330,1166,'user_30uQARGezqSApAChPSGSwFyUy85');
INSERT INTO public.groups (id,project_id,name,node_ids,position_x,position_y,width,height,created_by) VALUES ('c8c459f3-ae6f-4521-b36a-d1d7b5314910','bcbcc1f8-98d3-4752-9a30-d45b9dcf06a6','Revenue & MRR',ARRAY['b8ad447a-8118-4a0d-a8d5-a5ef3a8e0914','6905e69e-3b0f-4619-8ba7-8c900eaa58ec','14d418f7-50bc-47da-b51c-07fac89c18c3','6931b86c-e488-4ec7-bb4a-147c0a712ab7','9844ce61-7959-47a8-8518-acb9d8293963','730f7bfc-e011-4fe5-8eb2-6515cb1748ef','0b84c8ce-5258-4baf-b15e-ca0d8d1dfa71','f6459bd9-0742-40b8-947c-c7224322fd88','87fc4233-059d-4f1e-a3e1-e0f6781703f8','41a90d83-5ce6-404a-b638-edcfccc2a527']::uuid[],1490,0,1330,726,'user_30uQARGezqSApAChPSGSwFyUy85');
INSERT INTO public.groups (id,project_id,name,node_ids,position_x,position_y,width,height,created_by) VALUES ('73ecf7d9-214e-4ffe-ac16-4ec93c73b731','bcbcc1f8-98d3-4752-9a30-d45b9dcf06a6','Unit Economics',ARRAY['ad3ca608-bfcf-445f-b4e3-ebd3bad15f94','d7ecdcf4-df73-4d79-aed1-e774d065282b','6c343fb3-44a1-47d6-9fc9-7a465dbb8e73','bdc08b68-d0d0-439b-8d37-e89ebe96aa48','60de11a2-85a8-44f9-b57c-91df3829af60','f465edd6-a7df-4e7a-b42c-dd0b61789cee']::uuid[],0,1366,1000,506,'user_30uQARGezqSApAChPSGSwFyUy85');
INSERT INTO public.groups (id,project_id,name,node_ids,position_x,position_y,width,height,created_by) VALUES ('59479e25-4a09-4272-84be-2eee4ead48ce','bcbcc1f8-98d3-4752-9a30-d45b9dcf06a6','Cost Structure',ARRAY['69987d96-cc45-4581-aff8-a6460dffef6d','aa144d73-2c43-4697-8007-9a8a24248891','8b2eb9e4-9c35-4471-89f6-407a2238c4e1','2b5501db-cc8a-4096-b76c-ad4c0e6b558b','66c83c4e-d53a-4ab2-b864-42ef0552ded9','ae474360-c53d-4463-a375-af5a68726e69','26416abf-ad7f-43ce-80bc-21f8810f863c','7f855b30-bfef-4d04-a69c-f24b9aa6a4b1']::uuid[],1160,1366,1000,726,'user_30uQARGezqSApAChPSGSwFyUy85');

DELETE FROM public.projects WHERE created_by='user_30uQARGezqSApAChPSGSwFyUy85' AND name='E-commerce — Example Metric Tree';
INSERT INTO public.projects (id,name,description,created_by,last_modified_by,is_public,tags,settings) VALUES ('78079b53-61f8-47e0-9160-2cdf3a0b7b8c','E-commerce — Example Metric Tree','Decomposition of profit for an online store: orders = sessions × conversion, AOV, channel mix (incl. social/email), retention, and cost structure.','user_30uQARGezqSApAChPSGSwFyUy85','user_30uQARGezqSApAChPSGSwFyUy85',true,ARRAY['example','template'],'{}');
INSERT INTO public.metric_cards (id,project_id,title,description,category,position_x,position_y,created_by,data) VALUES ('9df52957-3409-4ea9-82c0-73df12fad786','78079b53-61f8-47e0-9160-2cdf3a0b7b8c','Profit','Revenue − Total Costs','Core/Value',0,2072,'user_30uQARGezqSApAChPSGSwFyUy85','[{"period":"2025-12","value":352141,"change_percent":0,"trend":"neutral"},{"period":"2026-01","value":369250,"change_percent":4.9,"trend":"up"},{"period":"2026-02","value":380958,"change_percent":3.2,"trend":"up"},{"period":"2026-03","value":400683,"change_percent":5.2,"trend":"up"},{"period":"2026-04","value":422368,"change_percent":5.4,"trend":"up"},{"period":"2026-05","value":434662,"change_percent":2.9,"trend":"up"},{"period":"2026-06","value":460696,"change_percent":6,"trend":"up"}]'::jsonb);
INSERT INTO public.metric_cards (id,project_id,title,description,category,position_x,position_y,created_by,data) VALUES ('ca05f23a-ef6e-41fd-a9eb-080d76b8f97f','78079b53-61f8-47e0-9160-2cdf3a0b7b8c','Revenue','Orders × AOV','Data/Metric',330,2072,'user_30uQARGezqSApAChPSGSwFyUy85','[{"period":"2025-12","value":171408,"change_percent":0,"trend":"neutral"},{"period":"2026-01","value":179792,"change_percent":4.9,"trend":"up"},{"period":"2026-02","value":190324,"change_percent":5.9,"trend":"up"},{"period":"2026-03","value":203565,"change_percent":7,"trend":"up"},{"period":"2026-04","value":215015,"change_percent":5.6,"trend":"up"},{"period":"2026-05","value":223321,"change_percent":3.9,"trend":"up"},{"period":"2026-06","value":230969,"change_percent":3.4,"trend":"up"}]'::jsonb);
INSERT INTO public.metric_cards (id,project_id,title,description,category,position_x,position_y,created_by,data) VALUES ('b0f268ec-5888-4c98-ae39-c8c9853850fb','78079b53-61f8-47e0-9160-2cdf3a0b7b8c','Orders','Sessions × Conversion','Data/Metric',1520,86,'user_30uQARGezqSApAChPSGSwFyUy85','[{"period":"2025-12","value":977,"change_percent":0,"trend":"neutral"},{"period":"2026-01","value":1009,"change_percent":3.3,"trend":"up"},{"period":"2026-02","value":1061,"change_percent":5.2,"trend":"up"},{"period":"2026-03","value":1096,"change_percent":3.3,"trend":"up"},{"period":"2026-04","value":1132,"change_percent":3.3,"trend":"up"},{"period":"2026-05","value":1169,"change_percent":3.3,"trend":"up"},{"period":"2026-06","value":1191,"change_percent":1.9,"trend":"up"}]'::jsonb);
INSERT INTO public.metric_cards (id,project_id,title,description,category,position_x,position_y,created_by,data) VALUES ('304a447b-a555-498e-9b09-a600b694f86f','78079b53-61f8-47e0-9160-2cdf3a0b7b8c','Average Order Value','Items × Avg item price','Data/Metric',30,1232,'user_30uQARGezqSApAChPSGSwFyUy85','[{"period":"2025-12","value":423843,"change_percent":0,"trend":"neutral"},{"period":"2026-01","value":429322,"change_percent":1.3,"trend":"up"},{"period":"2026-02","value":448981,"change_percent":4.6,"trend":"up"},{"period":"2026-03","value":473685,"change_percent":5.5,"trend":"up"},{"period":"2026-04","value":494216,"change_percent":4.3,"trend":"up"},{"period":"2026-05","value":519746,"change_percent":5.2,"trend":"up"},{"period":"2026-06","value":533959,"change_percent":2.7,"trend":"up"}]'::jsonb);
INSERT INTO public.metric_cards (id,project_id,title,description,category,position_x,position_y,created_by,data) VALUES ('999a4d2a-c005-4b90-a677-e98102802d8d','78079b53-61f8-47e0-9160-2cdf3a0b7b8c','Sessions','Sum of channels','Data/Metric',30,86,'user_30uQARGezqSApAChPSGSwFyUy85','[{"period":"2025-12","value":28440,"change_percent":0,"trend":"neutral"},{"period":"2026-01","value":30006,"change_percent":5.5,"trend":"up"},{"period":"2026-02","value":31337,"change_percent":4.4,"trend":"up"},{"period":"2026-03","value":32523,"change_percent":3.8,"trend":"up"},{"period":"2026-04","value":34085,"change_percent":4.8,"trend":"up"},{"period":"2026-05","value":36574,"change_percent":7.3,"trend":"up"},{"period":"2026-06","value":39124,"change_percent":7,"trend":"up"}]'::jsonb);
INSERT INTO public.metric_cards (id,project_id,title,description,category,position_x,position_y,created_by,data) VALUES ('366877fd-93a8-4b73-9110-2dd222f11f1d','78079b53-61f8-47e0-9160-2cdf3a0b7b8c','Conversion Rate','','Data/Metric',1850,86,'user_30uQARGezqSApAChPSGSwFyUy85','[{"period":"2025-12","value":31.4,"change_percent":0,"trend":"neutral"},{"period":"2026-01","value":34.1,"change_percent":8.6,"trend":"up"},{"period":"2026-02","value":36.7,"change_percent":7.6,"trend":"up"},{"period":"2026-03","value":39.2,"change_percent":6.8,"trend":"up"},{"period":"2026-04","value":41.6,"change_percent":6.1,"trend":"up"},{"period":"2026-05","value":43.8,"change_percent":5.3,"trend":"up"},{"period":"2026-06","value":47.5,"change_percent":8.4,"trend":"up"}]'::jsonb);
INSERT INTO public.metric_cards (id,project_id,title,description,category,position_x,position_y,created_by,data) VALUES ('ea1714d7-afe2-492b-a571-d6e4a55ba3a4','78079b53-61f8-47e0-9160-2cdf3a0b7b8c','Items per Order','','Data/Metric',360,1232,'user_30uQARGezqSApAChPSGSwFyUy85','[{"period":"2025-12","value":3216,"change_percent":0,"trend":"neutral"},{"period":"2026-01","value":3288,"change_percent":2.2,"trend":"up"},{"period":"2026-02","value":3350,"change_percent":1.9,"trend":"up"},{"period":"2026-03","value":3565,"change_percent":6.4,"trend":"up"},{"period":"2026-04","value":3716,"change_percent":4.2,"trend":"up"},{"period":"2026-05","value":3787,"change_percent":1.9,"trend":"up"},{"period":"2026-06","value":3859,"change_percent":1.9,"trend":"up"}]'::jsonb);
INSERT INTO public.metric_cards (id,project_id,title,description,category,position_x,position_y,created_by,data) VALUES ('7694c959-6b4d-43f7-9a38-8324f3df5eb4','78079b53-61f8-47e0-9160-2cdf3a0b7b8c','Avg Item Price','','Data/Metric',690,1232,'user_30uQARGezqSApAChPSGSwFyUy85','[{"period":"2025-12","value":482400,"change_percent":0,"trend":"neutral"},{"period":"2026-01","value":497616,"change_percent":3.2,"trend":"up"},{"period":"2026-02","value":512407,"change_percent":3,"trend":"up"},{"period":"2026-03","value":538671,"change_percent":5.1,"trend":"up"},{"period":"2026-04","value":546660,"change_percent":1.5,"trend":"up"},{"period":"2026-05","value":574260,"change_percent":5,"trend":"up"},{"period":"2026-06","value":592471,"change_percent":3.2,"trend":"up"}]'::jsonb);
INSERT INTO public.metric_cards (id,project_id,title,description,category,position_x,position_y,created_by,data) VALUES ('1eb14086-90f1-4588-9553-532a9b91d1f8','78079b53-61f8-47e0-9160-2cdf3a0b7b8c','Cross-sell Rate','','Data/Metric',30,1452,'user_30uQARGezqSApAChPSGSwFyUy85','[{"period":"2025-12","value":40.5,"change_percent":0,"trend":"neutral"},{"period":"2026-01","value":43.1,"change_percent":6.4,"trend":"up"},{"period":"2026-02","value":46,"change_percent":6.7,"trend":"up"},{"period":"2026-03","value":48.9,"change_percent":6.3,"trend":"up"},{"period":"2026-04","value":50.8,"change_percent":3.9,"trend":"up"},{"period":"2026-05","value":53.5,"change_percent":5.3,"trend":"up"},{"period":"2026-06","value":57.9,"change_percent":8.2,"trend":"up"}]'::jsonb);
INSERT INTO public.metric_cards (id,project_id,title,description,category,position_x,position_y,created_by,data) VALUES ('25d72386-fc3e-44c3-a95b-1910a5c6cf3a','78079b53-61f8-47e0-9160-2cdf3a0b7b8c','Upsell Rate','','Data/Metric',360,1452,'user_30uQARGezqSApAChPSGSwFyUy85','[{"period":"2025-12","value":20.5,"change_percent":0,"trend":"neutral"},{"period":"2026-01","value":20.7,"change_percent":1,"trend":"neutral"},{"period":"2026-02","value":21.3,"change_percent":2.9,"trend":"up"},{"period":"2026-03","value":21.5,"change_percent":0.9,"trend":"neutral"},{"period":"2026-04","value":22.2,"change_percent":3.3,"trend":"up"},{"period":"2026-05","value":22.5,"change_percent":1.4,"trend":"up"},{"period":"2026-06","value":23,"change_percent":2.2,"trend":"up"}]'::jsonb);
INSERT INTO public.metric_cards (id,project_id,title,description,category,position_x,position_y,created_by,data) VALUES ('2ac4c715-4352-4c0e-84dc-2b4b60e0adcc','78079b53-61f8-47e0-9160-2cdf3a0b7b8c','Organic Sessions','','Data/Metric',360,86,'user_30uQARGezqSApAChPSGSwFyUy85','[{"period":"2025-12","value":66338,"change_percent":0,"trend":"neutral"},{"period":"2026-01","value":67518,"change_percent":1.8,"trend":"up"},{"period":"2026-02","value":69678,"change_percent":3.2,"trend":"up"},{"period":"2026-03","value":71898,"change_percent":3.2,"trend":"up"},{"period":"2026-04","value":75166,"change_percent":4.5,"trend":"up"},{"period":"2026-05","value":78831,"change_percent":4.9,"trend":"up"},{"period":"2026-06","value":80945,"change_percent":2.7,"trend":"up"}]'::jsonb);
INSERT INTO public.metric_cards (id,project_id,title,description,category,position_x,position_y,created_by,data) VALUES ('ba6f03e7-29bd-4d81-875e-bc187fad7a16','78079b53-61f8-47e0-9160-2cdf3a0b7b8c','Paid Sessions','Ad Spend / CPC','Data/Metric',690,86,'user_30uQARGezqSApAChPSGSwFyUy85','[{"period":"2025-12","value":75882,"change_percent":0,"trend":"neutral"},{"period":"2026-01","value":80457,"change_percent":6,"trend":"up"},{"period":"2026-02","value":85648,"change_percent":6.5,"trend":"up"},{"period":"2026-03","value":91091,"change_percent":6.4,"trend":"up"},{"period":"2026-04","value":95864,"change_percent":5.2,"trend":"up"},{"period":"2026-05","value":102272,"change_percent":6.7,"trend":"up"},{"period":"2026-06","value":106200,"change_percent":3.8,"trend":"up"}]'::jsonb);
INSERT INTO public.metric_cards (id,project_id,title,description,category,position_x,position_y,created_by,data) VALUES ('4acf292b-c3f7-46e2-a7dc-0b45e55eccb7','78079b53-61f8-47e0-9160-2cdf3a0b7b8c','Social Sessions','Reach × CTR','Data/Metric',1020,86,'user_30uQARGezqSApAChPSGSwFyUy85','[{"period":"2025-12","value":52048,"change_percent":0,"trend":"neutral"},{"period":"2026-01","value":54894,"change_percent":5.5,"trend":"up"},{"period":"2026-02","value":59485,"change_percent":8.4,"trend":"up"},{"period":"2026-03","value":63301,"change_percent":6.4,"trend":"up"},{"period":"2026-04","value":67057,"change_percent":5.9,"trend":"up"},{"period":"2026-05","value":71091,"change_percent":6,"trend":"up"},{"period":"2026-06","value":73680,"change_percent":3.6,"trend":"up"}]'::jsonb);
INSERT INTO public.metric_cards (id,project_id,title,description,category,position_x,position_y,created_by,data) VALUES ('08c347f1-49ae-482f-967c-669a3a53503a','78079b53-61f8-47e0-9160-2cdf3a0b7b8c','Email Sessions','List × Open × CTR','Data/Metric',30,306,'user_30uQARGezqSApAChPSGSwFyUy85','[{"period":"2025-12","value":56791,"change_percent":0,"trend":"neutral"},{"period":"2026-01","value":61019,"change_percent":7.4,"trend":"up"},{"period":"2026-02","value":66348,"change_percent":8.7,"trend":"up"},{"period":"2026-03","value":72429,"change_percent":9.2,"trend":"up"},{"period":"2026-04","value":78713,"change_percent":8.7,"trend":"up"},{"period":"2026-05","value":84074,"change_percent":6.8,"trend":"up"},{"period":"2026-06","value":88708,"change_percent":5.5,"trend":"up"}]'::jsonb);
INSERT INTO public.metric_cards (id,project_id,title,description,category,position_x,position_y,created_by,data) VALUES ('dc81ba99-f7ea-4e68-ab86-db1bd249d9af','78079b53-61f8-47e0-9160-2cdf3a0b7b8c','Direct Sessions','','Data/Metric',360,306,'user_30uQARGezqSApAChPSGSwFyUy85','[{"period":"2025-12","value":8561,"change_percent":0,"trend":"neutral"},{"period":"2026-01","value":8748,"change_percent":2.2,"trend":"up"},{"period":"2026-02","value":8879,"change_percent":1.5,"trend":"up"},{"period":"2026-03","value":8946,"change_percent":0.8,"trend":"neutral"},{"period":"2026-04","value":9225,"change_percent":3.1,"trend":"up"},{"period":"2026-05","value":9257,"change_percent":0.3,"trend":"neutral"},{"period":"2026-06","value":9608,"change_percent":3.8,"trend":"up"}]'::jsonb);
INSERT INTO public.metric_cards (id,project_id,title,description,category,position_x,position_y,created_by,data) VALUES ('abe5b490-d9e4-4951-8e15-231d073a5bf1','78079b53-61f8-47e0-9160-2cdf3a0b7b8c','Affiliate Sessions','','Data/Metric',690,306,'user_30uQARGezqSApAChPSGSwFyUy85','[{"period":"2025-12","value":5728,"change_percent":0,"trend":"neutral"},{"period":"2026-01","value":6134,"change_percent":7.1,"trend":"up"},{"period":"2026-02","value":6642,"change_percent":8.3,"trend":"up"},{"period":"2026-03","value":7256,"change_percent":9.2,"trend":"up"},{"period":"2026-04","value":7657,"change_percent":5.5,"trend":"up"},{"period":"2026-05","value":8236,"change_percent":7.6,"trend":"up"},{"period":"2026-06","value":8738,"change_percent":6.1,"trend":"up"}]'::jsonb);
INSERT INTO public.metric_cards (id,project_id,title,description,category,position_x,position_y,created_by,data) VALUES ('719bff3f-ee8e-4b8a-963c-666d9511926c','78079b53-61f8-47e0-9160-2cdf3a0b7b8c','Social Reach / Followers','','Data/Metric',1020,306,'user_30uQARGezqSApAChPSGSwFyUy85','[{"period":"2025-12","value":89764,"change_percent":0,"trend":"neutral"},{"period":"2026-01","value":94421,"change_percent":5.2,"trend":"up"},{"period":"2026-02","value":96405,"change_percent":2.1,"trend":"up"},{"period":"2026-03","value":101630,"change_percent":5.4,"trend":"up"},{"period":"2026-04","value":104751,"change_percent":3.1,"trend":"up"},{"period":"2026-05","value":108601,"change_percent":3.7,"trend":"up"},{"period":"2026-06","value":113948,"change_percent":4.9,"trend":"up"}]'::jsonb);
INSERT INTO public.metric_cards (id,project_id,title,description,category,position_x,position_y,created_by,data) VALUES ('22997e41-9b4c-43c1-9005-09f149f616ff','78079b53-61f8-47e0-9160-2cdf3a0b7b8c','Social CTR','','Data/Metric',30,526,'user_30uQARGezqSApAChPSGSwFyUy85','[{"period":"2025-12","value":4949,"change_percent":0,"trend":"neutral"},{"period":"2026-01","value":5153,"change_percent":4.1,"trend":"up"},{"period":"2026-02","value":5395,"change_percent":4.7,"trend":"up"},{"period":"2026-03","value":5484,"change_percent":1.6,"trend":"up"},{"period":"2026-04","value":5566,"change_percent":1.5,"trend":"up"},{"period":"2026-05","value":5859,"change_percent":5.3,"trend":"up"},{"period":"2026-06","value":5936,"change_percent":1.3,"trend":"up"}]'::jsonb);
INSERT INTO public.metric_cards (id,project_id,title,description,category,position_x,position_y,created_by,data) VALUES ('1e29c249-f5bd-4d34-8e49-0af0d48c82db','78079b53-61f8-47e0-9160-2cdf3a0b7b8c','Content Cadence','','Data/Metric',360,526,'user_30uQARGezqSApAChPSGSwFyUy85','[{"period":"2025-12","value":4536,"change_percent":0,"trend":"neutral"},{"period":"2026-01","value":4926,"change_percent":8.6,"trend":"up"},{"period":"2026-02","value":5323,"change_percent":8.1,"trend":"up"},{"period":"2026-03","value":5649,"change_percent":6.1,"trend":"up"},{"period":"2026-04","value":6055,"change_percent":7.2,"trend":"up"},{"period":"2026-05","value":6581,"change_percent":8.7,"trend":"up"},{"period":"2026-06","value":7085,"change_percent":7.7,"trend":"up"}]'::jsonb);
INSERT INTO public.metric_cards (id,project_id,title,description,category,position_x,position_y,created_by,data) VALUES ('8680c475-3583-4d12-be33-d10280801c64','78079b53-61f8-47e0-9160-2cdf3a0b7b8c','Email List Size','','Data/Metric',690,526,'user_30uQARGezqSApAChPSGSwFyUy85','[{"period":"2025-12","value":87684,"change_percent":0,"trend":"neutral"},{"period":"2026-01","value":89118,"change_percent":1.6,"trend":"up"},{"period":"2026-02","value":91442,"change_percent":2.6,"trend":"up"},{"period":"2026-03","value":94716,"change_percent":3.6,"trend":"up"},{"period":"2026-04","value":94690,"change_percent":0,"trend":"neutral"},{"period":"2026-05","value":95254,"change_percent":0.6,"trend":"neutral"},{"period":"2026-06","value":94879,"change_percent":-0.4,"trend":"neutral"}]'::jsonb);
INSERT INTO public.metric_cards (id,project_id,title,description,category,position_x,position_y,created_by,data) VALUES ('30a9e6dc-8613-4063-9ec7-9ac9737273d9','78079b53-61f8-47e0-9160-2cdf3a0b7b8c','Email Open Rate','','Data/Metric',1020,526,'user_30uQARGezqSApAChPSGSwFyUy85','[{"period":"2025-12","value":15.7,"change_percent":0,"trend":"neutral"},{"period":"2026-01","value":16.4,"change_percent":4.5,"trend":"up"},{"period":"2026-02","value":16.6,"change_percent":1.2,"trend":"up"},{"period":"2026-03","value":17,"change_percent":2.4,"trend":"up"},{"period":"2026-04","value":17.9,"change_percent":5.3,"trend":"up"},{"period":"2026-05","value":18.6,"change_percent":3.9,"trend":"up"},{"period":"2026-06","value":19,"change_percent":2.2,"trend":"up"}]'::jsonb);
INSERT INTO public.metric_cards (id,project_id,title,description,category,position_x,position_y,created_by,data) VALUES ('3618097a-2886-4ab1-b4b6-097f6c3331eb','78079b53-61f8-47e0-9160-2cdf3a0b7b8c','Ad Spend','','Data/Metric',30,746,'user_30uQARGezqSApAChPSGSwFyUy85','[{"period":"2025-12","value":35412,"change_percent":0,"trend":"neutral"},{"period":"2026-01","value":37280,"change_percent":5.3,"trend":"up"},{"period":"2026-02","value":38486,"change_percent":3.2,"trend":"up"},{"period":"2026-03","value":40740,"change_percent":5.9,"trend":"up"},{"period":"2026-04","value":43268,"change_percent":6.2,"trend":"up"},{"period":"2026-05","value":45355,"change_percent":4.8,"trend":"up"},{"period":"2026-06","value":47881,"change_percent":5.6,"trend":"up"}]'::jsonb);
INSERT INTO public.metric_cards (id,project_id,title,description,category,position_x,position_y,created_by,data) VALUES ('f13ca79d-ff2a-4e36-873d-27a062139a42','78079b53-61f8-47e0-9160-2cdf3a0b7b8c','CPC','','Data/Metric',360,746,'user_30uQARGezqSApAChPSGSwFyUy85','[{"period":"2025-12","value":2268,"change_percent":0,"trend":"neutral"},{"period":"2026-01","value":2398,"change_percent":5.7,"trend":"up"},{"period":"2026-02","value":2522,"change_percent":5.2,"trend":"up"},{"period":"2026-03","value":2665,"change_percent":5.7,"trend":"up"},{"period":"2026-04","value":2894,"change_percent":8.6,"trend":"up"},{"period":"2026-05","value":3096,"change_percent":7,"trend":"up"},{"period":"2026-06","value":3251,"change_percent":5,"trend":"up"}]'::jsonb);
INSERT INTO public.metric_cards (id,project_id,title,description,category,position_x,position_y,created_by,data) VALUES ('8f308fb5-4eac-4163-b657-23263137b01e','78079b53-61f8-47e0-9160-2cdf3a0b7b8c','Product Page CVR','','Data/Metric',2180,86,'user_30uQARGezqSApAChPSGSwFyUy85','[{"period":"2025-12","value":2890,"change_percent":0,"trend":"neutral"},{"period":"2026-01","value":3136,"change_percent":8.5,"trend":"up"},{"period":"2026-02","value":3440,"change_percent":9.7,"trend":"up"},{"period":"2026-03","value":3726,"change_percent":8.3,"trend":"up"},{"period":"2026-04","value":4042,"change_percent":8.5,"trend":"up"},{"period":"2026-05","value":4292,"change_percent":6.2,"trend":"up"},{"period":"2026-06","value":4515,"change_percent":5.2,"trend":"up"}]'::jsonb);
INSERT INTO public.metric_cards (id,project_id,title,description,category,position_x,position_y,created_by,data) VALUES ('34c5adaf-f731-4a85-a0c2-aeaedb48b7ab','78079b53-61f8-47e0-9160-2cdf3a0b7b8c','Add-to-Cart Rate','','Data/Metric',1520,306,'user_30uQARGezqSApAChPSGSwFyUy85','[{"period":"2025-12","value":10.4,"change_percent":0,"trend":"neutral"},{"period":"2026-01","value":11.2,"change_percent":7.7,"trend":"up"},{"period":"2026-02","value":12,"change_percent":7.1,"trend":"up"},{"period":"2026-03","value":12.9,"change_percent":7.5,"trend":"up"},{"period":"2026-04","value":13.7,"change_percent":6.2,"trend":"up"},{"period":"2026-05","value":14.6,"change_percent":6.6,"trend":"up"},{"period":"2026-06","value":15.4,"change_percent":5.5,"trend":"up"}]'::jsonb);
INSERT INTO public.metric_cards (id,project_id,title,description,category,position_x,position_y,created_by,data) VALUES ('f95dd6f2-7dbd-4604-a2a3-a16bfe80ed74','78079b53-61f8-47e0-9160-2cdf3a0b7b8c','Cart Abandonment Rate','','Data/Metric',1850,306,'user_30uQARGezqSApAChPSGSwFyUy85','[{"period":"2025-12","value":39.6,"change_percent":0,"trend":"neutral"},{"period":"2026-01","value":37.6,"change_percent":-5.1,"trend":"down"},{"period":"2026-02","value":36,"change_percent":-4.3,"trend":"down"},{"period":"2026-03","value":34,"change_percent":-5.6,"trend":"down"},{"period":"2026-04","value":32.5,"change_percent":-4.4,"trend":"down"},{"period":"2026-05","value":29.8,"change_percent":-8.3,"trend":"down"},{"period":"2026-06","value":28.1,"change_percent":-5.7,"trend":"down"}]'::jsonb);
INSERT INTO public.metric_cards (id,project_id,title,description,category,position_x,position_y,created_by,data) VALUES ('ef11c22c-77be-43d1-ad3e-6e0e8f4c745f','78079b53-61f8-47e0-9160-2cdf3a0b7b8c','Checkout Completion %','','Data/Metric',2180,306,'user_30uQARGezqSApAChPSGSwFyUy85','[{"period":"2025-12","value":19.4,"change_percent":0,"trend":"neutral"},{"period":"2026-01","value":20.6,"change_percent":6.2,"trend":"up"},{"period":"2026-02","value":22.2,"change_percent":7.8,"trend":"up"},{"period":"2026-03","value":24.2,"change_percent":9,"trend":"up"},{"period":"2026-04","value":25.8,"change_percent":6.6,"trend":"up"},{"period":"2026-05","value":27.2,"change_percent":5.4,"trend":"up"},{"period":"2026-06","value":29.6,"change_percent":8.8,"trend":"up"}]'::jsonb);
INSERT INTO public.metric_cards (id,project_id,title,description,category,position_x,position_y,created_by,data) VALUES ('c900843e-9219-422e-b681-ff126f582eb8','78079b53-61f8-47e0-9160-2cdf3a0b7b8c','New Customers','','Data/Metric',1520,526,'user_30uQARGezqSApAChPSGSwFyUy85','[{"period":"2025-12","value":51019,"change_percent":0,"trend":"neutral"},{"period":"2026-01","value":54505,"change_percent":6.8,"trend":"up"},{"period":"2026-02","value":56397,"change_percent":3.5,"trend":"up"},{"period":"2026-03","value":59986,"change_percent":6.4,"trend":"up"},{"period":"2026-04","value":64532,"change_percent":7.6,"trend":"up"},{"period":"2026-05","value":67039,"change_percent":3.9,"trend":"up"},{"period":"2026-06","value":69274,"change_percent":3.3,"trend":"up"}]'::jsonb);
INSERT INTO public.metric_cards (id,project_id,title,description,category,position_x,position_y,created_by,data) VALUES ('dc34d63f-f687-466f-9ab2-5f9cd6edb90e','78079b53-61f8-47e0-9160-2cdf3a0b7b8c','Repeat Purchase Rate','','Data/Metric',690,1452,'user_30uQARGezqSApAChPSGSwFyUy85','[{"period":"2025-12","value":19.2,"change_percent":0,"trend":"neutral"},{"period":"2026-01","value":20.4,"change_percent":6.2,"trend":"up"},{"period":"2026-02","value":21.2,"change_percent":3.9,"trend":"up"},{"period":"2026-03","value":22.3,"change_percent":5.2,"trend":"up"},{"period":"2026-04","value":23.4,"change_percent":4.9,"trend":"up"},{"period":"2026-05","value":24.2,"change_percent":3.4,"trend":"up"},{"period":"2026-06","value":25.6,"change_percent":5.8,"trend":"up"}]'::jsonb);
INSERT INTO public.metric_cards (id,project_id,title,description,category,position_x,position_y,created_by,data) VALUES ('4cfe3036-3ec1-4dae-90e2-f6cbc00444ca','78079b53-61f8-47e0-9160-2cdf3a0b7b8c','Purchase Frequency','','Data/Metric',30,1672,'user_30uQARGezqSApAChPSGSwFyUy85','[{"period":"2025-12","value":3261,"change_percent":0,"trend":"neutral"},{"period":"2026-01","value":3419,"change_percent":4.8,"trend":"up"},{"period":"2026-02","value":3571,"change_percent":4.4,"trend":"up"},{"period":"2026-03","value":3753,"change_percent":5.1,"trend":"up"},{"period":"2026-04","value":4080,"change_percent":8.7,"trend":"up"},{"period":"2026-05","value":4291,"change_percent":5.2,"trend":"up"},{"period":"2026-06","value":4512,"change_percent":5.2,"trend":"up"}]'::jsonb);
INSERT INTO public.metric_cards (id,project_id,title,description,category,position_x,position_y,created_by,data) VALUES ('553e4c4f-56f5-471e-9fa9-a00486d302d0','78079b53-61f8-47e0-9160-2cdf3a0b7b8c','Customer LTV','','Data/Metric',360,1672,'user_30uQARGezqSApAChPSGSwFyUy85','[{"period":"2025-12","value":707276,"change_percent":0,"trend":"neutral"},{"period":"2026-01","value":754318,"change_percent":6.7,"trend":"up"},{"period":"2026-02","value":794749,"change_percent":5.4,"trend":"up"},{"period":"2026-03","value":840274,"change_percent":5.7,"trend":"up"},{"period":"2026-04","value":889190,"change_percent":5.8,"trend":"up"},{"period":"2026-05","value":947358,"change_percent":6.5,"trend":"up"},{"period":"2026-06","value":1002964,"change_percent":5.9,"trend":"up"}]'::jsonb);
INSERT INTO public.metric_cards (id,project_id,title,description,category,position_x,position_y,created_by,data) VALUES ('8c717e80-a0b1-4d8a-b30c-4f4aecf4d03e','78079b53-61f8-47e0-9160-2cdf3a0b7b8c','CAC','','Data/Metric',1850,1672,'user_30uQARGezqSApAChPSGSwFyUy85','[{"period":"2025-12","value":262867,"change_percent":0,"trend":"neutral"},{"period":"2026-01","value":255255,"change_percent":-2.9,"trend":"down"},{"period":"2026-02","value":244295,"change_percent":-4.3,"trend":"down"},{"period":"2026-03","value":231430,"change_percent":-5.3,"trend":"down"},{"period":"2026-04","value":218245,"change_percent":-5.7,"trend":"down"},{"period":"2026-05","value":209018,"change_percent":-4.2,"trend":"down"},{"period":"2026-06","value":206783,"change_percent":-1.1,"trend":"down"}]'::jsonb);
INSERT INTO public.metric_cards (id,project_id,title,description,category,position_x,position_y,created_by,data) VALUES ('c684940b-7e2b-4e7e-a552-b5fbf5721f29','78079b53-61f8-47e0-9160-2cdf3a0b7b8c','Total Costs','','Data/Metric',1190,1232,'user_30uQARGezqSApAChPSGSwFyUy85','[{"period":"2025-12","value":145934,"change_percent":0,"trend":"neutral"},{"period":"2026-01","value":139981,"change_percent":-4.1,"trend":"down"},{"period":"2026-02","value":131152,"change_percent":-6.3,"trend":"down"},{"period":"2026-03","value":121947,"change_percent":-7,"trend":"down"},{"period":"2026-04","value":116631,"change_percent":-4.4,"trend":"down"},{"period":"2026-05","value":111014,"change_percent":-4.8,"trend":"down"},{"period":"2026-06","value":107212,"change_percent":-3.4,"trend":"down"}]'::jsonb);
INSERT INTO public.metric_cards (id,project_id,title,description,category,position_x,position_y,created_by,data) VALUES ('c08dc618-7bf6-4f3f-acb2-cafc29b5bd1a','78079b53-61f8-47e0-9160-2cdf3a0b7b8c','COGS','','Data/Metric',1520,1232,'user_30uQARGezqSApAChPSGSwFyUy85','[{"period":"2025-12","value":408312,"change_percent":0,"trend":"neutral"},{"period":"2026-01","value":398499,"change_percent":-2.4,"trend":"down"},{"period":"2026-02","value":388910,"change_percent":-2.4,"trend":"down"},{"period":"2026-03","value":381746,"change_percent":-1.8,"trend":"down"},{"period":"2026-04","value":361138,"change_percent":-5.4,"trend":"down"},{"period":"2026-05","value":339127,"change_percent":-6.1,"trend":"down"},{"period":"2026-06","value":325089,"change_percent":-4.1,"trend":"down"}]'::jsonb);
INSERT INTO public.metric_cards (id,project_id,title,description,category,position_x,position_y,created_by,data) VALUES ('a0d698e3-19d7-49b3-a075-2d6bb1a752ac','78079b53-61f8-47e0-9160-2cdf3a0b7b8c','Gross Margin %','','Data/Metric',1850,1232,'user_30uQARGezqSApAChPSGSwFyUy85','[{"period":"2025-12","value":30.3,"change_percent":0,"trend":"neutral"},{"period":"2026-01","value":32.1,"change_percent":5.9,"trend":"up"},{"period":"2026-02","value":33.8,"change_percent":5.3,"trend":"up"},{"period":"2026-03","value":36,"change_percent":6.5,"trend":"up"},{"period":"2026-04","value":37.6,"change_percent":4.4,"trend":"up"},{"period":"2026-05","value":40.6,"change_percent":8,"trend":"up"},{"period":"2026-06","value":43.3,"change_percent":6.7,"trend":"up"}]'::jsonb);
INSERT INTO public.metric_cards (id,project_id,title,description,category,position_x,position_y,created_by,data) VALUES ('58b54b3b-c95e-4a29-abbe-19ee8b532e6a','78079b53-61f8-47e0-9160-2cdf3a0b7b8c','Shipping Cost','','Data/Metric',1190,1452,'user_30uQARGezqSApAChPSGSwFyUy85','[{"period":"2025-12","value":315306,"change_percent":0,"trend":"neutral"},{"period":"2026-01","value":316034,"change_percent":0.2,"trend":"neutral"},{"period":"2026-02","value":307404,"change_percent":-2.7,"trend":"down"},{"period":"2026-03","value":293016,"change_percent":-4.7,"trend":"down"},{"period":"2026-04","value":287265,"change_percent":-2,"trend":"down"},{"period":"2026-05","value":275233,"change_percent":-4.2,"trend":"down"},{"period":"2026-06","value":262489,"change_percent":-4.6,"trend":"down"}]'::jsonb);
INSERT INTO public.metric_cards (id,project_id,title,description,category,position_x,position_y,created_by,data) VALUES ('45d3d2e2-a26d-4f30-9107-8a4534b51de4','78079b53-61f8-47e0-9160-2cdf3a0b7b8c','Returns Rate','','Data/Metric',1520,1452,'user_30uQARGezqSApAChPSGSwFyUy85','[{"period":"2025-12","value":50.4,"change_percent":0,"trend":"neutral"},{"period":"2026-01","value":48.5,"change_percent":-3.8,"trend":"down"},{"period":"2026-02","value":45.7,"change_percent":-5.8,"trend":"down"},{"period":"2026-03","value":43.7,"change_percent":-4.4,"trend":"down"},{"period":"2026-04","value":40.3,"change_percent":-7.8,"trend":"down"},{"period":"2026-05","value":38.3,"change_percent":-5,"trend":"down"},{"period":"2026-06","value":36.2,"change_percent":-5.5,"trend":"down"}]'::jsonb);
INSERT INTO public.metric_cards (id,project_id,title,description,category,position_x,position_y,created_by,data) VALUES ('df8f415e-b7c8-4365-acef-d6df67e133b6','78079b53-61f8-47e0-9160-2cdf3a0b7b8c','Marketing Spend','','Data/Metric',1850,1452,'user_30uQARGezqSApAChPSGSwFyUy85','[{"period":"2025-12","value":62192,"change_percent":0,"trend":"neutral"},{"period":"2026-01","value":66346,"change_percent":6.7,"trend":"up"},{"period":"2026-02","value":69028,"change_percent":4,"trend":"up"},{"period":"2026-03","value":71892,"change_percent":4.1,"trend":"up"},{"period":"2026-04","value":74215,"change_percent":3.2,"trend":"up"},{"period":"2026-05","value":79158,"change_percent":6.7,"trend":"up"},{"period":"2026-06","value":82728,"change_percent":4.5,"trend":"up"}]'::jsonb);
INSERT INTO public.metric_cards (id,project_id,title,description,category,position_x,position_y,created_by,data) VALUES ('8406ae40-fa82-45fd-adc2-8418a36a9345','78079b53-61f8-47e0-9160-2cdf3a0b7b8c','Payment Fees','','Data/Metric',1190,1672,'user_30uQARGezqSApAChPSGSwFyUy85','[{"period":"2025-12","value":703279,"change_percent":0,"trend":"neutral"},{"period":"2026-01","value":717948,"change_percent":2.1,"trend":"up"},{"period":"2026-02","value":758061,"change_percent":5.6,"trend":"up"},{"period":"2026-03","value":787342,"change_percent":3.9,"trend":"up"},{"period":"2026-04","value":798877,"change_percent":1.5,"trend":"up"},{"period":"2026-05","value":811010,"change_percent":1.5,"trend":"up"},{"period":"2026-06","value":846406,"change_percent":4.4,"trend":"up"}]'::jsonb);
INSERT INTO public.metric_cards (id,project_id,title,description,category,position_x,position_y,created_by,data) VALUES ('2149e3d0-1f75-4778-90be-cad5fbc9228d','78079b53-61f8-47e0-9160-2cdf3a0b7b8c','Fulfilment / Ops','','Data/Metric',1520,1672,'user_30uQARGezqSApAChPSGSwFyUy85','[{"period":"2025-12","value":1486,"change_percent":0,"trend":"neutral"},{"period":"2026-01","value":1560,"change_percent":5,"trend":"up"},{"period":"2026-02","value":1646,"change_percent":5.5,"trend":"up"},{"period":"2026-03","value":1716,"change_percent":4.3,"trend":"up"},{"period":"2026-04","value":1777,"change_percent":3.6,"trend":"up"},{"period":"2026-05","value":1855,"change_percent":4.4,"trend":"up"},{"period":"2026-06","value":1983,"change_percent":6.9,"trend":"up"}]'::jsonb);
INSERT INTO public.metric_cards (id,project_id,title,description,category,position_x,position_y,created_by,data) VALUES ('e30bca73-fbbd-4305-9811-edced47fd423','78079b53-61f8-47e0-9160-2cdf3a0b7b8c','Retargeting campaign','','Work/Action',660,2072,'user_30uQARGezqSApAChPSGSwFyUy85','[]'::jsonb);
INSERT INTO public.metric_cards (id,project_id,title,description,category,position_x,position_y,created_by,data) VALUES ('b0c49a3a-6189-438f-abda-7a523430cf41','78079b53-61f8-47e0-9160-2cdf3a0b7b8c','Abandoned-cart email flow','','Work/Action',990,2072,'user_30uQARGezqSApAChPSGSwFyUy85','[]'::jsonb);
INSERT INTO public.metric_cards (id,project_id,title,description,category,position_x,position_y,created_by,data) VALUES ('f0b08d0e-dd5f-43d9-a677-81a47573cb59','78079b53-61f8-47e0-9160-2cdf3a0b7b8c','Product bundles','','Work/Action',1320,2072,'user_30uQARGezqSApAChPSGSwFyUy85','[]'::jsonb);
INSERT INTO public.metric_cards (id,project_id,title,description,category,position_x,position_y,created_by,data) VALUES ('0994fca9-07a1-44aa-bb69-7fc69627afb6','78079b53-61f8-47e0-9160-2cdf3a0b7b8c','UGC / influencer social','','Work/Action',1650,2072,'user_30uQARGezqSApAChPSGSwFyUy85','[]'::jsonb);
INSERT INTO public.metric_cards (id,project_id,title,description,category,position_x,position_y,created_by,data) VALUES ('3edfc443-f4d0-4afa-ac03-a7e560fc4742','78079b53-61f8-47e0-9160-2cdf3a0b7b8c','Free-ship threshold lifts AOV','','Ideas/Hypothesis',0,2292,'user_30uQARGezqSApAChPSGSwFyUy85','[]'::jsonb);
INSERT INTO public.metric_cards (id,project_id,title,description,category,position_x,position_y,created_by,data) VALUES ('a3715c17-52bf-4b11-8fc6-84b7c3b7dec4','78079b53-61f8-47e0-9160-2cdf3a0b7b8c','Reviews lift product-page CVR','','Ideas/Hypothesis',330,2292,'user_30uQARGezqSApAChPSGSwFyUy85','[]'::jsonb);
INSERT INTO public.relationships (id,project_id,source_id,target_id,type,confidence,weight,created_by) VALUES ('8c49dbf5-87ea-4254-b9cf-ceecb79fd49c','78079b53-61f8-47e0-9160-2cdf3a0b7b8c','ca05f23a-ef6e-41fd-a9eb-080d76b8f97f','9df52957-3409-4ea9-82c0-73df12fad786','Compositional','High',95,'user_30uQARGezqSApAChPSGSwFyUy85');
INSERT INTO public.relationships (id,project_id,source_id,target_id,type,confidence,weight,created_by) VALUES ('1079134f-2191-4e02-822d-dc6995222517','78079b53-61f8-47e0-9160-2cdf3a0b7b8c','c684940b-7e2b-4e7e-a552-b5fbf5721f29','9df52957-3409-4ea9-82c0-73df12fad786','Compositional','High',90,'user_30uQARGezqSApAChPSGSwFyUy85');
INSERT INTO public.relationships (id,project_id,source_id,target_id,type,confidence,weight,created_by) VALUES ('8e12ce51-d90e-4897-90e0-e0966b17a435','78079b53-61f8-47e0-9160-2cdf3a0b7b8c','a0d698e3-19d7-49b3-a075-2d6bb1a752ac','9df52957-3409-4ea9-82c0-73df12fad786','Causal','High',70,'user_30uQARGezqSApAChPSGSwFyUy85');
INSERT INTO public.relationships (id,project_id,source_id,target_id,type,confidence,weight,created_by) VALUES ('050b8074-ddc7-4589-a96d-57ceb03ccc6b','78079b53-61f8-47e0-9160-2cdf3a0b7b8c','b0f268ec-5888-4c98-ae39-c8c9853850fb','ca05f23a-ef6e-41fd-a9eb-080d76b8f97f','Deterministic','High',95,'user_30uQARGezqSApAChPSGSwFyUy85');
INSERT INTO public.relationships (id,project_id,source_id,target_id,type,confidence,weight,created_by) VALUES ('9d68c3e3-a591-4310-92ef-9f8f3e75fb1d','78079b53-61f8-47e0-9160-2cdf3a0b7b8c','304a447b-a555-498e-9b09-a600b694f86f','ca05f23a-ef6e-41fd-a9eb-080d76b8f97f','Deterministic','High',90,'user_30uQARGezqSApAChPSGSwFyUy85');
INSERT INTO public.relationships (id,project_id,source_id,target_id,type,confidence,weight,created_by) VALUES ('ac92da8a-9da9-4198-b7f4-4e7e6cb3b810','78079b53-61f8-47e0-9160-2cdf3a0b7b8c','999a4d2a-c005-4b90-a677-e98102802d8d','b0f268ec-5888-4c98-ae39-c8c9853850fb','Deterministic','High',90,'user_30uQARGezqSApAChPSGSwFyUy85');
INSERT INTO public.relationships (id,project_id,source_id,target_id,type,confidence,weight,created_by) VALUES ('590f6809-1d0f-4726-8a43-f5993027292b','78079b53-61f8-47e0-9160-2cdf3a0b7b8c','366877fd-93a8-4b73-9110-2dd222f11f1d','b0f268ec-5888-4c98-ae39-c8c9853850fb','Probabilistic','High',85,'user_30uQARGezqSApAChPSGSwFyUy85');
INSERT INTO public.relationships (id,project_id,source_id,target_id,type,confidence,weight,created_by) VALUES ('6e920a78-944d-49a1-9f92-260b7114ce74','78079b53-61f8-47e0-9160-2cdf3a0b7b8c','ea1714d7-afe2-492b-a571-d6e4a55ba3a4','304a447b-a555-498e-9b09-a600b694f86f','Deterministic','High',80,'user_30uQARGezqSApAChPSGSwFyUy85');
INSERT INTO public.relationships (id,project_id,source_id,target_id,type,confidence,weight,created_by) VALUES ('c4564e18-e057-44c8-9e3a-f1359f2467ca','78079b53-61f8-47e0-9160-2cdf3a0b7b8c','7694c959-6b4d-43f7-9a38-8324f3df5eb4','304a447b-a555-498e-9b09-a600b694f86f','Deterministic','High',75,'user_30uQARGezqSApAChPSGSwFyUy85');
INSERT INTO public.relationships (id,project_id,source_id,target_id,type,confidence,weight,created_by) VALUES ('85735a1f-7fa2-439d-a235-2647c0160ab4','78079b53-61f8-47e0-9160-2cdf3a0b7b8c','1eb14086-90f1-4588-9553-532a9b91d1f8','304a447b-a555-498e-9b09-a600b694f86f','Causal','High',60,'user_30uQARGezqSApAChPSGSwFyUy85');
INSERT INTO public.relationships (id,project_id,source_id,target_id,type,confidence,weight,created_by) VALUES ('83edf6ff-9249-4821-82cb-429658514509','78079b53-61f8-47e0-9160-2cdf3a0b7b8c','25d72386-fc3e-44c3-a95b-1910a5c6cf3a','304a447b-a555-498e-9b09-a600b694f86f','Causal','High',60,'user_30uQARGezqSApAChPSGSwFyUy85');
INSERT INTO public.relationships (id,project_id,source_id,target_id,type,confidence,weight,created_by) VALUES ('4065f2ff-68a7-40a9-8ac5-7dfb9c6d18c8','78079b53-61f8-47e0-9160-2cdf3a0b7b8c','2ac4c715-4352-4c0e-84dc-2b4b60e0adcc','999a4d2a-c005-4b90-a677-e98102802d8d','Compositional','High',70,'user_30uQARGezqSApAChPSGSwFyUy85');
INSERT INTO public.relationships (id,project_id,source_id,target_id,type,confidence,weight,created_by) VALUES ('2f6ce7f2-bd4f-4a70-9d95-eabaf4d9b206','78079b53-61f8-47e0-9160-2cdf3a0b7b8c','ba6f03e7-29bd-4d81-875e-bc187fad7a16','999a4d2a-c005-4b90-a677-e98102802d8d','Compositional','High',70,'user_30uQARGezqSApAChPSGSwFyUy85');
INSERT INTO public.relationships (id,project_id,source_id,target_id,type,confidence,weight,created_by) VALUES ('7eeecce9-9a86-4a0f-a8eb-8a93f372241b','78079b53-61f8-47e0-9160-2cdf3a0b7b8c','4acf292b-c3f7-46e2-a7dc-0b45e55eccb7','999a4d2a-c005-4b90-a677-e98102802d8d','Compositional','High',60,'user_30uQARGezqSApAChPSGSwFyUy85');
INSERT INTO public.relationships (id,project_id,source_id,target_id,type,confidence,weight,created_by) VALUES ('4b01f7da-94e3-4899-948f-03c5d7139785','78079b53-61f8-47e0-9160-2cdf3a0b7b8c','08c347f1-49ae-482f-967c-669a3a53503a','999a4d2a-c005-4b90-a677-e98102802d8d','Compositional','High',60,'user_30uQARGezqSApAChPSGSwFyUy85');
INSERT INTO public.relationships (id,project_id,source_id,target_id,type,confidence,weight,created_by) VALUES ('55fa33a2-0a55-4a04-9c41-162441566b27','78079b53-61f8-47e0-9160-2cdf3a0b7b8c','dc81ba99-f7ea-4e68-ab86-db1bd249d9af','999a4d2a-c005-4b90-a677-e98102802d8d','Compositional','High',50,'user_30uQARGezqSApAChPSGSwFyUy85');
INSERT INTO public.relationships (id,project_id,source_id,target_id,type,confidence,weight,created_by) VALUES ('bd921ffb-8dc4-48d1-8c60-ad1dc4c985e9','78079b53-61f8-47e0-9160-2cdf3a0b7b8c','abe5b490-d9e4-4951-8e15-231d073a5bf1','999a4d2a-c005-4b90-a677-e98102802d8d','Compositional','High',45,'user_30uQARGezqSApAChPSGSwFyUy85');
INSERT INTO public.relationships (id,project_id,source_id,target_id,type,confidence,weight,created_by) VALUES ('1a335890-0e58-426c-b0f1-1975e29a2eda','78079b53-61f8-47e0-9160-2cdf3a0b7b8c','719bff3f-ee8e-4b8a-963c-666d9511926c','4acf292b-c3f7-46e2-a7dc-0b45e55eccb7','Causal','High',70,'user_30uQARGezqSApAChPSGSwFyUy85');
INSERT INTO public.relationships (id,project_id,source_id,target_id,type,confidence,weight,created_by) VALUES ('6c36efff-6b66-4c43-9cb3-b4c29a81dc95','78079b53-61f8-47e0-9160-2cdf3a0b7b8c','22997e41-9b4c-43c1-9005-09f149f616ff','4acf292b-c3f7-46e2-a7dc-0b45e55eccb7','Causal','High',65,'user_30uQARGezqSApAChPSGSwFyUy85');
INSERT INTO public.relationships (id,project_id,source_id,target_id,type,confidence,weight,created_by) VALUES ('ad744efd-f985-4aba-89a6-f5338660699b','78079b53-61f8-47e0-9160-2cdf3a0b7b8c','1e29c249-f5bd-4d34-8e49-0af0d48c82db','719bff3f-ee8e-4b8a-963c-666d9511926c','Causal','High',55,'user_30uQARGezqSApAChPSGSwFyUy85');
INSERT INTO public.relationships (id,project_id,source_id,target_id,type,confidence,weight,created_by) VALUES ('23ed21b5-204e-412d-9844-19cec04e1cd1','78079b53-61f8-47e0-9160-2cdf3a0b7b8c','8680c475-3583-4d12-be33-d10280801c64','08c347f1-49ae-482f-967c-669a3a53503a','Deterministic','High',70,'user_30uQARGezqSApAChPSGSwFyUy85');
INSERT INTO public.relationships (id,project_id,source_id,target_id,type,confidence,weight,created_by) VALUES ('937aaaf2-6b18-4a78-9283-646d807eeef3','78079b53-61f8-47e0-9160-2cdf3a0b7b8c','30a9e6dc-8613-4063-9ec7-9ac9737273d9','08c347f1-49ae-482f-967c-669a3a53503a','Probabilistic','High',65,'user_30uQARGezqSApAChPSGSwFyUy85');
INSERT INTO public.relationships (id,project_id,source_id,target_id,type,confidence,weight,created_by) VALUES ('9589bb9f-6300-4248-8e0c-099faa9da61b','78079b53-61f8-47e0-9160-2cdf3a0b7b8c','3618097a-2886-4ab1-b4b6-097f6c3331eb','ba6f03e7-29bd-4d81-875e-bc187fad7a16','Deterministic','High',80,'user_30uQARGezqSApAChPSGSwFyUy85');
INSERT INTO public.relationships (id,project_id,source_id,target_id,type,confidence,weight,created_by) VALUES ('525c8a63-6fd9-4a3a-b811-59f1c13982ca','78079b53-61f8-47e0-9160-2cdf3a0b7b8c','f13ca79d-ff2a-4e36-873d-27a062139a42','ba6f03e7-29bd-4d81-875e-bc187fad7a16','Deterministic','High',70,'user_30uQARGezqSApAChPSGSwFyUy85');
INSERT INTO public.relationships (id,project_id,source_id,target_id,type,confidence,weight,created_by) VALUES ('49d4ad66-fffa-4b6f-bd40-eb4681b8f682','78079b53-61f8-47e0-9160-2cdf3a0b7b8c','8f308fb5-4eac-4163-b657-23263137b01e','366877fd-93a8-4b73-9110-2dd222f11f1d','Causal','High',75,'user_30uQARGezqSApAChPSGSwFyUy85');
INSERT INTO public.relationships (id,project_id,source_id,target_id,type,confidence,weight,created_by) VALUES ('11025a8a-d867-440d-98b1-50ab70c8536c','78079b53-61f8-47e0-9160-2cdf3a0b7b8c','34c5adaf-f731-4a85-a0c2-aeaedb48b7ab','366877fd-93a8-4b73-9110-2dd222f11f1d','Causal','High',75,'user_30uQARGezqSApAChPSGSwFyUy85');
INSERT INTO public.relationships (id,project_id,source_id,target_id,type,confidence,weight,created_by) VALUES ('bf48f732-65f9-478d-87f2-40bad77aa004','78079b53-61f8-47e0-9160-2cdf3a0b7b8c','f95dd6f2-7dbd-4604-a2a3-a16bfe80ed74','ef11c22c-77be-43d1-ad3e-6e0e8f4c745f','Causal','High',80,'user_30uQARGezqSApAChPSGSwFyUy85');
INSERT INTO public.relationships (id,project_id,source_id,target_id,type,confidence,weight,created_by) VALUES ('978d4ccd-dcea-4bcb-87e9-c60997103c07','78079b53-61f8-47e0-9160-2cdf3a0b7b8c','ef11c22c-77be-43d1-ad3e-6e0e8f4c745f','366877fd-93a8-4b73-9110-2dd222f11f1d','Deterministic','High',80,'user_30uQARGezqSApAChPSGSwFyUy85');
INSERT INTO public.relationships (id,project_id,source_id,target_id,type,confidence,weight,created_by) VALUES ('2dc537bb-781e-4c74-84a9-d4d711b8002b','78079b53-61f8-47e0-9160-2cdf3a0b7b8c','c900843e-9219-422e-b681-ff126f582eb8','b0f268ec-5888-4c98-ae39-c8c9853850fb','Causal','High',55,'user_30uQARGezqSApAChPSGSwFyUy85');
INSERT INTO public.relationships (id,project_id,source_id,target_id,type,confidence,weight,created_by) VALUES ('9835d368-ce09-43b7-bbe7-f72f2d580633','78079b53-61f8-47e0-9160-2cdf3a0b7b8c','dc34d63f-f687-466f-9ab2-5f9cd6edb90e','4cfe3036-3ec1-4dae-90e2-f6cbc00444ca','Causal','High',70,'user_30uQARGezqSApAChPSGSwFyUy85');
INSERT INTO public.relationships (id,project_id,source_id,target_id,type,confidence,weight,created_by) VALUES ('08718d42-b8bf-4b34-a389-deeddd6cbb85','78079b53-61f8-47e0-9160-2cdf3a0b7b8c','4cfe3036-3ec1-4dae-90e2-f6cbc00444ca','553e4c4f-56f5-471e-9fa9-a00486d302d0','Deterministic','High',75,'user_30uQARGezqSApAChPSGSwFyUy85');
INSERT INTO public.relationships (id,project_id,source_id,target_id,type,confidence,weight,created_by) VALUES ('e7584823-0ae3-4b24-a36b-2e5722516ab2','78079b53-61f8-47e0-9160-2cdf3a0b7b8c','304a447b-a555-498e-9b09-a600b694f86f','553e4c4f-56f5-471e-9fa9-a00486d302d0','Causal','High',60,'user_30uQARGezqSApAChPSGSwFyUy85');
INSERT INTO public.relationships (id,project_id,source_id,target_id,type,confidence,weight,created_by) VALUES ('557ab310-97e6-41e3-9c1d-9c1616da385e','78079b53-61f8-47e0-9160-2cdf3a0b7b8c','df8f415e-b7c8-4365-acef-d6df67e133b6','8c717e80-a0b1-4d8a-b30c-4f4aecf4d03e','Deterministic','High',80,'user_30uQARGezqSApAChPSGSwFyUy85');
INSERT INTO public.relationships (id,project_id,source_id,target_id,type,confidence,weight,created_by) VALUES ('e9a222b6-ea7a-415c-a78f-d3325966d9d9','78079b53-61f8-47e0-9160-2cdf3a0b7b8c','c900843e-9219-422e-b681-ff126f582eb8','8c717e80-a0b1-4d8a-b30c-4f4aecf4d03e','Deterministic','High',75,'user_30uQARGezqSApAChPSGSwFyUy85');
INSERT INTO public.relationships (id,project_id,source_id,target_id,type,confidence,weight,created_by) VALUES ('a421a47e-f74c-4b8d-83e4-4330a9b97f6d','78079b53-61f8-47e0-9160-2cdf3a0b7b8c','c08dc618-7bf6-4f3f-acb2-cafc29b5bd1a','c684940b-7e2b-4e7e-a552-b5fbf5721f29','Compositional','High',80,'user_30uQARGezqSApAChPSGSwFyUy85');
INSERT INTO public.relationships (id,project_id,source_id,target_id,type,confidence,weight,created_by) VALUES ('44c07380-1996-438e-9779-753865870c49','78079b53-61f8-47e0-9160-2cdf3a0b7b8c','58b54b3b-c95e-4a29-abbe-19ee8b532e6a','c684940b-7e2b-4e7e-a552-b5fbf5721f29','Compositional','High',65,'user_30uQARGezqSApAChPSGSwFyUy85');
INSERT INTO public.relationships (id,project_id,source_id,target_id,type,confidence,weight,created_by) VALUES ('1220e543-c478-4540-a13f-4ad752db992b','78079b53-61f8-47e0-9160-2cdf3a0b7b8c','df8f415e-b7c8-4365-acef-d6df67e133b6','c684940b-7e2b-4e7e-a552-b5fbf5721f29','Compositional','High',70,'user_30uQARGezqSApAChPSGSwFyUy85');
INSERT INTO public.relationships (id,project_id,source_id,target_id,type,confidence,weight,created_by) VALUES ('5bb2ce23-8574-49bb-b1d9-2845a3f12dc7','78079b53-61f8-47e0-9160-2cdf3a0b7b8c','45d3d2e2-a26d-4f30-9107-8a4534b51de4','c684940b-7e2b-4e7e-a552-b5fbf5721f29','Causal','High',60,'user_30uQARGezqSApAChPSGSwFyUy85');
INSERT INTO public.relationships (id,project_id,source_id,target_id,type,confidence,weight,created_by) VALUES ('66e57204-6fbb-4115-b4ac-5050716cbab8','78079b53-61f8-47e0-9160-2cdf3a0b7b8c','8406ae40-fa82-45fd-adc2-8418a36a9345','c684940b-7e2b-4e7e-a552-b5fbf5721f29','Compositional','High',50,'user_30uQARGezqSApAChPSGSwFyUy85');
INSERT INTO public.relationships (id,project_id,source_id,target_id,type,confidence,weight,created_by) VALUES ('a5959cb5-c3e1-4219-baee-e5dff842203e','78079b53-61f8-47e0-9160-2cdf3a0b7b8c','2149e3d0-1f75-4778-90be-cad5fbc9228d','c684940b-7e2b-4e7e-a552-b5fbf5721f29','Compositional','High',60,'user_30uQARGezqSApAChPSGSwFyUy85');
INSERT INTO public.relationships (id,project_id,source_id,target_id,type,confidence,weight,created_by) VALUES ('22e2297a-3612-42e9-a28e-714a8cf8d663','78079b53-61f8-47e0-9160-2cdf3a0b7b8c','c08dc618-7bf6-4f3f-acb2-cafc29b5bd1a','a0d698e3-19d7-49b3-a075-2d6bb1a752ac','Causal','High',75,'user_30uQARGezqSApAChPSGSwFyUy85');
INSERT INTO public.relationships (id,project_id,source_id,target_id,type,confidence,weight,created_by) VALUES ('39a34bda-913c-4f38-8135-2e729a771811','78079b53-61f8-47e0-9160-2cdf3a0b7b8c','3618097a-2886-4ab1-b4b6-097f6c3331eb','df8f415e-b7c8-4365-acef-d6df67e133b6','Compositional','High',70,'user_30uQARGezqSApAChPSGSwFyUy85');
INSERT INTO public.relationships (id,project_id,source_id,target_id,type,confidence,weight,created_by) VALUES ('8237bbe6-ca99-460c-b12e-eeee5d1002d4','78079b53-61f8-47e0-9160-2cdf3a0b7b8c','e30bca73-fbbd-4305-9811-edced47fd423','ba6f03e7-29bd-4d81-875e-bc187fad7a16','Causal','High',60,'user_30uQARGezqSApAChPSGSwFyUy85');
INSERT INTO public.relationships (id,project_id,source_id,target_id,type,confidence,weight,created_by) VALUES ('ff8633b6-d44d-4584-b4ad-f95189f4944a','78079b53-61f8-47e0-9160-2cdf3a0b7b8c','b0c49a3a-6189-438f-abda-7a523430cf41','f95dd6f2-7dbd-4604-a2a3-a16bfe80ed74','Causal','High',70,'user_30uQARGezqSApAChPSGSwFyUy85');
INSERT INTO public.relationships (id,project_id,source_id,target_id,type,confidence,weight,created_by) VALUES ('b00cc357-5c7d-4a38-8388-a1adcd5bbeb4','78079b53-61f8-47e0-9160-2cdf3a0b7b8c','f0b08d0e-dd5f-43d9-a677-81a47573cb59','304a447b-a555-498e-9b09-a600b694f86f','Causal','High',65,'user_30uQARGezqSApAChPSGSwFyUy85');
INSERT INTO public.relationships (id,project_id,source_id,target_id,type,confidence,weight,created_by) VALUES ('ff8912da-b9f4-489c-bb97-f93e8f619ab1','78079b53-61f8-47e0-9160-2cdf3a0b7b8c','0994fca9-07a1-44aa-bb69-7fc69627afb6','719bff3f-ee8e-4b8a-963c-666d9511926c','Causal','High',60,'user_30uQARGezqSApAChPSGSwFyUy85');
INSERT INTO public.relationships (id,project_id,source_id,target_id,type,confidence,weight,created_by) VALUES ('6e9e83ce-aad6-4ee8-8a76-8aef8deddc09','78079b53-61f8-47e0-9160-2cdf3a0b7b8c','3edfc443-f4d0-4afa-ac03-a7e560fc4742','304a447b-a555-498e-9b09-a600b694f86f','Probabilistic','High',50,'user_30uQARGezqSApAChPSGSwFyUy85');
INSERT INTO public.relationships (id,project_id,source_id,target_id,type,confidence,weight,created_by) VALUES ('71d482fc-5f46-4e2a-b4b8-aa24a94d69b1','78079b53-61f8-47e0-9160-2cdf3a0b7b8c','a3715c17-52bf-4b11-8fc6-84b7c3b7dec4','8f308fb5-4eac-4163-b657-23263137b01e','Probabilistic','High',50,'user_30uQARGezqSApAChPSGSwFyUy85');
INSERT INTO public.groups (id,project_id,name,node_ids,position_x,position_y,width,height,created_by) VALUES ('c3d7c491-7ae3-48ee-8240-60aefe89aae4','78079b53-61f8-47e0-9160-2cdf3a0b7b8c','Traffic & Channels',ARRAY['999a4d2a-c005-4b90-a677-e98102802d8d','2ac4c715-4352-4c0e-84dc-2b4b60e0adcc','ba6f03e7-29bd-4d81-875e-bc187fad7a16','4acf292b-c3f7-46e2-a7dc-0b45e55eccb7','08c347f1-49ae-482f-967c-669a3a53503a','dc81ba99-f7ea-4e68-ab86-db1bd249d9af','abe5b490-d9e4-4951-8e15-231d073a5bf1','719bff3f-ee8e-4b8a-963c-666d9511926c','22997e41-9b4c-43c1-9005-09f149f616ff','1e29c249-f5bd-4d34-8e49-0af0d48c82db','8680c475-3583-4d12-be33-d10280801c64','30a9e6dc-8613-4063-9ec7-9ac9737273d9','3618097a-2886-4ab1-b4b6-097f6c3331eb','f13ca79d-ff2a-4e36-873d-27a062139a42']::uuid[],0,0,1330,946,'user_30uQARGezqSApAChPSGSwFyUy85');
INSERT INTO public.groups (id,project_id,name,node_ids,position_x,position_y,width,height,created_by) VALUES ('0023b6d9-9ebe-4c13-a5f5-aee4bd4d5e70','78079b53-61f8-47e0-9160-2cdf3a0b7b8c','Conversion & Orders',ARRAY['b0f268ec-5888-4c98-ae39-c8c9853850fb','366877fd-93a8-4b73-9110-2dd222f11f1d','8f308fb5-4eac-4163-b657-23263137b01e','34c5adaf-f731-4a85-a0c2-aeaedb48b7ab','f95dd6f2-7dbd-4604-a2a3-a16bfe80ed74','ef11c22c-77be-43d1-ad3e-6e0e8f4c745f','c900843e-9219-422e-b681-ff126f582eb8']::uuid[],1490,0,1000,726,'user_30uQARGezqSApAChPSGSwFyUy85');
INSERT INTO public.groups (id,project_id,name,node_ids,position_x,position_y,width,height,created_by) VALUES ('05ff9304-7ddb-4c81-b3ca-968198fa4cbb','78079b53-61f8-47e0-9160-2cdf3a0b7b8c','AOV & Retention',ARRAY['304a447b-a555-498e-9b09-a600b694f86f','ea1714d7-afe2-492b-a571-d6e4a55ba3a4','7694c959-6b4d-43f7-9a38-8324f3df5eb4','1eb14086-90f1-4588-9553-532a9b91d1f8','25d72386-fc3e-44c3-a95b-1910a5c6cf3a','dc34d63f-f687-466f-9ab2-5f9cd6edb90e','4cfe3036-3ec1-4dae-90e2-f6cbc00444ca','553e4c4f-56f5-471e-9fa9-a00486d302d0']::uuid[],0,1146,1000,726,'user_30uQARGezqSApAChPSGSwFyUy85');
INSERT INTO public.groups (id,project_id,name,node_ids,position_x,position_y,width,height,created_by) VALUES ('ae7279ce-aa8f-4c7e-9dfc-92277bdf18ce','78079b53-61f8-47e0-9160-2cdf3a0b7b8c','Cost Structure',ARRAY['c684940b-7e2b-4e7e-a552-b5fbf5721f29','c08dc618-7bf6-4f3f-acb2-cafc29b5bd1a','a0d698e3-19d7-49b3-a075-2d6bb1a752ac','58b54b3b-c95e-4a29-abbe-19ee8b532e6a','45d3d2e2-a26d-4f30-9107-8a4534b51de4','df8f415e-b7c8-4365-acef-d6df67e133b6','8406ae40-fa82-45fd-adc2-8418a36a9345','2149e3d0-1f75-4778-90be-cad5fbc9228d','8c717e80-a0b1-4d8a-b30c-4f4aecf4d03e']::uuid[],1160,1146,1000,726,'user_30uQARGezqSApAChPSGSwFyUy85');

DELETE FROM public.projects WHERE created_by='user_30uQARGezqSApAChPSGSwFyUy85' AND name='Retail (Walk-in) — Example Metric Tree';
INSERT INTO public.projects (id,name,description,created_by,last_modified_by,is_public,tags,settings) VALUES ('7568e5df-2ca2-426a-8c3b-9b59c5ad7f84','Retail (Walk-in) — Example Metric Tree','Decomposition of profit for a physical store: transactions = foot traffic × conversion, basket size, footfall drivers (incl. local social), and store cost structure.','user_30uQARGezqSApAChPSGSwFyUy85','user_30uQARGezqSApAChPSGSwFyUy85',true,ARRAY['example','template'],'{}');
INSERT INTO public.metric_cards (id,project_id,title,description,category,position_x,position_y,created_by,data) VALUES ('9a51b7cd-ba0e-4295-aeb5-21a560356fad','7568e5df-2ca2-426a-8c3b-9b59c5ad7f84','Profit','Revenue − Total Costs','Core/Value',0,1852,'user_30uQARGezqSApAChPSGSwFyUy85','[{"period":"2025-12","value":431758,"change_percent":0,"trend":"neutral"},{"period":"2026-01","value":439742,"change_percent":1.8,"trend":"up"},{"period":"2026-02","value":446769,"change_percent":1.6,"trend":"up"},{"period":"2026-03","value":460935,"change_percent":3.2,"trend":"up"},{"period":"2026-04","value":473361,"change_percent":2.7,"trend":"up"},{"period":"2026-05","value":487837,"change_percent":3.1,"trend":"up"},{"period":"2026-06","value":507580,"change_percent":4,"trend":"up"}]'::jsonb);
INSERT INTO public.metric_cards (id,project_id,title,description,category,position_x,position_y,created_by,data) VALUES ('e120f432-2f47-4cfb-b4bb-682fa44799b8','7568e5df-2ca2-426a-8c3b-9b59c5ad7f84','Revenue','Transactions × Avg Basket','Data/Metric',330,1852,'user_30uQARGezqSApAChPSGSwFyUy85','[{"period":"2025-12","value":621561,"change_percent":0,"trend":"neutral"},{"period":"2026-01","value":637198,"change_percent":2.5,"trend":"up"},{"period":"2026-02","value":657897,"change_percent":3.2,"trend":"up"},{"period":"2026-03","value":677493,"change_percent":3,"trend":"up"},{"period":"2026-04","value":706793,"change_percent":4.3,"trend":"up"},{"period":"2026-05","value":741102,"change_percent":4.9,"trend":"up"},{"period":"2026-06","value":766256,"change_percent":3.4,"trend":"up"}]'::jsonb);
INSERT INTO public.metric_cards (id,project_id,title,description,category,position_x,position_y,created_by,data) VALUES ('4ba05dd6-247a-4735-9d79-23e6326737e9','7568e5df-2ca2-426a-8c3b-9b59c5ad7f84','Transactions','Foot traffic × Conversion','Data/Metric',1520,86,'user_30uQARGezqSApAChPSGSwFyUy85','[{"period":"2025-12","value":63367,"change_percent":0,"trend":"neutral"},{"period":"2026-01","value":63884,"change_percent":0.8,"trend":"neutral"},{"period":"2026-02","value":64253,"change_percent":0.6,"trend":"neutral"},{"period":"2026-03","value":65490,"change_percent":1.9,"trend":"up"},{"period":"2026-04","value":67343,"change_percent":2.8,"trend":"up"},{"period":"2026-05","value":69299,"change_percent":2.9,"trend":"up"},{"period":"2026-06","value":72256,"change_percent":4.3,"trend":"up"}]'::jsonb);
INSERT INTO public.metric_cards (id,project_id,title,description,category,position_x,position_y,created_by,data) VALUES ('892277fb-8678-46a4-8df9-7631b4f3cf70','7568e5df-2ca2-426a-8c3b-9b59c5ad7f84','Average Basket Value','Items × Avg item price','Data/Metric',2180,306,'user_30uQARGezqSApAChPSGSwFyUy85','[{"period":"2025-12","value":157513,"change_percent":0,"trend":"neutral"},{"period":"2026-01","value":164883,"change_percent":4.7,"trend":"up"},{"period":"2026-02","value":172448,"change_percent":4.6,"trend":"up"},{"period":"2026-03","value":175777,"change_percent":1.9,"trend":"up"},{"period":"2026-04","value":178441,"change_percent":1.5,"trend":"up"},{"period":"2026-05","value":181967,"change_percent":2,"trend":"up"},{"period":"2026-06","value":183266,"change_percent":0.7,"trend":"neutral"}]'::jsonb);
INSERT INTO public.metric_cards (id,project_id,title,description,category,position_x,position_y,created_by,data) VALUES ('269ee59b-35df-4a34-900d-8b5a9eb052ec','7568e5df-2ca2-426a-8c3b-9b59c5ad7f84','Foot Traffic','Passersby × Capture rate','Data/Metric',30,86,'user_30uQARGezqSApAChPSGSwFyUy85','[{"period":"2025-12","value":21632,"change_percent":0,"trend":"neutral"},{"period":"2026-01","value":22529,"change_percent":4.1,"trend":"up"},{"period":"2026-02","value":23096,"change_percent":2.5,"trend":"up"},{"period":"2026-03","value":23481,"change_percent":1.7,"trend":"up"},{"period":"2026-04","value":24321,"change_percent":3.6,"trend":"up"},{"period":"2026-05","value":24741,"change_percent":1.7,"trend":"up"},{"period":"2026-06","value":25083,"change_percent":1.4,"trend":"up"}]'::jsonb);
INSERT INTO public.metric_cards (id,project_id,title,description,category,position_x,position_y,created_by,data) VALUES ('9fc12e39-4a51-4fbb-b97c-31825eadf361','7568e5df-2ca2-426a-8c3b-9b59c5ad7f84','Walk-in Conversion %','','Data/Metric',1850,86,'user_30uQARGezqSApAChPSGSwFyUy85','[{"period":"2025-12","value":16,"change_percent":0,"trend":"neutral"},{"period":"2026-01","value":16.6,"change_percent":3.8,"trend":"up"},{"period":"2026-02","value":17,"change_percent":2.4,"trend":"up"},{"period":"2026-03","value":17.9,"change_percent":5.3,"trend":"up"},{"period":"2026-04","value":18.9,"change_percent":5.6,"trend":"up"},{"period":"2026-05","value":19.4,"change_percent":2.6,"trend":"up"},{"period":"2026-06","value":20.5,"change_percent":5.7,"trend":"up"}]'::jsonb);
INSERT INTO public.metric_cards (id,project_id,title,description,category,position_x,position_y,created_by,data) VALUES ('cf53959a-9216-4009-a8ed-6b46c0878f0f','7568e5df-2ca2-426a-8c3b-9b59c5ad7f84','Items per Basket','','Data/Metric',1520,526,'user_30uQARGezqSApAChPSGSwFyUy85','[{"period":"2025-12","value":554788,"change_percent":0,"trend":"neutral"},{"period":"2026-01","value":571690,"change_percent":3,"trend":"up"},{"period":"2026-02","value":584753,"change_percent":2.3,"trend":"up"},{"period":"2026-03","value":602850,"change_percent":3.1,"trend":"up"},{"period":"2026-04","value":615485,"change_percent":2.1,"trend":"up"},{"period":"2026-05","value":633354,"change_percent":2.9,"trend":"up"},{"period":"2026-06","value":651246,"change_percent":2.8,"trend":"up"}]'::jsonb);
INSERT INTO public.metric_cards (id,project_id,title,description,category,position_x,position_y,created_by,data) VALUES ('536594fe-daef-4156-8831-ff8a9fdef156','7568e5df-2ca2-426a-8c3b-9b59c5ad7f84','Avg Item Price','','Data/Metric',1850,526,'user_30uQARGezqSApAChPSGSwFyUy85','[{"period":"2025-12","value":493659,"change_percent":0,"trend":"neutral"},{"period":"2026-01","value":515888,"change_percent":4.5,"trend":"up"},{"period":"2026-02","value":532902,"change_percent":3.3,"trend":"up"},{"period":"2026-03","value":567824,"change_percent":6.6,"trend":"up"},{"period":"2026-04","value":589745,"change_percent":3.9,"trend":"up"},{"period":"2026-05","value":625491,"change_percent":6.1,"trend":"up"},{"period":"2026-06","value":649762,"change_percent":3.9,"trend":"up"}]'::jsonb);
INSERT INTO public.metric_cards (id,project_id,title,description,category,position_x,position_y,created_by,data) VALUES ('1ff63427-ffbd-41db-849e-db698928142e','7568e5df-2ca2-426a-8c3b-9b59c5ad7f84','Impulse / POS add-ons','','Data/Metric',2180,526,'user_30uQARGezqSApAChPSGSwFyUy85','[{"period":"2025-12","value":4258,"change_percent":0,"trend":"neutral"},{"period":"2026-01","value":4502,"change_percent":5.7,"trend":"up"},{"period":"2026-02","value":4849,"change_percent":7.7,"trend":"up"},{"period":"2026-03","value":5115,"change_percent":5.5,"trend":"up"},{"period":"2026-04","value":5477,"change_percent":7.1,"trend":"up"},{"period":"2026-05","value":5777,"change_percent":5.5,"trend":"up"},{"period":"2026-06","value":6294,"change_percent":8.9,"trend":"up"}]'::jsonb);
INSERT INTO public.metric_cards (id,project_id,title,description,category,position_x,position_y,created_by,data) VALUES ('d9b070ac-e5c3-45d8-beb7-e8efbb18e6ed','7568e5df-2ca2-426a-8c3b-9b59c5ad7f84','Passersby (location footfall)','','Data/Metric',360,86,'user_30uQARGezqSApAChPSGSwFyUy85','[{"period":"2025-12","value":47379,"change_percent":0,"trend":"neutral"},{"period":"2026-01","value":50525,"change_percent":6.6,"trend":"up"},{"period":"2026-02","value":54119,"change_percent":7.1,"trend":"up"},{"period":"2026-03","value":56647,"change_percent":4.7,"trend":"up"},{"period":"2026-04","value":59982,"change_percent":5.9,"trend":"up"},{"period":"2026-05","value":63085,"change_percent":5.2,"trend":"up"},{"period":"2026-06","value":66818,"change_percent":5.9,"trend":"up"}]'::jsonb);
INSERT INTO public.metric_cards (id,project_id,title,description,category,position_x,position_y,created_by,data) VALUES ('66b18699-a014-4f35-bcc7-3fc8a1730eae','7568e5df-2ca2-426a-8c3b-9b59c5ad7f84','Capture Rate','Share who enter','Data/Metric',690,86,'user_30uQARGezqSApAChPSGSwFyUy85','[{"period":"2025-12","value":34.9,"change_percent":0,"trend":"neutral"},{"period":"2026-01","value":37.4,"change_percent":7.2,"trend":"up"},{"period":"2026-02","value":39.3,"change_percent":5.1,"trend":"up"},{"period":"2026-03","value":40.7,"change_percent":3.6,"trend":"up"},{"period":"2026-04","value":41.7,"change_percent":2.5,"trend":"up"},{"period":"2026-05","value":44,"change_percent":5.5,"trend":"up"},{"period":"2026-06","value":46.6,"change_percent":5.9,"trend":"up"}]'::jsonb);
INSERT INTO public.metric_cards (id,project_id,title,description,category,position_x,position_y,created_by,data) VALUES ('8d37025a-4bb4-4909-b57e-982841d30075','7568e5df-2ca2-426a-8c3b-9b59c5ad7f84','Window Display Score','','Data/Metric',1020,86,'user_30uQARGezqSApAChPSGSwFyUy85','[{"period":"2025-12","value":4853,"change_percent":0,"trend":"neutral"},{"period":"2026-01","value":5246,"change_percent":8.1,"trend":"up"},{"period":"2026-02","value":5727,"change_percent":9.2,"trend":"up"},{"period":"2026-03","value":6246,"change_percent":9.1,"trend":"up"},{"period":"2026-04","value":6777,"change_percent":8.5,"trend":"up"},{"period":"2026-05","value":7326,"change_percent":8.1,"trend":"up"},{"period":"2026-06","value":7934,"change_percent":8.3,"trend":"up"}]'::jsonb);
INSERT INTO public.metric_cards (id,project_id,title,description,category,position_x,position_y,created_by,data) VALUES ('174367e1-76c8-45ee-a1ed-f5e7f6472318','7568e5df-2ca2-426a-8c3b-9b59c5ad7f84','Signage / Promo Visibility','','Data/Metric',30,306,'user_30uQARGezqSApAChPSGSwFyUy85','[{"period":"2025-12","value":2282,"change_percent":0,"trend":"neutral"},{"period":"2026-01","value":2431,"change_percent":6.5,"trend":"up"},{"period":"2026-02","value":2602,"change_percent":7,"trend":"up"},{"period":"2026-03","value":2793,"change_percent":7.3,"trend":"up"},{"period":"2026-04","value":3032,"change_percent":8.6,"trend":"up"},{"period":"2026-05","value":3251,"change_percent":7.2,"trend":"up"},{"period":"2026-06","value":3507,"change_percent":7.9,"trend":"up"}]'::jsonb);
INSERT INTO public.metric_cards (id,project_id,title,description,category,position_x,position_y,created_by,data) VALUES ('4c3baef5-9c3d-42ec-8470-921b4db5ec15','7568e5df-2ca2-426a-8c3b-9b59c5ad7f84','Local Marketing Reach','','Data/Metric',360,306,'user_30uQARGezqSApAChPSGSwFyUy85','[{"period":"2025-12","value":61819,"change_percent":0,"trend":"neutral"},{"period":"2026-01","value":63752,"change_percent":3.1,"trend":"up"},{"period":"2026-02","value":65339,"change_percent":2.5,"trend":"up"},{"period":"2026-03","value":67544,"change_percent":3.4,"trend":"up"},{"period":"2026-04","value":69860,"change_percent":3.4,"trend":"up"},{"period":"2026-05","value":72047,"change_percent":3.1,"trend":"up"},{"period":"2026-06","value":75014,"change_percent":4.1,"trend":"up"}]'::jsonb);
INSERT INTO public.metric_cards (id,project_id,title,description,category,position_x,position_y,created_by,data) VALUES ('b6a58da1-5528-4386-ae83-90917ef02bfd','7568e5df-2ca2-426a-8c3b-9b59c5ad7f84','Local Social Awareness','Reach × engagement','Data/Metric',690,306,'user_30uQARGezqSApAChPSGSwFyUy85','[{"period":"2025-12","value":3919,"change_percent":0,"trend":"neutral"},{"period":"2026-01","value":4208,"change_percent":7.4,"trend":"up"},{"period":"2026-02","value":4505,"change_percent":7.1,"trend":"up"},{"period":"2026-03","value":4701,"change_percent":4.4,"trend":"up"},{"period":"2026-04","value":5024,"change_percent":6.9,"trend":"up"},{"period":"2026-05","value":5407,"change_percent":7.6,"trend":"up"},{"period":"2026-06","value":5666,"change_percent":4.8,"trend":"up"}]'::jsonb);
INSERT INTO public.metric_cards (id,project_id,title,description,category,position_x,position_y,created_by,data) VALUES ('b56211bd-ee9c-4782-9c3f-a1997963f8b1','7568e5df-2ca2-426a-8c3b-9b59c5ad7f84','Social Reach / Followers','','Data/Metric',1020,306,'user_30uQARGezqSApAChPSGSwFyUy85','[{"period":"2025-12","value":10949,"change_percent":0,"trend":"neutral"},{"period":"2026-01","value":11459,"change_percent":4.7,"trend":"up"},{"period":"2026-02","value":12186,"change_percent":6.3,"trend":"up"},{"period":"2026-03","value":12558,"change_percent":3.1,"trend":"up"},{"period":"2026-04","value":12922,"change_percent":2.9,"trend":"up"},{"period":"2026-05","value":13372,"change_percent":3.5,"trend":"up"},{"period":"2026-06","value":14034,"change_percent":5,"trend":"up"}]'::jsonb);
INSERT INTO public.metric_cards (id,project_id,title,description,category,position_x,position_y,created_by,data) VALUES ('ee9d8df6-b66e-407e-bdfb-68dc29f58703','7568e5df-2ca2-426a-8c3b-9b59c5ad7f84','Social Engagement','','Data/Metric',30,526,'user_30uQARGezqSApAChPSGSwFyUy85','[{"period":"2025-12","value":4215,"change_percent":0,"trend":"neutral"},{"period":"2026-01","value":4400,"change_percent":4.4,"trend":"up"},{"period":"2026-02","value":4509,"change_percent":2.5,"trend":"up"},{"period":"2026-03","value":4540,"change_percent":0.7,"trend":"neutral"},{"period":"2026-04","value":4563,"change_percent":0.5,"trend":"neutral"},{"period":"2026-05","value":4554,"change_percent":-0.2,"trend":"neutral"},{"period":"2026-06","value":4609,"change_percent":1.2,"trend":"up"}]'::jsonb);
INSERT INTO public.metric_cards (id,project_id,title,description,category,position_x,position_y,created_by,data) VALUES ('83bf3c7b-f78b-4154-9c55-04fe25d62485','7568e5df-2ca2-426a-8c3b-9b59c5ad7f84','In-store Events / Promos','','Data/Metric',360,526,'user_30uQARGezqSApAChPSGSwFyUy85','[{"period":"2025-12","value":3919,"change_percent":0,"trend":"neutral"},{"period":"2026-01","value":4000,"change_percent":2.1,"trend":"up"},{"period":"2026-02","value":4060,"change_percent":1.5,"trend":"up"},{"period":"2026-03","value":4068,"change_percent":0.2,"trend":"neutral"},{"period":"2026-04","value":4070,"change_percent":0,"trend":"neutral"},{"period":"2026-05","value":4232,"change_percent":4,"trend":"up"},{"period":"2026-06","value":4303,"change_percent":1.7,"trend":"up"}]'::jsonb);
INSERT INTO public.metric_cards (id,project_id,title,description,category,position_x,position_y,created_by,data) VALUES ('7e3b2cb1-76f9-49c9-a52e-963900546ee8','7568e5df-2ca2-426a-8c3b-9b59c5ad7f84','Seasonality / Weather','','Data/Metric',690,526,'user_30uQARGezqSApAChPSGSwFyUy85','[{"period":"2025-12","value":3579,"change_percent":0,"trend":"neutral"},{"period":"2026-01","value":3873,"change_percent":8.2,"trend":"up"},{"period":"2026-02","value":4050,"change_percent":4.6,"trend":"up"},{"period":"2026-03","value":4301,"change_percent":6.2,"trend":"up"},{"period":"2026-04","value":4675,"change_percent":8.7,"trend":"up"},{"period":"2026-05","value":4931,"change_percent":5.5,"trend":"up"},{"period":"2026-06","value":5346,"change_percent":8.4,"trend":"up"}]'::jsonb);
INSERT INTO public.metric_cards (id,project_id,title,description,category,position_x,position_y,created_by,data) VALUES ('e53254dd-37aa-4a2d-b098-9061c6d3749c','7568e5df-2ca2-426a-8c3b-9b59c5ad7f84','Staff : Customer Ratio','','Data/Metric',2180,86,'user_30uQARGezqSApAChPSGSwFyUy85','[{"period":"2025-12","value":6.1,"change_percent":0,"trend":"neutral"},{"period":"2026-01","value":6.2,"change_percent":1.6,"trend":"up"},{"period":"2026-02","value":6.5,"change_percent":4.8,"trend":"up"},{"period":"2026-03","value":6.9,"change_percent":6.2,"trend":"up"},{"period":"2026-04","value":7.2,"change_percent":4.3,"trend":"up"},{"period":"2026-05","value":7.6,"change_percent":5.6,"trend":"up"},{"period":"2026-06","value":7.7,"change_percent":1.3,"trend":"up"}]'::jsonb);
INSERT INTO public.metric_cards (id,project_id,title,description,category,position_x,position_y,created_by,data) VALUES ('e490894b-76bb-4e01-8d8a-f9042acd5a80','7568e5df-2ca2-426a-8c3b-9b59c5ad7f84','Product Availability %','','Data/Metric',1520,306,'user_30uQARGezqSApAChPSGSwFyUy85','[{"period":"2025-12","value":2.7,"change_percent":0,"trend":"neutral"},{"period":"2026-01","value":2.9,"change_percent":7.4,"trend":"up"},{"period":"2026-02","value":3.1,"change_percent":6.9,"trend":"up"},{"period":"2026-03","value":3.4,"change_percent":9.7,"trend":"up"},{"period":"2026-04","value":3.6,"change_percent":5.9,"trend":"up"},{"period":"2026-05","value":3.9,"change_percent":8.3,"trend":"up"},{"period":"2026-06","value":4.1,"change_percent":5.1,"trend":"up"}]'::jsonb);
INSERT INTO public.metric_cards (id,project_id,title,description,category,position_x,position_y,created_by,data) VALUES ('a898725e-ecfc-43e9-98f2-f43ea08f27ba','7568e5df-2ca2-426a-8c3b-9b59c5ad7f84','Avg Queue Time','','Data/Metric',1850,306,'user_30uQARGezqSApAChPSGSwFyUy85','[{"period":"2025-12","value":4922,"change_percent":0,"trend":"neutral"},{"period":"2026-01","value":4630,"change_percent":-5.9,"trend":"down"},{"period":"2026-02","value":4457,"change_percent":-3.7,"trend":"down"},{"period":"2026-03","value":4095,"change_percent":-8.1,"trend":"down"},{"period":"2026-04","value":3885,"change_percent":-5.1,"trend":"down"},{"period":"2026-05","value":3606,"change_percent":-7.2,"trend":"down"},{"period":"2026-06","value":3310,"change_percent":-8.2,"trend":"down"}]'::jsonb);
INSERT INTO public.metric_cards (id,project_id,title,description,category,position_x,position_y,created_by,data) VALUES ('afaccf2b-6ada-4dcb-b909-31a24a4dc835','7568e5df-2ca2-426a-8c3b-9b59c5ad7f84','Loyalty Members','','Data/Metric',30,1012,'user_30uQARGezqSApAChPSGSwFyUy85','[{"period":"2025-12","value":10633,"change_percent":0,"trend":"neutral"},{"period":"2026-01","value":10974,"change_percent":3.2,"trend":"up"},{"period":"2026-02","value":11086,"change_percent":1,"trend":"neutral"},{"period":"2026-03","value":11606,"change_percent":4.7,"trend":"up"},{"period":"2026-04","value":11691,"change_percent":0.7,"trend":"neutral"},{"period":"2026-05","value":11927,"change_percent":2,"trend":"up"},{"period":"2026-06","value":12253,"change_percent":2.7,"trend":"up"}]'::jsonb);
INSERT INTO public.metric_cards (id,project_id,title,description,category,position_x,position_y,created_by,data) VALUES ('2d0f7e06-4cee-487d-85d9-67319a743ba2','7568e5df-2ca2-426a-8c3b-9b59c5ad7f84','Repeat Visit Rate','','Data/Metric',360,1012,'user_30uQARGezqSApAChPSGSwFyUy85','[{"period":"2025-12","value":9.9,"change_percent":0,"trend":"neutral"},{"period":"2026-01","value":10.4,"change_percent":5.1,"trend":"up"},{"period":"2026-02","value":11.2,"change_percent":7.7,"trend":"up"},{"period":"2026-03","value":11.8,"change_percent":5.4,"trend":"up"},{"period":"2026-04","value":12.6,"change_percent":6.8,"trend":"up"},{"period":"2026-05","value":13.9,"change_percent":10.3,"trend":"up"},{"period":"2026-06","value":14.9,"change_percent":7.2,"trend":"up"}]'::jsonb);
INSERT INTO public.metric_cards (id,project_id,title,description,category,position_x,position_y,created_by,data) VALUES ('9bd6f72a-578f-40d0-a54c-37b00f56e958','7568e5df-2ca2-426a-8c3b-9b59c5ad7f84','Customer Satisfaction (NPS)','','Data/Metric',30,1232,'user_30uQARGezqSApAChPSGSwFyUy85','[{"period":"2025-12","value":26.3,"change_percent":0,"trend":"neutral"},{"period":"2026-01","value":27.1,"change_percent":3,"trend":"up"},{"period":"2026-02","value":28.9,"change_percent":6.6,"trend":"up"},{"period":"2026-03","value":30.9,"change_percent":6.9,"trend":"up"},{"period":"2026-04","value":32.6,"change_percent":5.5,"trend":"up"},{"period":"2026-05","value":33.7,"change_percent":3.4,"trend":"up"},{"period":"2026-06","value":35.8,"change_percent":6.2,"trend":"up"}]'::jsonb);
INSERT INTO public.metric_cards (id,project_id,title,description,category,position_x,position_y,created_by,data) VALUES ('78f53be3-1e3f-41ad-8070-8de0a2a44c06','7568e5df-2ca2-426a-8c3b-9b59c5ad7f84','Total Costs','','Data/Metric',860,1012,'user_30uQARGezqSApAChPSGSwFyUy85','[{"period":"2025-12","value":568613,"change_percent":0,"trend":"neutral"},{"period":"2026-01","value":553552,"change_percent":-2.6,"trend":"down"},{"period":"2026-02","value":530226,"change_percent":-4.2,"trend":"down"},{"period":"2026-03","value":507344,"change_percent":-4.3,"trend":"down"},{"period":"2026-04","value":501469,"change_percent":-1.2,"trend":"down"},{"period":"2026-05","value":478086,"change_percent":-4.7,"trend":"down"},{"period":"2026-06","value":458959,"change_percent":-4,"trend":"down"}]'::jsonb);
INSERT INTO public.metric_cards (id,project_id,title,description,category,position_x,position_y,created_by,data) VALUES ('11580012-fee1-470b-803e-c24e93ba7774','7568e5df-2ca2-426a-8c3b-9b59c5ad7f84','COGS','','Data/Metric',1190,1012,'user_30uQARGezqSApAChPSGSwFyUy85','[{"period":"2025-12","value":289820,"change_percent":0,"trend":"neutral"},{"period":"2026-01","value":267746,"change_percent":-7.6,"trend":"down"},{"period":"2026-02","value":246467,"change_percent":-7.9,"trend":"down"},{"period":"2026-03","value":227630,"change_percent":-7.6,"trend":"down"},{"period":"2026-04","value":208394,"change_percent":-8.5,"trend":"down"},{"period":"2026-05","value":195060,"change_percent":-6.4,"trend":"down"},{"period":"2026-06","value":184004,"change_percent":-5.7,"trend":"down"}]'::jsonb);
INSERT INTO public.metric_cards (id,project_id,title,description,category,position_x,position_y,created_by,data) VALUES ('78ecad05-dc84-4b9f-8f1d-1248c1f6078b','7568e5df-2ca2-426a-8c3b-9b59c5ad7f84','Gross Margin %','','Data/Metric',1520,1012,'user_30uQARGezqSApAChPSGSwFyUy85','[{"period":"2025-12","value":29.5,"change_percent":0,"trend":"neutral"},{"period":"2026-01","value":30.2,"change_percent":2.4,"trend":"up"},{"period":"2026-02","value":31.2,"change_percent":3.3,"trend":"up"},{"period":"2026-03","value":32,"change_percent":2.6,"trend":"up"},{"period":"2026-04","value":33,"change_percent":3.1,"trend":"up"},{"period":"2026-05","value":34.5,"change_percent":4.5,"trend":"up"},{"period":"2026-06","value":36.1,"change_percent":4.6,"trend":"up"}]'::jsonb);
INSERT INTO public.metric_cards (id,project_id,title,description,category,position_x,position_y,created_by,data) VALUES ('7d4cbddf-98b2-4817-bce8-71e98c02636f','7568e5df-2ca2-426a-8c3b-9b59c5ad7f84','Rent','','Data/Metric',1850,1012,'user_30uQARGezqSApAChPSGSwFyUy85','[{"period":"2025-12","value":383312,"change_percent":0,"trend":"neutral"},{"period":"2026-01","value":408477,"change_percent":6.6,"trend":"up"},{"period":"2026-02","value":431846,"change_percent":5.7,"trend":"up"},{"period":"2026-03","value":459525,"change_percent":6.4,"trend":"up"},{"period":"2026-04","value":487578,"change_percent":6.1,"trend":"up"},{"period":"2026-05","value":536632,"change_percent":10.1,"trend":"up"},{"period":"2026-06","value":579647,"change_percent":8,"trend":"up"}]'::jsonb);
INSERT INTO public.metric_cards (id,project_id,title,description,category,position_x,position_y,created_by,data) VALUES ('fe204ff7-c56b-4b14-b53a-f9ce498104e7','7568e5df-2ca2-426a-8c3b-9b59c5ad7f84','Labor Cost','','Data/Metric',860,1232,'user_30uQARGezqSApAChPSGSwFyUy85','[{"period":"2025-12","value":584092,"change_percent":0,"trend":"neutral"},{"period":"2026-01","value":560580,"change_percent":-4,"trend":"down"},{"period":"2026-02","value":531948,"change_percent":-5.1,"trend":"down"},{"period":"2026-03","value":498116,"change_percent":-6.4,"trend":"down"},{"period":"2026-04","value":462769,"change_percent":-7.1,"trend":"down"},{"period":"2026-05","value":440298,"change_percent":-4.9,"trend":"down"},{"period":"2026-06","value":427531,"change_percent":-2.9,"trend":"down"}]'::jsonb);
INSERT INTO public.metric_cards (id,project_id,title,description,category,position_x,position_y,created_by,data) VALUES ('4b991af1-383f-443f-888e-6956079a7c69','7568e5df-2ca2-426a-8c3b-9b59c5ad7f84','Staff Hours','','Data/Metric',1190,1232,'user_30uQARGezqSApAChPSGSwFyUy85','[{"period":"2025-12","value":1888,"change_percent":0,"trend":"neutral"},{"period":"2026-01","value":1958,"change_percent":3.7,"trend":"up"},{"period":"2026-02","value":2014,"change_percent":2.9,"trend":"up"},{"period":"2026-03","value":2045,"change_percent":1.5,"trend":"up"},{"period":"2026-04","value":2134,"change_percent":4.4,"trend":"up"},{"period":"2026-05","value":2243,"change_percent":5.1,"trend":"up"},{"period":"2026-06","value":2267,"change_percent":1.1,"trend":"up"}]'::jsonb);
INSERT INTO public.metric_cards (id,project_id,title,description,category,position_x,position_y,created_by,data) VALUES ('8544ccb0-b696-4b0f-84da-ef198fc83d6e','7568e5df-2ca2-426a-8c3b-9b59c5ad7f84','Avg Wage','','Data/Metric',1520,1232,'user_30uQARGezqSApAChPSGSwFyUy85','[{"period":"2025-12","value":252905,"change_percent":0,"trend":"neutral"},{"period":"2026-01","value":268400,"change_percent":6.1,"trend":"up"},{"period":"2026-02","value":288215,"change_percent":7.4,"trend":"up"},{"period":"2026-03","value":295382,"change_percent":2.5,"trend":"up"},{"period":"2026-04","value":310763,"change_percent":5.2,"trend":"up"},{"period":"2026-05","value":328641,"change_percent":5.8,"trend":"up"},{"period":"2026-06","value":346192,"change_percent":5.3,"trend":"up"}]'::jsonb);
INSERT INTO public.metric_cards (id,project_id,title,description,category,position_x,position_y,created_by,data) VALUES ('c39b1bb1-a815-4e18-be54-c58f3782df3f','7568e5df-2ca2-426a-8c3b-9b59c5ad7f84','Utilities','','Data/Metric',1850,1232,'user_30uQARGezqSApAChPSGSwFyUy85','[{"period":"2025-12","value":4372,"change_percent":0,"trend":"neutral"},{"period":"2026-01","value":4648,"change_percent":6.3,"trend":"up"},{"period":"2026-02","value":4840,"change_percent":4.1,"trend":"up"},{"period":"2026-03","value":5141,"change_percent":6.2,"trend":"up"},{"period":"2026-04","value":5472,"change_percent":6.4,"trend":"up"},{"period":"2026-05","value":5561,"change_percent":1.6,"trend":"up"},{"period":"2026-06","value":5844,"change_percent":5.1,"trend":"up"}]'::jsonb);
INSERT INTO public.metric_cards (id,project_id,title,description,category,position_x,position_y,created_by,data) VALUES ('0abb3b6f-f6d3-45ce-96a8-ab3765cc65a3','7568e5df-2ca2-426a-8c3b-9b59c5ad7f84','Shrinkage (loss/theft)','','Data/Metric',860,1452,'user_30uQARGezqSApAChPSGSwFyUy85','[{"period":"2025-12","value":4147,"change_percent":0,"trend":"neutral"},{"period":"2026-01","value":3913,"change_percent":-5.6,"trend":"down"},{"period":"2026-02","value":3798,"change_percent":-2.9,"trend":"down"},{"period":"2026-03","value":3696,"change_percent":-2.7,"trend":"down"},{"period":"2026-04","value":3438,"change_percent":-7,"trend":"down"},{"period":"2026-05","value":3262,"change_percent":-5.1,"trend":"down"},{"period":"2026-06","value":3098,"change_percent":-5,"trend":"down"}]'::jsonb);
INSERT INTO public.metric_cards (id,project_id,title,description,category,position_x,position_y,created_by,data) VALUES ('33686dc4-968b-4873-b192-9b6306e648e8','7568e5df-2ca2-426a-8c3b-9b59c5ad7f84','Marketing Spend','','Data/Metric',1190,1452,'user_30uQARGezqSApAChPSGSwFyUy85','[{"period":"2025-12","value":447916,"change_percent":0,"trend":"neutral"},{"period":"2026-01","value":462838,"change_percent":3.3,"trend":"up"},{"period":"2026-02","value":473349,"change_percent":2.3,"trend":"up"},{"period":"2026-03","value":496505,"change_percent":4.9,"trend":"up"},{"period":"2026-04","value":508244,"change_percent":2.4,"trend":"up"},{"period":"2026-05","value":524451,"change_percent":3.2,"trend":"up"},{"period":"2026-06","value":548600,"change_percent":4.6,"trend":"up"}]'::jsonb);
INSERT INTO public.metric_cards (id,project_id,title,description,category,position_x,position_y,created_by,data) VALUES ('0a33f434-f1fc-42d2-b404-b00c383b6ec1','7568e5df-2ca2-426a-8c3b-9b59c5ad7f84','Staff sales training','','Work/Action',660,1852,'user_30uQARGezqSApAChPSGSwFyUy85','[]'::jsonb);
INSERT INTO public.metric_cards (id,project_id,title,description,category,position_x,position_y,created_by,data) VALUES ('4a321556-8cb2-4f07-bbfe-4ae9773e9d36','7568e5df-2ca2-426a-8c3b-9b59c5ad7f84','Loyalty program','','Work/Action',990,1852,'user_30uQARGezqSApAChPSGSwFyUy85','[]'::jsonb);
INSERT INTO public.metric_cards (id,project_id,title,description,category,position_x,position_y,created_by,data) VALUES ('678112eb-fbb0-410a-b66e-4e653a2c68d0','7568e5df-2ca2-426a-8c3b-9b59c5ad7f84','Refresh window display','','Work/Action',1320,1852,'user_30uQARGezqSApAChPSGSwFyUy85','[]'::jsonb);
INSERT INTO public.metric_cards (id,project_id,title,description,category,position_x,position_y,created_by,data) VALUES ('8e8c8efa-40a4-4a37-8290-f3322a9b79f5','7568e5df-2ca2-426a-8c3b-9b59c5ad7f84','Local social campaign','','Work/Action',1650,1852,'user_30uQARGezqSApAChPSGSwFyUy85','[]'::jsonb);
INSERT INTO public.metric_cards (id,project_id,title,description,category,position_x,position_y,created_by,data) VALUES ('c76b7dcf-37ba-4e4a-b9ce-4dc89301c7d4','7568e5df-2ca2-426a-8c3b-9b59c5ad7f84','Optimize store layout','','Work/Action',0,2072,'user_30uQARGezqSApAChPSGSwFyUy85','[]'::jsonb);
INSERT INTO public.metric_cards (id,project_id,title,description,category,position_x,position_y,created_by,data) VALUES ('ecbc0703-128e-43bc-858c-5c2028b49101','7568e5df-2ca2-426a-8c3b-9b59c5ad7f84','Weekend events lift foot traffic','','Ideas/Hypothesis',330,2072,'user_30uQARGezqSApAChPSGSwFyUy85','[]'::jsonb);
INSERT INTO public.metric_cards (id,project_id,title,description,category,position_x,position_y,created_by,data) VALUES ('c303c6f1-70cc-4050-aabb-362529ebee1f','7568e5df-2ca2-426a-8c3b-9b59c5ad7f84','More staff lifts conversion','','Ideas/Hypothesis',660,2072,'user_30uQARGezqSApAChPSGSwFyUy85','[]'::jsonb);
INSERT INTO public.relationships (id,project_id,source_id,target_id,type,confidence,weight,created_by) VALUES ('91ebf140-71ba-4b86-bfc7-e00634face8e','7568e5df-2ca2-426a-8c3b-9b59c5ad7f84','e120f432-2f47-4cfb-b4bb-682fa44799b8','9a51b7cd-ba0e-4295-aeb5-21a560356fad','Compositional','High',95,'user_30uQARGezqSApAChPSGSwFyUy85');
INSERT INTO public.relationships (id,project_id,source_id,target_id,type,confidence,weight,created_by) VALUES ('6c38c7f0-f192-4192-afeb-72ace3393b48','7568e5df-2ca2-426a-8c3b-9b59c5ad7f84','78f53be3-1e3f-41ad-8070-8de0a2a44c06','9a51b7cd-ba0e-4295-aeb5-21a560356fad','Compositional','High',90,'user_30uQARGezqSApAChPSGSwFyUy85');
INSERT INTO public.relationships (id,project_id,source_id,target_id,type,confidence,weight,created_by) VALUES ('6d49a3ab-06ea-4a8e-8bba-60b62734f87f','7568e5df-2ca2-426a-8c3b-9b59c5ad7f84','78ecad05-dc84-4b9f-8f1d-1248c1f6078b','9a51b7cd-ba0e-4295-aeb5-21a560356fad','Causal','High',70,'user_30uQARGezqSApAChPSGSwFyUy85');
INSERT INTO public.relationships (id,project_id,source_id,target_id,type,confidence,weight,created_by) VALUES ('996bdd32-a7d5-48f8-afb0-4585d130f0ba','7568e5df-2ca2-426a-8c3b-9b59c5ad7f84','4ba05dd6-247a-4735-9d79-23e6326737e9','e120f432-2f47-4cfb-b4bb-682fa44799b8','Deterministic','High',95,'user_30uQARGezqSApAChPSGSwFyUy85');
INSERT INTO public.relationships (id,project_id,source_id,target_id,type,confidence,weight,created_by) VALUES ('5f48ab3a-52d8-456a-8d7c-bd7025a096e5','7568e5df-2ca2-426a-8c3b-9b59c5ad7f84','892277fb-8678-46a4-8df9-7631b4f3cf70','e120f432-2f47-4cfb-b4bb-682fa44799b8','Deterministic','High',90,'user_30uQARGezqSApAChPSGSwFyUy85');
INSERT INTO public.relationships (id,project_id,source_id,target_id,type,confidence,weight,created_by) VALUES ('4669791d-930d-40cc-99fc-6fb5c3df4853','7568e5df-2ca2-426a-8c3b-9b59c5ad7f84','269ee59b-35df-4a34-900d-8b5a9eb052ec','4ba05dd6-247a-4735-9d79-23e6326737e9','Deterministic','High',90,'user_30uQARGezqSApAChPSGSwFyUy85');
INSERT INTO public.relationships (id,project_id,source_id,target_id,type,confidence,weight,created_by) VALUES ('779f8985-fa34-4eb1-a74b-052627ebd52e','7568e5df-2ca2-426a-8c3b-9b59c5ad7f84','9fc12e39-4a51-4fbb-b97c-31825eadf361','4ba05dd6-247a-4735-9d79-23e6326737e9','Probabilistic','High',85,'user_30uQARGezqSApAChPSGSwFyUy85');
INSERT INTO public.relationships (id,project_id,source_id,target_id,type,confidence,weight,created_by) VALUES ('9a62684e-89e6-4553-8345-3d9e491d0fc9','7568e5df-2ca2-426a-8c3b-9b59c5ad7f84','cf53959a-9216-4009-a8ed-6b46c0878f0f','892277fb-8678-46a4-8df9-7631b4f3cf70','Deterministic','High',80,'user_30uQARGezqSApAChPSGSwFyUy85');
INSERT INTO public.relationships (id,project_id,source_id,target_id,type,confidence,weight,created_by) VALUES ('78544a0b-b4da-499e-bb18-d26d1ad82698','7568e5df-2ca2-426a-8c3b-9b59c5ad7f84','536594fe-daef-4156-8831-ff8a9fdef156','892277fb-8678-46a4-8df9-7631b4f3cf70','Deterministic','High',75,'user_30uQARGezqSApAChPSGSwFyUy85');
INSERT INTO public.relationships (id,project_id,source_id,target_id,type,confidence,weight,created_by) VALUES ('6d244118-fe43-43f4-a641-1dad3b86e3f6','7568e5df-2ca2-426a-8c3b-9b59c5ad7f84','1ff63427-ffbd-41db-849e-db698928142e','892277fb-8678-46a4-8df9-7631b4f3cf70','Causal','High',55,'user_30uQARGezqSApAChPSGSwFyUy85');
INSERT INTO public.relationships (id,project_id,source_id,target_id,type,confidence,weight,created_by) VALUES ('ec5bd0e8-826a-4e86-9d1c-b94bfdb99356','7568e5df-2ca2-426a-8c3b-9b59c5ad7f84','d9b070ac-e5c3-45d8-beb7-e8efbb18e6ed','269ee59b-35df-4a34-900d-8b5a9eb052ec','Deterministic','High',80,'user_30uQARGezqSApAChPSGSwFyUy85');
INSERT INTO public.relationships (id,project_id,source_id,target_id,type,confidence,weight,created_by) VALUES ('224bfa09-41e1-4970-b09f-71192d989e45','7568e5df-2ca2-426a-8c3b-9b59c5ad7f84','66b18699-a014-4f35-bcc7-3fc8a1730eae','269ee59b-35df-4a34-900d-8b5a9eb052ec','Probabilistic','High',75,'user_30uQARGezqSApAChPSGSwFyUy85');
INSERT INTO public.relationships (id,project_id,source_id,target_id,type,confidence,weight,created_by) VALUES ('7e6a452e-3ed2-4bfc-a50b-e587fb109609','7568e5df-2ca2-426a-8c3b-9b59c5ad7f84','8d37025a-4bb4-4909-b57e-982841d30075','66b18699-a014-4f35-bcc7-3fc8a1730eae','Causal','High',70,'user_30uQARGezqSApAChPSGSwFyUy85');
INSERT INTO public.relationships (id,project_id,source_id,target_id,type,confidence,weight,created_by) VALUES ('e6684520-ad2b-4467-89bc-a278a0777eca','7568e5df-2ca2-426a-8c3b-9b59c5ad7f84','174367e1-76c8-45ee-a1ed-f5e7f6472318','66b18699-a014-4f35-bcc7-3fc8a1730eae','Causal','High',60,'user_30uQARGezqSApAChPSGSwFyUy85');
INSERT INTO public.relationships (id,project_id,source_id,target_id,type,confidence,weight,created_by) VALUES ('5dda9e07-6340-4cd8-91bf-3e9bf6bc5a03','7568e5df-2ca2-426a-8c3b-9b59c5ad7f84','4c3baef5-9c3d-42ec-8470-921b4db5ec15','d9b070ac-e5c3-45d8-beb7-e8efbb18e6ed','Causal','High',55,'user_30uQARGezqSApAChPSGSwFyUy85');
INSERT INTO public.relationships (id,project_id,source_id,target_id,type,confidence,weight,created_by) VALUES ('0035401c-f7ba-429e-8d84-f0bb517228bf','7568e5df-2ca2-426a-8c3b-9b59c5ad7f84','b6a58da1-5528-4386-ae83-90917ef02bfd','d9b070ac-e5c3-45d8-beb7-e8efbb18e6ed','Causal','High',50,'user_30uQARGezqSApAChPSGSwFyUy85');
INSERT INTO public.relationships (id,project_id,source_id,target_id,type,confidence,weight,created_by) VALUES ('69ab0fc7-06f4-4f94-9bd9-881e61772d5c','7568e5df-2ca2-426a-8c3b-9b59c5ad7f84','b56211bd-ee9c-4782-9c3f-a1997963f8b1','b6a58da1-5528-4386-ae83-90917ef02bfd','Causal','High',65,'user_30uQARGezqSApAChPSGSwFyUy85');
INSERT INTO public.relationships (id,project_id,source_id,target_id,type,confidence,weight,created_by) VALUES ('1acc7a18-b1da-416a-bab4-38b2cec1a139','7568e5df-2ca2-426a-8c3b-9b59c5ad7f84','ee9d8df6-b66e-407e-bdfb-68dc29f58703','b6a58da1-5528-4386-ae83-90917ef02bfd','Causal','High',55,'user_30uQARGezqSApAChPSGSwFyUy85');
INSERT INTO public.relationships (id,project_id,source_id,target_id,type,confidence,weight,created_by) VALUES ('06ca8994-4273-4c1b-9dfd-1d799d3b3ae0','7568e5df-2ca2-426a-8c3b-9b59c5ad7f84','83bf3c7b-f78b-4154-9c55-04fe25d62485','269ee59b-35df-4a34-900d-8b5a9eb052ec','Causal','High',60,'user_30uQARGezqSApAChPSGSwFyUy85');
INSERT INTO public.relationships (id,project_id,source_id,target_id,type,confidence,weight,created_by) VALUES ('ac156e29-6f84-4060-97c3-e691dca1a0ca','7568e5df-2ca2-426a-8c3b-9b59c5ad7f84','7e3b2cb1-76f9-49c9-a52e-963900546ee8','d9b070ac-e5c3-45d8-beb7-e8efbb18e6ed','Causal','High',50,'user_30uQARGezqSApAChPSGSwFyUy85');
INSERT INTO public.relationships (id,project_id,source_id,target_id,type,confidence,weight,created_by) VALUES ('d2aa809b-aa2c-4c33-a0b3-0d281d487556','7568e5df-2ca2-426a-8c3b-9b59c5ad7f84','e53254dd-37aa-4a2d-b098-9061c6d3749c','9fc12e39-4a51-4fbb-b97c-31825eadf361','Causal','High',70,'user_30uQARGezqSApAChPSGSwFyUy85');
INSERT INTO public.relationships (id,project_id,source_id,target_id,type,confidence,weight,created_by) VALUES ('26f9985a-8087-42fe-8c80-7e1142c79f99','7568e5df-2ca2-426a-8c3b-9b59c5ad7f84','e490894b-76bb-4e01-8d8a-f9042acd5a80','9fc12e39-4a51-4fbb-b97c-31825eadf361','Causal','High',70,'user_30uQARGezqSApAChPSGSwFyUy85');
INSERT INTO public.relationships (id,project_id,source_id,target_id,type,confidence,weight,created_by) VALUES ('163775da-3837-4222-8c28-33a28f0e4161','7568e5df-2ca2-426a-8c3b-9b59c5ad7f84','a898725e-ecfc-43e9-98f2-f43ea08f27ba','9fc12e39-4a51-4fbb-b97c-31825eadf361','Causal','High',60,'user_30uQARGezqSApAChPSGSwFyUy85');
INSERT INTO public.relationships (id,project_id,source_id,target_id,type,confidence,weight,created_by) VALUES ('16f9280a-6ed1-4ce7-9779-c12943c86de9','7568e5df-2ca2-426a-8c3b-9b59c5ad7f84','afaccf2b-6ada-4dcb-b909-31a24a4dc835','2d0f7e06-4cee-487d-85d9-67319a743ba2','Causal','High',70,'user_30uQARGezqSApAChPSGSwFyUy85');
INSERT INTO public.relationships (id,project_id,source_id,target_id,type,confidence,weight,created_by) VALUES ('dbd9a221-8172-4bac-a50d-357dbb5640d8','7568e5df-2ca2-426a-8c3b-9b59c5ad7f84','2d0f7e06-4cee-487d-85d9-67319a743ba2','269ee59b-35df-4a34-900d-8b5a9eb052ec','Causal','High',55,'user_30uQARGezqSApAChPSGSwFyUy85');
INSERT INTO public.relationships (id,project_id,source_id,target_id,type,confidence,weight,created_by) VALUES ('7ecc4c30-c78f-4553-ac77-2731fcf4210a','7568e5df-2ca2-426a-8c3b-9b59c5ad7f84','9bd6f72a-578f-40d0-a54c-37b00f56e958','2d0f7e06-4cee-487d-85d9-67319a743ba2','Causal','High',60,'user_30uQARGezqSApAChPSGSwFyUy85');
INSERT INTO public.relationships (id,project_id,source_id,target_id,type,confidence,weight,created_by) VALUES ('b7a7bc9a-7d75-46cf-ad5f-52da567cbaed','7568e5df-2ca2-426a-8c3b-9b59c5ad7f84','11580012-fee1-470b-803e-c24e93ba7774','78f53be3-1e3f-41ad-8070-8de0a2a44c06','Compositional','High',80,'user_30uQARGezqSApAChPSGSwFyUy85');
INSERT INTO public.relationships (id,project_id,source_id,target_id,type,confidence,weight,created_by) VALUES ('958dd2b4-d67e-4cf6-9016-575aab07d3db','7568e5df-2ca2-426a-8c3b-9b59c5ad7f84','7d4cbddf-98b2-4817-bce8-71e98c02636f','78f53be3-1e3f-41ad-8070-8de0a2a44c06','Compositional','High',70,'user_30uQARGezqSApAChPSGSwFyUy85');
INSERT INTO public.relationships (id,project_id,source_id,target_id,type,confidence,weight,created_by) VALUES ('328158a6-6ae1-4331-bf73-14ec3281ad16','7568e5df-2ca2-426a-8c3b-9b59c5ad7f84','fe204ff7-c56b-4b14-b53a-f9ce498104e7','78f53be3-1e3f-41ad-8070-8de0a2a44c06','Compositional','High',75,'user_30uQARGezqSApAChPSGSwFyUy85');
INSERT INTO public.relationships (id,project_id,source_id,target_id,type,confidence,weight,created_by) VALUES ('1c735386-2611-42ea-acf6-4fa56d4f1448','7568e5df-2ca2-426a-8c3b-9b59c5ad7f84','4b991af1-383f-443f-888e-6956079a7c69','fe204ff7-c56b-4b14-b53a-f9ce498104e7','Deterministic','High',80,'user_30uQARGezqSApAChPSGSwFyUy85');
INSERT INTO public.relationships (id,project_id,source_id,target_id,type,confidence,weight,created_by) VALUES ('4402f7ef-6f05-47a8-bfdc-946c8ec7f779','7568e5df-2ca2-426a-8c3b-9b59c5ad7f84','8544ccb0-b696-4b0f-84da-ef198fc83d6e','fe204ff7-c56b-4b14-b53a-f9ce498104e7','Deterministic','High',70,'user_30uQARGezqSApAChPSGSwFyUy85');
INSERT INTO public.relationships (id,project_id,source_id,target_id,type,confidence,weight,created_by) VALUES ('50c1260d-0198-4773-ac8e-cdbfcb398181','7568e5df-2ca2-426a-8c3b-9b59c5ad7f84','c39b1bb1-a815-4e18-be54-c58f3782df3f','78f53be3-1e3f-41ad-8070-8de0a2a44c06','Compositional','High',50,'user_30uQARGezqSApAChPSGSwFyUy85');
INSERT INTO public.relationships (id,project_id,source_id,target_id,type,confidence,weight,created_by) VALUES ('c7025df3-da2f-4ab6-baf4-ff49f2c1f741','7568e5df-2ca2-426a-8c3b-9b59c5ad7f84','0abb3b6f-f6d3-45ce-96a8-ab3765cc65a3','78f53be3-1e3f-41ad-8070-8de0a2a44c06','Causal','High',55,'user_30uQARGezqSApAChPSGSwFyUy85');
INSERT INTO public.relationships (id,project_id,source_id,target_id,type,confidence,weight,created_by) VALUES ('756be3e2-711f-44fa-bc1f-d3cf24979b01','7568e5df-2ca2-426a-8c3b-9b59c5ad7f84','33686dc4-968b-4873-b192-9b6306e648e8','78f53be3-1e3f-41ad-8070-8de0a2a44c06','Compositional','High',60,'user_30uQARGezqSApAChPSGSwFyUy85');
INSERT INTO public.relationships (id,project_id,source_id,target_id,type,confidence,weight,created_by) VALUES ('d819eb87-0c0c-444a-8320-36a0f32186ed','7568e5df-2ca2-426a-8c3b-9b59c5ad7f84','11580012-fee1-470b-803e-c24e93ba7774','78ecad05-dc84-4b9f-8f1d-1248c1f6078b','Causal','High',75,'user_30uQARGezqSApAChPSGSwFyUy85');
INSERT INTO public.relationships (id,project_id,source_id,target_id,type,confidence,weight,created_by) VALUES ('3597d96b-c5e7-4e99-bc78-ce367740ee43','7568e5df-2ca2-426a-8c3b-9b59c5ad7f84','4b991af1-383f-443f-888e-6956079a7c69','e53254dd-37aa-4a2d-b098-9061c6d3749c','Causal','High',60,'user_30uQARGezqSApAChPSGSwFyUy85');
INSERT INTO public.relationships (id,project_id,source_id,target_id,type,confidence,weight,created_by) VALUES ('7892bee1-1ae5-4088-a246-ffdcf1f76592','7568e5df-2ca2-426a-8c3b-9b59c5ad7f84','4c3baef5-9c3d-42ec-8470-921b4db5ec15','33686dc4-968b-4873-b192-9b6306e648e8','Compositional','High',60,'user_30uQARGezqSApAChPSGSwFyUy85');
INSERT INTO public.relationships (id,project_id,source_id,target_id,type,confidence,weight,created_by) VALUES ('46576282-78a9-459d-8ccc-7e2a4c4a0279','7568e5df-2ca2-426a-8c3b-9b59c5ad7f84','0a33f434-f1fc-42d2-b404-b00c383b6ec1','9fc12e39-4a51-4fbb-b97c-31825eadf361','Causal','High',70,'user_30uQARGezqSApAChPSGSwFyUy85');
INSERT INTO public.relationships (id,project_id,source_id,target_id,type,confidence,weight,created_by) VALUES ('d9667527-478c-461c-9d1a-ecd62e1f6cc1','7568e5df-2ca2-426a-8c3b-9b59c5ad7f84','4a321556-8cb2-4f07-bbfe-4ae9773e9d36','afaccf2b-6ada-4dcb-b909-31a24a4dc835','Causal','High',75,'user_30uQARGezqSApAChPSGSwFyUy85');
INSERT INTO public.relationships (id,project_id,source_id,target_id,type,confidence,weight,created_by) VALUES ('455addfe-e650-4ebd-b0f8-b810b12f8cce','7568e5df-2ca2-426a-8c3b-9b59c5ad7f84','678112eb-fbb0-410a-b66e-4e653a2c68d0','8d37025a-4bb4-4909-b57e-982841d30075','Causal','High',75,'user_30uQARGezqSApAChPSGSwFyUy85');
INSERT INTO public.relationships (id,project_id,source_id,target_id,type,confidence,weight,created_by) VALUES ('a60ef20b-73fa-4430-bbb3-522db53f3879','7568e5df-2ca2-426a-8c3b-9b59c5ad7f84','8e8c8efa-40a4-4a37-8290-f3322a9b79f5','b56211bd-ee9c-4782-9c3f-a1997963f8b1','Causal','High',65,'user_30uQARGezqSApAChPSGSwFyUy85');
INSERT INTO public.relationships (id,project_id,source_id,target_id,type,confidence,weight,created_by) VALUES ('edeec120-da8d-4330-aa65-fe147cf12e57','7568e5df-2ca2-426a-8c3b-9b59c5ad7f84','c76b7dcf-37ba-4e4a-b9ce-4dc89301c7d4','1ff63427-ffbd-41db-849e-db698928142e','Causal','High',55,'user_30uQARGezqSApAChPSGSwFyUy85');
INSERT INTO public.relationships (id,project_id,source_id,target_id,type,confidence,weight,created_by) VALUES ('791662e8-4fcb-4eb5-9faa-eab1a0cdb99f','7568e5df-2ca2-426a-8c3b-9b59c5ad7f84','ecbc0703-128e-43bc-858c-5c2028b49101','83bf3c7b-f78b-4154-9c55-04fe25d62485','Probabilistic','High',50,'user_30uQARGezqSApAChPSGSwFyUy85');
INSERT INTO public.relationships (id,project_id,source_id,target_id,type,confidence,weight,created_by) VALUES ('1b635de4-cbed-4d01-b07f-4b8d6454fe0a','7568e5df-2ca2-426a-8c3b-9b59c5ad7f84','c303c6f1-70cc-4050-aabb-362529ebee1f','e53254dd-37aa-4a2d-b098-9061c6d3749c','Probabilistic','High',50,'user_30uQARGezqSApAChPSGSwFyUy85');
INSERT INTO public.groups (id,project_id,name,node_ids,position_x,position_y,width,height,created_by) VALUES ('cfc54479-533e-42f2-9b8d-c7f74a25e9da','7568e5df-2ca2-426a-8c3b-9b59c5ad7f84','Foot Traffic',ARRAY['269ee59b-35df-4a34-900d-8b5a9eb052ec','d9b070ac-e5c3-45d8-beb7-e8efbb18e6ed','66b18699-a014-4f35-bcc7-3fc8a1730eae','8d37025a-4bb4-4909-b57e-982841d30075','174367e1-76c8-45ee-a1ed-f5e7f6472318','4c3baef5-9c3d-42ec-8470-921b4db5ec15','b6a58da1-5528-4386-ae83-90917ef02bfd','b56211bd-ee9c-4782-9c3f-a1997963f8b1','ee9d8df6-b66e-407e-bdfb-68dc29f58703','83bf3c7b-f78b-4154-9c55-04fe25d62485','7e3b2cb1-76f9-49c9-a52e-963900546ee8']::uuid[],0,0,1330,726,'user_30uQARGezqSApAChPSGSwFyUy85');
INSERT INTO public.groups (id,project_id,name,node_ids,position_x,position_y,width,height,created_by) VALUES ('1144a2c1-2323-4a9e-a6d5-19e5fe1c9644','7568e5df-2ca2-426a-8c3b-9b59c5ad7f84','Conversion & Basket',ARRAY['4ba05dd6-247a-4735-9d79-23e6326737e9','9fc12e39-4a51-4fbb-b97c-31825eadf361','e53254dd-37aa-4a2d-b098-9061c6d3749c','e490894b-76bb-4e01-8d8a-f9042acd5a80','a898725e-ecfc-43e9-98f2-f43ea08f27ba','892277fb-8678-46a4-8df9-7631b4f3cf70','cf53959a-9216-4009-a8ed-6b46c0878f0f','536594fe-daef-4156-8831-ff8a9fdef156','1ff63427-ffbd-41db-849e-db698928142e']::uuid[],1490,0,1000,726,'user_30uQARGezqSApAChPSGSwFyUy85');
INSERT INTO public.groups (id,project_id,name,node_ids,position_x,position_y,width,height,created_by) VALUES ('465600fe-c776-4ad6-bdbc-1a0f24992616','7568e5df-2ca2-426a-8c3b-9b59c5ad7f84','Retention',ARRAY['afaccf2b-6ada-4dcb-b909-31a24a4dc835','2d0f7e06-4cee-487d-85d9-67319a743ba2','9bd6f72a-578f-40d0-a54c-37b00f56e958']::uuid[],0,926,670,506,'user_30uQARGezqSApAChPSGSwFyUy85');
INSERT INTO public.groups (id,project_id,name,node_ids,position_x,position_y,width,height,created_by) VALUES ('bfd3cf7c-2bd2-4b1f-a605-a7a073eb1e88','7568e5df-2ca2-426a-8c3b-9b59c5ad7f84','Cost Structure',ARRAY['78f53be3-1e3f-41ad-8070-8de0a2a44c06','11580012-fee1-470b-803e-c24e93ba7774','78ecad05-dc84-4b9f-8f1d-1248c1f6078b','7d4cbddf-98b2-4817-bce8-71e98c02636f','fe204ff7-c56b-4b14-b53a-f9ce498104e7','4b991af1-383f-443f-888e-6956079a7c69','8544ccb0-b696-4b0f-84da-ef198fc83d6e','c39b1bb1-a815-4e18-be54-c58f3782df3f','0abb3b6f-f6d3-45ce-96a8-ab3765cc65a3','33686dc4-968b-4873-b192-9b6306e648e8']::uuid[],830,926,1330,726,'user_30uQARGezqSApAChPSGSwFyUy85');

COMMIT;
